# relative_time, cycles_done, cur_item, corpus_count, pending_total, pending_favs, map_size, saved_crashes, saved_hangs, max_depth, execs_per_sec, total_execs, edges_found
60, 0, 0, 8, 7, 2, 25.45%, 0, 0, 2, 1.09, 153, 353
65, 0, 0, 8, 7, 2, 25.45%, 0, 0, 2, 1.09, 159, 353
71, 0, 0, 8, 7, 2, 25.45%, 0, 0, 2, 1.09, 165, 353
76, 0, 0, 8, 7, 2, 25.45%, 0, 0, 2, 1.09, 171, 353
82, 0, 0, 8, 7, 2, 25.45%, 0, 0, 2, 1.09, 177, 353
87, 0, 0, 8, 7, 2, 25.45%, 0, 0, 2, 1.09, 183, 353
93, 0, 0, 8, 7, 2, 25.45%, 0, 0, 2, 1.09, 189, 353
98, 0, 0, 8, 7, 2, 25.45%, 0, 0, 2, 1.09, 195, 353
104, 0, 0, 8, 7, 2, 25.45%, 0, 0, 2, 1.09, 201, 353
109, 0, 0, 8, 7, 2, 25.45%, 0, 0, 2, 1.09, 207, 353
115, 0, 0, 8, 7, 2, 25.45%, 0, 0, 2, 1.09, 213, 353
120, 0, 0, 8, 7, 2, 25.45%, 0, 0, 2, 1.09, 219, 353
126, 0, 0, 8, 7, 2, 25.45%, 0, 0, 2, 1.09, 225, 353
131, 0, 0, 8, 7, 2, 25.45%, 0, 0, 2, 1.09, 231, 353
137, 0, 0, 8, 7, 2, 25.45%, 0, 0, 2, 1.09, 237, 353
142, 0, 0, 8, 7, 2, 25.45%, 0, 0, 2, 1.09, 243, 353
148, 0, 0, 8, 7, 2, 25.45%, 0, 1, 2, 1.09, 249, 353
153, 0, 0, 9, 8, 2, 25.45%, 0, 2, 2, 1.01, 261, 353
163, 0, 0, 10, 9, 2, 25.96%, 0, 2, 2, 1.03, 272, 360
168, 0, 0, 10, 9, 2, 25.96%, 0, 2, 2, 1.05, 278, 360
174, 0, 0, 10, 9, 2, 25.96%, 0, 2, 2, 1.06, 284, 360
179, 0, 0, 10, 9, 2, 25.96%, 0, 2, 2, 1.07, 290, 360
185, 0, 0, 10, 9, 2, 25.96%, 0, 2, 2, 1.08, 296, 360
190, 0, 0, 10, 9, 2, 25.96%, 0, 2, 2, 1.09, 302, 360
196, 0, 0, 10, 9, 2, 25.96%, 0, 2, 2, 1.09, 308, 360
201, 0, 0, 10, 9, 2, 25.96%, 0, 2, 2, 1.09, 314, 360
207, 0, 0, 10, 9, 2, 25.96%, 0, 2, 2, 1.09, 320, 360
212, 0, 0, 10, 9, 2, 25.96%, 0, 2, 2, 1.09, 326, 360
218, 0, 0, 10, 9, 2, 25.96%, 0, 2, 2, 1.09, 332, 360
223, 0, 0, 10, 9, 2, 25.96%, 0, 2, 2, 1.09, 338, 360
229, 0, 0, 10, 9, 2, 25.96%, 0, 2, 2, 1.09, 344, 360
234, 0, 0, 10, 9, 2, 25.96%, 0, 2, 2, 1.09, 350, 360
240, 0, 0, 10, 9, 2, 25.96%, 0, 2, 2, 1.09, 356, 360
245, 0, 0, 10, 9, 2, 25.96%, 0, 2, 2, 1.09, 362, 360
251, 0, 0, 10, 9, 2, 25.96%, 0, 2, 2, 1.09, 368, 360
256, 0, 0, 10, 9, 2, 25.96%, 0, 2, 2, 1.09, 374, 360
262, 0, 0, 10, 9, 2, 25.96%, 0, 2, 2, 1.09, 380, 360
267, 0, 0, 10, 9, 2, 25.96%, 0, 2, 2, 1.09, 386, 360
273, 0, 0, 10, 9, 2, 25.96%, 0, 2, 2, 1.09, 392, 360
278, 0, 0, 10, 9, 2, 25.96%, 0, 2, 2, 1.09, 398, 360
283, 0, 0, 10, 9, 2, 25.96%, 0, 2, 2, 1.09, 404, 360
289, 0, 0, 10, 9, 2, 25.96%, 0, 2, 2, 1.09, 410, 360
294, 0, 0, 10, 9, 2, 25.96%, 0, 2, 2, 1.09, 416, 360
300, 0, 0, 10, 9, 2, 25.96%, 0, 2, 2, 1.09, 422, 360
305, 0, 0, 10, 9, 2, 25.96%, 0, 2, 2, 1.09, 428, 360
311, 0, 0, 10, 9, 2, 25.96%, 0, 2, 2, 1.09, 434, 360
316, 0, 0, 10, 9, 2, 25.96%, 0, 2, 2, 1.09, 440, 360
322, 0, 0, 10, 9, 2, 25.96%, 0, 2, 2, 1.09, 446, 360
327, 0, 0, 10, 9, 2, 25.96%, 0, 2, 2, 1.09, 452, 360
333, 0, 0, 10, 9, 2, 25.96%, 0, 2, 2, 1.09, 458, 360
338, 0, 0, 10, 9, 2, 25.96%, 0, 2, 2, 1.09, 464, 360
344, 0, 0, 10, 9, 2, 25.96%, 0, 2, 2, 1.09, 470, 360
349, 0, 0, 10, 9, 2, 25.96%, 0, 2, 2, 1.09, 476, 360
355, 0, 0, 10, 9, 2, 25.96%, 0, 2, 2, 1.09, 482, 360
360, 0, 0, 10, 9, 2, 25.96%, 0, 2, 2, 1.09, 488, 360
366, 0, 0, 10, 9, 2, 25.96%, 0, 2, 2, 1.09, 494, 360
371, 0, 0, 10, 9, 2, 25.96%, 0, 2, 2, 1.09, 500, 360
377, 0, 0, 10, 9, 2, 25.96%, 0, 2, 2, 1.09, 506, 360
382, 0, 0, 10, 9, 2, 25.96%, 0, 2, 2, 1.09, 512, 360
388, 0, 0, 10, 9, 2, 25.96%, 0, 2, 2, 1.09, 518, 360
393, 0, 0, 10, 9, 2, 25.96%, 0, 2, 2, 1.09, 524, 360
399, 0, 0, 10, 9, 2, 25.96%, 0, 2, 2, 1.09, 530, 360
404, 0, 0, 10, 9, 2, 25.96%, 0, 2, 2, 1.09, 536, 360
410, 0, 0, 10, 9, 2, 25.96%, 0, 2, 2, 1.09, 542, 360
415, 0, 0, 10, 9, 2, 25.96%, 0, 2, 2, 1.09, 548, 360
421, 0, 0, 10, 9, 2, 25.96%, 0, 2, 2, 1.09, 554, 360
426, 0, 0, 10, 9, 2, 25.96%, 0, 2, 2, 1.09, 560, 360
431, 0, 0, 10, 9, 2, 25.96%, 0, 2, 2, 1.09, 566, 360
437, 0, 0, 10, 9, 2, 25.96%, 0, 2, 2, 1.09, 572, 360
442, 0, 0, 10, 9, 2, 25.96%, 0, 2, 2, 1.09, 578, 360
448, 0, 0, 10, 9, 2, 25.96%, 0, 2, 2, 1.09, 584, 360
453, 0, 0, 10, 9, 2, 25.96%, 0, 2, 2, 1.09, 590, 360
459, 0, 0, 10, 9, 2, 25.96%, 0, 2, 2, 1.09, 596, 360
464, 0, 0, 10, 9, 2, 25.96%, 0, 2, 2, 1.09, 602, 360
470, 0, 0, 10, 9, 2, 25.96%, 0, 2, 2, 1.09, 608, 360
475, 0, 0, 10, 9, 2, 25.96%, 0, 2, 2, 1.09, 614, 360
481, 0, 0, 10, 9, 2, 25.96%, 0, 2, 2, 1.09, 620, 360
486, 0, 0, 10, 9, 2, 25.96%, 0, 2, 2, 1.09, 626, 360
492, 0, 0, 10, 9, 2, 25.96%, 0, 2, 2, 1.09, 632, 360
497, 0, 0, 10, 9, 2, 25.96%, 0, 2, 2, 1.10, 638, 360
503, 0, 0, 10, 9, 2, 25.96%, 0, 2, 2, 1.09, 644, 360
508, 0, 0, 10, 9, 2, 25.96%, 0, 2, 2, 1.09, 650, 360
514, 0, 0, 10, 9, 2, 25.96%, 0, 2, 2, 1.10, 656, 360
519, 0, 0, 10, 9, 2, 25.96%, 0, 2, 2, 1.10, 662, 360
525, 0, 0, 10, 9, 2, 25.96%, 0, 2, 2, 1.10, 668, 360
530, 0, 0, 10, 9, 2, 25.96%, 0, 2, 2, 1.10, 674, 360
536, 0, 0, 10, 9, 2, 25.96%, 0, 2, 2, 1.10, 680, 360
541, 0, 0, 10, 9, 2, 25.96%, 0, 2, 2, 1.10, 686, 360
547, 0, 0, 10, 9, 2, 25.96%, 0, 2, 2, 1.09, 692, 360
552, 0, 0, 10, 9, 2, 25.96%, 0, 2, 2, 1.10, 698, 360
558, 0, 0, 10, 9, 2, 25.96%, 0, 2, 2, 1.10, 704, 360
563, 0, 0, 10, 9, 2, 25.96%, 0, 2, 2, 1.09, 710, 360
568, 0, 0, 10, 9, 2, 25.96%, 0, 2, 2, 1.09, 716, 360
579, 0, 0, 11, 10, 2, 25.96%, 0, 2, 2, 1.09, 727, 360
584, 0, 0, 11, 10, 2, 25.96%, 0, 2, 2, 1.09, 733, 360
589, 0, 0, 11, 10, 2, 25.96%, 0, 2, 2, 1.09, 739, 360
595, 0, 0, 11, 10, 2, 25.96%, 0, 2, 2, 1.10, 745, 360
600, 0, 0, 11, 10, 2, 25.96%, 0, 2, 2, 1.10, 751, 360
606, 0, 0, 11, 10, 2, 25.96%, 0, 2, 2, 1.09, 757, 360
614, 0, 0, 12, 11, 2, 26.75%, 0, 2, 2, 1.09, 766, 371
620, 0, 0, 12, 11, 2, 26.75%, 0, 2, 2, 1.09, 772, 371
625, 0, 0, 12, 11, 2, 26.75%, 0, 2, 2, 1.09, 778, 371
631, 0, 0, 12, 11, 2, 26.75%, 0, 2, 2, 1.09, 784, 371
636, 0, 0, 12, 11, 2, 26.75%, 0, 2, 2, 1.10, 790, 371
642, 0, 0, 12, 11, 2, 26.75%, 0, 2, 2, 1.09, 796, 371
647, 0, 0, 12, 11, 2, 26.75%, 0, 2, 2, 1.09, 802, 371
652, 0, 0, 12, 11, 2, 26.75%, 0, 2, 2, 1.09, 808, 371
658, 0, 0, 12, 11, 2, 26.75%, 0, 2, 2, 1.09, 814, 371
663, 0, 0, 12, 11, 2, 26.75%, 0, 2, 2, 1.09, 820, 371
669, 0, 0, 12, 11, 2, 26.75%, 0, 2, 2, 1.09, 826, 371
674, 0, 0, 12, 11, 2, 26.75%, 0, 2, 2, 1.09, 832, 371
680, 0, 0, 12, 11, 2, 26.75%, 0, 2, 2, 1.09, 838, 371
685, 0, 0, 12, 11, 2, 26.75%, 0, 2, 2, 1.09, 844, 371
691, 0, 0, 12, 11, 2, 26.75%, 0, 2, 2, 1.09, 850, 371
696, 0, 0, 12, 11, 2, 26.75%, 0, 2, 2, 1.09, 856, 371
702, 0, 0, 12, 11, 2, 26.75%, 0, 2, 2, 1.09, 862, 371
707, 0, 0, 12, 11, 2, 26.75%, 0, 2, 2, 1.09, 868, 371
713, 0, 0, 12, 11, 2, 26.75%, 0, 2, 2, 1.11, 874, 371
718, 0, 0, 12, 11, 2, 26.75%, 0, 2, 2, 1.11, 880, 371
724, 0, 0, 12, 11, 2, 26.75%, 0, 2, 2, 1.10, 886, 371
729, 0, 0, 12, 11, 2, 26.75%, 0, 2, 2, 1.10, 892, 371
735, 0, 0, 12, 11, 2, 26.75%, 0, 2, 2, 1.10, 898, 371
740, 0, 0, 12, 11, 2, 26.75%, 0, 2, 2, 1.10, 904, 371
746, 0, 0, 12, 11, 2, 26.75%, 0, 2, 2, 1.10, 910, 371
751, 0, 0, 12, 11, 2, 26.75%, 0, 2, 2, 1.10, 916, 371
757, 0, 0, 12, 11, 2, 26.75%, 0, 2, 2, 1.10, 922, 371
762, 0, 0, 12, 11, 2, 26.75%, 0, 2, 2, 1.10, 928, 371
768, 0, 0, 12, 11, 2, 26.75%, 0, 2, 2, 1.10, 934, 371
773, 0, 0, 12, 11, 2, 26.75%, 0, 2, 2, 1.10, 940, 371
779, 0, 0, 12, 11, 2, 26.75%, 0, 2, 2, 1.10, 946, 371
784, 0, 0, 12, 11, 2, 26.75%, 0, 2, 2, 1.09, 952, 371
789, 0, 0, 12, 11, 2, 26.75%, 0, 2, 2, 1.09, 958, 371
795, 0, 0, 12, 11, 2, 26.75%, 0, 2, 2, 1.10, 964, 371
800, 0, 0, 12, 11, 2, 26.75%, 0, 2, 2, 1.10, 970, 371
806, 0, 0, 12, 11, 2, 26.75%, 0, 2, 2, 1.10, 976, 371
811, 0, 0, 12, 11, 2, 26.75%, 0, 2, 2, 1.10, 982, 371
817, 0, 0, 12, 11, 2, 26.75%, 0, 2, 2, 1.10, 988, 371
822, 0, 0, 12, 11, 2, 26.75%, 0, 2, 2, 1.10, 994, 371
828, 0, 0, 12, 11, 2, 26.75%, 0, 2, 2, 1.10, 1000, 371
833, 0, 0, 12, 11, 2, 26.75%, 0, 2, 2, 1.10, 1006, 371
839, 0, 0, 12, 11, 2, 26.75%, 0, 2, 2, 1.10, 1012, 371
844, 0, 0, 12, 11, 2, 26.75%, 0, 2, 2, 1.10, 1018, 371
850, 0, 0, 12, 11, 2, 26.75%, 0, 2, 2, 1.10, 1024, 371
855, 0, 0, 12, 11, 2, 26.75%, 0, 2, 2, 1.10, 1030, 371
861, 0, 0, 12, 11, 2, 26.75%, 0, 2, 2, 1.10, 1036, 371
866, 0, 0, 12, 11, 2, 26.75%, 0, 2, 2, 1.10, 1042, 371
872, 0, 0, 12, 11, 2, 26.75%, 0, 2, 2, 1.10, 1048, 371
877, 0, 0, 12, 11, 2, 26.75%, 0, 2, 2, 1.10, 1054, 371
883, 0, 0, 12, 11, 2, 26.75%, 0, 2, 2, 1.09, 1060, 371
888, 0, 0, 12, 11, 2, 26.75%, 0, 2, 2, 1.09, 1066, 371
894, 0, 0, 12, 11, 2, 26.75%, 0, 2, 2, 1.10, 1072, 371
899, 0, 0, 12, 11, 2, 26.75%, 0, 2, 2, 1.10, 1078, 371
904, 0, 0, 12, 11, 2, 26.75%, 0, 2, 2, 1.10, 1084, 371
910, 0, 0, 12, 11, 2, 26.75%, 0, 2, 2, 1.10, 1090, 371
915, 0, 0, 12, 11, 2, 26.75%, 0, 2, 2, 1.10, 1096, 371
921, 0, 0, 12, 11, 2, 26.75%, 0, 2, 2, 1.10, 1102, 371
926, 0, 0, 12, 11, 2, 26.75%, 0, 2, 2, 1.10, 1108, 371
932, 0, 0, 12, 11, 2, 26.75%, 0, 2, 2, 1.10, 1114, 371
937, 0, 0, 12, 11, 2, 26.75%, 0, 2, 2, 1.10, 1120, 371
943, 0, 0, 12, 11, 2, 26.75%, 0, 2, 2, 1.10, 1126, 371
948, 0, 0, 12, 11, 2, 26.75%, 0, 2, 2, 1.10, 1132, 371
954, 0, 0, 12, 11, 2, 26.75%, 0, 2, 2, 1.10, 1138, 371
959, 0, 0, 12, 11, 2, 26.75%, 0, 2, 2, 1.10, 1144, 371
965, 0, 0, 12, 11, 2, 26.75%, 0, 2, 2, 1.10, 1150, 371
970, 0, 0, 12, 11, 2, 26.75%, 0, 2, 2, 1.10, 1156, 371
976, 0, 0, 12, 11, 2, 26.75%, 0, 2, 2, 1.10, 1162, 371
981, 0, 0, 12, 11, 2, 26.75%, 0, 2, 2, 1.10, 1168, 371
987, 0, 0, 12, 11, 2, 26.75%, 0, 2, 2, 1.10, 1174, 371
992, 0, 0, 12, 11, 2, 26.75%, 0, 2, 2, 1.10, 1180, 371
997, 0, 0, 12, 11, 2, 26.75%, 0, 2, 2, 1.10, 1186, 371
1003, 0, 0, 12, 11, 2, 26.75%, 0, 2, 2, 1.10, 1192, 371
1008, 0, 0, 12, 11, 2, 26.75%, 0, 2, 2, 1.10, 1198, 371
1014, 0, 0, 12, 11, 2, 26.75%, 0, 2, 2, 1.10, 1204, 371
1019, 0, 0, 12, 11, 2, 26.75%, 0, 2, 2, 1.10, 1210, 371
1025, 0, 0, 12, 11, 2, 26.75%, 0, 2, 2, 1.10, 1216, 371
1030, 0, 0, 12, 11, 2, 26.75%, 0, 2, 2, 1.10, 1222, 371
1036, 0, 0, 12, 11, 2, 26.75%, 0, 2, 2, 1.10, 1228, 371
1041, 0, 0, 12, 11, 2, 26.75%, 0, 2, 2, 1.10, 1234, 371
1047, 0, 0, 12, 11, 2, 26.75%, 0, 2, 2, 1.10, 1240, 371
1052, 0, 0, 12, 11, 2, 26.75%, 0, 2, 2, 1.10, 1246, 371
1058, 0, 0, 12, 11, 2, 26.75%, 0, 2, 2, 1.10, 1252, 371
1063, 0, 0, 12, 11, 2, 26.75%, 0, 2, 2, 1.10, 1258, 371
1068, 0, 0, 12, 11, 2, 26.75%, 0, 2, 2, 1.10, 1264, 371
1074, 0, 0, 12, 11, 2, 26.75%, 0, 2, 2, 1.10, 1270, 371
1079, 0, 0, 12, 11, 2, 26.75%, 0, 2, 2, 1.10, 1276, 371
1085, 0, 0, 12, 11, 2, 26.75%, 0, 2, 2, 1.10, 1282, 371
1090, 0, 0, 12, 11, 2, 26.75%, 0, 2, 2, 1.10, 1288, 371
1096, 0, 0, 12, 11, 2, 26.75%, 0, 2, 2, 1.10, 1294, 371
1101, 0, 0, 12, 11, 2, 26.75%, 0, 2, 2, 1.09, 1300, 371
1107, 0, 0, 12, 11, 2, 26.75%, 0, 2, 2, 1.10, 1306, 371
1112, 0, 0, 12, 11, 2, 26.75%, 0, 2, 2, 1.09, 1312, 371
1118, 0, 0, 12, 11, 2, 26.75%, 0, 2, 2, 1.09, 1318, 371
1123, 0, 0, 12, 11, 2, 26.75%, 0, 2, 2, 1.09, 1324, 371
1129, 0, 0, 12, 11, 2, 26.75%, 0, 2, 2, 1.10, 1330, 371
1134, 0, 0, 12, 11, 2, 26.75%, 0, 2, 2, 1.09, 1336, 371
1140, 0, 0, 12, 11, 2, 26.75%, 0, 2, 2, 1.09, 1342, 371
1145, 0, 0, 12, 11, 2, 26.75%, 0, 2, 2, 1.09, 1348, 371
1151, 0, 0, 12, 11, 2, 26.75%, 0, 2, 2, 1.09, 1354, 371
1156, 0, 0, 12, 11, 2, 26.75%, 0, 2, 2, 1.09, 1360, 371
1162, 0, 0, 12, 11, 2, 26.75%, 0, 2, 2, 1.09, 1366, 371
1167, 0, 0, 12, 11, 2, 26.75%, 0, 2, 2, 1.09, 1372, 371
1173, 0, 0, 12, 11, 2, 26.75%, 0, 2, 2, 1.09, 1378, 371
1178, 0, 0, 12, 11, 2, 26.75%, 0, 2, 2, 1.09, 1384, 371
1184, 0, 0, 12, 11, 2, 26.75%, 0, 2, 2, 1.09, 1390, 371
1189, 0, 0, 12, 11, 2, 26.75%, 0, 2, 2, 1.09, 1396, 371
1195, 0, 0, 12, 11, 2, 26.75%, 0, 2, 2, 1.09, 1402, 371
1200, 0, 0, 12, 11, 2, 26.75%, 0, 2, 2, 1.09, 1408, 371
1206, 0, 0, 12, 11, 2, 26.75%, 0, 2, 2, 1.09, 1414, 371
1211, 0, 0, 12, 11, 2, 26.75%, 0, 2, 2, 1.09, 1420, 371
1216, 0, 0, 12, 11, 2, 26.75%, 0, 2, 2, 1.09, 1426, 371
1222, 0, 0, 12, 11, 2, 26.75%, 0, 2, 2, 1.09, 1432, 371
1227, 0, 0, 12, 11, 2, 26.75%, 0, 2, 2, 1.09, 1438, 371
1233, 0, 0, 12, 11, 2, 26.75%, 0, 2, 2, 1.09, 1444, 371
1238, 0, 0, 12, 11, 2, 26.75%, 0, 2, 2, 1.09, 1450, 371
1244, 0, 0, 12, 11, 2, 26.75%, 0, 2, 2, 1.09, 1456, 371
1250, 0, 0, 12, 11, 2, 26.75%, 0, 2, 2, 1.09, 1462, 371
1255, 0, 0, 12, 11, 2, 26.75%, 0, 2, 2, 1.08, 1468, 371
1261, 0, 0, 12, 11, 2, 26.75%, 0, 2, 2, 1.09, 1474, 371
1266, 0, 0, 12, 11, 2, 26.75%, 0, 2, 2, 1.09, 1480, 371
1272, 0, 0, 12, 11, 2, 26.75%, 0, 2, 2, 1.09, 1486, 371
1277, 0, 0, 12, 11, 2, 26.75%, 0, 2, 2, 1.09, 1492, 371
1283, 0, 0, 12, 11, 2, 26.75%, 0, 2, 2, 1.09, 1498, 371
1288, 0, 0, 12, 11, 2, 26.75%, 0, 2, 2, 1.09, 1504, 371
1294, 0, 0, 12, 11, 2, 26.75%, 0, 2, 2, 1.09, 1510, 371
1299, 0, 0, 12, 11, 2, 26.75%, 0, 2, 2, 1.09, 1516, 371
1304, 0, 0, 12, 11, 2, 26.75%, 0, 2, 2, 1.10, 1522, 371
1310, 0, 0, 12, 11, 2, 26.75%, 0, 2, 2, 1.10, 1528, 371
1315, 0, 0, 12, 11, 2, 26.75%, 0, 2, 2, 1.10, 1534, 371
1321, 0, 0, 12, 11, 2, 26.75%, 0, 2, 2, 1.10, 1540, 371
1326, 0, 0, 12, 11, 2, 26.75%, 0, 2, 2, 1.10, 1546, 371
1332, 0, 0, 12, 11, 2, 26.75%, 0, 2, 2, 1.10, 1552, 371
1337, 0, 0, 12, 11, 2, 26.75%, 0, 2, 2, 1.10, 1558, 371
1343, 0, 0, 12, 11, 2, 26.75%, 0, 2, 2, 1.10, 1564, 371
1348, 0, 0, 12, 11, 2, 26.75%, 0, 2, 2, 1.10, 1570, 371
1354, 0, 0, 12, 11, 2, 26.75%, 0, 2, 2, 1.10, 1576, 371
1359, 0, 0, 12, 11, 2, 26.75%, 0, 2, 2, 1.10, 1582, 371
1365, 0, 0, 12, 11, 2, 26.75%, 0, 2, 2, 1.10, 1588, 371
1370, 0, 0, 12, 11, 2, 26.75%, 0, 2, 2, 1.10, 1594, 371
1376, 0, 0, 12, 11, 2, 26.75%, 0, 2, 2, 1.10, 1600, 371
1381, 0, 0, 12, 11, 2, 26.75%, 0, 2, 2, 1.10, 1606, 371
1387, 0, 0, 12, 11, 2, 26.75%, 0, 2, 2, 1.10, 1612, 371
1392, 0, 0, 12, 11, 2, 26.75%, 0, 2, 2, 1.10, 1618, 371
1398, 0, 0, 12, 11, 2, 26.75%, 0, 2, 2, 1.10, 1624, 371
1403, 0, 0, 12, 11, 2, 26.75%, 0, 2, 2, 1.10, 1630, 371
1409, 0, 0, 12, 11, 2, 26.75%, 0, 2, 2, 1.10, 1636, 371
1414, 0, 0, 12, 11, 2, 26.75%, 0, 2, 2, 1.10, 1642, 371
1419, 0, 0, 12, 11, 2, 26.75%, 0, 2, 2, 1.10, 1648, 371
1425, 0, 0, 12, 11, 2, 26.75%, 0, 2, 2, 1.10, 1654, 371
1430, 0, 0, 12, 11, 2, 26.75%, 0, 2, 2, 1.10, 1660, 371
1436, 0, 0, 12, 11, 2, 26.75%, 0, 2, 2, 1.10, 1666, 371
1441, 0, 0, 12, 11, 2, 26.75%, 0, 2, 2, 1.09, 1672, 371
1447, 0, 0, 12, 11, 2, 26.75%, 0, 2, 2, 1.09, 1678, 371
1452, 0, 0, 12, 11, 2, 26.75%, 0, 2, 2, 1.09, 1684, 371
1458, 0, 0, 12, 11, 2, 26.75%, 0, 2, 2, 1.09, 1690, 371
1463, 0, 0, 12, 11, 2, 26.75%, 0, 2, 2, 1.09, 1696, 371
1469, 0, 0, 12, 11, 2, 26.75%, 0, 2, 2, 1.09, 1702, 371
1474, 0, 0, 12, 11, 2, 26.75%, 0, 2, 2, 1.09, 1708, 371
1480, 0, 0, 12, 11, 2, 26.75%, 0, 2, 2, 1.09, 1714, 371
1485, 0, 0, 12, 11, 2, 26.75%, 0, 2, 2, 1.09, 1720, 371
1491, 0, 0, 12, 11, 2, 26.75%, 0, 2, 2, 1.10, 1726, 371
1496, 0, 0, 12, 11, 2, 26.75%, 0, 2, 2, 1.09, 1732, 371
1502, 0, 0, 12, 11, 2, 26.75%, 0, 2, 2, 1.09, 1738, 371
1507, 0, 0, 12, 11, 2, 26.75%, 0, 2, 2, 1.09, 1744, 371
1513, 0, 0, 12, 11, 2, 26.75%, 0, 2, 2, 1.09, 1750, 371
1518, 0, 0, 12, 11, 2, 26.75%, 0, 2, 2, 1.10, 1756, 371
1524, 0, 0, 12, 11, 2, 26.75%, 0, 2, 2, 1.10, 1762, 371
1529, 0, 0, 12, 11, 2, 26.75%, 0, 2, 2, 1.10, 1768, 371
1535, 0, 0, 12, 11, 2, 26.75%, 0, 2, 2, 1.10, 1774, 371
1540, 0, 0, 12, 11, 2, 26.75%, 0, 2, 2, 1.09, 1780, 371
1546, 0, 0, 12, 11, 2, 26.75%, 0, 2, 2, 1.09, 1786, 371
1551, 0, 0, 12, 11, 2, 26.75%, 0, 2, 2, 1.09, 1792, 371
1557, 0, 0, 12, 11, 2, 26.75%, 0, 2, 2, 1.09, 1798, 371
1562, 0, 0, 12, 11, 2, 26.75%, 0, 2, 2, 1.09, 1804, 371
1567, 0, 0, 12, 11, 2, 26.75%, 0, 2, 2, 1.09, 1810, 371
1573, 0, 0, 12, 11, 2, 26.75%, 0, 2, 2, 1.09, 1816, 371
1578, 0, 0, 12, 11, 2, 26.75%, 0, 2, 2, 1.09, 1822, 371
1584, 0, 0, 12, 11, 2, 26.75%, 0, 2, 2, 1.09, 1828, 371
1589, 0, 0, 12, 11, 2, 26.75%, 0, 2, 2, 1.09, 1834, 371
1595, 0, 0, 12, 11, 2, 26.75%, 0, 2, 2, 1.09, 1840, 371
1600, 0, 0, 12, 11, 2, 26.75%, 0, 2, 2, 1.09, 1846, 371
1606, 0, 0, 12, 11, 2, 26.75%, 0, 2, 2, 1.09, 1852, 371
1611, 0, 0, 12, 11, 2, 26.75%, 0, 2, 2, 1.09, 1858, 371
1617, 0, 0, 12, 11, 2, 26.75%, 0, 2, 2, 1.09, 1864, 371
1622, 0, 0, 12, 11, 2, 26.75%, 0, 2, 2, 1.09, 1870, 371
1628, 0, 0, 12, 11, 2, 26.75%, 0, 2, 2, 1.10, 1876, 371
1633, 0, 0, 12, 11, 2, 26.75%, 0, 2, 2, 1.10, 1882, 371
1639, 0, 0, 12, 11, 2, 26.75%, 0, 2, 2, 1.09, 1888, 371
1644, 0, 0, 12, 11, 2, 26.75%, 0, 2, 2, 1.09, 1894, 371
1650, 0, 0, 12, 11, 2, 26.75%, 0, 2, 2, 1.09, 1900, 371
1655, 0, 0, 12, 11, 2, 26.75%, 0, 2, 2, 1.09, 1906, 371
1661, 0, 0, 12, 11, 2, 26.75%, 0, 2, 2, 1.09, 1912, 371
1666, 0, 0, 12, 11, 2, 26.75%, 0, 2, 2, 1.09, 1918, 371
1672, 0, 0, 12, 11, 2, 26.75%, 0, 2, 2, 1.09, 1924, 371
1677, 0, 0, 12, 11, 2, 26.75%, 0, 2, 2, 1.09, 1930, 371
1683, 0, 0, 12, 11, 2, 26.75%, 0, 2, 2, 1.09, 1936, 371
1688, 0, 0, 12, 11, 2, 26.75%, 0, 2, 2, 1.09, 1942, 371
1694, 0, 0, 12, 11, 2, 26.75%, 0, 2, 2, 1.09, 1948, 371
1699, 0, 0, 12, 11, 2, 26.75%, 0, 2, 2, 1.09, 1954, 371
1705, 0, 0, 12, 11, 2, 26.75%, 0, 2, 2, 1.09, 1960, 371
1710, 0, 0, 12, 11, 2, 26.75%, 0, 2, 2, 1.09, 1966, 371
1716, 0, 0, 12, 11, 2, 26.75%, 0, 2, 2, 1.09, 1972, 371
1721, 0, 0, 12, 11, 2, 26.75%, 0, 2, 2, 1.09, 1978, 371
1727, 0, 0, 12, 11, 2, 26.75%, 0, 2, 2, 1.09, 1984, 371
1732, 0, 0, 12, 11, 2, 26.75%, 0, 2, 2, 1.09, 1990, 371
1739, 0, 0, 13, 12, 2, 26.75%, 0, 2, 2, 1.09, 1998, 371
1745, 0, 0, 13, 12, 2, 26.75%, 0, 2, 2, 1.09, 2004, 371
1750, 0, 0, 13, 12, 2, 26.75%, 0, 2, 2, 1.09, 2010, 371
1762, 0, 0, 14, 13, 2, 26.75%, 0, 3, 2, 1.08, 2022, 371
1767, 0, 0, 14, 13, 2, 26.75%, 0, 3, 2, 1.09, 2028, 371
1772, 0, 0, 14, 13, 2, 26.75%, 0, 3, 2, 1.09, 2034, 371
1778, 0, 0, 14, 13, 2, 26.75%, 0, 3, 2, 1.09, 2040, 371
1783, 0, 0, 14, 13, 2, 26.75%, 0, 3, 2, 1.09, 2046, 371
1789, 0, 0, 14, 13, 2, 26.75%, 0, 3, 2, 1.09, 2052, 371
1794, 0, 0, 14, 13, 2, 26.75%, 0, 3, 2, 1.09, 2058, 371
1800, 0, 0, 14, 13, 2, 26.75%, 0, 3, 2, 1.09, 2064, 371
1805, 0, 0, 14, 13, 2, 26.75%, 0, 3, 2, 1.09, 2070, 371
1811, 0, 0, 14, 13, 2, 26.75%, 0, 3, 2, 1.09, 2076, 371
1819, 0, 0, 15, 14, 2, 26.75%, 0, 3, 2, 1.09, 2085, 371
1825, 0, 0, 15, 14, 2, 26.75%, 0, 3, 2, 1.09, 2091, 371
1830, 0, 0, 15, 14, 2, 26.75%, 0, 3, 2, 1.09, 2097, 371
1841, 0, 0, 16, 15, 2, 26.75%, 0, 3, 2, 1.07, 2109, 371
1850, 0, 0, 17, 16, 2, 26.75%, 0, 3, 2, 1.08, 2118, 371
1855, 0, 0, 17, 16, 2, 26.75%, 0, 3, 2, 1.08, 2124, 371
1861, 0, 0, 17, 16, 2, 26.75%, 0, 3, 2, 1.09, 2130, 371
1866, 0, 0, 17, 16, 2, 26.75%, 0, 3, 2, 1.09, 2136, 371
1872, 0, 0, 17, 16, 2, 26.75%, 0, 3, 2, 1.09, 2142, 371
1877, 0, 0, 17, 16, 2, 26.75%, 0, 3, 2, 1.09, 2148, 371
1882, 0, 0, 17, 16, 2, 26.75%, 0, 3, 2, 1.09, 2154, 371
1888, 0, 0, 17, 16, 2, 26.75%, 0, 3, 2, 1.09, 2160, 371
1893, 0, 0, 17, 16, 2, 26.75%, 0, 3, 2, 1.09, 2166, 371
1899, 0, 0, 17, 16, 2, 26.75%, 0, 3, 2, 1.09, 2172, 371
1904, 0, 0, 17, 16, 2, 26.75%, 0, 3, 2, 1.09, 2178, 371
1910, 0, 0, 17, 16, 2, 26.75%, 0, 3, 2, 1.09, 2184, 371
1915, 0, 0, 17, 16, 2, 26.75%, 0, 3, 2, 1.09, 2190, 371
1921, 0, 0, 17, 16, 2, 26.75%, 0, 3, 2, 1.09, 2196, 371
1926, 0, 0, 17, 16, 2, 26.75%, 0, 3, 2, 1.09, 2202, 371
1932, 0, 0, 17, 16, 2, 26.75%, 0, 3, 2, 1.09, 2208, 371
1937, 0, 0, 17, 16, 2, 26.75%, 0, 3, 2, 1.09, 2214, 371
1943, 0, 0, 17, 16, 2, 26.75%, 0, 3, 2, 1.09, 2220, 371
1948, 0, 0, 17, 16, 2, 26.75%, 0, 3, 2, 1.09, 2226, 371
1954, 0, 0, 17, 16, 2, 26.75%, 0, 3, 2, 1.09, 2232, 371
1959, 0, 0, 17, 16, 2, 26.75%, 0, 3, 2, 1.09, 2238, 371
1965, 0, 0, 17, 16, 2, 26.75%, 0, 3, 2, 1.09, 2244, 371
1970, 0, 0, 17, 16, 2, 26.75%, 0, 3, 2, 1.09, 2250, 371
1976, 0, 0, 17, 16, 2, 26.75%, 0, 3, 2, 1.09, 2256, 371
1981, 0, 0, 17, 16, 2, 26.75%, 0, 3, 2, 1.09, 2262, 371
1987, 0, 0, 17, 16, 2, 26.75%, 0, 3, 2, 1.09, 2268, 371
1992, 0, 0, 17, 16, 2, 26.75%, 0, 3, 2, 1.09, 2274, 371
1998, 0, 0, 17, 16, 2, 26.75%, 0, 3, 2, 1.09, 2280, 371
2003, 0, 0, 17, 16, 2, 26.75%, 0, 3, 2, 1.09, 2286, 371
2009, 0, 0, 17, 16, 2, 26.75%, 0, 3, 2, 1.09, 2292, 371
2014, 0, 0, 17, 16, 2, 26.75%, 0, 3, 2, 1.09, 2298, 371
2020, 0, 0, 17, 16, 2, 26.75%, 0, 3, 2, 1.09, 2304, 371
2025, 0, 0, 17, 16, 2, 26.75%, 0, 3, 2, 1.09, 2310, 371
2031, 0, 0, 17, 16, 2, 26.75%, 0, 3, 2, 1.09, 2316, 371
2036, 0, 0, 17, 16, 2, 26.75%, 0, 3, 2, 1.09, 2322, 371
2041, 0, 0, 17, 16, 2, 26.75%, 0, 3, 2, 1.09, 2328, 371
2047, 0, 0, 17, 16, 2, 26.75%, 0, 3, 2, 1.09, 2334, 371
2052, 0, 0, 17, 16, 2, 26.75%, 0, 3, 2, 1.09, 2340, 371
2058, 0, 0, 17, 16, 2, 26.75%, 0, 3, 2, 1.09, 2346, 371
2063, 0, 0, 17, 16, 2, 26.75%, 0, 3, 2, 1.09, 2352, 371
2069, 0, 0, 17, 16, 2, 26.75%, 0, 3, 2, 1.09, 2358, 371
2074, 0, 0, 17, 16, 2, 26.75%, 0, 3, 2, 1.09, 2364, 371
2080, 0, 0, 17, 16, 2, 26.75%, 0, 3, 2, 1.09, 2370, 371
2085, 0, 0, 17, 16, 2, 26.75%, 0, 3, 2, 1.09, 2376, 371
2091, 0, 0, 17, 16, 2, 26.75%, 0, 3, 2, 1.09, 2382, 371
2096, 0, 0, 17, 16, 2, 26.75%, 0, 3, 2, 1.09, 2388, 371
2102, 0, 0, 17, 16, 2, 26.75%, 0, 3, 2, 1.09, 2394, 371
2107, 0, 0, 17, 16, 2, 26.75%, 0, 3, 2, 1.09, 2400, 371
2113, 0, 0, 17, 16, 2, 26.75%, 0, 3, 2, 1.09, 2406, 371
2118, 0, 0, 17, 16, 2, 26.75%, 0, 3, 2, 1.09, 2412, 371
2124, 0, 0, 17, 16, 2, 26.75%, 0, 3, 2, 1.09, 2418, 371
2129, 0, 0, 17, 16, 2, 26.75%, 0, 3, 2, 1.09, 2424, 371
2135, 0, 0, 17, 16, 2, 26.75%, 0, 3, 2, 1.09, 2430, 371
2140, 0, 0, 17, 16, 2, 26.75%, 0, 3, 2, 1.09, 2436, 371
2146, 0, 0, 17, 16, 2, 26.75%, 0, 3, 2, 1.09, 2442, 371
2151, 0, 0, 17, 16, 2, 26.75%, 0, 3, 2, 1.09, 2448, 371
2157, 0, 0, 17, 16, 2, 26.75%, 0, 3, 2, 1.09, 2454, 371
2162, 0, 0, 17, 16, 2, 26.75%, 0, 3, 2, 1.09, 2460, 371
2168, 0, 0, 17, 16, 2, 26.75%, 0, 3, 2, 1.09, 2466, 371
2173, 0, 0, 17, 16, 2, 26.75%, 0, 3, 2, 1.09, 2472, 371
2179, 0, 0, 17, 16, 2, 26.75%, 0, 3, 2, 1.09, 2478, 371
2184, 0, 0, 17, 16, 2, 26.75%, 0, 3, 2, 1.09, 2484, 371
2190, 0, 0, 17, 16, 2, 26.75%, 0, 3, 2, 1.09, 2490, 371
2195, 0, 0, 17, 16, 2, 26.75%, 0, 3, 2, 1.09, 2496, 371
2201, 0, 0, 17, 16, 2, 26.75%, 0, 3, 2, 1.09, 2502, 371
2206, 0, 0, 17, 16, 2, 26.75%, 0, 3, 2, 1.09, 2508, 371
2211, 0, 0, 17, 16, 2, 26.75%, 0, 3, 2, 1.09, 2514, 371
2217, 0, 0, 17, 16, 2, 26.75%, 0, 3, 2, 1.09, 2520, 371
2222, 0, 0, 17, 16, 2, 26.75%, 0, 3, 2, 1.09, 2526, 371
2228, 0, 0, 17, 16, 2, 26.75%, 0, 3, 2, 1.09, 2532, 371
2233, 0, 0, 17, 16, 2, 26.75%, 0, 3, 2, 1.09, 2538, 371
2239, 0, 0, 17, 16, 2, 26.75%, 0, 3, 2, 1.09, 2544, 371
2244, 0, 0, 17, 16, 2, 26.75%, 0, 3, 2, 1.09, 2550, 371
2250, 0, 0, 17, 16, 2, 26.75%, 0, 3, 2, 1.09, 2556, 371
2255, 0, 0, 17, 16, 2, 26.75%, 0, 3, 2, 1.09, 2562, 371
2261, 0, 0, 17, 16, 2, 26.75%, 0, 3, 2, 1.09, 2568, 371
2266, 0, 0, 17, 16, 2, 26.75%, 0, 3, 2, 1.09, 2574, 371
2272, 0, 0, 17, 16, 2, 26.75%, 0, 3, 2, 1.09, 2580, 371
2277, 0, 0, 17, 16, 2, 26.75%, 0, 3, 2, 1.09, 2586, 371
2283, 0, 0, 17, 16, 2, 26.75%, 0, 3, 2, 1.09, 2592, 371
2288, 0, 0, 17, 16, 2, 26.75%, 0, 3, 2, 1.09, 2598, 371
2294, 0, 0, 17, 16, 2, 26.75%, 0, 3, 2, 1.09, 2604, 371
2299, 0, 0, 17, 16, 2, 26.75%, 0, 3, 2, 1.09, 2610, 371
2305, 0, 0, 17, 16, 2, 26.75%, 0, 3, 2, 1.09, 2616, 371
2310, 0, 0, 17, 16, 2, 26.75%, 0, 3, 2, 1.09, 2622, 371
2316, 0, 0, 17, 16, 2, 26.75%, 0, 3, 2, 1.09, 2628, 371
2321, 0, 0, 17, 16, 2, 26.75%, 0, 3, 2, 1.09, 2634, 371
2327, 0, 0, 17, 16, 2, 26.75%, 0, 3, 2, 1.09, 2640, 371
2332, 0, 0, 17, 16, 2, 26.75%, 0, 3, 2, 1.09, 2646, 371
2338, 0, 0, 17, 16, 2, 26.75%, 0, 3, 2, 1.09, 2652, 371
2343, 0, 0, 17, 16, 2, 26.75%, 0, 3, 2, 1.09, 2658, 371
2349, 0, 0, 17, 16, 2, 26.75%, 0, 3, 2, 1.09, 2664, 371
2354, 0, 0, 17, 16, 2, 26.75%, 0, 3, 2, 1.09, 2670, 371
2360, 0, 0, 17, 16, 2, 26.75%, 0, 3, 2, 1.09, 2676, 371
2365, 0, 0, 17, 16, 2, 26.75%, 0, 3, 2, 1.09, 2682, 371
2371, 0, 0, 17, 16, 2, 26.75%, 0, 3, 2, 1.09, 2688, 371
2376, 0, 0, 17, 16, 2, 26.75%, 0, 3, 2, 1.09, 2694, 371
2381, 0, 0, 17, 16, 2, 26.75%, 0, 3, 2, 1.09, 2700, 371
2387, 0, 0, 17, 16, 2, 26.75%, 0, 3, 2, 1.09, 2706, 371
2392, 0, 0, 17, 16, 2, 26.75%, 0, 3, 2, 1.09, 2712, 371
2398, 0, 0, 17, 16, 2, 26.75%, 0, 3, 2, 1.09, 2718, 371
2403, 0, 0, 17, 16, 2, 26.75%, 0, 3, 2, 1.09, 2724, 371
2409, 0, 0, 17, 16, 2, 26.75%, 0, 3, 2, 1.09, 2730, 371
2414, 0, 0, 17, 16, 2, 26.75%, 0, 3, 2, 1.09, 2736, 371
2420, 0, 0, 17, 16, 2, 26.75%, 0, 3, 2, 1.09, 2742, 371
2425, 0, 0, 17, 16, 2, 26.75%, 0, 3, 2, 1.09, 2748, 371
2431, 0, 0, 17, 16, 2, 26.75%, 0, 3, 2, 1.09, 2754, 371
2436, 0, 0, 17, 16, 2, 26.75%, 0, 3, 2, 1.09, 2760, 371
2442, 0, 0, 17, 16, 2, 26.75%, 0, 3, 2, 1.09, 2766, 371
2447, 0, 0, 17, 16, 2, 26.75%, 0, 3, 2, 1.09, 2772, 371
2453, 0, 0, 17, 16, 2, 26.75%, 0, 3, 2, 1.09, 2778, 371
2458, 0, 0, 17, 16, 2, 26.75%, 0, 3, 2, 1.09, 2784, 371
2464, 0, 0, 17, 16, 2, 26.75%, 0, 3, 2, 1.09, 2790, 371
2469, 0, 0, 17, 16, 2, 26.75%, 0, 3, 2, 1.09, 2796, 371
2475, 0, 0, 17, 16, 2, 26.75%, 0, 3, 2, 1.09, 2802, 371
2480, 0, 0, 17, 16, 2, 26.75%, 0, 3, 2, 1.09, 2808, 371
2486, 0, 0, 17, 16, 2, 26.75%, 0, 3, 2, 1.09, 2814, 371
2491, 0, 0, 17, 16, 2, 26.75%, 0, 3, 2, 1.09, 2820, 371
2497, 0, 0, 17, 16, 2, 26.75%, 0, 3, 2, 1.09, 2826, 371
2502, 0, 0, 17, 16, 2, 26.75%, 0, 3, 2, 1.09, 2832, 371
2508, 0, 0, 17, 16, 2, 26.75%, 0, 3, 2, 1.09, 2838, 371
2513, 0, 0, 17, 16, 2, 26.75%, 0, 3, 2, 1.09, 2844, 371
2519, 0, 0, 17, 16, 2, 26.75%, 0, 3, 2, 1.09, 2850, 371
2524, 0, 0, 17, 16, 2, 26.75%, 0, 3, 2, 1.09, 2856, 371
2530, 0, 0, 17, 16, 2, 26.75%, 0, 3, 2, 1.09, 2862, 371
2535, 0, 0, 17, 16, 2, 26.75%, 0, 3, 2, 1.09, 2868, 371
2541, 0, 0, 17, 16, 2, 26.75%, 0, 3, 2, 1.09, 2874, 371
2546, 0, 0, 17, 16, 2, 26.75%, 0, 3, 2, 1.09, 2880, 371
2551, 0, 0, 17, 16, 2, 26.75%, 0, 3, 2, 1.09, 2886, 371
2557, 0, 0, 17, 16, 2, 26.75%, 0, 3, 2, 1.09, 2892, 371
2562, 0, 0, 17, 16, 2, 26.75%, 0, 3, 2, 1.09, 2898, 371
2568, 0, 0, 17, 16, 2, 26.75%, 0, 3, 2, 1.09, 2904, 371
2573, 0, 0, 17, 16, 2, 26.75%, 0, 3, 2, 1.09, 2910, 371
2579, 0, 0, 17, 16, 2, 26.75%, 0, 3, 2, 1.09, 2916, 371
2584, 0, 0, 17, 16, 2, 26.75%, 0, 3, 2, 1.09, 2922, 371
2590, 0, 0, 17, 16, 2, 26.75%, 0, 3, 2, 1.09, 2928, 371
2595, 0, 0, 17, 16, 2, 26.75%, 0, 3, 2, 1.09, 2934, 371
2601, 0, 0, 17, 16, 2, 26.75%, 0, 3, 2, 1.09, 2940, 371
2606, 0, 0, 17, 16, 2, 26.75%, 0, 3, 2, 1.09, 2946, 371
2612, 0, 0, 17, 16, 2, 26.75%, 0, 3, 2, 1.09, 2952, 371
2617, 0, 0, 17, 16, 2, 26.75%, 0, 3, 2, 1.09, 2958, 371
2623, 0, 0, 17, 16, 2, 26.75%, 0, 3, 2, 1.09, 2964, 371
2628, 0, 0, 17, 16, 2, 26.75%, 0, 3, 2, 1.09, 2970, 371
2634, 0, 0, 17, 16, 2, 26.75%, 0, 3, 2, 1.09, 2976, 371
2639, 0, 0, 17, 16, 2, 26.75%, 0, 3, 2, 1.09, 2982, 371
2645, 0, 0, 17, 16, 2, 26.75%, 0, 3, 2, 1.09, 2988, 371
2650, 0, 0, 17, 16, 2, 26.75%, 0, 3, 2, 1.09, 2994, 371
2656, 0, 0, 17, 16, 2, 26.75%, 0, 3, 2, 1.09, 3000, 371
2661, 0, 0, 17, 16, 2, 26.75%, 0, 3, 2, 1.09, 3006, 371
2667, 0, 0, 17, 16, 2, 26.75%, 0, 3, 2, 1.09, 3012, 371
2672, 0, 0, 17, 16, 2, 26.75%, 0, 3, 2, 1.09, 3018, 371
2678, 0, 0, 17, 16, 2, 26.75%, 0, 3, 2, 1.09, 3024, 371
2683, 0, 0, 17, 16, 2, 26.75%, 0, 3, 2, 1.09, 3030, 371
2689, 0, 0, 17, 16, 2, 26.75%, 0, 3, 2, 1.09, 3036, 371
2694, 0, 0, 17, 16, 2, 26.75%, 0, 3, 2, 1.09, 3042, 371
2700, 0, 0, 17, 16, 2, 26.75%, 0, 3, 2, 1.09, 3048, 371
2705, 0, 0, 17, 16, 2, 26.75%, 0, 3, 2, 1.09, 3054, 371
2710, 0, 0, 17, 16, 2, 26.75%, 0, 3, 2, 1.09, 3060, 371
2716, 0, 0, 17, 16, 2, 26.75%, 0, 3, 2, 1.11, 3066, 371
2721, 0, 0, 17, 16, 2, 26.75%, 0, 3, 2, 1.15, 3072, 371
2726, 0, 0, 17, 16, 2, 26.75%, 0, 3, 2, 1.11, 3077, 371
2731, 0, 0, 18, 17, 2, 26.75%, 0, 3, 2, 1.24, 3088, 371
2737, 0, 0, 18, 17, 2, 26.75%, 0, 3, 2, 1.22, 3094, 371
2742, 0, 0, 18, 17, 2, 26.75%, 0, 3, 2, 1.33, 3102, 371
2747, 0, 0, 18, 17, 2, 26.75%, 0, 3, 2, 1.24, 3107, 371
2752, 0, 0, 18, 17, 2, 26.75%, 0, 3, 2, 1.17, 3112, 371
2758, 0, 0, 18, 17, 2, 26.75%, 0, 3, 2, 1.29, 3119, 371
2763, 0, 0, 18, 17, 2, 26.75%, 0, 3, 2, 1.24, 3125, 371
2769, 0, 0, 18, 17, 2, 26.75%, 0, 3, 2, 1.29, 3132, 371
2774, 0, 0, 18, 17, 2, 26.75%, 0, 3, 2, 1.23, 3138, 371
2779, 0, 0, 18, 17, 2, 26.75%, 0, 3, 2, 1.18, 3144, 371
2785, 0, 0, 18, 17, 2, 26.75%, 0, 3, 2, 1.16, 3150, 371
2790, 0, 0, 18, 17, 2, 26.75%, 0, 3, 2, 1.14, 3156, 371
2796, 0, 0, 18, 17, 2, 26.75%, 0, 3, 2, 1.12, 3162, 371
2801, 0, 0, 18, 17, 2, 26.75%, 0, 3, 2, 1.11, 3168, 371
2807, 0, 0, 18, 17, 2, 26.75%, 0, 3, 2, 1.11, 3174, 371
2812, 0, 0, 18, 17, 2, 26.75%, 0, 3, 2, 1.10, 3180, 371
2818, 0, 0, 18, 17, 2, 26.75%, 0, 3, 2, 1.10, 3186, 371
2823, 0, 0, 18, 17, 2, 26.75%, 0, 3, 2, 1.10, 3192, 371
2829, 0, 0, 18, 17, 2, 26.75%, 0, 3, 2, 1.10, 3198, 371
2834, 0, 0, 18, 17, 2, 26.75%, 0, 3, 2, 1.10, 3204, 371
2840, 0, 0, 18, 17, 2, 26.75%, 0, 3, 2, 1.10, 3210, 371
2845, 0, 0, 18, 17, 2, 26.75%, 0, 3, 2, 1.10, 3216, 371
2851, 0, 0, 18, 17, 2, 26.75%, 0, 3, 2, 1.10, 3222, 371
2856, 0, 0, 18, 17, 2, 26.75%, 0, 3, 2, 1.09, 3228, 371
2862, 0, 0, 18, 17, 2, 26.75%, 0, 3, 2, 1.09, 3234, 371
2867, 0, 0, 18, 17, 2, 26.75%, 0, 3, 2, 1.09, 3240, 371
2873, 0, 0, 18, 17, 2, 26.75%, 0, 3, 2, 1.09, 3246, 371
2878, 0, 0, 18, 17, 2, 26.75%, 0, 3, 2, 1.09, 3252, 371
2884, 0, 0, 18, 17, 2, 26.75%, 0, 3, 2, 1.09, 3258, 371
2889, 0, 0, 18, 17, 2, 26.75%, 0, 3, 2, 1.09, 3264, 371
2895, 0, 0, 18, 17, 2, 26.75%, 0, 3, 2, 1.09, 3270, 371
2900, 0, 0, 18, 17, 2, 26.75%, 0, 3, 2, 1.09, 3276, 371
2906, 0, 0, 18, 17, 2, 26.75%, 0, 3, 2, 1.09, 3282, 371
2911, 0, 0, 18, 17, 2, 26.75%, 0, 3, 2, 1.09, 3288, 371
2917, 0, 0, 18, 17, 2, 26.75%, 0, 3, 2, 1.09, 3294, 371
2922, 0, 0, 18, 17, 2, 26.75%, 0, 3, 2, 1.09, 3300, 371
2928, 0, 0, 18, 17, 2, 26.75%, 0, 3, 2, 1.09, 3306, 371
2933, 0, 0, 18, 17, 2, 26.75%, 0, 3, 2, 1.09, 3312, 371
2939, 0, 0, 18, 17, 2, 26.75%, 0, 3, 2, 1.09, 3318, 371
2944, 0, 0, 18, 17, 2, 26.75%, 0, 3, 2, 1.09, 3324, 371
2949, 0, 0, 18, 17, 2, 26.75%, 0, 3, 2, 1.09, 3330, 371
2955, 0, 0, 18, 17, 2, 26.75%, 0, 3, 2, 1.09, 3336, 371
2960, 0, 0, 18, 17, 2, 26.75%, 0, 3, 2, 1.09, 3342, 371
2966, 0, 0, 18, 17, 2, 26.75%, 0, 3, 2, 1.09, 3348, 371
2971, 0, 0, 18, 17, 2, 26.75%, 0, 3, 2, 1.09, 3354, 371
2977, 0, 0, 18, 17, 2, 26.75%, 0, 3, 2, 1.09, 3360, 371
2982, 0, 0, 18, 17, 2, 26.75%, 0, 3, 2, 1.09, 3366, 371
2988, 0, 0, 18, 17, 2, 26.75%, 0, 3, 2, 1.09, 3372, 371
2993, 0, 0, 18, 17, 2, 26.75%, 0, 3, 2, 1.09, 3378, 371
2999, 0, 0, 18, 17, 2, 26.75%, 0, 3, 2, 1.09, 3384, 371
3004, 0, 0, 18, 17, 2, 26.75%, 0, 3, 2, 1.09, 3390, 371
3010, 0, 0, 18, 17, 2, 26.75%, 0, 3, 2, 1.09, 3396, 371
3015, 0, 0, 18, 17, 2, 26.75%, 0, 3, 2, 1.09, 3402, 371
3021, 0, 0, 18, 17, 2, 26.75%, 0, 3, 2, 1.09, 3408, 371
3026, 0, 0, 18, 17, 2, 26.75%, 0, 3, 2, 1.09, 3414, 371
3032, 0, 0, 18, 17, 2, 26.75%, 0, 3, 2, 1.09, 3420, 371
3037, 0, 0, 18, 17, 2, 26.75%, 0, 3, 2, 1.09, 3426, 371
3043, 0, 0, 18, 17, 2, 26.75%, 0, 3, 2, 1.09, 3432, 371
3048, 0, 0, 18, 17, 2, 26.75%, 0, 3, 2, 1.09, 3438, 371
3054, 0, 0, 18, 17, 2, 26.75%, 0, 3, 2, 1.09, 3444, 371
3059, 0, 0, 18, 17, 2, 26.75%, 0, 3, 2, 1.09, 3450, 371
3065, 0, 0, 18, 17, 2, 26.75%, 0, 3, 2, 1.09, 3456, 371
3070, 0, 0, 18, 17, 2, 26.75%, 0, 3, 2, 1.09, 3462, 371
3076, 0, 0, 18, 17, 2, 26.75%, 0, 3, 2, 1.09, 3468, 371
3081, 0, 0, 18, 17, 2, 26.75%, 0, 3, 2, 1.09, 3474, 371
3087, 0, 0, 18, 17, 2, 26.75%, 0, 3, 2, 1.09, 3480, 371
3092, 0, 0, 18, 17, 2, 26.75%, 0, 3, 2, 1.09, 3486, 371
3098, 0, 0, 18, 17, 2, 26.75%, 0, 3, 2, 1.09, 3492, 371
3103, 0, 0, 18, 17, 2, 26.75%, 0, 3, 2, 1.09, 3498, 371
3109, 0, 0, 18, 17, 2, 26.75%, 0, 3, 2, 1.09, 3504, 371
3114, 0, 0, 18, 17, 2, 26.75%, 0, 3, 2, 1.09, 3510, 371
3119, 0, 0, 18, 17, 2, 26.75%, 0, 3, 2, 1.09, 3516, 371
3125, 0, 0, 18, 17, 2, 26.75%, 0, 3, 2, 1.09, 3522, 371
3130, 0, 0, 18, 17, 2, 26.75%, 0, 3, 2, 1.09, 3528, 371
3136, 0, 0, 18, 17, 2, 26.75%, 0, 3, 2, 1.09, 3534, 371
3141, 0, 0, 18, 17, 2, 26.75%, 0, 3, 2, 1.09, 3540, 371
3147, 0, 0, 18, 17, 2, 26.75%, 0, 3, 2, 1.09, 3546, 371
3152, 0, 0, 18, 17, 2, 26.75%, 0, 3, 2, 1.09, 3552, 371
3158, 0, 0, 18, 17, 2, 26.75%, 0, 3, 2, 1.09, 3558, 371
3163, 0, 0, 18, 17, 2, 26.75%, 0, 3, 2, 1.09, 3564, 371
3169, 0, 0, 18, 17, 2, 26.75%, 0, 3, 2, 1.09, 3570, 371
3174, 0, 0, 18, 17, 2, 26.75%, 0, 3, 2, 1.09, 3576, 371
3180, 0, 0, 18, 17, 2, 26.75%, 0, 3, 2, 1.09, 3582, 371
3185, 0, 0, 18, 17, 2, 26.75%, 0, 3, 2, 1.09, 3588, 371
3191, 0, 0, 18, 17, 2, 26.75%, 0, 3, 2, 1.09, 3594, 371
3196, 0, 0, 18, 17, 2, 26.75%, 0, 3, 2, 1.09, 3600, 371
3202, 0, 0, 18, 17, 2, 26.75%, 0, 3, 2, 1.09, 3606, 371
3207, 0, 0, 18, 17, 2, 26.75%, 0, 3, 2, 1.09, 3612, 371
3213, 0, 0, 18, 17, 2, 26.75%, 0, 3, 2, 1.09, 3618, 371
3218, 0, 0, 18, 17, 2, 26.75%, 0, 3, 2, 1.09, 3624, 371
3224, 0, 0, 18, 17, 2, 26.75%, 0, 3, 2, 1.09, 3630, 371
3229, 0, 0, 18, 17, 2, 26.75%, 0, 3, 2, 1.09, 3636, 371
3235, 0, 0, 18, 17, 2, 26.75%, 0, 3, 2, 1.09, 3642, 371
3240, 0, 0, 18, 17, 2, 26.75%, 0, 3, 2, 1.09, 3648, 371
3246, 0, 0, 18, 17, 2, 26.75%, 0, 3, 2, 1.09, 3654, 371
3251, 0, 0, 18, 17, 2, 26.75%, 0, 3, 2, 1.09, 3660, 371
3257, 0, 0, 18, 17, 2, 26.75%, 0, 3, 2, 1.09, 3666, 371
3262, 0, 0, 18, 17, 2, 26.75%, 0, 3, 2, 1.09, 3672, 371
3268, 0, 0, 18, 17, 2, 26.75%, 0, 3, 2, 1.09, 3678, 371
3273, 0, 0, 18, 17, 2, 26.75%, 0, 3, 2, 1.09, 3684, 371
3278, 0, 0, 18, 17, 2, 26.75%, 0, 3, 2, 1.09, 3690, 371
3284, 0, 0, 18, 17, 2, 26.75%, 0, 3, 2, 1.09, 3696, 371
3289, 0, 0, 18, 17, 2, 26.75%, 0, 3, 2, 1.09, 3702, 371
3295, 0, 0, 18, 17, 2, 26.75%, 0, 3, 2, 1.09, 3708, 371
3300, 0, 0, 18, 17, 2, 26.75%, 0, 3, 2, 1.09, 3714, 371
3306, 0, 0, 18, 17, 2, 26.75%, 0, 3, 2, 1.09, 3720, 371
3311, 0, 0, 18, 17, 2, 26.75%, 0, 3, 2, 1.09, 3726, 371
3317, 0, 0, 18, 17, 2, 26.75%, 0, 3, 2, 1.09, 3732, 371
3322, 0, 0, 18, 17, 2, 26.75%, 0, 3, 2, 1.09, 3738, 371
3328, 0, 0, 18, 17, 2, 26.75%, 0, 3, 2, 1.09, 3744, 371
3333, 0, 0, 18, 17, 2, 26.75%, 0, 3, 2, 1.09, 3750, 371
3339, 0, 0, 18, 17, 2, 26.75%, 0, 3, 2, 1.09, 3756, 371
3344, 0, 0, 18, 17, 2, 26.75%, 0, 3, 2, 1.09, 3762, 371
3350, 0, 0, 18, 17, 2, 26.75%, 0, 3, 2, 1.09, 3768, 371
3355, 0, 0, 18, 17, 2, 26.75%, 0, 3, 2, 1.09, 3774, 371
3361, 0, 0, 18, 17, 2, 26.75%, 0, 3, 2, 1.09, 3780, 371
3366, 0, 0, 18, 17, 2, 26.75%, 0, 3, 2, 1.09, 3786, 371
3372, 0, 0, 18, 17, 2, 26.75%, 0, 3, 2, 1.09, 3792, 371
3377, 0, 0, 18, 17, 2, 26.75%, 0, 3, 2, 1.09, 3798, 371
3383, 0, 0, 18, 17, 2, 26.75%, 0, 3, 2, 1.09, 3804, 371
3388, 0, 0, 18, 17, 2, 26.75%, 0, 3, 2, 1.09, 3810, 371
3394, 0, 0, 18, 17, 2, 26.75%, 0, 3, 2, 1.09, 3816, 371
3399, 0, 0, 18, 17, 2, 26.75%, 0, 3, 2, 1.09, 3822, 371
3405, 0, 0, 18, 17, 2, 26.75%, 0, 3, 2, 1.09, 3828, 371
3410, 0, 0, 18, 17, 2, 26.75%, 0, 3, 2, 1.09, 3834, 371
3416, 0, 0, 18, 17, 2, 26.75%, 0, 3, 2, 1.09, 3840, 371
3421, 0, 0, 18, 17, 2, 26.75%, 0, 3, 2, 1.09, 3846, 371
3427, 0, 0, 18, 17, 2, 26.75%, 0, 3, 2, 1.09, 3852, 371
3432, 0, 0, 18, 17, 2, 26.75%, 0, 3, 2, 1.09, 3858, 371
3438, 0, 0, 18, 17, 2, 26.75%, 0, 3, 2, 1.09, 3864, 371
3443, 0, 0, 18, 17, 2, 26.75%, 0, 3, 2, 1.09, 3870, 371
3449, 0, 0, 18, 17, 2, 26.75%, 0, 3, 2, 1.09, 3876, 371
3454, 0, 0, 18, 17, 2, 26.75%, 0, 3, 2, 1.09, 3882, 371
3459, 0, 0, 18, 17, 2, 26.75%, 0, 3, 2, 1.09, 3888, 371
3465, 0, 0, 18, 17, 2, 26.75%, 0, 3, 2, 1.09, 3894, 371
3470, 0, 0, 18, 17, 2, 26.75%, 0, 3, 2, 1.09, 3900, 371
3476, 0, 0, 18, 17, 2, 26.75%, 0, 3, 2, 1.09, 3906, 371
3481, 0, 0, 18, 17, 2, 26.75%, 0, 3, 2, 1.09, 3912, 371
3487, 0, 0, 18, 17, 2, 26.75%, 0, 3, 2, 1.09, 3918, 371
3492, 0, 0, 18, 17, 2, 26.75%, 0, 3, 2, 1.09, 3924, 371
3498, 0, 0, 18, 17, 2, 26.75%, 0, 3, 2, 1.09, 3930, 371
3503, 0, 0, 18, 17, 2, 26.75%, 0, 3, 2, 1.09, 3936, 371
3509, 0, 0, 18, 17, 2, 26.75%, 0, 3, 2, 1.09, 3942, 371
3514, 0, 0, 18, 17, 2, 26.75%, 0, 3, 2, 1.09, 3948, 371
3520, 0, 0, 18, 17, 2, 26.75%, 0, 3, 2, 1.09, 3954, 371
3525, 0, 0, 18, 17, 2, 26.75%, 0, 3, 2, 1.09, 3960, 371
3531, 0, 0, 18, 17, 2, 26.75%, 0, 3, 2, 1.09, 3966, 371
3536, 0, 0, 18, 17, 2, 26.75%, 0, 3, 2, 1.09, 3972, 371
3542, 0, 0, 18, 17, 2, 26.75%, 0, 3, 2, 1.09, 3978, 371
3547, 0, 0, 18, 17, 2, 26.75%, 0, 3, 2, 1.09, 3984, 371
3553, 0, 0, 18, 17, 2, 26.75%, 0, 3, 2, 1.09, 3990, 371
3558, 0, 0, 18, 17, 2, 26.75%, 0, 3, 2, 1.09, 3996, 371
3564, 0, 0, 18, 17, 2, 26.75%, 0, 3, 2, 1.09, 4002, 371
3569, 0, 0, 18, 17, 2, 26.75%, 0, 3, 2, 1.09, 4008, 371
3575, 0, 0, 18, 17, 2, 26.75%, 0, 3, 2, 1.09, 4014, 371
3580, 0, 0, 18, 17, 2, 26.75%, 0, 3, 2, 1.09, 4020, 371
3586, 0, 0, 18, 17, 2, 26.75%, 0, 3, 2, 1.09, 4026, 371
3591, 0, 0, 18, 17, 2, 26.75%, 0, 3, 2, 1.09, 4032, 371
3597, 0, 0, 18, 17, 2, 26.75%, 0, 3, 2, 1.09, 4038, 371
3602, 0, 0, 18, 17, 2, 26.75%, 0, 3, 2, 1.09, 4044, 371
3608, 0, 0, 18, 17, 2, 26.75%, 0, 3, 2, 1.09, 4050, 371
3613, 0, 0, 18, 17, 2, 26.75%, 0, 3, 2, 1.09, 4056, 371
3619, 0, 0, 18, 17, 2, 26.75%, 0, 3, 2, 1.09, 4062, 371
3624, 0, 0, 18, 17, 2, 26.75%, 0, 3, 2, 1.09, 4068, 371
3629, 0, 0, 18, 17, 2, 26.75%, 0, 3, 2, 1.09, 4074, 371
3635, 0, 0, 18, 17, 2, 26.75%, 0, 3, 2, 1.09, 4080, 371
3640, 0, 0, 18, 17, 2, 26.75%, 0, 3, 2, 1.09, 4086, 371
3646, 0, 0, 18, 17, 2, 26.75%, 0, 3, 2, 1.09, 4092, 371
3651, 0, 0, 18, 17, 2, 26.75%, 0, 3, 2, 1.09, 4098, 371
3657, 0, 0, 18, 17, 2, 26.75%, 0, 3, 2, 1.09, 4104, 371
3662, 0, 0, 18, 17, 2, 26.75%, 0, 3, 2, 1.09, 4110, 371
3668, 0, 0, 18, 17, 2, 26.75%, 0, 3, 2, 1.09, 4116, 371
3673, 0, 0, 18, 17, 2, 26.75%, 0, 3, 2, 1.09, 4122, 371
3679, 0, 0, 18, 17, 2, 26.75%, 0, 3, 2, 1.09, 4128, 371
3684, 0, 0, 18, 17, 2, 26.75%, 0, 3, 2, 1.09, 4134, 371
3690, 0, 0, 18, 17, 2, 26.75%, 0, 3, 2, 1.09, 4140, 371
3695, 0, 0, 18, 17, 2, 26.75%, 0, 3, 2, 1.09, 4146, 371
3701, 0, 0, 18, 17, 2, 26.75%, 0, 3, 2, 1.09, 4152, 371
3706, 0, 0, 18, 17, 2, 26.75%, 0, 3, 2, 1.09, 4158, 371
3712, 0, 0, 18, 17, 2, 26.75%, 0, 3, 2, 1.09, 4164, 371
3717, 0, 0, 18, 17, 2, 26.75%, 0, 3, 2, 1.09, 4170, 371
3723, 0, 0, 18, 17, 2, 26.75%, 0, 3, 2, 1.09, 4176, 371
3728, 0, 0, 18, 17, 2, 26.75%, 0, 3, 2, 1.09, 4182, 371
3734, 0, 0, 18, 17, 2, 26.75%, 0, 3, 2, 1.09, 4188, 371
3739, 0, 0, 18, 17, 2, 26.75%, 0, 3, 2, 1.09, 4194, 371
3745, 0, 0, 18, 17, 2, 26.75%, 0, 3, 2, 1.09, 4200, 371
3750, 0, 0, 18, 17, 2, 26.75%, 0, 3, 2, 1.09, 4206, 371
3756, 0, 0, 18, 17, 2, 26.75%, 0, 3, 2, 1.09, 4212, 371
3761, 0, 0, 18, 17, 2, 26.75%, 0, 3, 2, 1.09, 4218, 371
3767, 0, 0, 18, 17, 2, 26.75%, 0, 3, 2, 1.09, 4224, 371
3772, 0, 0, 18, 17, 2, 26.75%, 0, 3, 2, 1.09, 4230, 371
3778, 0, 0, 18, 17, 2, 26.75%, 0, 3, 2, 1.09, 4236, 371
3783, 0, 0, 18, 17, 2, 26.75%, 0, 3, 2, 1.09, 4242, 371
3789, 0, 0, 18, 17, 2, 26.75%, 0, 3, 2, 1.09, 4248, 371
3794, 0, 0, 18, 17, 2, 26.75%, 0, 3, 2, 1.09, 4254, 371
3799, 0, 0, 18, 17, 2, 26.75%, 0, 3, 2, 1.09, 4260, 371
3805, 0, 0, 18, 17, 2, 26.75%, 0, 3, 2, 1.09, 4266, 371
3810, 0, 0, 18, 17, 2, 26.75%, 0, 3, 2, 1.09, 4272, 371
3816, 0, 0, 18, 17, 2, 26.75%, 0, 3, 2, 1.09, 4278, 371
3821, 0, 0, 18, 17, 2, 26.75%, 0, 3, 2, 1.09, 4284, 371
3827, 0, 0, 18, 17, 2, 26.75%, 0, 3, 2, 1.09, 4290, 371
3832, 0, 0, 18, 17, 2, 26.75%, 0, 3, 2, 1.09, 4296, 371
3838, 0, 0, 18, 17, 2, 26.75%, 0, 3, 2, 1.09, 4302, 371
3843, 0, 0, 18, 17, 2, 26.75%, 0, 3, 2, 1.09, 4308, 371
3849, 0, 0, 18, 17, 2, 26.75%, 0, 3, 2, 1.09, 4314, 371
3854, 0, 0, 18, 17, 2, 26.75%, 0, 3, 2, 1.09, 4320, 371
3860, 0, 0, 18, 17, 2, 26.75%, 0, 3, 2, 1.09, 4326, 371
3865, 0, 0, 18, 17, 2, 26.75%, 0, 3, 2, 1.09, 4332, 371
3871, 0, 0, 18, 17, 2, 26.75%, 0, 3, 2, 1.09, 4338, 371
3876, 0, 0, 18, 17, 2, 26.75%, 0, 3, 2, 1.09, 4344, 371
3882, 0, 0, 18, 17, 2, 26.75%, 0, 3, 2, 1.09, 4350, 371
3887, 0, 0, 18, 17, 2, 26.75%, 0, 3, 2, 1.09, 4356, 371
3893, 0, 0, 18, 17, 2, 26.75%, 0, 3, 2, 1.09, 4362, 371
3898, 0, 0, 18, 17, 2, 26.75%, 0, 3, 2, 1.09, 4368, 371
3904, 0, 0, 18, 17, 2, 26.75%, 0, 3, 2, 1.09, 4374, 371
3909, 0, 0, 18, 17, 2, 26.75%, 0, 3, 2, 1.09, 4380, 371
3915, 0, 0, 18, 17, 2, 26.75%, 0, 3, 2, 1.09, 4386, 371
3920, 0, 0, 18, 17, 2, 26.75%, 0, 3, 2, 1.09, 4392, 371
3926, 0, 0, 18, 17, 2, 26.75%, 0, 3, 2, 1.09, 4398, 371
3931, 0, 0, 18, 17, 2, 26.75%, 0, 3, 2, 1.09, 4404, 371
3937, 0, 0, 18, 17, 2, 26.75%, 0, 3, 2, 1.09, 4410, 371
3942, 0, 0, 18, 17, 2, 26.75%, 0, 3, 2, 1.09, 4416, 371
3948, 0, 0, 18, 17, 2, 26.75%, 0, 3, 2, 1.09, 4422, 371
3953, 0, 0, 18, 17, 2, 26.75%, 0, 3, 2, 1.09, 4428, 371
3959, 0, 0, 18, 17, 2, 26.75%, 0, 3, 2, 1.09, 4434, 371
3964, 0, 0, 18, 17, 2, 26.75%, 0, 3, 2, 1.09, 4440, 371
3969, 0, 0, 18, 17, 2, 26.75%, 0, 3, 2, 1.09, 4446, 371
3975, 0, 0, 18, 17, 2, 26.75%, 0, 3, 2, 1.09, 4452, 371
3980, 0, 0, 18, 17, 2, 26.75%, 0, 3, 2, 1.09, 4458, 371
3986, 0, 0, 18, 17, 2, 26.75%, 0, 3, 2, 1.09, 4464, 371
3991, 0, 0, 18, 17, 2, 26.75%, 0, 3, 2, 1.09, 4470, 371
3997, 0, 0, 18, 17, 2, 26.75%, 0, 3, 2, 1.09, 4476, 371
4002, 0, 0, 18, 17, 2, 26.75%, 0, 3, 2, 1.09, 4482, 371
4008, 0, 0, 18, 17, 2, 26.75%, 0, 3, 2, 1.09, 4488, 371
4013, 0, 0, 18, 17, 2, 26.75%, 0, 3, 2, 1.09, 4494, 371
4019, 0, 0, 18, 17, 2, 26.75%, 0, 3, 2, 1.09, 4500, 371
4024, 0, 0, 18, 17, 2, 26.75%, 0, 3, 2, 1.09, 4506, 371
4030, 0, 0, 18, 17, 2, 26.75%, 0, 3, 2, 1.09, 4512, 371
4035, 0, 0, 18, 17, 2, 26.75%, 0, 3, 2, 1.09, 4518, 371
4041, 0, 0, 18, 17, 2, 26.75%, 0, 3, 2, 1.09, 4524, 371
4046, 0, 0, 18, 17, 2, 26.75%, 0, 3, 2, 1.09, 4530, 371
4052, 0, 0, 18, 17, 2, 26.75%, 0, 3, 2, 1.09, 4536, 371
4057, 0, 0, 18, 17, 2, 26.75%, 0, 3, 2, 1.09, 4542, 371
4063, 0, 0, 18, 17, 2, 26.75%, 0, 3, 2, 1.09, 4548, 371
4068, 0, 0, 18, 17, 2, 26.75%, 0, 3, 2, 1.09, 4554, 371
4074, 0, 0, 18, 17, 2, 26.75%, 0, 3, 2, 1.09, 4560, 371
4079, 0, 0, 18, 17, 2, 26.75%, 0, 3, 2, 1.09, 4566, 371
4085, 0, 0, 18, 17, 2, 26.75%, 0, 3, 2, 1.09, 4572, 371
4090, 0, 0, 18, 17, 2, 26.75%, 0, 3, 2, 1.09, 4578, 371
4096, 0, 0, 18, 17, 2, 26.75%, 0, 3, 2, 1.09, 4584, 371
4101, 0, 0, 18, 17, 2, 26.75%, 0, 3, 2, 1.09, 4590, 371
4107, 0, 0, 18, 17, 2, 26.75%, 0, 3, 2, 1.09, 4596, 371
4112, 0, 0, 18, 17, 2, 26.75%, 0, 3, 2, 1.09, 4602, 371
4118, 0, 0, 18, 17, 2, 26.75%, 0, 3, 2, 1.09, 4608, 371
4123, 0, 0, 18, 17, 2, 26.75%, 0, 3, 2, 1.09, 4614, 371
4128, 0, 0, 18, 17, 2, 26.75%, 0, 3, 2, 1.09, 4620, 371
4134, 0, 0, 18, 17, 2, 26.75%, 0, 3, 2, 1.09, 4626, 371
4139, 0, 0, 18, 17, 2, 26.75%, 0, 3, 2, 1.09, 4632, 371
4145, 0, 0, 18, 17, 2, 26.75%, 0, 3, 2, 1.09, 4638, 371
4150, 0, 0, 18, 17, 2, 26.75%, 0, 3, 2, 1.09, 4644, 371
4156, 0, 0, 18, 17, 2, 26.75%, 0, 3, 2, 1.09, 4650, 371
4161, 0, 0, 18, 17, 2, 26.75%, 0, 3, 2, 1.09, 4656, 371
4167, 0, 0, 18, 17, 2, 26.75%, 0, 3, 2, 1.09, 4662, 371
4172, 0, 0, 18, 17, 2, 26.75%, 0, 3, 2, 1.09, 4668, 371
4178, 0, 0, 18, 17, 2, 26.75%, 0, 3, 2, 1.09, 4674, 371
4183, 0, 0, 18, 17, 2, 26.75%, 0, 3, 2, 1.09, 4680, 371
4189, 0, 0, 18, 17, 2, 26.75%, 0, 3, 2, 1.09, 4686, 371
4194, 0, 0, 18, 17, 2, 26.75%, 0, 3, 2, 1.09, 4692, 371
4200, 0, 0, 18, 17, 2, 26.75%, 0, 3, 2, 1.09, 4698, 371
4205, 0, 0, 18, 17, 2, 26.75%, 0, 3, 2, 1.09, 4704, 371
4211, 0, 0, 18, 17, 2, 26.75%, 0, 3, 2, 1.09, 4710, 371
4216, 0, 0, 18, 17, 2, 26.75%, 0, 3, 2, 1.09, 4716, 371
4222, 0, 0, 18, 17, 2, 26.75%, 0, 3, 2, 1.09, 4722, 371
4227, 0, 0, 18, 17, 2, 26.75%, 0, 3, 2, 1.09, 4728, 371
4233, 0, 0, 18, 17, 2, 26.75%, 0, 3, 2, 1.09, 4734, 371
4238, 0, 0, 18, 17, 2, 26.75%, 0, 3, 2, 1.09, 4740, 371
4244, 0, 0, 18, 17, 2, 26.75%, 0, 3, 2, 1.09, 4746, 371
4249, 0, 0, 18, 17, 2, 26.75%, 0, 3, 2, 1.09, 4752, 371
4255, 0, 0, 18, 17, 2, 26.75%, 0, 3, 2, 1.09, 4758, 371
4260, 0, 0, 18, 17, 2, 26.75%, 0, 3, 2, 1.09, 4764, 371
4266, 0, 0, 18, 17, 2, 26.75%, 0, 3, 2, 1.09, 4770, 371
4271, 0, 0, 18, 17, 2, 26.75%, 0, 3, 2, 1.09, 4776, 371
4277, 0, 0, 18, 17, 2, 26.75%, 0, 3, 2, 1.09, 4782, 371
4282, 0, 0, 18, 17, 2, 26.75%, 0, 3, 2, 1.09, 4788, 371
4288, 0, 0, 18, 17, 2, 26.75%, 0, 3, 2, 1.09, 4794, 371
4293, 0, 0, 18, 17, 2, 26.75%, 0, 3, 2, 1.09, 4800, 371
4299, 0, 0, 18, 17, 2, 26.75%, 0, 3, 2, 1.09, 4806, 371
4304, 0, 0, 18, 17, 2, 26.75%, 0, 3, 2, 1.09, 4812, 371
4309, 0, 0, 18, 17, 2, 26.75%, 0, 3, 2, 1.09, 4818, 371
4315, 0, 0, 18, 17, 2, 26.75%, 0, 3, 2, 1.09, 4824, 371
4320, 0, 0, 18, 17, 2, 26.75%, 0, 3, 2, 1.09, 4830, 371
4326, 0, 0, 18, 17, 2, 26.75%, 0, 3, 2, 1.09, 4836, 371
4331, 0, 0, 18, 17, 2, 26.75%, 0, 3, 2, 1.09, 4842, 371
4337, 0, 0, 18, 17, 2, 26.75%, 0, 3, 2, 1.09, 4848, 371
4342, 0, 0, 18, 17, 2, 26.75%, 0, 3, 2, 1.09, 4854, 371
4348, 0, 0, 18, 17, 2, 26.75%, 0, 3, 2, 1.09, 4860, 371
4353, 0, 0, 18, 17, 2, 26.75%, 0, 3, 2, 1.09, 4866, 371
4359, 0, 0, 18, 17, 2, 26.75%, 0, 3, 2, 1.09, 4872, 371
4364, 0, 0, 18, 17, 2, 26.75%, 0, 3, 2, 1.09, 4878, 371
4370, 0, 0, 18, 17, 2, 26.75%, 0, 3, 2, 1.09, 4884, 371
4375, 0, 0, 18, 17, 2, 26.75%, 0, 3, 2, 1.09, 4890, 371
4381, 0, 0, 18, 17, 2, 26.75%, 0, 3, 2, 1.09, 4896, 371
4386, 0, 0, 18, 17, 2, 26.75%, 0, 3, 2, 1.09, 4902, 371
4392, 0, 0, 18, 17, 2, 26.75%, 0, 3, 2, 1.09, 4908, 371
4397, 0, 0, 18, 17, 2, 26.75%, 0, 3, 2, 1.09, 4914, 371
4403, 0, 0, 18, 17, 2, 26.75%, 0, 3, 2, 1.09, 4920, 371
4408, 0, 0, 18, 17, 2, 26.75%, 0, 3, 2, 1.09, 4926, 371
4414, 0, 0, 18, 17, 2, 26.75%, 0, 3, 2, 1.09, 4932, 371
4419, 0, 0, 18, 17, 2, 26.75%, 0, 3, 2, 1.09, 4938, 371
4425, 0, 0, 18, 17, 2, 26.75%, 0, 3, 2, 1.09, 4944, 371
4430, 0, 0, 18, 17, 2, 26.75%, 0, 3, 2, 1.09, 4950, 371
4436, 0, 0, 18, 17, 2, 26.75%, 0, 3, 2, 1.09, 4956, 371
4441, 0, 0, 18, 17, 2, 26.75%, 0, 3, 2, 1.09, 4962, 371
4447, 0, 0, 18, 17, 2, 26.75%, 0, 3, 2, 1.09, 4968, 371
4452, 0, 0, 18, 17, 2, 26.75%, 0, 3, 2, 1.09, 4974, 371
4458, 0, 0, 18, 17, 2, 26.75%, 0, 3, 2, 1.09, 4980, 371
4463, 0, 0, 18, 17, 2, 26.75%, 0, 3, 2, 1.09, 4986, 371
4469, 0, 0, 18, 17, 2, 26.75%, 0, 3, 2, 1.09, 4992, 371
4474, 0, 0, 18, 17, 2, 26.75%, 0, 3, 2, 1.09, 4998, 371
4480, 0, 0, 18, 17, 2, 26.75%, 0, 3, 2, 1.09, 5004, 371
4485, 0, 0, 18, 17, 2, 26.75%, 0, 3, 2, 1.09, 5010, 371
4490, 0, 0, 18, 17, 2, 26.75%, 0, 3, 2, 1.09, 5016, 371
4496, 0, 0, 18, 17, 2, 26.75%, 0, 3, 2, 1.09, 5022, 371
4501, 0, 0, 18, 17, 2, 26.75%, 0, 3, 2, 1.09, 5028, 371
4507, 0, 0, 18, 17, 2, 26.75%, 0, 3, 2, 1.09, 5034, 371
4512, 0, 0, 18, 17, 2, 26.75%, 0, 3, 2, 1.09, 5040, 371
4518, 0, 0, 18, 17, 2, 26.75%, 0, 3, 2, 1.09, 5046, 371
4523, 0, 0, 18, 17, 2, 26.75%, 0, 3, 2, 1.09, 5052, 371
4529, 0, 0, 18, 17, 2, 26.75%, 0, 3, 2, 1.09, 5058, 371
4534, 0, 0, 18, 17, 2, 26.75%, 0, 3, 2, 1.09, 5064, 371
4540, 0, 0, 18, 17, 2, 26.75%, 0, 3, 2, 1.09, 5070, 371
4545, 0, 0, 18, 17, 2, 26.75%, 0, 3, 2, 1.09, 5076, 371
4551, 0, 0, 18, 17, 2, 26.75%, 0, 3, 2, 1.09, 5082, 371
4556, 0, 0, 18, 17, 2, 26.75%, 0, 3, 2, 1.09, 5088, 371
4562, 0, 0, 18, 17, 2, 26.75%, 0, 3, 2, 1.09, 5094, 371
4567, 0, 0, 18, 17, 2, 26.75%, 0, 3, 2, 1.09, 5100, 371
4573, 0, 0, 18, 17, 2, 26.75%, 0, 3, 2, 1.09, 5106, 371
4578, 0, 0, 18, 17, 2, 26.75%, 0, 3, 2, 1.09, 5112, 371
4584, 0, 0, 18, 17, 2, 26.75%, 0, 3, 2, 1.09, 5118, 371
4589, 0, 0, 18, 17, 2, 26.75%, 0, 3, 2, 1.09, 5124, 371
4595, 0, 0, 18, 17, 2, 26.75%, 0, 3, 2, 1.09, 5130, 371
4600, 0, 0, 18, 17, 2, 26.75%, 0, 3, 2, 1.09, 5136, 371
4606, 0, 0, 18, 17, 2, 26.75%, 0, 3, 2, 1.09, 5142, 371
4611, 0, 0, 18, 17, 2, 26.75%, 0, 3, 2, 1.09, 5148, 371
4617, 0, 0, 18, 17, 2, 26.75%, 0, 3, 2, 1.09, 5154, 371
4622, 0, 0, 18, 17, 2, 26.75%, 0, 3, 2, 1.09, 5160, 371
4628, 0, 0, 18, 17, 2, 26.75%, 0, 3, 2, 1.09, 5166, 371
4633, 0, 0, 18, 17, 2, 26.75%, 0, 3, 2, 1.09, 5172, 371
4639, 0, 0, 18, 17, 2, 26.75%, 0, 3, 2, 1.09, 5178, 371
4644, 0, 0, 18, 17, 2, 26.75%, 0, 3, 2, 1.09, 5184, 371
4649, 0, 0, 18, 17, 2, 26.75%, 0, 3, 2, 1.09, 5190, 371
4655, 0, 0, 18, 17, 2, 26.75%, 0, 3, 2, 1.09, 5196, 371
4660, 0, 0, 18, 17, 2, 26.75%, 0, 3, 2, 1.09, 5202, 371
4666, 0, 0, 18, 17, 2, 26.75%, 0, 3, 2, 1.09, 5208, 371
4671, 0, 0, 18, 17, 2, 26.75%, 0, 3, 2, 1.09, 5214, 371
4677, 0, 0, 18, 17, 2, 26.75%, 0, 3, 2, 1.09, 5220, 371
4682, 0, 0, 18, 17, 2, 26.75%, 0, 3, 2, 1.09, 5226, 371
4688, 0, 0, 18, 17, 2, 26.75%, 0, 3, 2, 1.09, 5232, 371
4693, 0, 0, 18, 17, 2, 26.75%, 0, 3, 2, 1.09, 5238, 371
4699, 0, 0, 18, 17, 2, 26.75%, 0, 3, 2, 1.09, 5244, 371
4704, 0, 0, 18, 17, 2, 26.75%, 0, 3, 2, 1.09, 5250, 371
4710, 0, 0, 18, 17, 2, 26.75%, 0, 3, 2, 1.09, 5256, 371
4715, 0, 0, 18, 17, 2, 26.75%, 0, 3, 2, 1.09, 5262, 371
4721, 0, 0, 18, 17, 2, 26.75%, 0, 3, 2, 1.09, 5268, 371
4726, 0, 0, 18, 17, 2, 26.75%, 0, 3, 2, 1.09, 5274, 371
4732, 0, 0, 18, 17, 2, 26.75%, 0, 3, 2, 1.09, 5280, 371
4737, 0, 0, 18, 17, 2, 26.75%, 0, 3, 2, 1.09, 5286, 371
4743, 0, 0, 18, 17, 2, 26.75%, 0, 3, 2, 1.09, 5292, 371
4748, 0, 0, 18, 17, 2, 26.75%, 0, 3, 2, 1.09, 5298, 371
4754, 0, 0, 18, 17, 2, 26.75%, 0, 3, 2, 1.09, 5304, 371
4759, 0, 0, 18, 17, 2, 26.75%, 0, 3, 2, 1.09, 5310, 371
4765, 0, 0, 18, 17, 2, 26.75%, 0, 3, 2, 1.09, 5316, 371
4770, 0, 0, 18, 17, 2, 26.75%, 0, 3, 2, 1.09, 5322, 371
4776, 0, 0, 18, 17, 2, 26.75%, 0, 3, 2, 1.09, 5328, 371
4781, 0, 0, 18, 17, 2, 26.75%, 0, 3, 2, 1.09, 5334, 371
4787, 0, 0, 18, 17, 2, 26.75%, 0, 3, 2, 1.09, 5340, 371
4792, 0, 0, 18, 17, 2, 26.75%, 0, 3, 2, 1.09, 5346, 371
4798, 0, 0, 18, 17, 2, 26.75%, 0, 3, 2, 1.09, 5352, 371
4803, 0, 0, 18, 17, 2, 26.75%, 0, 3, 2, 1.09, 5358, 371
4809, 0, 0, 18, 17, 2, 26.75%, 0, 3, 2, 1.09, 5364, 371
4814, 0, 0, 18, 17, 2, 26.75%, 0, 3, 2, 1.09, 5370, 371
4819, 0, 0, 18, 17, 2, 26.75%, 0, 3, 2, 1.09, 5376, 371
4825, 0, 0, 18, 17, 2, 26.75%, 0, 3, 2, 1.09, 5382, 371
4830, 0, 0, 18, 17, 2, 26.75%, 0, 3, 2, 1.09, 5388, 371
4836, 0, 0, 18, 17, 2, 26.75%, 0, 3, 2, 1.09, 5394, 371
4841, 0, 0, 18, 17, 2, 26.75%, 0, 3, 2, 1.09, 5400, 371
4847, 0, 0, 18, 17, 2, 26.75%, 0, 3, 2, 1.09, 5406, 371
4852, 0, 0, 18, 17, 2, 26.75%, 0, 3, 2, 1.09, 5412, 371
4858, 0, 0, 18, 17, 2, 26.75%, 0, 3, 2, 1.09, 5418, 371
4863, 0, 0, 18, 17, 2, 26.75%, 0, 3, 2, 1.09, 5424, 371
4869, 0, 0, 18, 17, 2, 26.75%, 0, 3, 2, 1.09, 5430, 371
4874, 0, 0, 18, 17, 2, 26.75%, 0, 3, 2, 1.09, 5436, 371
4880, 0, 0, 18, 17, 2, 26.75%, 0, 3, 2, 1.09, 5442, 371
4885, 0, 0, 18, 17, 2, 26.75%, 0, 3, 2, 1.09, 5448, 371
4891, 0, 0, 18, 17, 2, 26.75%, 0, 3, 2, 1.09, 5454, 371
4896, 0, 0, 18, 17, 2, 26.75%, 0, 3, 2, 1.09, 5460, 371
4902, 0, 0, 18, 17, 2, 26.75%, 0, 3, 2, 1.09, 5466, 371
4907, 0, 0, 18, 17, 2, 26.75%, 0, 3, 2, 1.09, 5472, 371
4913, 0, 0, 18, 17, 2, 26.75%, 0, 3, 2, 1.09, 5478, 371
4918, 0, 0, 18, 17, 2, 26.75%, 0, 3, 2, 1.09, 5484, 371
4924, 0, 0, 18, 17, 2, 26.75%, 0, 3, 2, 1.09, 5490, 371
4929, 0, 0, 18, 17, 2, 26.75%, 0, 3, 2, 1.09, 5496, 371
4935, 0, 0, 18, 17, 2, 26.75%, 0, 3, 2, 1.09, 5502, 371
4940, 0, 0, 18, 17, 2, 26.75%, 0, 3, 2, 1.09, 5508, 371
4946, 0, 0, 18, 17, 2, 26.75%, 0, 3, 2, 1.09, 5514, 371
4951, 0, 0, 18, 17, 2, 26.75%, 0, 3, 2, 1.09, 5520, 371
4957, 0, 0, 18, 17, 2, 26.75%, 0, 3, 2, 1.09, 5526, 371
4962, 0, 0, 18, 17, 2, 26.75%, 0, 3, 2, 1.09, 5532, 371
4968, 0, 0, 18, 17, 2, 26.75%, 0, 3, 2, 1.09, 5538, 371
4973, 0, 0, 18, 17, 2, 26.75%, 0, 3, 2, 1.09, 5544, 371
4978, 0, 0, 18, 17, 2, 26.75%, 0, 3, 2, 1.09, 5550, 371
4984, 0, 0, 18, 17, 2, 26.75%, 0, 3, 2, 1.09, 5556, 371
4989, 0, 0, 18, 17, 2, 26.75%, 0, 3, 2, 1.09, 5562, 371
4995, 0, 0, 18, 17, 2, 26.75%, 0, 3, 2, 1.09, 5568, 371
5000, 0, 0, 18, 17, 2, 26.75%, 0, 3, 2, 1.09, 5574, 371
5006, 0, 0, 18, 17, 2, 26.75%, 0, 3, 2, 1.09, 5580, 371
5011, 0, 0, 18, 17, 2, 26.75%, 0, 3, 2, 1.09, 5586, 371
5017, 0, 0, 18, 17, 2, 26.75%, 0, 3, 2, 1.09, 5592, 371
5022, 0, 0, 18, 17, 2, 26.75%, 0, 3, 2, 1.09, 5598, 371
5028, 0, 0, 18, 17, 2, 26.75%, 0, 3, 2, 1.09, 5604, 371
5033, 0, 0, 18, 17, 2, 26.75%, 0, 3, 2, 1.09, 5610, 371
5039, 0, 0, 18, 17, 2, 26.75%, 0, 3, 2, 1.09, 5616, 371
5044, 0, 0, 18, 17, 2, 26.75%, 0, 3, 2, 1.09, 5622, 371
5050, 0, 0, 18, 17, 2, 26.75%, 0, 3, 2, 1.09, 5628, 371
5055, 0, 0, 18, 17, 2, 26.75%, 0, 3, 2, 1.09, 5634, 371
5061, 0, 0, 18, 17, 2, 26.75%, 0, 3, 2, 1.09, 5640, 371
5066, 0, 0, 18, 17, 2, 26.75%, 0, 3, 2, 1.09, 5646, 371
5072, 0, 0, 18, 17, 2, 26.75%, 0, 3, 2, 1.09, 5652, 371
5077, 0, 0, 18, 17, 2, 26.75%, 0, 3, 2, 1.09, 5658, 371
5083, 0, 0, 18, 17, 2, 26.75%, 0, 3, 2, 1.09, 5664, 371
5088, 0, 0, 18, 17, 2, 26.75%, 0, 3, 2, 1.09, 5670, 371
5094, 0, 0, 18, 17, 2, 26.75%, 0, 3, 2, 1.09, 5676, 371
5099, 0, 0, 18, 17, 2, 26.75%, 0, 3, 2, 1.09, 5682, 371
5105, 0, 0, 18, 17, 2, 26.75%, 0, 3, 2, 1.09, 5688, 371
5110, 0, 0, 18, 17, 2, 26.75%, 0, 3, 2, 1.09, 5694, 371
5116, 0, 0, 18, 17, 2, 26.75%, 0, 3, 2, 1.09, 5700, 371
5121, 0, 0, 18, 17, 2, 26.75%, 0, 3, 2, 1.09, 5706, 371
5127, 0, 0, 18, 17, 2, 26.75%, 0, 3, 2, 1.09, 5712, 371
5132, 0, 0, 18, 17, 2, 26.75%, 0, 3, 2, 1.09, 5718, 371
5138, 0, 0, 18, 17, 2, 26.75%, 0, 3, 2, 1.09, 5724, 371
5143, 0, 0, 18, 17, 2, 26.75%, 0, 3, 2, 1.09, 5730, 371
5149, 0, 0, 18, 17, 2, 26.75%, 0, 3, 2, 1.09, 5736, 371
5154, 0, 0, 18, 17, 2, 26.75%, 0, 3, 2, 1.09, 5742, 371
5159, 0, 0, 18, 17, 2, 26.75%, 0, 3, 2, 1.09, 5748, 371
5165, 0, 0, 18, 17, 2, 26.75%, 0, 3, 2, 1.09, 5754, 371
5170, 0, 0, 18, 17, 2, 26.75%, 0, 3, 2, 1.09, 5760, 371
5176, 0, 0, 18, 17, 2, 26.75%, 0, 3, 2, 1.09, 5766, 371
5181, 0, 0, 18, 17, 2, 26.75%, 0, 3, 2, 1.09, 5772, 371
5187, 0, 0, 18, 17, 2, 26.75%, 0, 3, 2, 1.09, 5778, 371
5192, 0, 0, 18, 17, 2, 26.75%, 0, 3, 2, 1.09, 5784, 371
5198, 0, 0, 18, 17, 2, 26.75%, 0, 3, 2, 1.09, 5790, 371
5203, 0, 0, 18, 17, 2, 26.75%, 0, 3, 2, 1.09, 5796, 371
5209, 0, 0, 18, 17, 2, 26.75%, 0, 3, 2, 1.09, 5802, 371
5214, 0, 0, 18, 17, 2, 26.75%, 0, 3, 2, 1.09, 5808, 371
5220, 0, 0, 18, 17, 2, 26.75%, 0, 3, 2, 1.09, 5814, 371
5225, 0, 0, 18, 17, 2, 26.75%, 0, 3, 2, 1.09, 5820, 371
5231, 0, 0, 18, 17, 2, 26.75%, 0, 3, 2, 1.09, 5826, 371
5236, 0, 0, 18, 17, 2, 26.75%, 0, 3, 2, 1.09, 5832, 371
5242, 0, 0, 18, 17, 2, 26.75%, 0, 3, 2, 1.09, 5838, 371
5247, 0, 0, 18, 17, 2, 26.75%, 0, 3, 2, 1.09, 5844, 371
5253, 0, 0, 18, 17, 2, 26.75%, 0, 3, 2, 1.09, 5850, 371
5258, 0, 0, 18, 17, 2, 26.75%, 0, 3, 2, 1.09, 5856, 371
5264, 0, 0, 18, 17, 2, 26.75%, 0, 3, 2, 1.09, 5862, 371
5269, 0, 0, 18, 17, 2, 26.75%, 0, 3, 2, 1.09, 5868, 371
5275, 0, 0, 18, 17, 2, 26.75%, 0, 3, 2, 1.09, 5874, 371
5280, 0, 0, 18, 17, 2, 26.75%, 0, 3, 2, 1.09, 5880, 371
5286, 0, 0, 18, 17, 2, 26.75%, 0, 3, 2, 1.09, 5886, 371
5291, 0, 0, 18, 17, 2, 26.75%, 0, 3, 2, 1.09, 5892, 371
5297, 0, 0, 18, 17, 2, 26.75%, 0, 3, 2, 1.09, 5898, 371
5302, 0, 0, 18, 17, 2, 26.75%, 0, 3, 2, 1.09, 5904, 371
5308, 0, 0, 18, 17, 2, 26.75%, 0, 3, 2, 1.09, 5910, 371
5313, 0, 0, 18, 17, 2, 26.75%, 0, 3, 2, 1.09, 5916, 371
5319, 0, 0, 18, 17, 2, 26.75%, 0, 3, 2, 1.09, 5922, 371
5324, 0, 0, 18, 17, 2, 26.75%, 0, 3, 2, 1.09, 5928, 371
5329, 0, 0, 18, 17, 2, 26.75%, 0, 3, 2, 1.09, 5934, 371
5335, 0, 0, 18, 17, 2, 26.75%, 0, 3, 2, 1.09, 5940, 371
5340, 0, 0, 18, 17, 2, 26.75%, 0, 3, 2, 1.09, 5946, 371
5346, 0, 0, 18, 17, 2, 26.75%, 0, 3, 2, 1.09, 5952, 371
5351, 0, 0, 18, 17, 2, 26.75%, 0, 3, 2, 1.09, 5958, 371
5357, 0, 0, 18, 17, 2, 26.75%, 0, 3, 2, 1.09, 5964, 371
5362, 0, 0, 18, 17, 2, 26.75%, 0, 3, 2, 1.09, 5970, 371
5368, 0, 0, 18, 17, 2, 26.75%, 0, 3, 2, 1.09, 5976, 371
5373, 0, 0, 18, 17, 2, 26.75%, 0, 3, 2, 1.09, 5982, 371
5379, 0, 0, 18, 17, 2, 26.75%, 0, 3, 2, 1.09, 5988, 371
5384, 0, 0, 18, 17, 2, 26.75%, 0, 3, 2, 1.09, 5994, 371
5390, 0, 0, 18, 17, 2, 26.75%, 0, 3, 2, 1.09, 6000, 371
5395, 0, 0, 18, 17, 2, 26.75%, 0, 3, 2, 1.09, 6006, 371
5401, 0, 0, 18, 17, 2, 26.75%, 0, 3, 2, 1.09, 6012, 371
5406, 0, 0, 18, 17, 2, 26.75%, 0, 3, 2, 1.09, 6018, 371
5412, 0, 0, 18, 17, 2, 26.75%, 0, 3, 2, 1.09, 6024, 371
5417, 0, 0, 18, 17, 2, 26.75%, 0, 3, 2, 1.09, 6030, 371
5423, 0, 0, 18, 17, 2, 26.75%, 0, 3, 2, 1.09, 6036, 371
5428, 0, 0, 18, 17, 2, 26.75%, 0, 3, 2, 1.09, 6042, 371
5434, 0, 0, 18, 17, 2, 26.75%, 0, 3, 2, 1.09, 6048, 371
5439, 0, 0, 18, 17, 2, 26.75%, 0, 3, 2, 1.09, 6054, 371
5445, 0, 0, 18, 17, 2, 26.75%, 0, 3, 2, 1.09, 6060, 371
5450, 0, 0, 18, 17, 2, 26.75%, 0, 3, 2, 1.09, 6066, 371
5456, 0, 0, 18, 17, 2, 26.75%, 0, 3, 2, 1.09, 6072, 371
5461, 0, 0, 18, 17, 2, 26.75%, 0, 3, 2, 1.09, 6078, 371
5467, 0, 0, 18, 17, 2, 26.75%, 0, 3, 2, 1.09, 6084, 371
5472, 0, 0, 18, 17, 2, 26.75%, 0, 3, 2, 1.09, 6090, 371
5478, 0, 0, 18, 17, 2, 26.75%, 0, 3, 2, 1.09, 6096, 371
5483, 0, 0, 18, 17, 2, 26.75%, 0, 3, 2, 1.09, 6102, 371
5489, 0, 0, 18, 17, 2, 26.75%, 0, 3, 2, 1.09, 6108, 371
5494, 0, 0, 18, 17, 2, 26.75%, 0, 3, 2, 1.09, 6114, 371
5499, 0, 0, 18, 17, 2, 26.75%, 0, 3, 2, 1.09, 6120, 371
5505, 0, 0, 18, 17, 2, 26.75%, 0, 3, 2, 1.09, 6126, 371
5510, 0, 0, 18, 17, 2, 26.75%, 0, 3, 2, 1.09, 6132, 371
5516, 0, 0, 18, 17, 2, 26.75%, 0, 3, 2, 1.09, 6138, 371
5521, 0, 0, 18, 17, 2, 26.75%, 0, 3, 2, 1.09, 6144, 371
5527, 0, 0, 18, 17, 2, 26.75%, 0, 3, 2, 1.09, 6150, 371
5532, 0, 0, 18, 17, 2, 26.75%, 0, 3, 2, 1.09, 6156, 371
5538, 0, 0, 18, 17, 2, 26.75%, 0, 3, 2, 1.09, 6162, 371
5543, 0, 0, 18, 17, 2, 26.75%, 0, 3, 2, 1.09, 6168, 371
5549, 0, 0, 18, 17, 2, 26.75%, 0, 3, 2, 1.09, 6174, 371
5554, 0, 0, 18, 17, 2, 26.75%, 0, 3, 2, 1.09, 6180, 371
5560, 0, 0, 18, 17, 2, 26.75%, 0, 3, 2, 1.09, 6186, 371
5565, 0, 0, 18, 17, 2, 26.75%, 0, 3, 2, 1.09, 6192, 371
5571, 0, 0, 18, 17, 2, 26.75%, 0, 3, 2, 1.09, 6198, 371
5576, 0, 0, 18, 17, 2, 26.75%, 0, 3, 2, 1.09, 6204, 371
5582, 0, 0, 18, 17, 2, 26.75%, 0, 3, 2, 1.09, 6210, 371
5587, 0, 0, 18, 17, 2, 26.75%, 0, 3, 2, 1.09, 6216, 371
5593, 0, 0, 18, 17, 2, 26.75%, 0, 3, 2, 1.09, 6222, 371
5598, 0, 0, 18, 17, 2, 26.75%, 0, 3, 2, 1.09, 6228, 371
5604, 0, 0, 18, 17, 2, 26.75%, 0, 3, 2, 1.09, 6234, 371
5609, 0, 0, 18, 17, 2, 26.75%, 0, 3, 2, 1.09, 6240, 371
5615, 0, 0, 18, 17, 2, 26.75%, 0, 3, 2, 1.09, 6246, 371
5620, 0, 0, 18, 17, 2, 26.75%, 0, 3, 2, 1.09, 6252, 371
5626, 0, 0, 18, 17, 2, 26.75%, 0, 3, 2, 1.09, 6258, 371
5631, 0, 0, 18, 17, 2, 26.75%, 0, 3, 2, 1.09, 6264, 371
5637, 0, 0, 18, 17, 2, 26.75%, 0, 3, 2, 1.09, 6270, 371
5642, 0, 0, 18, 17, 2, 26.75%, 0, 3, 2, 1.09, 6276, 371
5648, 0, 0, 18, 17, 2, 26.75%, 0, 3, 2, 1.09, 6282, 371
5653, 0, 0, 18, 17, 2, 26.75%, 0, 3, 2, 1.09, 6288, 371
5659, 0, 0, 18, 17, 2, 26.75%, 0, 3, 2, 1.09, 6294, 371
5664, 0, 0, 18, 17, 2, 26.75%, 0, 3, 2, 1.09, 6300, 371
5669, 0, 0, 18, 17, 2, 26.75%, 0, 3, 2, 1.09, 6306, 371
5675, 0, 0, 18, 17, 2, 26.75%, 0, 3, 2, 1.09, 6312, 371
5680, 0, 0, 18, 17, 2, 26.75%, 0, 3, 2, 1.09, 6318, 371
5686, 0, 0, 18, 17, 2, 26.75%, 0, 3, 2, 1.09, 6324, 371
5691, 0, 0, 18, 17, 2, 26.75%, 0, 3, 2, 1.09, 6330, 371
5697, 0, 0, 18, 17, 2, 26.75%, 0, 3, 2, 1.09, 6336, 371
5702, 0, 0, 18, 17, 2, 26.75%, 0, 3, 2, 1.09, 6342, 371
5708, 0, 0, 18, 17, 2, 26.75%, 0, 3, 2, 1.09, 6348, 371
5713, 0, 0, 18, 17, 2, 26.75%, 0, 3, 2, 1.09, 6354, 371
5719, 0, 0, 18, 17, 2, 26.75%, 0, 3, 2, 1.09, 6360, 371
5724, 0, 0, 18, 17, 2, 26.75%, 0, 3, 2, 1.09, 6366, 371
5730, 0, 0, 18, 17, 2, 26.75%, 0, 3, 2, 1.09, 6372, 371
5735, 0, 0, 18, 17, 2, 26.75%, 0, 3, 2, 1.09, 6378, 371
5741, 0, 0, 18, 17, 2, 26.75%, 0, 3, 2, 1.09, 6384, 371
5746, 0, 0, 18, 17, 2, 26.75%, 0, 3, 2, 1.09, 6390, 371
5752, 0, 0, 18, 17, 2, 26.75%, 0, 3, 2, 1.09, 6396, 371
5757, 0, 0, 18, 17, 2, 26.75%, 0, 3, 2, 1.09, 6402, 371
5763, 0, 0, 18, 17, 2, 26.75%, 0, 3, 2, 1.09, 6408, 371
5768, 0, 0, 18, 17, 2, 26.75%, 0, 3, 2, 1.09, 6414, 371
5774, 0, 0, 18, 17, 2, 26.75%, 0, 3, 2, 1.09, 6420, 371
5779, 0, 0, 18, 17, 2, 26.75%, 0, 3, 2, 1.09, 6426, 371
5785, 0, 0, 18, 17, 2, 26.75%, 0, 3, 2, 1.09, 6432, 371
5790, 0, 0, 18, 17, 2, 26.75%, 0, 3, 2, 1.09, 6438, 371
5796, 0, 0, 18, 17, 2, 26.75%, 0, 3, 2, 1.09, 6444, 371
5801, 0, 0, 18, 17, 2, 26.75%, 0, 3, 2, 1.09, 6450, 371
5807, 0, 0, 18, 17, 2, 26.75%, 0, 3, 2, 1.09, 6456, 371
5812, 0, 0, 18, 17, 2, 26.75%, 0, 3, 2, 1.09, 6462, 371
5818, 0, 0, 18, 17, 2, 26.75%, 0, 3, 2, 1.09, 6468, 371
5823, 0, 0, 18, 17, 2, 26.75%, 0, 3, 2, 1.09, 6474, 371
5829, 0, 0, 18, 17, 2, 26.75%, 0, 3, 2, 1.09, 6480, 371
5834, 0, 0, 18, 17, 2, 26.75%, 0, 3, 2, 1.09, 6486, 371
5839, 0, 0, 18, 17, 2, 26.75%, 0, 3, 2, 1.09, 6492, 371
5845, 0, 0, 18, 17, 2, 26.75%, 0, 3, 2, 1.09, 6498, 371
5850, 0, 0, 18, 17, 2, 26.75%, 0, 3, 2, 1.09, 6504, 371
5856, 0, 0, 18, 17, 2, 26.75%, 0, 3, 2, 1.09, 6510, 371
5861, 0, 0, 18, 17, 2, 26.75%, 0, 3, 2, 1.09, 6516, 371
5867, 0, 0, 18, 17, 2, 26.75%, 0, 3, 2, 1.09, 6522, 371
5872, 0, 0, 18, 17, 2, 26.75%, 0, 3, 2, 1.09, 6528, 371
5878, 0, 0, 18, 17, 2, 26.75%, 0, 3, 2, 1.09, 6534, 371
5883, 0, 0, 18, 17, 2, 26.75%, 0, 3, 2, 1.09, 6540, 371
5889, 0, 0, 18, 17, 2, 26.75%, 0, 3, 2, 1.09, 6546, 371
5894, 0, 0, 18, 17, 2, 26.75%, 0, 3, 2, 1.09, 6552, 371
5900, 0, 0, 18, 17, 2, 26.75%, 0, 3, 2, 1.09, 6558, 371
5905, 0, 0, 18, 17, 2, 26.75%, 0, 3, 2, 1.09, 6564, 371
5911, 0, 0, 18, 17, 2, 26.75%, 0, 3, 2, 1.09, 6570, 371
5916, 0, 0, 18, 17, 2, 26.75%, 0, 3, 2, 1.09, 6576, 371
5922, 0, 0, 18, 17, 2, 26.75%, 0, 3, 2, 1.09, 6582, 371
5927, 0, 0, 18, 17, 2, 26.75%, 0, 3, 2, 1.09, 6588, 371
5933, 0, 0, 18, 17, 2, 26.75%, 0, 3, 2, 1.09, 6594, 371
5938, 0, 0, 18, 17, 2, 26.75%, 0, 3, 2, 1.09, 6600, 371
5944, 0, 0, 18, 17, 2, 26.75%, 0, 3, 2, 1.09, 6606, 371
5949, 0, 0, 18, 17, 2, 26.75%, 0, 3, 2, 1.09, 6612, 371
5955, 0, 0, 18, 17, 2, 26.75%, 0, 3, 2, 1.09, 6618, 371
5960, 0, 0, 18, 17, 2, 26.75%, 0, 3, 2, 1.09, 6624, 371
5966, 0, 0, 18, 17, 2, 26.75%, 0, 3, 2, 1.09, 6630, 371
5971, 0, 0, 18, 17, 2, 26.75%, 0, 3, 2, 1.09, 6636, 371
5977, 0, 0, 18, 17, 2, 26.75%, 0, 3, 2, 1.09, 6642, 371
5982, 0, 0, 18, 17, 2, 26.75%, 0, 3, 2, 1.09, 6648, 371
5988, 0, 0, 18, 17, 2, 26.75%, 0, 3, 2, 1.09, 6654, 371
5993, 0, 0, 18, 17, 2, 26.75%, 0, 3, 2, 1.09, 6660, 371
5999, 0, 0, 18, 17, 2, 26.75%, 0, 3, 2, 1.09, 6666, 371
6004, 0, 0, 18, 17, 2, 26.75%, 0, 3, 2, 1.09, 6672, 371
6009, 0, 0, 18, 17, 2, 26.75%, 0, 3, 2, 1.09, 6678, 371
6015, 0, 0, 18, 17, 2, 26.75%, 0, 3, 2, 1.09, 6684, 371
6020, 0, 0, 18, 17, 2, 26.75%, 0, 3, 2, 1.09, 6690, 371
6026, 0, 0, 18, 17, 2, 26.75%, 0, 3, 2, 1.09, 6696, 371
6031, 0, 0, 18, 17, 2, 26.75%, 0, 3, 2, 1.09, 6702, 371
6037, 0, 0, 18, 17, 2, 26.75%, 0, 3, 2, 1.09, 6708, 371
6042, 0, 0, 18, 17, 2, 26.75%, 0, 3, 2, 1.09, 6714, 371
6048, 0, 0, 18, 17, 2, 26.75%, 0, 3, 2, 1.09, 6720, 371
6053, 0, 0, 18, 17, 2, 26.75%, 0, 3, 2, 1.09, 6726, 371
6059, 0, 0, 18, 17, 2, 26.75%, 0, 3, 2, 1.09, 6732, 371
6064, 0, 0, 18, 17, 2, 26.75%, 0, 3, 2, 1.09, 6738, 371
6070, 0, 0, 18, 17, 2, 26.75%, 0, 3, 2, 1.09, 6744, 371
6075, 0, 0, 18, 17, 2, 26.75%, 0, 3, 2, 1.09, 6750, 371
6081, 0, 0, 18, 17, 2, 26.75%, 0, 3, 2, 1.09, 6756, 371
6086, 0, 0, 18, 17, 2, 26.75%, 0, 3, 2, 1.09, 6762, 371
6092, 0, 0, 18, 17, 2, 26.75%, 0, 3, 2, 1.09, 6768, 371
6097, 0, 0, 18, 17, 2, 26.75%, 0, 3, 2, 1.09, 6774, 371
6103, 0, 0, 18, 17, 2, 26.75%, 0, 3, 2, 1.09, 6780, 371
6108, 0, 0, 18, 17, 2, 26.75%, 0, 3, 2, 1.09, 6786, 371
6114, 0, 0, 18, 17, 2, 26.75%, 0, 3, 2, 1.09, 6792, 371
6119, 0, 0, 18, 17, 2, 26.75%, 0, 3, 2, 1.09, 6798, 371
6125, 0, 0, 18, 17, 2, 26.75%, 0, 3, 2, 1.09, 6804, 371
6130, 0, 0, 18, 17, 2, 26.75%, 0, 3, 2, 1.09, 6810, 371
6136, 0, 0, 18, 17, 2, 26.75%, 0, 3, 2, 1.09, 6816, 371
6141, 0, 0, 18, 17, 2, 26.75%, 0, 3, 2, 1.09, 6822, 371
6147, 0, 0, 18, 17, 2, 26.75%, 0, 3, 2, 1.09, 6828, 371
6152, 0, 0, 18, 17, 2, 26.75%, 0, 3, 2, 1.09, 6834, 371
6158, 0, 0, 18, 17, 2, 26.75%, 0, 3, 2, 1.09, 6840, 371
6163, 0, 0, 18, 17, 2, 26.75%, 0, 3, 2, 1.09, 6846, 371
6169, 0, 0, 18, 17, 2, 26.75%, 0, 3, 2, 1.09, 6852, 371
6174, 0, 0, 18, 17, 2, 26.75%, 0, 3, 2, 1.09, 6858, 371
6180, 0, 0, 18, 17, 2, 26.75%, 0, 3, 2, 1.09, 6864, 371
6185, 0, 0, 18, 17, 2, 26.75%, 0, 3, 2, 1.09, 6870, 371
6190, 0, 0, 18, 17, 2, 26.75%, 0, 3, 2, 1.09, 6876, 371
6196, 0, 0, 18, 17, 2, 26.75%, 0, 3, 2, 1.09, 6882, 371
6201, 0, 0, 18, 17, 2, 26.75%, 0, 3, 2, 1.09, 6888, 371
6207, 0, 0, 18, 17, 2, 26.75%, 0, 3, 2, 1.09, 6894, 371
6212, 0, 0, 18, 17, 2, 26.75%, 0, 3, 2, 1.09, 6900, 371
6218, 0, 0, 18, 17, 2, 26.75%, 0, 3, 2, 1.09, 6906, 371
6223, 0, 0, 18, 17, 2, 26.75%, 0, 3, 2, 1.09, 6912, 371
6229, 0, 0, 18, 17, 2, 26.75%, 0, 3, 2, 1.09, 6918, 371
6234, 0, 0, 18, 17, 2, 26.75%, 0, 3, 2, 1.09, 6924, 371
6240, 0, 0, 18, 17, 2, 26.75%, 0, 3, 2, 1.09, 6930, 371
6245, 0, 0, 18, 17, 2, 26.75%, 0, 3, 2, 1.09, 6936, 371
6251, 0, 0, 18, 17, 2, 26.75%, 0, 3, 2, 1.09, 6942, 371
6256, 0, 0, 18, 17, 2, 26.75%, 0, 3, 2, 1.09, 6948, 371
6262, 0, 0, 18, 17, 2, 26.75%, 0, 3, 2, 1.09, 6954, 371
6267, 0, 0, 18, 17, 2, 26.75%, 0, 3, 2, 1.09, 6960, 371
6273, 0, 0, 18, 17, 2, 26.75%, 0, 3, 2, 1.09, 6966, 371
6278, 0, 0, 18, 17, 2, 26.75%, 0, 3, 2, 1.09, 6972, 371
6284, 0, 0, 18, 17, 2, 26.75%, 0, 3, 2, 1.09, 6978, 371
6289, 0, 0, 18, 17, 2, 26.75%, 0, 3, 2, 1.09, 6984, 371
6295, 0, 0, 18, 17, 2, 26.75%, 0, 3, 2, 1.09, 6990, 371
6300, 0, 0, 18, 17, 2, 26.75%, 0, 3, 2, 1.09, 6996, 371
6306, 0, 0, 18, 17, 2, 26.75%, 0, 3, 2, 1.09, 7002, 371
6311, 0, 0, 18, 17, 2, 26.75%, 0, 3, 2, 1.09, 7008, 371
6317, 0, 0, 18, 17, 2, 26.75%, 0, 3, 2, 1.09, 7014, 371
6322, 0, 0, 18, 17, 2, 26.75%, 0, 3, 2, 1.09, 7020, 371
6328, 0, 0, 18, 17, 2, 26.75%, 0, 3, 2, 1.09, 7026, 371
6333, 0, 0, 18, 17, 2, 26.75%, 0, 3, 2, 1.09, 7032, 371
6339, 0, 0, 18, 17, 2, 26.75%, 0, 3, 2, 1.09, 7038, 371
6344, 0, 0, 18, 17, 2, 26.75%, 0, 3, 2, 1.09, 7044, 371
6350, 0, 0, 18, 17, 2, 26.75%, 0, 3, 2, 1.09, 7050, 371
6355, 0, 0, 18, 17, 2, 26.75%, 0, 3, 2, 1.09, 7056, 371
6360, 0, 0, 18, 17, 2, 26.75%, 0, 3, 2, 1.09, 7062, 371
6366, 0, 0, 18, 17, 2, 26.75%, 0, 3, 2, 1.09, 7068, 371
6371, 0, 0, 18, 17, 2, 26.75%, 0, 3, 2, 1.09, 7074, 371
6377, 0, 0, 18, 17, 2, 26.75%, 0, 3, 2, 1.09, 7080, 371
6382, 0, 0, 18, 17, 2, 26.75%, 0, 3, 2, 1.09, 7086, 371
6388, 0, 0, 18, 17, 2, 26.75%, 0, 3, 2, 1.09, 7092, 371
6393, 0, 0, 18, 17, 2, 26.75%, 0, 3, 2, 1.09, 7098, 371
6399, 0, 0, 18, 17, 2, 26.75%, 0, 3, 2, 1.09, 7104, 371
6404, 0, 0, 18, 17, 2, 26.75%, 0, 3, 2, 1.09, 7110, 371
6410, 0, 0, 18, 17, 2, 26.75%, 0, 3, 2, 1.09, 7116, 371
6415, 0, 0, 18, 17, 2, 26.75%, 0, 3, 2, 1.09, 7122, 371
6421, 0, 0, 18, 17, 2, 26.75%, 0, 3, 2, 1.09, 7128, 371
6426, 0, 0, 18, 17, 2, 26.75%, 0, 3, 2, 1.09, 7134, 371
6432, 0, 0, 18, 17, 2, 26.75%, 0, 3, 2, 1.09, 7140, 371
6437, 0, 0, 18, 17, 2, 26.75%, 0, 3, 2, 1.09, 7146, 371
6443, 0, 0, 18, 17, 2, 26.75%, 0, 3, 2, 1.09, 7152, 371
6448, 0, 0, 18, 17, 2, 26.75%, 0, 3, 2, 1.09, 7158, 371
6454, 0, 0, 18, 17, 2, 26.75%, 0, 3, 2, 1.09, 7164, 371
6459, 0, 0, 18, 17, 2, 26.75%, 0, 3, 2, 1.09, 7170, 371
6465, 0, 0, 18, 17, 2, 26.75%, 0, 3, 2, 1.09, 7176, 371
6470, 0, 0, 18, 17, 2, 26.75%, 0, 3, 2, 1.09, 7182, 371
6476, 0, 0, 18, 17, 2, 26.75%, 0, 3, 2, 1.09, 7188, 371
6481, 0, 0, 18, 17, 2, 26.75%, 0, 3, 2, 1.09, 7194, 371
6487, 0, 0, 18, 17, 2, 26.75%, 0, 3, 2, 1.09, 7200, 371
6492, 0, 0, 18, 17, 2, 26.75%, 0, 3, 2, 1.09, 7206, 371
6498, 0, 0, 18, 17, 2, 26.75%, 0, 3, 2, 1.09, 7212, 371
6503, 0, 0, 18, 17, 2, 26.75%, 0, 3, 2, 1.09, 7218, 371
6509, 0, 0, 18, 17, 2, 26.75%, 0, 3, 2, 1.09, 7224, 371
6514, 0, 0, 18, 17, 2, 26.75%, 0, 3, 2, 1.09, 7230, 371
6520, 0, 0, 18, 17, 2, 26.75%, 0, 3, 2, 1.09, 7236, 371
6525, 0, 0, 18, 17, 2, 26.75%, 0, 3, 2, 1.09, 7242, 371
6530, 0, 0, 18, 17, 2, 26.75%, 0, 3, 2, 1.09, 7248, 371
6536, 0, 0, 18, 17, 2, 26.75%, 0, 3, 2, 1.09, 7254, 371
6541, 0, 0, 18, 17, 2, 26.75%, 0, 3, 2, 1.09, 7260, 371
6547, 0, 0, 18, 17, 2, 26.75%, 0, 3, 2, 1.09, 7266, 371
6552, 0, 0, 18, 17, 2, 26.75%, 0, 3, 2, 1.09, 7272, 371
6558, 0, 0, 18, 17, 2, 26.75%, 0, 3, 2, 1.09, 7278, 371
6563, 0, 0, 18, 17, 2, 26.75%, 0, 3, 2, 1.09, 7284, 371
6569, 0, 0, 18, 17, 2, 26.75%, 0, 3, 2, 1.09, 7290, 371
6574, 0, 0, 18, 17, 2, 26.75%, 0, 3, 2, 1.09, 7296, 371
6580, 0, 0, 18, 17, 2, 26.75%, 0, 3, 2, 1.09, 7302, 371
6585, 0, 0, 18, 17, 2, 26.75%, 0, 3, 2, 1.09, 7308, 371
6591, 0, 0, 18, 17, 2, 26.75%, 0, 3, 2, 1.09, 7314, 371
6596, 0, 0, 18, 17, 2, 26.75%, 0, 3, 2, 1.09, 7320, 371
6602, 0, 0, 18, 17, 2, 26.75%, 0, 3, 2, 1.09, 7326, 371
6607, 0, 0, 18, 17, 2, 26.75%, 0, 3, 2, 1.09, 7332, 371
6613, 0, 0, 18, 17, 2, 26.75%, 0, 3, 2, 1.09, 7338, 371
6618, 0, 0, 18, 17, 2, 26.75%, 0, 3, 2, 1.16, 7345, 371
6623, 0, 0, 18, 17, 2, 26.75%, 0, 3, 2, 1.16, 7351, 371
6629, 0, 0, 18, 17, 2, 26.75%, 0, 3, 2, 1.18, 7358, 371
6635, 0, 0, 18, 17, 2, 26.75%, 0, 3, 2, 1.18, 7364, 371
6640, 0, 0, 18, 17, 2, 26.75%, 0, 3, 2, 1.26, 7371, 371
6645, 0, 0, 18, 17, 2, 26.75%, 0, 3, 2, 1.36, 7379, 371
6650, 0, 0, 18, 17, 2, 26.75%, 0, 3, 2, 1.30, 7385, 371
6656, 0, 0, 18, 17, 2, 26.75%, 0, 3, 2, 1.27, 7391, 371
6661, 0, 0, 18, 17, 2, 26.75%, 0, 3, 2, 1.24, 7397, 371
6666, 0, 0, 18, 17, 2, 26.75%, 0, 3, 2, 1.38, 7405, 371
6672, 0, 0, 18, 17, 2, 26.75%, 0, 3, 2, 1.32, 7412, 371
6677, 0, 0, 18, 17, 2, 26.75%, 0, 3, 2, 1.27, 7418, 371
6683, 0, 0, 18, 17, 2, 26.75%, 0, 3, 2, 1.24, 7424, 371
6688, 0, 0, 18, 17, 2, 26.75%, 0, 3, 2, 1.23, 7430, 371
6693, 0, 0, 18, 17, 2, 26.75%, 0, 3, 2, 1.43, 7439, 371
6698, 0, 0, 18, 17, 2, 26.75%, 0, 3, 2, 1.35, 7445, 371
6704, 0, 0, 18, 17, 2, 26.75%, 0, 3, 2, 1.30, 7451, 371
6709, 0, 0, 18, 17, 2, 26.75%, 0, 3, 2, 1.26, 7457, 371
6715, 0, 0, 18, 17, 2, 26.75%, 0, 3, 2, 1.27, 7464, 371
6720, 0, 0, 18, 17, 2, 26.75%, 0, 3, 2, 1.34, 7471, 371
6725, 0, 0, 18, 17, 2, 26.75%, 0, 3, 2, 1.26, 7477, 371
6731, 0, 0, 18, 17, 2, 26.75%, 0, 3, 2, 1.21, 7483, 371
6736, 0, 0, 18, 17, 2, 26.75%, 0, 3, 2, 1.17, 7489, 371
6742, 0, 0, 18, 17, 2, 26.75%, 0, 3, 2, 1.15, 7495, 371
6747, 0, 0, 18, 17, 2, 26.75%, 0, 3, 2, 1.13, 7501, 371
6753, 0, 0, 18, 17, 2, 26.75%, 0, 3, 2, 1.12, 7507, 371
6758, 0, 0, 18, 17, 2, 26.75%, 0, 3, 2, 1.11, 7513, 371
6763, 0, 0, 18, 17, 2, 26.75%, 0, 3, 2, 1.11, 7519, 371
6769, 0, 0, 18, 17, 2, 26.75%, 0, 3, 2, 1.10, 7525, 371
6774, 0, 0, 18, 17, 2, 26.75%, 0, 3, 2, 1.10, 7531, 371
6780, 0, 0, 18, 17, 2, 26.75%, 0, 3, 2, 1.10, 7537, 371
6785, 0, 0, 18, 17, 2, 26.75%, 0, 3, 2, 1.10, 7543, 371
6791, 0, 0, 18, 17, 2, 26.75%, 0, 3, 2, 1.10, 7549, 371
6796, 0, 0, 18, 17, 2, 26.75%, 0, 3, 2, 1.10, 7555, 371
6802, 0, 0, 18, 17, 2, 26.75%, 0, 3, 2, 1.09, 7561, 371
6807, 0, 0, 18, 17, 2, 26.75%, 0, 3, 2, 1.09, 7567, 371
6813, 0, 0, 18, 17, 2, 26.75%, 0, 3, 2, 1.09, 7573, 371
6818, 0, 0, 18, 17, 2, 26.75%, 0, 3, 2, 1.09, 7579, 371
6824, 0, 0, 18, 17, 2, 26.75%, 0, 3, 2, 1.09, 7585, 371
6829, 0, 0, 18, 17, 2, 26.75%, 0, 3, 2, 1.09, 7591, 371
6835, 0, 0, 18, 17, 2, 26.75%, 0, 3, 2, 1.09, 7597, 371
6840, 0, 0, 18, 17, 2, 26.75%, 0, 3, 2, 1.09, 7603, 371
6846, 0, 0, 18, 17, 2, 26.75%, 0, 3, 2, 1.09, 7609, 371
6851, 0, 0, 18, 17, 2, 26.75%, 0, 3, 2, 1.09, 7615, 371
6857, 0, 0, 18, 17, 2, 26.75%, 0, 3, 2, 1.09, 7621, 371
6862, 0, 0, 18, 17, 2, 26.75%, 0, 3, 2, 1.09, 7627, 371
6868, 0, 0, 18, 17, 2, 26.75%, 0, 3, 2, 1.09, 7633, 371
6873, 0, 0, 18, 17, 2, 26.75%, 0, 3, 2, 1.09, 7639, 371
6879, 0, 0, 18, 17, 2, 26.75%, 0, 3, 2, 1.09, 7645, 371
6884, 0, 0, 18, 17, 2, 26.75%, 0, 3, 2, 1.09, 7651, 371
6890, 0, 0, 18, 17, 2, 26.75%, 0, 3, 2, 1.09, 7657, 371
6895, 0, 0, 18, 17, 2, 26.75%, 0, 3, 2, 1.09, 7663, 371
6901, 0, 0, 18, 17, 2, 26.75%, 0, 3, 2, 1.09, 7669, 371
6906, 0, 0, 18, 17, 2, 26.75%, 0, 3, 2, 1.09, 7675, 371
6912, 0, 0, 18, 17, 2, 26.75%, 0, 3, 2, 1.09, 7681, 371
6917, 0, 0, 18, 17, 2, 26.75%, 0, 3, 2, 1.09, 7687, 371
6922, 0, 0, 18, 17, 2, 26.75%, 0, 3, 2, 1.09, 7693, 371
6928, 0, 0, 18, 17, 2, 26.75%, 0, 3, 2, 1.09, 7699, 371
6933, 0, 0, 18, 17, 2, 26.75%, 0, 3, 2, 1.09, 7705, 371
6939, 0, 0, 18, 17, 2, 26.75%, 0, 3, 2, 1.09, 7711, 371
6944, 0, 0, 18, 17, 2, 26.75%, 0, 3, 2, 1.09, 7717, 371
6950, 0, 0, 18, 17, 2, 26.75%, 0, 3, 2, 1.09, 7723, 371
6955, 0, 0, 18, 17, 2, 26.75%, 0, 3, 2, 1.09, 7729, 371
6961, 0, 0, 18, 17, 2, 26.75%, 0, 3, 2, 1.09, 7735, 371
6966, 0, 0, 18, 17, 2, 26.75%, 0, 3, 2, 1.09, 7741, 371
6972, 0, 0, 18, 17, 2, 26.75%, 0, 3, 2, 1.09, 7747, 371
6977, 0, 0, 18, 17, 2, 26.75%, 0, 3, 2, 1.09, 7753, 371
6983, 0, 0, 18, 17, 2, 26.75%, 0, 3, 2, 1.09, 7759, 371
6988, 0, 0, 18, 17, 2, 26.75%, 0, 3, 2, 1.09, 7765, 371
6994, 0, 0, 18, 17, 2, 26.75%, 0, 3, 2, 1.09, 7771, 371
6999, 0, 0, 18, 17, 2, 26.75%, 0, 3, 2, 1.09, 7777, 371
7005, 0, 0, 18, 17, 2, 26.75%, 0, 3, 2, 1.09, 7783, 371
7010, 0, 0, 18, 17, 2, 26.75%, 0, 3, 2, 1.09, 7789, 371
7016, 0, 0, 18, 17, 2, 26.75%, 0, 3, 2, 1.09, 7795, 371
7021, 0, 0, 18, 17, 2, 26.75%, 0, 3, 2, 1.09, 7801, 371
7027, 0, 0, 18, 17, 2, 26.75%, 0, 3, 2, 1.09, 7807, 371
7032, 0, 0, 18, 17, 2, 26.75%, 0, 3, 2, 1.09, 7813, 371
7038, 0, 0, 18, 17, 2, 26.75%, 0, 3, 2, 1.09, 7819, 371
7043, 0, 0, 18, 17, 2, 26.75%, 0, 3, 2, 1.09, 7825, 371
7049, 0, 0, 18, 17, 2, 26.75%, 0, 3, 2, 1.09, 7831, 371
7054, 0, 0, 18, 17, 2, 26.75%, 0, 3, 2, 1.09, 7837, 371
7060, 0, 0, 18, 17, 2, 26.75%, 0, 3, 2, 1.09, 7843, 371
7065, 0, 0, 18, 17, 2, 26.75%, 0, 3, 2, 1.09, 7849, 371
7071, 0, 0, 18, 17, 2, 26.75%, 0, 3, 2, 1.09, 7855, 371
7076, 0, 0, 18, 17, 2, 26.75%, 0, 3, 2, 1.09, 7861, 371
7082, 0, 0, 18, 17, 2, 26.75%, 0, 3, 2, 1.09, 7867, 371
7087, 0, 0, 18, 17, 2, 26.75%, 0, 3, 2, 1.09, 7873, 371
7092, 0, 0, 18, 17, 2, 26.75%, 0, 3, 2, 1.09, 7879, 371
7098, 0, 0, 18, 17, 2, 26.75%, 0, 3, 2, 1.09, 7885, 371
7103, 0, 0, 18, 17, 2, 26.75%, 0, 3, 2, 1.09, 7891, 371
7109, 0, 0, 18, 17, 2, 26.75%, 0, 3, 2, 1.09, 7897, 371
7114, 0, 0, 18, 17, 2, 26.75%, 0, 3, 2, 1.09, 7903, 371
7120, 0, 0, 18, 17, 2, 26.75%, 0, 3, 2, 1.09, 7909, 371
7125, 0, 0, 18, 17, 2, 26.75%, 0, 3, 2, 1.09, 7915, 371
7131, 0, 0, 18, 17, 2, 26.75%, 0, 3, 2, 1.09, 7921, 371
7136, 0, 0, 18, 17, 2, 26.75%, 0, 3, 2, 1.09, 7927, 371
7142, 0, 0, 18, 17, 2, 26.75%, 0, 3, 2, 1.09, 7933, 371
7147, 0, 0, 18, 17, 2, 26.75%, 0, 3, 2, 1.09, 7939, 371
7153, 0, 0, 18, 17, 2, 26.75%, 0, 3, 2, 1.09, 7945, 371
7158, 0, 0, 18, 17, 2, 26.75%, 0, 3, 2, 1.09, 7951, 371
7164, 0, 0, 18, 17, 2, 26.75%, 0, 3, 2, 1.09, 7957, 371
7169, 0, 0, 18, 17, 2, 26.75%, 0, 3, 2, 1.09, 7963, 371
7175, 0, 0, 18, 17, 2, 26.75%, 0, 3, 2, 1.09, 7969, 371
7180, 0, 0, 18, 17, 2, 26.75%, 0, 3, 2, 1.09, 7975, 371
7186, 0, 0, 18, 17, 2, 26.75%, 0, 3, 2, 1.09, 7981, 371
7191, 0, 0, 18, 17, 2, 26.75%, 0, 3, 2, 1.09, 7987, 371
7197, 0, 0, 18, 17, 2, 26.75%, 0, 3, 2, 1.09, 7993, 371
7202, 0, 0, 18, 17, 2, 26.75%, 0, 3, 2, 1.09, 7999, 371
7208, 0, 0, 18, 17, 2, 26.75%, 0, 3, 2, 1.09, 8005, 371
7213, 0, 0, 18, 17, 2, 26.75%, 0, 3, 2, 1.09, 8011, 371
7219, 0, 0, 18, 17, 2, 26.75%, 0, 3, 2, 1.09, 8017, 371
7224, 0, 0, 18, 17, 2, 26.75%, 0, 3, 2, 1.09, 8023, 371
7230, 0, 0, 18, 17, 2, 26.75%, 0, 3, 2, 1.09, 8029, 371
7235, 0, 0, 18, 17, 2, 26.75%, 0, 3, 2, 1.09, 8035, 371
7241, 0, 0, 18, 17, 2, 26.75%, 0, 3, 2, 1.09, 8041, 371
7246, 0, 0, 18, 17, 2, 26.75%, 0, 3, 2, 1.09, 8047, 371
7252, 0, 0, 18, 17, 2, 26.75%, 0, 3, 2, 1.09, 8053, 371
7257, 0, 0, 18, 17, 2, 26.75%, 0, 3, 2, 1.09, 8059, 371
7262, 0, 0, 18, 17, 2, 26.75%, 0, 3, 2, 1.09, 8065, 371
7268, 0, 0, 18, 17, 2, 26.75%, 0, 3, 2, 1.09, 8071, 371
7273, 0, 0, 18, 17, 2, 26.75%, 0, 3, 2, 1.09, 8077, 371
7279, 0, 0, 18, 17, 2, 26.75%, 0, 3, 2, 1.09, 8083, 371
7284, 0, 0, 18, 17, 2, 26.75%, 0, 3, 2, 1.09, 8089, 371
7290, 0, 0, 18, 17, 2, 26.75%, 0, 3, 2, 1.09, 8095, 371
7295, 0, 0, 18, 17, 2, 26.75%, 0, 3, 2, 1.09, 8101, 371
7301, 0, 0, 18, 17, 2, 26.75%, 0, 3, 2, 1.09, 8107, 371
7306, 0, 0, 18, 17, 2, 26.75%, 0, 3, 2, 1.09, 8113, 371
7312, 0, 0, 18, 17, 2, 26.75%, 0, 3, 2, 1.09, 8119, 371
7317, 0, 0, 18, 17, 2, 26.75%, 0, 3, 2, 1.09, 8125, 371
7323, 0, 0, 18, 17, 2, 26.75%, 0, 3, 2, 1.09, 8131, 371
7328, 0, 0, 18, 17, 2, 26.75%, 0, 3, 2, 1.09, 8137, 371
7334, 0, 0, 18, 17, 2, 26.75%, 0, 3, 2, 1.09, 8143, 371
7339, 0, 0, 18, 17, 2, 26.75%, 0, 3, 2, 1.09, 8149, 371
7345, 0, 0, 18, 17, 2, 26.75%, 0, 3, 2, 1.09, 8155, 371
7350, 0, 0, 18, 17, 2, 26.75%, 0, 3, 2, 1.09, 8161, 371
7356, 0, 0, 18, 17, 2, 26.75%, 0, 3, 2, 1.09, 8167, 371
7361, 0, 0, 18, 17, 2, 26.75%, 0, 3, 2, 1.09, 8173, 371
7367, 0, 0, 18, 17, 2, 26.75%, 0, 3, 2, 1.09, 8179, 371
7372, 0, 0, 18, 17, 2, 26.75%, 0, 3, 2, 1.09, 8185, 371
7378, 0, 0, 18, 17, 2, 26.75%, 0, 3, 2, 1.09, 8191, 371
7383, 0, 0, 18, 17, 2, 26.75%, 0, 3, 2, 1.09, 8197, 371
7389, 0, 0, 18, 17, 2, 26.75%, 0, 3, 2, 1.09, 8203, 371
7394, 0, 0, 18, 17, 2, 26.75%, 0, 3, 2, 1.09, 8209, 371
7400, 0, 0, 18, 17, 2, 26.75%, 0, 3, 2, 1.09, 8215, 371
7405, 0, 0, 18, 17, 2, 26.75%, 0, 3, 2, 1.09, 8221, 371
7411, 0, 0, 18, 17, 2, 26.75%, 0, 3, 2, 1.09, 8227, 371
7416, 0, 0, 18, 17, 2, 26.75%, 0, 3, 2, 1.09, 8233, 371
7422, 0, 0, 18, 17, 2, 26.75%, 0, 3, 2, 1.09, 8239, 371
7427, 0, 0, 18, 17, 2, 26.75%, 0, 3, 2, 1.09, 8245, 371
7432, 0, 0, 18, 17, 2, 26.75%, 0, 3, 2, 1.09, 8251, 371
7438, 0, 0, 18, 17, 2, 26.75%, 0, 3, 2, 1.09, 8257, 371
7443, 0, 0, 18, 17, 2, 26.75%, 0, 3, 2, 1.09, 8263, 371
7449, 0, 0, 18, 17, 2, 26.75%, 0, 3, 2, 1.09, 8269, 371
7454, 0, 0, 18, 17, 2, 26.75%, 0, 3, 2, 1.09, 8275, 371
7460, 0, 0, 18, 17, 2, 26.75%, 0, 3, 2, 1.09, 8281, 371
7465, 0, 0, 18, 17, 2, 26.75%, 0, 3, 2, 1.09, 8287, 371
7471, 0, 0, 18, 17, 2, 26.75%, 0, 3, 2, 1.09, 8293, 371
7476, 0, 0, 18, 17, 2, 26.75%, 0, 3, 2, 1.09, 8299, 371
7482, 0, 0, 18, 17, 2, 26.75%, 0, 3, 2, 1.09, 8305, 371
7487, 0, 0, 18, 17, 2, 26.75%, 0, 3, 2, 1.09, 8311, 371
7493, 0, 0, 18, 17, 2, 26.75%, 0, 3, 2, 1.09, 8317, 371
7498, 0, 0, 18, 17, 2, 26.75%, 0, 3, 2, 1.09, 8323, 371
7504, 0, 0, 18, 17, 2, 26.75%, 0, 3, 2, 1.09, 8329, 371
7509, 0, 0, 18, 17, 2, 26.75%, 0, 3, 2, 1.09, 8335, 371
7515, 0, 0, 18, 17, 2, 26.75%, 0, 3, 2, 1.09, 8341, 371
7520, 0, 0, 18, 17, 2, 26.75%, 0, 3, 2, 1.09, 8347, 371
7526, 0, 0, 18, 17, 2, 26.75%, 0, 3, 2, 1.09, 8353, 371
7531, 0, 0, 18, 17, 2, 26.75%, 0, 3, 2, 1.09, 8359, 371
7537, 0, 0, 18, 17, 2, 26.75%, 0, 3, 2, 1.09, 8365, 371
7542, 0, 0, 18, 17, 2, 26.75%, 0, 3, 2, 1.09, 8371, 371
7548, 0, 0, 18, 17, 2, 26.75%, 0, 3, 2, 1.09, 8377, 371
7553, 0, 0, 18, 17, 2, 26.75%, 0, 3, 2, 1.09, 8383, 371
7559, 0, 0, 18, 17, 2, 26.75%, 0, 3, 2, 1.09, 8389, 371
7564, 0, 0, 18, 17, 2, 26.75%, 0, 3, 2, 1.09, 8395, 371
7570, 0, 0, 18, 17, 2, 26.75%, 0, 3, 2, 1.09, 8401, 371
7575, 0, 0, 18, 17, 2, 26.75%, 0, 3, 2, 1.09, 8407, 371
7581, 0, 0, 18, 17, 2, 26.75%, 0, 3, 2, 1.09, 8413, 371
7586, 0, 0, 18, 17, 2, 26.75%, 0, 3, 2, 1.09, 8419, 371
7592, 0, 0, 18, 17, 2, 26.75%, 0, 3, 2, 1.09, 8425, 371
7597, 0, 0, 18, 17, 2, 26.75%, 0, 3, 2, 1.09, 8431, 371
7603, 0, 0, 18, 17, 2, 26.75%, 0, 3, 2, 1.09, 8437, 371
7608, 0, 0, 18, 17, 2, 26.75%, 0, 3, 2, 1.09, 8443, 371
7613, 0, 0, 18, 17, 2, 26.75%, 0, 3, 2, 1.09, 8449, 371
7619, 0, 0, 18, 17, 2, 26.75%, 0, 3, 2, 1.09, 8455, 371
7624, 0, 0, 18, 17, 2, 26.75%, 0, 3, 2, 1.09, 8461, 371
7630, 0, 0, 18, 17, 2, 26.75%, 0, 3, 2, 1.09, 8467, 371
7635, 0, 0, 18, 17, 2, 26.75%, 0, 3, 2, 1.09, 8473, 371
7641, 0, 0, 18, 17, 2, 26.75%, 0, 3, 2, 1.09, 8479, 371
7646, 0, 0, 18, 17, 2, 26.75%, 0, 3, 2, 1.09, 8485, 371
7652, 0, 0, 18, 17, 2, 26.75%, 0, 3, 2, 1.09, 8491, 371
7657, 0, 0, 18, 17, 2, 26.75%, 0, 3, 2, 1.09, 8497, 371
7663, 0, 0, 18, 17, 2, 26.75%, 0, 3, 2, 1.09, 8503, 371
7668, 0, 0, 18, 17, 2, 26.75%, 0, 3, 2, 1.09, 8509, 371
7674, 0, 0, 18, 17, 2, 26.75%, 0, 3, 2, 1.09, 8515, 371
7679, 0, 0, 18, 17, 2, 26.75%, 0, 3, 2, 1.09, 8521, 371
7685, 0, 0, 18, 17, 2, 26.75%, 0, 3, 2, 1.09, 8527, 371
7690, 0, 0, 18, 17, 2, 26.75%, 0, 3, 2, 1.09, 8533, 371
7696, 0, 0, 18, 17, 2, 26.75%, 0, 3, 2, 1.09, 8539, 371
7701, 0, 0, 18, 17, 2, 26.75%, 0, 3, 2, 1.09, 8545, 371
7707, 0, 0, 18, 17, 2, 26.75%, 0, 3, 2, 1.09, 8551, 371
7712, 0, 0, 18, 17, 2, 26.75%, 0, 3, 2, 1.09, 8557, 371
7718, 0, 0, 18, 17, 2, 26.75%, 0, 3, 2, 1.09, 8563, 371
7723, 0, 0, 18, 17, 2, 26.75%, 0, 3, 2, 1.09, 8569, 371
7729, 0, 0, 18, 17, 2, 26.75%, 0, 3, 2, 1.09, 8575, 371
7734, 0, 0, 18, 17, 2, 26.75%, 0, 3, 2, 1.09, 8581, 371
7740, 0, 0, 18, 17, 2, 26.75%, 0, 3, 2, 1.09, 8587, 371
7745, 0, 0, 18, 17, 2, 26.75%, 0, 3, 2, 1.09, 8593, 371
7751, 0, 0, 18, 17, 2, 26.75%, 0, 3, 2, 1.09, 8599, 371
7756, 0, 0, 18, 17, 2, 26.75%, 0, 3, 2, 1.09, 8605, 371
7762, 0, 0, 18, 17, 2, 26.75%, 0, 3, 2, 1.09, 8611, 371
7767, 0, 0, 18, 17, 2, 26.75%, 0, 3, 2, 1.09, 8617, 371
7773, 0, 0, 18, 17, 2, 26.75%, 0, 3, 2, 1.09, 8623, 371
7778, 0, 0, 18, 17, 2, 26.75%, 0, 3, 2, 1.09, 8629, 371
7783, 0, 0, 18, 17, 2, 26.75%, 0, 3, 2, 1.09, 8635, 371
7789, 0, 0, 18, 17, 2, 26.75%, 0, 3, 2, 1.09, 8641, 371
7794, 0, 0, 18, 17, 2, 26.75%, 0, 3, 2, 1.09, 8647, 371
7800, 0, 0, 18, 17, 2, 26.75%, 0, 3, 2, 1.09, 8653, 371
7805, 0, 0, 18, 17, 2, 26.75%, 0, 3, 2, 1.09, 8659, 371
7811, 0, 0, 18, 17, 2, 26.75%, 0, 3, 2, 1.09, 8665, 371
7816, 0, 0, 18, 17, 2, 26.75%, 0, 3, 2, 1.09, 8671, 371
7822, 0, 0, 18, 17, 2, 26.75%, 0, 3, 2, 1.09, 8677, 371
7827, 0, 0, 18, 17, 2, 26.75%, 0, 3, 2, 1.09, 8683, 371
7833, 0, 0, 18, 17, 2, 26.75%, 0, 3, 2, 1.09, 8689, 371
7838, 0, 0, 18, 17, 2, 26.75%, 0, 3, 2, 1.09, 8695, 371
7844, 0, 0, 18, 17, 2, 26.75%, 0, 3, 2, 1.09, 8701, 371
7849, 0, 0, 18, 17, 2, 26.75%, 0, 3, 2, 1.09, 8707, 371
7855, 0, 0, 18, 17, 2, 26.75%, 0, 3, 2, 1.09, 8713, 371
7860, 0, 0, 18, 17, 2, 26.75%, 0, 3, 2, 1.09, 8719, 371
7866, 0, 0, 18, 17, 2, 26.75%, 0, 3, 2, 1.09, 8725, 371
7871, 0, 0, 18, 17, 2, 26.75%, 0, 3, 2, 1.09, 8731, 371
7877, 0, 0, 18, 17, 2, 26.75%, 0, 3, 2, 1.09, 8737, 371
7882, 0, 0, 18, 17, 2, 26.75%, 0, 3, 2, 1.09, 8743, 371
7888, 0, 0, 18, 17, 2, 26.75%, 0, 3, 2, 1.09, 8749, 371
7893, 0, 0, 18, 17, 2, 26.75%, 0, 3, 2, 1.09, 8755, 371
7899, 0, 0, 18, 17, 2, 26.75%, 0, 3, 2, 1.09, 8761, 371
7904, 0, 0, 18, 17, 2, 26.75%, 0, 3, 2, 1.09, 8767, 371
7910, 0, 0, 18, 17, 2, 26.75%, 0, 3, 2, 1.09, 8773, 371
7915, 0, 0, 18, 17, 2, 26.75%, 0, 3, 2, 1.09, 8779, 371
7921, 0, 0, 18, 17, 2, 26.75%, 0, 3, 2, 1.09, 8785, 371
7926, 0, 0, 18, 17, 2, 26.75%, 0, 3, 2, 1.09, 8791, 371
7932, 0, 0, 18, 17, 2, 26.75%, 0, 3, 2, 1.09, 8797, 371
7937, 0, 0, 18, 17, 2, 26.75%, 0, 3, 2, 1.09, 8803, 371
7943, 0, 0, 18, 17, 2, 26.75%, 0, 3, 2, 1.09, 8809, 371
7948, 0, 0, 18, 17, 2, 26.75%, 0, 3, 2, 1.09, 8815, 371
7953, 0, 0, 18, 17, 2, 26.75%, 0, 3, 2, 1.09, 8821, 371
7959, 0, 0, 18, 17, 2, 26.75%, 0, 3, 2, 1.09, 8827, 371
7964, 0, 0, 18, 17, 2, 26.75%, 0, 3, 2, 1.09, 8833, 371
7970, 0, 0, 18, 17, 2, 26.75%, 0, 3, 2, 1.09, 8839, 371
7975, 0, 0, 18, 17, 2, 26.75%, 0, 3, 2, 1.09, 8845, 371
7981, 0, 0, 18, 17, 2, 26.75%, 0, 3, 2, 1.09, 8851, 371
7986, 0, 0, 18, 17, 2, 26.75%, 0, 3, 2, 1.09, 8857, 371
7992, 0, 0, 18, 17, 2, 26.75%, 0, 3, 2, 1.09, 8863, 371
7997, 0, 0, 18, 17, 2, 26.75%, 0, 3, 2, 1.09, 8869, 371
8003, 0, 0, 18, 17, 2, 26.75%, 0, 3, 2, 1.09, 8875, 371
8008, 0, 0, 18, 17, 2, 26.75%, 0, 3, 2, 1.09, 8881, 371
8014, 0, 0, 18, 17, 2, 26.75%, 0, 3, 2, 1.09, 8887, 371
8019, 0, 0, 18, 17, 2, 26.75%, 0, 3, 2, 1.09, 8893, 371
8025, 0, 0, 18, 17, 2, 26.75%, 0, 3, 2, 1.09, 8899, 371
8030, 0, 0, 18, 17, 2, 26.75%, 0, 3, 2, 1.09, 8905, 371
8036, 0, 0, 18, 17, 2, 26.75%, 0, 3, 2, 1.09, 8911, 371
8041, 0, 0, 18, 17, 2, 26.75%, 0, 3, 2, 1.09, 8917, 371
8047, 0, 0, 18, 17, 2, 26.75%, 0, 3, 2, 1.09, 8923, 371
8052, 0, 0, 18, 17, 2, 26.75%, 0, 3, 2, 1.09, 8929, 371
8058, 0, 0, 18, 17, 2, 26.75%, 0, 3, 2, 1.09, 8935, 371
8063, 0, 0, 18, 17, 2, 26.75%, 0, 3, 2, 1.09, 8941, 371
8069, 0, 0, 18, 17, 2, 26.75%, 0, 3, 2, 1.09, 8947, 371
8074, 0, 0, 18, 17, 2, 26.75%, 0, 3, 2, 1.09, 8953, 371
8080, 0, 0, 18, 17, 2, 26.75%, 0, 3, 2, 1.09, 8959, 371
8085, 0, 0, 18, 17, 2, 26.75%, 0, 3, 2, 1.09, 8965, 371
8091, 0, 0, 18, 17, 2, 26.75%, 0, 3, 2, 1.09, 8971, 371
8096, 0, 0, 18, 17, 2, 26.75%, 0, 3, 2, 1.09, 8977, 371
8102, 0, 0, 18, 17, 2, 26.75%, 0, 3, 2, 1.09, 8983, 371
8107, 0, 0, 18, 17, 2, 26.75%, 0, 3, 2, 1.09, 8989, 371
8113, 0, 0, 18, 17, 2, 26.75%, 0, 3, 2, 1.09, 8995, 371
8118, 0, 0, 18, 17, 2, 26.75%, 0, 3, 2, 1.09, 9001, 371
8123, 0, 0, 18, 17, 2, 26.75%, 0, 3, 2, 1.09, 9007, 371
8129, 0, 0, 18, 17, 2, 26.75%, 0, 3, 2, 1.09, 9013, 371
8134, 0, 0, 18, 17, 2, 26.75%, 0, 3, 2, 1.09, 9019, 371
8140, 0, 0, 18, 17, 2, 26.75%, 0, 3, 2, 1.09, 9025, 371
8145, 0, 0, 18, 17, 2, 26.75%, 0, 3, 2, 1.09, 9031, 371
8151, 0, 0, 18, 17, 2, 26.75%, 0, 3, 2, 1.09, 9037, 371
8156, 0, 0, 18, 17, 2, 26.75%, 0, 3, 2, 1.09, 9043, 371
8162, 0, 0, 18, 17, 2, 26.75%, 0, 3, 2, 1.09, 9049, 371
8167, 0, 0, 18, 17, 2, 26.75%, 0, 3, 2, 1.09, 9055, 371
8173, 0, 0, 18, 17, 2, 26.75%, 0, 3, 2, 1.09, 9061, 371
8178, 0, 0, 18, 17, 2, 26.75%, 0, 3, 2, 1.09, 9067, 371
8184, 0, 0, 18, 17, 2, 26.75%, 0, 3, 2, 1.09, 9073, 371
8189, 0, 0, 18, 17, 2, 26.75%, 0, 3, 2, 1.09, 9079, 371
8195, 0, 0, 18, 17, 2, 26.75%, 0, 3, 2, 1.09, 9085, 371
8200, 0, 0, 18, 17, 2, 26.75%, 0, 3, 2, 1.09, 9091, 371
8206, 0, 0, 18, 17, 2, 26.75%, 0, 3, 2, 1.09, 9097, 371
8211, 0, 0, 18, 17, 2, 26.75%, 0, 3, 2, 1.09, 9103, 371
8217, 0, 0, 18, 17, 2, 26.75%, 0, 3, 2, 1.09, 9109, 371
8222, 0, 0, 18, 17, 2, 26.75%, 0, 3, 2, 1.09, 9115, 371
8228, 0, 0, 18, 17, 2, 26.75%, 0, 3, 2, 1.09, 9121, 371
8233, 0, 0, 18, 17, 2, 26.75%, 0, 3, 2, 1.09, 9127, 371
8239, 0, 0, 18, 17, 2, 26.75%, 0, 3, 2, 1.09, 9133, 371
8244, 0, 0, 18, 17, 2, 26.75%, 0, 3, 2, 1.09, 9139, 371
8250, 0, 0, 18, 17, 2, 26.75%, 0, 3, 2, 1.09, 9145, 371
8255, 0, 0, 18, 17, 2, 26.75%, 0, 3, 2, 1.09, 9151, 371
8261, 0, 0, 18, 17, 2, 26.75%, 0, 3, 2, 1.09, 9157, 371
8266, 0, 0, 18, 17, 2, 26.75%, 0, 3, 2, 1.09, 9163, 371
8272, 0, 0, 18, 17, 2, 26.75%, 0, 3, 2, 1.09, 9169, 371
8277, 0, 0, 18, 17, 2, 26.75%, 0, 3, 2, 1.09, 9175, 371
8282, 0, 0, 18, 17, 2, 26.75%, 0, 3, 2, 1.09, 9181, 371
8288, 0, 0, 18, 17, 2, 26.75%, 0, 3, 2, 1.09, 9187, 371
8293, 0, 0, 18, 17, 2, 26.75%, 0, 3, 2, 1.09, 9193, 371
8299, 0, 0, 18, 17, 2, 26.75%, 0, 3, 2, 1.09, 9199, 371
8304, 0, 0, 18, 17, 2, 26.75%, 0, 3, 2, 1.09, 9205, 371
8310, 0, 0, 18, 17, 2, 26.75%, 0, 3, 2, 1.09, 9211, 371
8315, 0, 0, 18, 17, 2, 26.75%, 0, 3, 2, 1.09, 9217, 371
8321, 0, 0, 18, 17, 2, 26.75%, 0, 3, 2, 1.09, 9223, 371
8326, 0, 0, 18, 17, 2, 26.75%, 0, 3, 2, 1.09, 9229, 371
8332, 0, 0, 18, 17, 2, 26.75%, 0, 3, 2, 1.09, 9235, 371
8337, 0, 0, 18, 17, 2, 26.75%, 0, 3, 2, 1.09, 9241, 371
8343, 0, 0, 18, 17, 2, 26.75%, 0, 3, 2, 1.09, 9247, 371
8348, 0, 0, 18, 17, 2, 26.75%, 0, 3, 2, 1.09, 9253, 371
8354, 0, 0, 18, 17, 2, 26.75%, 0, 3, 2, 1.09, 9259, 371
8359, 0, 0, 18, 17, 2, 26.75%, 0, 3, 2, 1.09, 9265, 371
8365, 0, 0, 18, 17, 2, 26.75%, 0, 3, 2, 1.09, 9271, 371
8370, 0, 0, 18, 17, 2, 26.75%, 0, 3, 2, 1.09, 9277, 371
8376, 0, 0, 18, 17, 2, 26.75%, 0, 3, 2, 1.09, 9283, 371
8381, 0, 0, 18, 17, 2, 26.75%, 0, 3, 2, 1.09, 9289, 371
8387, 0, 0, 18, 17, 2, 26.75%, 0, 3, 2, 1.09, 9295, 371
8392, 0, 0, 18, 17, 2, 26.75%, 0, 3, 2, 1.09, 9301, 371
8398, 0, 0, 18, 17, 2, 26.75%, 0, 3, 2, 1.09, 9307, 371
8403, 0, 0, 18, 17, 2, 26.75%, 0, 3, 2, 1.09, 9313, 371
8409, 0, 0, 18, 17, 2, 26.75%, 0, 3, 2, 1.09, 9319, 371
8414, 0, 0, 18, 17, 2, 26.75%, 0, 3, 2, 1.09, 9325, 371
8420, 0, 0, 18, 17, 2, 26.75%, 0, 3, 2, 1.09, 9331, 371
8425, 0, 0, 18, 17, 2, 26.75%, 0, 3, 2, 1.09, 9337, 371
8431, 0, 0, 18, 17, 2, 26.75%, 0, 3, 2, 1.09, 9343, 371
8436, 0, 0, 18, 17, 2, 26.75%, 0, 3, 2, 1.09, 9349, 371
8442, 0, 0, 18, 17, 2, 26.75%, 0, 3, 2, 1.09, 9355, 371
8447, 0, 0, 18, 17, 2, 26.75%, 0, 3, 2, 1.09, 9361, 371
8453, 0, 0, 18, 17, 2, 26.75%, 0, 3, 2, 1.09, 9367, 371
8458, 0, 0, 18, 17, 2, 26.75%, 0, 3, 2, 1.09, 9373, 371
8463, 0, 0, 18, 17, 2, 26.75%, 0, 3, 2, 1.09, 9379, 371
8469, 0, 0, 18, 17, 2, 26.75%, 0, 3, 2, 1.09, 9385, 371
8474, 0, 0, 18, 17, 2, 26.75%, 0, 3, 2, 1.09, 9391, 371
8480, 0, 0, 18, 17, 2, 26.75%, 0, 3, 2, 1.09, 9397, 371
8485, 0, 0, 18, 17, 2, 26.75%, 0, 3, 2, 1.09, 9403, 371
8491, 0, 0, 18, 17, 2, 26.75%, 0, 3, 2, 1.09, 9409, 371
8496, 0, 0, 18, 17, 2, 26.75%, 0, 3, 2, 1.09, 9415, 371
8502, 0, 0, 18, 17, 2, 26.75%, 0, 3, 2, 1.09, 9421, 371
8507, 0, 0, 18, 17, 2, 26.75%, 0, 3, 2, 1.09, 9427, 371
8513, 0, 0, 18, 17, 2, 26.75%, 0, 3, 2, 1.09, 9433, 371
8518, 0, 0, 18, 17, 2, 26.75%, 0, 3, 2, 1.09, 9439, 371
8524, 0, 0, 18, 17, 2, 26.75%, 0, 3, 2, 1.09, 9445, 371
8529, 0, 0, 18, 17, 2, 26.75%, 0, 3, 2, 1.09, 9451, 371
8535, 0, 0, 18, 17, 2, 26.75%, 0, 3, 2, 1.09, 9457, 371
8540, 0, 0, 18, 17, 2, 26.75%, 0, 3, 2, 1.09, 9463, 371
8546, 0, 0, 18, 17, 2, 26.75%, 0, 3, 2, 1.09, 9469, 371
8551, 0, 0, 18, 17, 2, 26.75%, 0, 3, 2, 1.09, 9475, 371
8557, 0, 0, 18, 17, 2, 26.75%, 0, 3, 2, 1.09, 9481, 371
8562, 0, 0, 18, 17, 2, 26.75%, 0, 3, 2, 1.09, 9487, 371
8568, 0, 0, 18, 17, 2, 26.75%, 0, 3, 2, 1.09, 9493, 371
8573, 0, 0, 18, 17, 2, 26.75%, 0, 3, 2, 1.09, 9499, 371
8579, 0, 0, 18, 17, 2, 26.75%, 0, 3, 2, 1.09, 9505, 371
8584, 0, 0, 18, 17, 2, 26.75%, 0, 3, 2, 1.09, 9511, 371
8590, 0, 0, 18, 17, 2, 26.75%, 0, 3, 2, 1.09, 9517, 371
8595, 0, 0, 18, 17, 2, 26.75%, 0, 3, 2, 1.09, 9523, 371
8601, 0, 0, 18, 17, 2, 26.75%, 0, 3, 2, 1.09, 9529, 371
8606, 0, 0, 18, 17, 2, 26.75%, 0, 3, 2, 1.09, 9535, 371
8612, 0, 0, 18, 17, 2, 26.75%, 0, 3, 2, 1.09, 9541, 371
8617, 0, 0, 18, 17, 2, 26.75%, 0, 3, 2, 1.09, 9547, 371
8622, 0, 0, 18, 17, 2, 26.75%, 0, 3, 2, 1.09, 9553, 371
8628, 0, 0, 18, 17, 2, 26.75%, 0, 3, 2, 1.09, 9559, 371
8633, 0, 0, 18, 17, 2, 26.75%, 0, 3, 2, 1.09, 9565, 371
8639, 0, 0, 18, 17, 2, 26.75%, 0, 3, 2, 1.09, 9571, 371
8644, 0, 0, 18, 17, 2, 26.75%, 0, 3, 2, 1.09, 9577, 371
8650, 0, 0, 18, 17, 2, 26.75%, 0, 3, 2, 1.09, 9583, 371
8655, 0, 0, 18, 17, 2, 26.75%, 0, 3, 2, 1.09, 9589, 371
8661, 0, 0, 18, 17, 2, 26.75%, 0, 3, 2, 1.09, 9595, 371
8666, 0, 0, 18, 17, 2, 26.75%, 0, 3, 2, 1.09, 9601, 371
8672, 0, 0, 18, 17, 2, 26.75%, 0, 3, 2, 1.09, 9607, 371
8677, 0, 0, 18, 17, 2, 26.75%, 0, 3, 2, 1.09, 9613, 371
8683, 0, 0, 18, 17, 2, 26.75%, 0, 3, 2, 1.09, 9619, 371
8688, 0, 0, 18, 17, 2, 26.75%, 0, 3, 2, 1.09, 9625, 371
8694, 0, 0, 18, 17, 2, 26.75%, 0, 3, 2, 1.09, 9631, 371
8699, 0, 0, 18, 17, 2, 26.75%, 0, 3, 2, 1.09, 9637, 371
8705, 0, 0, 18, 17, 2, 26.75%, 0, 3, 2, 1.09, 9643, 371
8710, 0, 0, 18, 17, 2, 26.75%, 0, 3, 2, 1.09, 9649, 371
8716, 0, 0, 18, 17, 2, 26.75%, 0, 3, 2, 1.09, 9655, 371
8721, 0, 0, 18, 17, 2, 26.75%, 0, 3, 2, 1.09, 9661, 371
8727, 0, 0, 18, 17, 2, 26.75%, 0, 3, 2, 1.09, 9667, 371
8732, 0, 0, 18, 17, 2, 26.75%, 0, 3, 2, 1.09, 9673, 371
8738, 0, 0, 18, 17, 2, 26.75%, 0, 3, 2, 1.09, 9679, 371
8743, 0, 0, 18, 17, 2, 26.75%, 0, 3, 2, 1.09, 9685, 371
8749, 0, 0, 18, 17, 2, 26.75%, 0, 3, 2, 1.09, 9691, 371
8754, 0, 0, 18, 17, 2, 26.75%, 0, 3, 2, 1.09, 9697, 371
8760, 0, 0, 18, 17, 2, 26.75%, 0, 3, 2, 1.09, 9703, 371
8765, 0, 0, 18, 17, 2, 26.75%, 0, 3, 2, 1.09, 9709, 371
8771, 0, 0, 18, 17, 2, 26.75%, 0, 3, 2, 1.09, 9715, 371
8776, 0, 0, 18, 17, 2, 26.75%, 0, 3, 2, 1.09, 9721, 371
8782, 0, 0, 18, 17, 2, 26.75%, 0, 3, 2, 1.09, 9727, 371
8787, 0, 0, 18, 17, 2, 26.75%, 0, 3, 2, 1.09, 9733, 371
8792, 0, 0, 18, 17, 2, 26.75%, 0, 3, 2, 1.09, 9739, 371
8798, 0, 0, 18, 17, 2, 26.75%, 0, 3, 2, 1.09, 9745, 371
8803, 0, 0, 18, 17, 2, 26.75%, 0, 3, 2, 1.09, 9751, 371
8809, 0, 0, 18, 17, 2, 26.75%, 0, 3, 2, 1.09, 9757, 371
8814, 0, 0, 18, 17, 2, 26.75%, 0, 3, 2, 1.09, 9763, 371
8820, 0, 0, 18, 17, 2, 26.75%, 0, 3, 2, 1.09, 9769, 371
8825, 0, 0, 18, 17, 2, 26.75%, 0, 3, 2, 1.09, 9775, 371
8831, 0, 0, 18, 17, 2, 26.75%, 0, 3, 2, 1.09, 9781, 371
8836, 0, 0, 18, 17, 2, 26.75%, 0, 3, 2, 1.09, 9787, 371
8842, 0, 0, 18, 17, 2, 26.75%, 0, 3, 2, 1.09, 9793, 371
8847, 0, 0, 18, 17, 2, 26.75%, 0, 3, 2, 1.09, 9799, 371
8853, 0, 0, 18, 17, 2, 26.75%, 0, 3, 2, 1.09, 9805, 371
8858, 0, 0, 18, 17, 2, 26.75%, 0, 3, 2, 1.09, 9811, 371
8864, 0, 0, 18, 17, 2, 26.75%, 0, 3, 2, 1.09, 9817, 371
8869, 0, 0, 18, 17, 2, 26.75%, 0, 3, 2, 1.09, 9823, 371
8875, 0, 0, 18, 17, 2, 26.75%, 0, 3, 2, 1.09, 9829, 371
8880, 0, 0, 18, 17, 2, 26.75%, 0, 3, 2, 1.09, 9835, 371
8886, 0, 0, 18, 17, 2, 26.75%, 0, 3, 2, 1.09, 9841, 371
8891, 0, 0, 18, 17, 2, 26.75%, 0, 3, 2, 1.09, 9847, 371
8897, 0, 0, 18, 17, 2, 26.75%, 0, 3, 2, 1.09, 9853, 371
8902, 0, 0, 18, 17, 2, 26.75%, 0, 3, 2, 1.09, 9859, 371
8908, 0, 0, 18, 17, 2, 26.75%, 0, 3, 2, 1.09, 9865, 371
8913, 0, 0, 18, 17, 2, 26.75%, 0, 3, 2, 1.09, 9871, 371
8919, 0, 0, 18, 17, 2, 26.75%, 0, 3, 2, 1.09, 9877, 371
8924, 0, 0, 18, 17, 2, 26.75%, 0, 3, 2, 1.09, 9883, 371
8930, 0, 0, 18, 17, 2, 26.75%, 0, 3, 2, 1.09, 9889, 371
8935, 0, 0, 18, 17, 2, 26.75%, 0, 3, 2, 1.09, 9895, 371
8941, 0, 0, 18, 17, 2, 26.75%, 0, 3, 2, 1.09, 9901, 371
8946, 0, 0, 18, 17, 2, 26.75%, 0, 3, 2, 1.09, 9907, 371
8952, 0, 0, 18, 17, 2, 26.75%, 0, 3, 2, 1.09, 9913, 371
8957, 0, 0, 18, 17, 2, 26.75%, 0, 3, 2, 1.09, 9919, 371
8962, 0, 0, 18, 17, 2, 26.75%, 0, 3, 2, 1.09, 9925, 371
8968, 0, 0, 18, 17, 2, 26.75%, 0, 3, 2, 1.09, 9931, 371
8973, 0, 0, 18, 17, 2, 26.75%, 0, 3, 2, 1.09, 9937, 371
8979, 0, 0, 18, 17, 2, 26.75%, 0, 3, 2, 1.09, 9943, 371
8984, 0, 0, 18, 17, 2, 26.75%, 0, 3, 2, 1.09, 9949, 371
8990, 0, 0, 18, 17, 2, 26.75%, 0, 3, 2, 1.09, 9955, 371
8995, 0, 0, 18, 17, 2, 26.75%, 0, 3, 2, 1.09, 9961, 371
9001, 0, 0, 18, 17, 2, 26.75%, 0, 3, 2, 1.09, 9967, 371
9006, 0, 0, 18, 17, 2, 26.75%, 0, 3, 2, 1.09, 9973, 371
9012, 0, 0, 18, 17, 2, 26.75%, 0, 3, 2, 1.09, 9979, 371
9017, 0, 0, 18, 17, 2, 26.75%, 0, 3, 2, 1.09, 9985, 371
9023, 0, 0, 18, 17, 2, 26.75%, 0, 3, 2, 1.09, 9991, 371
9028, 0, 0, 18, 17, 2, 26.75%, 0, 3, 2, 1.09, 9997, 371
9034, 0, 0, 18, 17, 2, 26.75%, 0, 3, 2, 1.09, 10003, 371
9039, 0, 0, 18, 17, 2, 26.75%, 0, 3, 2, 1.09, 10009, 371
9045, 0, 0, 18, 17, 2, 26.75%, 0, 3, 2, 1.09, 10015, 371
9050, 0, 0, 18, 17, 2, 26.75%, 0, 3, 2, 1.09, 10021, 371
9056, 0, 0, 18, 17, 2, 26.75%, 0, 3, 2, 1.09, 10027, 371
9061, 0, 0, 18, 17, 2, 26.75%, 0, 3, 2, 1.09, 10033, 371
9067, 0, 0, 18, 17, 2, 26.75%, 0, 3, 2, 1.09, 10039, 371
9072, 0, 0, 18, 17, 2, 26.75%, 0, 3, 2, 1.09, 10045, 371
9078, 0, 0, 18, 17, 2, 26.75%, 0, 3, 2, 1.09, 10051, 371
9083, 0, 0, 18, 17, 2, 26.75%, 0, 3, 2, 1.09, 10057, 371
9089, 0, 0, 18, 17, 2, 26.75%, 0, 3, 2, 1.09, 10063, 371
9094, 0, 0, 18, 17, 2, 26.75%, 0, 3, 2, 1.09, 10069, 371
9100, 0, 0, 18, 17, 2, 26.75%, 0, 3, 2, 1.09, 10075, 371
9105, 0, 0, 18, 17, 2, 26.75%, 0, 3, 2, 1.09, 10081, 371
9111, 0, 0, 18, 17, 2, 26.75%, 0, 3, 2, 1.09, 10087, 371
9116, 0, 0, 18, 17, 2, 26.75%, 0, 3, 2, 1.09, 10093, 371
9122, 0, 0, 18, 17, 2, 26.75%, 0, 3, 2, 1.09, 10099, 371
9127, 0, 0, 18, 17, 2, 26.75%, 0, 3, 2, 1.09, 10105, 371
9133, 0, 0, 18, 17, 2, 26.75%, 0, 3, 2, 1.09, 10111, 371
9138, 0, 0, 18, 17, 2, 26.75%, 0, 3, 2, 1.09, 10117, 371
9143, 0, 0, 18, 17, 2, 26.75%, 0, 3, 2, 1.09, 10123, 371
9149, 0, 0, 18, 17, 2, 26.75%, 0, 3, 2, 1.09, 10129, 371
9154, 0, 0, 18, 17, 2, 26.75%, 0, 3, 2, 1.09, 10135, 371
9160, 0, 0, 18, 17, 2, 26.75%, 0, 3, 2, 1.09, 10141, 371
9165, 0, 0, 18, 17, 2, 26.75%, 0, 3, 2, 1.09, 10147, 371
9171, 0, 0, 18, 17, 2, 26.75%, 0, 3, 2, 1.09, 10153, 371
9176, 0, 0, 18, 17, 2, 26.75%, 0, 3, 2, 1.09, 10159, 371
9182, 0, 0, 18, 17, 2, 26.75%, 0, 3, 2, 1.09, 10165, 371
9187, 0, 0, 18, 17, 2, 26.75%, 0, 3, 2, 1.09, 10171, 371
9193, 0, 0, 18, 17, 2, 26.75%, 0, 3, 2, 1.09, 10177, 371
9198, 0, 0, 18, 17, 2, 26.75%, 0, 3, 2, 1.09, 10183, 371
9204, 0, 0, 18, 17, 2, 26.75%, 0, 3, 2, 1.09, 10189, 371
9209, 0, 0, 18, 17, 2, 26.75%, 0, 3, 2, 1.09, 10195, 371
9215, 0, 0, 18, 17, 2, 26.75%, 0, 3, 2, 1.09, 10201, 371
9220, 0, 0, 18, 17, 2, 26.75%, 0, 3, 2, 1.09, 10207, 371
9226, 0, 0, 18, 17, 2, 26.75%, 0, 3, 2, 1.09, 10213, 371
9231, 0, 0, 18, 17, 2, 26.75%, 0, 3, 2, 1.09, 10219, 371
9237, 0, 0, 18, 17, 2, 26.75%, 0, 3, 2, 1.09, 10225, 371
9242, 0, 0, 18, 17, 2, 26.75%, 0, 3, 2, 1.09, 10231, 371
9248, 0, 0, 18, 17, 2, 26.75%, 0, 3, 2, 1.09, 10237, 371
9253, 0, 0, 18, 17, 2, 26.75%, 0, 3, 2, 1.09, 10243, 371
9259, 0, 0, 18, 17, 2, 26.75%, 0, 3, 2, 1.09, 10249, 371
9264, 0, 0, 18, 17, 2, 26.75%, 0, 3, 2, 1.09, 10255, 371
9270, 0, 0, 18, 17, 2, 26.75%, 0, 3, 2, 1.09, 10261, 371
9275, 0, 0, 18, 17, 2, 26.75%, 0, 3, 2, 1.09, 10267, 371
9281, 0, 0, 18, 17, 2, 26.75%, 0, 3, 2, 1.09, 10273, 371
9286, 0, 0, 18, 17, 2, 26.75%, 0, 3, 2, 1.09, 10279, 371
9292, 0, 0, 18, 17, 2, 26.75%, 0, 3, 2, 1.09, 10285, 371
9297, 0, 0, 18, 17, 2, 26.75%, 0, 3, 2, 1.09, 10291, 371
9303, 0, 0, 18, 17, 2, 26.75%, 0, 3, 2, 1.09, 10297, 371
9308, 0, 0, 18, 17, 2, 26.75%, 0, 3, 2, 1.09, 10303, 371
9313, 0, 0, 18, 17, 2, 26.75%, 0, 3, 2, 1.09, 10309, 371
9319, 0, 0, 18, 17, 2, 26.75%, 0, 3, 2, 1.09, 10315, 371
9324, 0, 0, 18, 17, 2, 26.75%, 0, 3, 2, 1.09, 10321, 371
9330, 0, 0, 18, 17, 2, 26.75%, 0, 3, 2, 1.09, 10327, 371
9335, 0, 0, 18, 17, 2, 26.75%, 0, 3, 2, 1.09, 10333, 371
9341, 0, 0, 18, 17, 2, 26.75%, 0, 3, 2, 1.09, 10339, 371
9346, 0, 0, 18, 17, 2, 26.75%, 0, 3, 2, 1.09, 10345, 371
9352, 0, 0, 18, 17, 2, 26.75%, 0, 3, 2, 1.09, 10351, 371
9357, 0, 0, 18, 17, 2, 26.75%, 0, 3, 2, 1.09, 10357, 371
9363, 0, 0, 18, 17, 2, 26.75%, 0, 3, 2, 1.09, 10363, 371
9368, 0, 0, 18, 17, 2, 26.75%, 0, 3, 2, 1.09, 10369, 371
9374, 0, 0, 18, 17, 2, 26.75%, 0, 3, 2, 1.09, 10375, 371
9379, 0, 0, 18, 17, 2, 26.75%, 0, 3, 2, 1.09, 10381, 371
9385, 0, 0, 18, 17, 2, 26.75%, 0, 3, 2, 1.09, 10387, 371
9390, 0, 0, 18, 17, 2, 26.75%, 0, 3, 2, 1.09, 10393, 371
9396, 0, 0, 18, 17, 2, 26.75%, 0, 3, 2, 1.09, 10399, 371
9401, 0, 0, 18, 17, 2, 26.75%, 0, 3, 2, 1.09, 10405, 371
9407, 0, 0, 18, 17, 2, 26.75%, 0, 3, 2, 1.09, 10411, 371
9412, 0, 0, 18, 17, 2, 26.75%, 0, 3, 2, 1.09, 10417, 371
9418, 0, 0, 18, 17, 2, 26.75%, 0, 3, 2, 1.09, 10423, 371
9423, 0, 0, 18, 17, 2, 26.75%, 0, 3, 2, 1.09, 10429, 371
9429, 0, 0, 18, 17, 2, 26.75%, 0, 3, 2, 1.09, 10435, 371
9434, 0, 0, 18, 17, 2, 26.75%, 0, 3, 2, 1.09, 10441, 371
9440, 0, 0, 18, 17, 2, 26.75%, 0, 3, 2, 1.09, 10447, 371
9445, 0, 0, 18, 17, 2, 26.75%, 0, 3, 2, 1.09, 10453, 371
9451, 0, 0, 18, 17, 2, 26.75%, 0, 3, 2, 1.09, 10459, 371
9456, 0, 0, 18, 17, 2, 26.75%, 0, 3, 2, 1.09, 10465, 371
9462, 0, 0, 18, 17, 2, 26.75%, 0, 3, 2, 1.09, 10471, 371
9467, 0, 0, 18, 17, 2, 26.75%, 0, 3, 2, 1.09, 10477, 371
9473, 0, 0, 18, 17, 2, 26.75%, 0, 3, 2, 1.09, 10483, 371
9478, 0, 0, 18, 17, 2, 26.75%, 0, 3, 2, 1.09, 10489, 371
9484, 0, 0, 18, 17, 2, 26.75%, 0, 3, 2, 1.09, 10495, 371
9489, 0, 0, 18, 17, 2, 26.75%, 0, 3, 2, 1.09, 10501, 371
9494, 0, 0, 18, 17, 2, 26.75%, 0, 3, 2, 1.09, 10507, 371
9500, 0, 0, 18, 17, 2, 26.75%, 0, 3, 2, 1.09, 10513, 371
9505, 0, 0, 18, 17, 2, 26.75%, 0, 3, 2, 1.09, 10519, 371
9511, 0, 0, 18, 17, 2, 26.75%, 0, 3, 2, 1.09, 10525, 371
9516, 0, 0, 18, 17, 2, 26.75%, 0, 3, 2, 1.09, 10531, 371
9522, 0, 0, 18, 17, 2, 26.75%, 0, 3, 2, 1.09, 10537, 371
9527, 0, 0, 18, 17, 2, 26.75%, 0, 3, 2, 1.09, 10543, 371
9533, 0, 0, 18, 17, 2, 26.75%, 0, 3, 2, 1.09, 10549, 371
9538, 0, 0, 18, 17, 2, 26.75%, 0, 3, 2, 1.09, 10555, 371
9544, 0, 0, 18, 17, 2, 26.75%, 0, 3, 2, 1.09, 10561, 371
9549, 0, 0, 18, 17, 2, 26.75%, 0, 3, 2, 1.09, 10567, 371
9555, 0, 0, 18, 17, 2, 26.75%, 0, 3, 2, 1.09, 10573, 371
9560, 0, 0, 18, 17, 2, 26.75%, 0, 3, 2, 1.09, 10579, 371
9566, 0, 0, 18, 17, 2, 26.75%, 0, 3, 2, 1.09, 10585, 371
9571, 0, 0, 18, 17, 2, 26.75%, 0, 3, 2, 1.09, 10591, 371
9577, 0, 0, 18, 17, 2, 26.75%, 0, 3, 2, 1.09, 10597, 371
9582, 0, 0, 18, 17, 2, 26.75%, 0, 3, 2, 1.09, 10603, 371
9588, 0, 0, 18, 17, 2, 26.75%, 0, 3, 2, 1.09, 10609, 371
9593, 0, 0, 18, 17, 2, 26.75%, 0, 3, 2, 1.09, 10615, 371
9599, 0, 0, 18, 17, 2, 26.75%, 0, 3, 2, 1.09, 10621, 371
9604, 0, 0, 18, 17, 2, 26.75%, 0, 3, 2, 1.09, 10627, 371
9610, 0, 0, 18, 17, 2, 26.75%, 0, 3, 2, 1.09, 10633, 371
9615, 0, 0, 18, 17, 2, 26.75%, 0, 3, 2, 1.09, 10639, 371
9621, 0, 0, 18, 17, 2, 26.75%, 0, 3, 2, 1.09, 10645, 371
9626, 0, 0, 18, 17, 2, 26.75%, 0, 3, 2, 1.09, 10651, 371
9632, 0, 0, 18, 17, 2, 26.75%, 0, 3, 2, 1.09, 10657, 371
9637, 0, 0, 18, 17, 2, 26.75%, 0, 3, 2, 1.09, 10663, 371
9643, 0, 0, 18, 17, 2, 26.75%, 0, 3, 2, 1.09, 10669, 371
9648, 0, 0, 18, 17, 2, 26.75%, 0, 3, 2, 1.09, 10675, 371
9653, 0, 0, 18, 17, 2, 26.75%, 0, 3, 2, 1.09, 10681, 371
9659, 0, 0, 18, 17, 2, 26.75%, 0, 3, 2, 1.09, 10687, 371
9664, 0, 0, 18, 17, 2, 26.75%, 0, 3, 2, 1.09, 10693, 371
9670, 0, 0, 18, 17, 2, 26.75%, 0, 3, 2, 1.09, 10699, 371
9675, 0, 0, 18, 17, 2, 26.75%, 0, 3, 2, 1.09, 10705, 371
9681, 0, 0, 18, 17, 2, 26.75%, 0, 3, 2, 1.09, 10711, 371
9686, 0, 0, 18, 17, 2, 26.75%, 0, 3, 2, 1.09, 10717, 371
9692, 0, 0, 18, 17, 2, 26.75%, 0, 3, 2, 1.09, 10723, 371
9697, 0, 0, 18, 17, 2, 26.75%, 0, 3, 2, 1.09, 10729, 371
9703, 0, 0, 18, 17, 2, 26.75%, 0, 3, 2, 1.09, 10735, 371
9708, 0, 0, 18, 17, 2, 26.75%, 0, 3, 2, 1.09, 10741, 371
9714, 0, 0, 18, 17, 2, 26.75%, 0, 3, 2, 1.09, 10747, 371
9719, 0, 0, 18, 17, 2, 26.75%, 0, 3, 2, 1.09, 10753, 371
9725, 0, 0, 18, 17, 2, 26.75%, 0, 3, 2, 1.09, 10759, 371
9730, 0, 0, 18, 17, 2, 26.75%, 0, 3, 2, 1.09, 10765, 371
9736, 0, 0, 18, 17, 2, 26.75%, 0, 3, 2, 1.09, 10771, 371
9741, 0, 0, 18, 17, 2, 26.75%, 0, 3, 2, 1.09, 10777, 371
9747, 0, 0, 18, 17, 2, 26.75%, 0, 3, 2, 1.09, 10783, 371
9752, 0, 0, 18, 17, 2, 26.75%, 0, 3, 2, 1.09, 10789, 371
9758, 0, 0, 18, 17, 2, 26.75%, 0, 3, 2, 1.09, 10795, 371
9763, 0, 0, 18, 17, 2, 26.75%, 0, 3, 2, 1.09, 10801, 371
9769, 0, 0, 18, 17, 2, 26.75%, 0, 3, 2, 1.09, 10807, 371
9774, 0, 0, 18, 17, 2, 26.75%, 0, 3, 2, 1.09, 10813, 371
9780, 0, 0, 18, 17, 2, 26.75%, 0, 3, 2, 1.09, 10819, 371
9785, 0, 0, 18, 17, 2, 26.75%, 0, 3, 2, 1.09, 10825, 371
9791, 0, 0, 18, 17, 2, 26.75%, 0, 3, 2, 1.09, 10831, 371
9796, 0, 0, 18, 17, 2, 26.75%, 0, 3, 2, 1.09, 10837, 371
9802, 0, 0, 18, 17, 2, 26.75%, 0, 3, 2, 1.09, 10843, 371
9807, 0, 0, 18, 17, 2, 26.75%, 0, 3, 2, 1.09, 10849, 371
9813, 0, 0, 18, 17, 2, 26.75%, 0, 3, 2, 1.09, 10855, 371
9818, 0, 0, 18, 17, 2, 26.75%, 0, 3, 2, 1.09, 10861, 371
9823, 0, 0, 18, 17, 2, 26.75%, 0, 3, 2, 1.09, 10867, 371
9829, 0, 0, 18, 17, 2, 26.75%, 0, 3, 2, 1.09, 10873, 371
9834, 0, 0, 18, 17, 2, 26.75%, 0, 3, 2, 1.09, 10879, 371
9840, 0, 0, 18, 17, 2, 26.75%, 0, 3, 2, 1.09, 10885, 371
9845, 0, 0, 18, 17, 2, 26.75%, 0, 3, 2, 1.09, 10891, 371
9851, 0, 0, 18, 17, 2, 26.75%, 0, 3, 2, 1.09, 10897, 371
9856, 0, 0, 18, 17, 2, 26.75%, 0, 3, 2, 1.09, 10903, 371
9862, 0, 0, 18, 17, 2, 26.75%, 0, 3, 2, 1.09, 10909, 371
9867, 0, 0, 18, 17, 2, 26.75%, 0, 3, 2, 1.09, 10915, 371
9873, 0, 0, 18, 17, 2, 26.75%, 0, 3, 2, 1.09, 10921, 371
9878, 0, 0, 18, 17, 2, 26.75%, 0, 3, 2, 1.09, 10927, 371
9884, 0, 0, 18, 17, 2, 26.75%, 0, 3, 2, 1.09, 10933, 371
9889, 0, 0, 18, 17, 2, 26.75%, 0, 3, 2, 1.09, 10939, 371
9895, 0, 0, 18, 17, 2, 26.75%, 0, 3, 2, 1.09, 10945, 371
9900, 0, 0, 18, 17, 2, 26.75%, 0, 3, 2, 1.09, 10951, 371
9906, 0, 0, 18, 17, 2, 26.75%, 0, 3, 2, 1.09, 10957, 371
9911, 0, 0, 18, 17, 2, 26.75%, 0, 3, 2, 1.09, 10963, 371
9917, 0, 0, 18, 17, 2, 26.75%, 0, 3, 2, 1.09, 10969, 371
9922, 0, 0, 18, 17, 2, 26.75%, 0, 3, 2, 1.09, 10975, 371
9928, 0, 0, 18, 17, 2, 26.75%, 0, 3, 2, 1.09, 10981, 371
9933, 0, 0, 18, 17, 2, 26.75%, 0, 3, 2, 1.09, 10987, 371
9939, 0, 0, 18, 17, 2, 26.75%, 0, 3, 2, 1.09, 10993, 371
9944, 0, 0, 18, 17, 2, 26.75%, 0, 3, 2, 1.09, 10999, 371
9950, 0, 0, 18, 17, 2, 26.75%, 0, 3, 2, 1.09, 11005, 371
9955, 0, 0, 18, 17, 2, 26.75%, 0, 3, 2, 1.09, 11011, 371
9961, 0, 0, 18, 17, 2, 26.75%, 0, 3, 2, 1.09, 11017, 371
9966, 0, 0, 18, 17, 2, 26.75%, 0, 3, 2, 1.09, 11023, 371
9972, 0, 0, 18, 17, 2, 26.75%, 0, 3, 2, 1.09, 11029, 371
9977, 0, 0, 18, 17, 2, 26.75%, 0, 3, 2, 1.09, 11035, 371
9982, 0, 0, 18, 17, 2, 26.75%, 0, 3, 2, 1.09, 11041, 371
9988, 0, 0, 18, 17, 2, 26.75%, 0, 3, 2, 1.09, 11047, 371
9993, 0, 0, 18, 17, 2, 26.75%, 0, 3, 2, 1.09, 11053, 371
9999, 0, 0, 18, 17, 2, 26.75%, 0, 3, 2, 1.09, 11059, 371
10004, 0, 0, 18, 17, 2, 26.75%, 0, 3, 2, 1.09, 11065, 371
10010, 0, 0, 18, 17, 2, 26.75%, 0, 3, 2, 1.09, 11071, 371
10015, 0, 0, 18, 17, 2, 26.75%, 0, 3, 2, 1.09, 11077, 371
10021, 0, 0, 18, 17, 2, 26.75%, 0, 3, 2, 1.09, 11083, 371
10026, 0, 0, 18, 17, 2, 26.75%, 0, 3, 2, 1.09, 11089, 371
10032, 0, 0, 18, 17, 2, 26.75%, 0, 3, 2, 1.09, 11095, 371
10037, 0, 0, 18, 17, 2, 26.75%, 0, 3, 2, 1.09, 11101, 371
10043, 0, 0, 18, 17, 2, 26.75%, 0, 3, 2, 1.09, 11107, 371
10048, 0, 0, 18, 17, 2, 26.75%, 0, 3, 2, 1.09, 11113, 371
10054, 0, 0, 18, 17, 2, 26.75%, 0, 3, 2, 1.09, 11119, 371
10059, 0, 0, 18, 17, 2, 26.75%, 0, 3, 2, 1.09, 11125, 371
10065, 0, 0, 18, 17, 2, 26.75%, 0, 3, 2, 1.09, 11131, 371
10070, 0, 0, 18, 17, 2, 26.75%, 0, 3, 2, 1.09, 11137, 371
10076, 0, 0, 18, 17, 2, 26.75%, 0, 3, 2, 1.09, 11143, 371
10081, 0, 0, 18, 17, 2, 26.75%, 0, 3, 2, 1.09, 11149, 371
10087, 0, 0, 18, 17, 2, 26.75%, 0, 3, 2, 1.09, 11155, 371
10092, 0, 0, 18, 17, 2, 26.75%, 0, 3, 2, 1.09, 11161, 371
10098, 0, 0, 18, 17, 2, 26.75%, 0, 3, 2, 1.09, 11167, 371
10103, 0, 0, 18, 17, 2, 26.75%, 0, 3, 2, 1.09, 11173, 371
10109, 0, 0, 18, 17, 2, 26.75%, 0, 3, 2, 1.09, 11179, 371
10114, 0, 0, 18, 17, 2, 26.75%, 0, 3, 2, 1.09, 11185, 371
10120, 0, 0, 18, 17, 2, 26.75%, 0, 3, 2, 1.09, 11191, 371
10125, 0, 0, 18, 17, 2, 26.75%, 0, 3, 2, 1.09, 11197, 371
10131, 0, 0, 18, 17, 2, 26.75%, 0, 3, 2, 1.09, 11203, 371
10136, 0, 0, 18, 17, 2, 26.75%, 0, 3, 2, 1.09, 11209, 371
10142, 0, 0, 18, 17, 2, 26.75%, 0, 3, 2, 1.09, 11215, 371
10147, 0, 0, 18, 17, 2, 26.75%, 0, 3, 2, 1.09, 11221, 371
10152, 0, 0, 18, 17, 2, 26.75%, 0, 3, 2, 1.09, 11227, 371
10158, 0, 0, 18, 17, 2, 26.75%, 0, 3, 2, 1.09, 11233, 371
10163, 0, 0, 18, 17, 2, 26.75%, 0, 3, 2, 1.09, 11239, 371
10169, 0, 0, 18, 17, 2, 26.75%, 0, 3, 2, 1.09, 11245, 371
10174, 0, 0, 18, 17, 2, 26.75%, 0, 3, 2, 1.09, 11251, 371
10180, 0, 0, 18, 17, 2, 26.75%, 0, 3, 2, 1.09, 11257, 371
10185, 0, 0, 18, 17, 2, 26.75%, 0, 3, 2, 1.09, 11263, 371
10191, 0, 0, 18, 17, 2, 26.75%, 0, 3, 2, 1.09, 11269, 371
10199, 0, 0, 19, 18, 2, 26.75%, 0, 3, 2, 1.09, 11278, 371
10205, 0, 0, 19, 18, 2, 26.75%, 0, 3, 2, 1.09, 11284, 371
10210, 0, 0, 19, 18, 2, 26.75%, 0, 3, 2, 1.09, 11290, 371
10216, 0, 0, 19, 18, 2, 26.75%, 0, 3, 2, 1.09, 11296, 371
10221, 0, 0, 19, 18, 2, 26.75%, 0, 3, 2, 1.09, 11302, 371
10226, 0, 0, 19, 18, 2, 26.75%, 0, 3, 2, 1.09, 11308, 371
10232, 0, 0, 19, 18, 2, 26.75%, 0, 3, 2, 1.09, 11314, 371
10237, 0, 0, 19, 18, 2, 26.75%, 0, 3, 2, 1.09, 11320, 371
10243, 0, 0, 19, 18, 2, 26.75%, 0, 3, 2, 1.09, 11326, 371
10248, 0, 0, 19, 18, 2, 26.75%, 0, 3, 2, 1.09, 11332, 371
10254, 0, 0, 19, 18, 2, 26.75%, 0, 3, 2, 1.09, 11338, 371
10259, 0, 0, 19, 18, 2, 26.75%, 0, 3, 2, 1.09, 11344, 371
10265, 0, 0, 19, 18, 2, 26.75%, 0, 3, 2, 1.09, 11350, 371
10270, 0, 0, 19, 18, 2, 26.75%, 0, 3, 2, 1.09, 11356, 371
10276, 0, 0, 19, 18, 2, 26.75%, 0, 3, 2, 1.09, 11362, 371
10281, 0, 0, 19, 18, 2, 26.75%, 0, 3, 2, 1.09, 11368, 371
10287, 0, 0, 19, 18, 2, 26.75%, 0, 3, 2, 1.09, 11374, 371
10292, 0, 0, 19, 18, 2, 26.75%, 0, 3, 2, 1.09, 11380, 371
10298, 0, 0, 19, 18, 2, 26.75%, 0, 3, 2, 1.09, 11386, 371
10303, 0, 0, 19, 18, 2, 26.75%, 0, 3, 2, 1.09, 11392, 371
10309, 0, 0, 19, 18, 2, 26.75%, 0, 3, 2, 1.09, 11398, 371
10314, 0, 0, 19, 18, 2, 26.75%, 0, 3, 2, 1.09, 11404, 371
10320, 0, 0, 19, 18, 2, 26.75%, 0, 3, 2, 1.09, 11410, 371
10325, 0, 0, 19, 18, 2, 26.75%, 0, 3, 2, 1.09, 11416, 371
10331, 0, 0, 19, 18, 2, 26.75%, 0, 3, 2, 1.09, 11422, 371
10336, 0, 0, 19, 18, 2, 26.75%, 0, 3, 2, 1.09, 11428, 371
10342, 0, 0, 19, 18, 2, 26.75%, 0, 3, 2, 1.09, 11434, 371
10347, 0, 0, 19, 18, 2, 26.75%, 0, 3, 2, 1.09, 11440, 371
10353, 0, 0, 19, 18, 2, 26.75%, 0, 3, 2, 1.09, 11446, 371
10358, 0, 0, 19, 18, 2, 26.75%, 0, 3, 2, 1.09, 11452, 371
10364, 0, 0, 19, 18, 2, 26.75%, 0, 3, 2, 1.09, 11458, 371
10369, 0, 0, 19, 18, 2, 26.75%, 0, 3, 2, 1.09, 11464, 371
10375, 0, 0, 19, 18, 2, 26.75%, 0, 3, 2, 1.09, 11470, 371
10380, 0, 0, 19, 18, 2, 26.75%, 0, 3, 2, 1.09, 11476, 371
10386, 0, 0, 19, 18, 2, 26.75%, 0, 3, 2, 1.09, 11482, 371
10391, 0, 0, 19, 18, 2, 26.75%, 0, 3, 2, 1.09, 11488, 371
10396, 0, 0, 19, 18, 2, 26.75%, 0, 3, 2, 1.09, 11494, 371
10402, 0, 0, 19, 18, 2, 26.75%, 0, 3, 2, 1.09, 11500, 371
10407, 0, 0, 19, 18, 2, 26.75%, 0, 3, 2, 1.09, 11506, 371
10413, 0, 0, 19, 18, 2, 26.75%, 0, 3, 2, 1.09, 11512, 371
10418, 0, 0, 19, 18, 2, 26.75%, 0, 3, 2, 1.09, 11518, 371
10424, 0, 0, 19, 18, 2, 26.75%, 0, 3, 2, 1.09, 11524, 371
10429, 0, 0, 19, 18, 2, 26.75%, 0, 3, 2, 1.09, 11530, 371
10435, 0, 0, 19, 18, 2, 26.75%, 0, 3, 2, 1.09, 11536, 371
10440, 0, 0, 19, 18, 2, 26.75%, 0, 3, 2, 1.09, 11542, 371
10446, 0, 0, 19, 18, 2, 26.75%, 0, 3, 2, 1.09, 11548, 371
10451, 0, 0, 19, 18, 2, 26.75%, 0, 3, 2, 1.09, 11554, 371
10457, 0, 0, 19, 18, 2, 26.75%, 0, 3, 2, 1.09, 11560, 371
10462, 0, 0, 19, 18, 2, 26.75%, 0, 3, 2, 1.09, 11566, 371
10468, 0, 0, 19, 18, 2, 26.75%, 0, 3, 2, 1.09, 11572, 371
10473, 0, 0, 19, 18, 2, 26.75%, 0, 3, 2, 1.09, 11578, 371
10479, 0, 0, 19, 18, 2, 26.75%, 0, 3, 2, 1.09, 11584, 371
10484, 0, 0, 19, 18, 2, 26.75%, 0, 3, 2, 1.09, 11590, 371
10490, 0, 0, 19, 18, 2, 26.75%, 0, 3, 2, 1.09, 11596, 371
10495, 0, 0, 19, 18, 2, 26.75%, 0, 3, 2, 1.09, 11602, 371
10501, 0, 0, 19, 18, 2, 26.75%, 0, 3, 2, 1.09, 11608, 371
10506, 0, 0, 19, 18, 2, 26.75%, 0, 3, 2, 1.09, 11614, 371
10512, 0, 0, 19, 18, 2, 26.75%, 0, 3, 2, 1.09, 11620, 371
10517, 0, 0, 19, 18, 2, 26.75%, 0, 3, 2, 1.09, 11626, 371
10523, 0, 0, 19, 18, 2, 26.75%, 0, 3, 2, 1.09, 11632, 371
10528, 0, 0, 19, 18, 2, 26.75%, 0, 3, 2, 1.09, 11638, 371
10534, 0, 0, 19, 18, 2, 26.75%, 0, 3, 2, 1.09, 11644, 371
10539, 0, 0, 19, 18, 2, 26.75%, 0, 3, 2, 1.09, 11650, 371
10545, 0, 0, 19, 18, 2, 26.75%, 0, 3, 2, 1.09, 11656, 371
10550, 0, 0, 19, 18, 2, 26.75%, 0, 3, 2, 1.09, 11662, 371
10555, 0, 0, 19, 18, 2, 26.75%, 0, 3, 2, 1.09, 11668, 371
10561, 0, 0, 19, 18, 2, 26.75%, 0, 3, 2, 1.09, 11674, 371
10566, 0, 0, 19, 18, 2, 26.75%, 0, 3, 2, 1.09, 11680, 371
10572, 0, 0, 19, 18, 2, 26.75%, 0, 3, 2, 1.09, 11686, 371
10577, 0, 0, 19, 18, 2, 26.75%, 0, 3, 2, 1.09, 11692, 371
10583, 0, 0, 19, 18, 2, 26.75%, 0, 3, 2, 1.09, 11698, 371
10588, 0, 0, 19, 18, 2, 26.75%, 0, 3, 2, 1.09, 11704, 371
10594, 0, 0, 19, 18, 2, 26.75%, 0, 3, 2, 1.09, 11710, 371
10599, 0, 0, 19, 18, 2, 26.75%, 0, 3, 2, 1.09, 11716, 371
10605, 0, 0, 19, 18, 2, 26.75%, 0, 3, 2, 1.09, 11722, 371
10610, 0, 0, 19, 18, 2, 26.75%, 0, 3, 2, 1.09, 11728, 371
10616, 0, 0, 19, 18, 2, 26.75%, 0, 3, 2, 1.09, 11734, 371
10621, 0, 0, 19, 18, 2, 26.75%, 0, 3, 2, 1.09, 11740, 371
10627, 0, 0, 19, 18, 2, 26.75%, 0, 3, 2, 1.09, 11746, 371
10632, 0, 0, 19, 18, 2, 26.75%, 0, 3, 2, 1.09, 11752, 371
10638, 0, 0, 19, 18, 2, 26.75%, 0, 3, 2, 1.09, 11758, 371
10643, 0, 0, 19, 18, 2, 26.75%, 0, 3, 2, 1.09, 11764, 371
10649, 0, 0, 19, 18, 2, 26.75%, 0, 3, 2, 1.09, 11770, 371
10654, 0, 0, 19, 18, 2, 26.75%, 0, 3, 2, 1.09, 11776, 371
10660, 0, 0, 19, 18, 2, 26.75%, 0, 3, 2, 1.09, 11782, 371
10665, 0, 0, 19, 18, 2, 26.75%, 0, 3, 2, 1.09, 11788, 371
10671, 0, 0, 19, 18, 2, 26.75%, 0, 3, 2, 1.09, 11794, 371
10676, 0, 0, 19, 18, 2, 26.75%, 0, 3, 2, 1.09, 11800, 371
10682, 0, 0, 19, 18, 2, 26.75%, 0, 3, 2, 1.09, 11806, 371
10687, 0, 0, 19, 18, 2, 26.75%, 0, 3, 2, 1.09, 11812, 371
10693, 0, 0, 19, 18, 2, 26.75%, 0, 3, 2, 1.09, 11818, 371
10698, 0, 0, 19, 18, 2, 26.75%, 0, 3, 2, 1.09, 11824, 371
10704, 0, 0, 19, 18, 2, 26.75%, 0, 3, 2, 1.09, 11830, 371
10709, 0, 0, 19, 18, 2, 26.75%, 0, 3, 2, 1.09, 11836, 371
10715, 0, 0, 19, 18, 2, 26.75%, 0, 3, 2, 1.09, 11842, 371
10720, 0, 0, 19, 18, 2, 26.75%, 0, 3, 2, 1.09, 11848, 371
10726, 0, 0, 19, 18, 2, 26.75%, 0, 3, 2, 1.09, 11854, 371
10731, 0, 0, 19, 18, 2, 26.75%, 0, 3, 2, 1.09, 11860, 371
10736, 0, 0, 19, 18, 2, 26.75%, 0, 3, 2, 1.09, 11866, 371
10742, 0, 0, 19, 18, 2, 26.75%, 0, 3, 2, 1.09, 11872, 371
10747, 0, 0, 19, 18, 2, 26.75%, 0, 3, 2, 1.09, 11878, 371
10753, 0, 0, 19, 18, 2, 26.75%, 0, 3, 2, 1.09, 11884, 371
10758, 0, 0, 19, 18, 2, 26.75%, 0, 3, 2, 1.09, 11890, 371
10764, 0, 0, 19, 18, 2, 26.75%, 0, 3, 2, 1.09, 11896, 371
10769, 0, 0, 19, 18, 2, 26.75%, 0, 3, 2, 1.09, 11902, 371
10775, 0, 0, 19, 18, 2, 26.75%, 0, 3, 2, 1.09, 11908, 371
10780, 0, 0, 19, 18, 2, 26.75%, 0, 3, 2, 1.09, 11914, 371
10786, 0, 0, 19, 18, 2, 26.75%, 0, 3, 2, 1.09, 11920, 371
10791, 0, 0, 19, 18, 2, 26.75%, 0, 3, 2, 1.09, 11926, 371
10797, 0, 0, 19, 18, 2, 26.75%, 0, 3, 2, 1.09, 11932, 371
10802, 0, 0, 19, 18, 2, 26.75%, 0, 3, 2, 1.09, 11938, 371
10808, 0, 0, 19, 18, 2, 26.75%, 0, 3, 2, 1.09, 11944, 371
10813, 0, 0, 19, 18, 2, 26.75%, 0, 3, 2, 1.09, 11950, 371
10819, 0, 0, 19, 18, 2, 26.75%, 0, 3, 2, 1.09, 11956, 371
10824, 0, 0, 19, 18, 2, 26.75%, 0, 3, 2, 1.09, 11962, 371
10830, 0, 0, 19, 18, 2, 26.75%, 0, 3, 2, 1.09, 11968, 371
10835, 0, 0, 19, 18, 2, 26.75%, 0, 3, 2, 1.09, 11974, 371
10841, 0, 0, 19, 18, 2, 26.75%, 0, 3, 2, 1.09, 11980, 371
10846, 0, 0, 19, 18, 2, 26.75%, 0, 3, 2, 1.09, 11986, 371
10852, 0, 0, 19, 18, 2, 26.75%, 0, 3, 2, 1.09, 11992, 371
10857, 0, 0, 19, 18, 2, 26.75%, 0, 3, 2, 1.09, 11998, 371
10863, 0, 0, 19, 18, 2, 26.75%, 0, 3, 2, 1.09, 12004, 371
10868, 0, 0, 19, 18, 2, 26.75%, 0, 3, 2, 1.09, 12010, 371
10874, 0, 0, 19, 18, 2, 26.75%, 0, 3, 2, 1.09, 12016, 371
10879, 0, 0, 19, 18, 2, 26.75%, 0, 3, 2, 1.09, 12022, 371
10885, 0, 0, 19, 18, 2, 26.75%, 0, 3, 2, 1.09, 12028, 371
10890, 0, 0, 19, 18, 2, 26.75%, 0, 3, 2, 1.09, 12034, 371
10895, 0, 0, 19, 18, 2, 26.75%, 0, 3, 2, 1.09, 12040, 371
10901, 0, 0, 19, 18, 2, 26.75%, 0, 3, 2, 1.09, 12046, 371
10906, 0, 0, 19, 18, 2, 26.75%, 0, 3, 2, 1.09, 12052, 371
10912, 0, 0, 19, 18, 2, 26.75%, 0, 3, 2, 1.09, 12058, 371
10917, 0, 0, 19, 18, 2, 26.75%, 0, 3, 2, 1.09, 12064, 371
10923, 0, 0, 19, 18, 2, 26.75%, 0, 3, 2, 1.09, 12070, 371
10928, 0, 0, 19, 18, 2, 26.75%, 0, 3, 2, 1.09, 12076, 371
10934, 0, 0, 19, 18, 2, 26.75%, 0, 3, 2, 1.09, 12082, 371
10939, 0, 0, 19, 18, 2, 26.75%, 0, 3, 2, 1.09, 12088, 371
10945, 0, 0, 19, 18, 2, 26.75%, 0, 3, 2, 1.11, 12094, 371
10950, 0, 0, 19, 18, 2, 26.75%, 0, 3, 2, 1.16, 12101, 371
10956, 0, 0, 19, 18, 2, 26.75%, 0, 3, 2, 1.18, 12108, 371
10961, 0, 0, 19, 18, 2, 26.75%, 0, 3, 2, 1.18, 12114, 371
10967, 0, 0, 19, 18, 2, 26.75%, 0, 3, 2, 1.18, 12120, 371
10972, 0, 0, 19, 18, 2, 26.75%, 0, 3, 2, 1.41, 12129, 371
10977, 0, 0, 19, 18, 2, 26.75%, 0, 3, 2, 1.34, 12135, 371
10982, 0, 0, 19, 18, 2, 26.75%, 0, 3, 2, 1.29, 12141, 371
10988, 0, 0, 19, 18, 2, 26.75%, 0, 3, 2, 1.26, 12147, 371
10993, 0, 0, 19, 18, 2, 26.75%, 0, 3, 2, 1.24, 12153, 371
10998, 0, 0, 19, 18, 2, 26.75%, 0, 3, 2, 1.38, 12161, 371
11003, 0, 0, 19, 18, 2, 26.75%, 0, 3, 2, 1.38, 12168, 371
11008, 0, 0, 19, 18, 2, 26.75%, 0, 3, 2, 1.37, 12175, 371
11013, 0, 0, 19, 18, 2, 26.75%, 0, 3, 2, 1.37, 12182, 371
11019, 0, 0, 19, 18, 2, 26.75%, 0, 3, 2, 1.37, 12189, 371
11024, 0, 0, 19, 18, 2, 26.75%, 0, 3, 2, 1.32, 12196, 371
11030, 0, 0, 19, 18, 2, 26.75%, 0, 3, 2, 1.25, 12202, 371
11035, 0, 0, 19, 18, 2, 26.75%, 0, 3, 2, 1.20, 12208, 371
11041, 0, 0, 19, 18, 2, 26.75%, 0, 3, 2, 1.17, 12214, 371
11046, 0, 0, 19, 18, 2, 26.75%, 0, 3, 2, 1.14, 12220, 371
11052, 0, 0, 19, 18, 2, 26.75%, 0, 3, 2, 1.13, 12226, 371
11057, 0, 0, 19, 18, 2, 26.75%, 0, 3, 2, 1.12, 12232, 371
11063, 0, 0, 19, 18, 2, 26.75%, 0, 3, 2, 1.11, 12238, 371
11068, 0, 0, 19, 18, 2, 26.75%, 0, 3, 2, 1.10, 12244, 371
11074, 0, 0, 19, 18, 2, 26.75%, 0, 3, 2, 1.10, 12250, 371
11079, 0, 0, 19, 18, 2, 26.75%, 0, 3, 2, 1.10, 12256, 371
11085, 0, 0, 19, 18, 2, 26.75%, 0, 3, 2, 1.10, 12262, 371
11090, 0, 0, 19, 18, 2, 26.75%, 0, 3, 2, 1.10, 12268, 371
11095, 0, 0, 19, 18, 2, 26.75%, 0, 3, 2, 1.10, 12274, 371
11101, 0, 0, 19, 18, 2, 26.75%, 0, 3, 2, 1.09, 12280, 371
11106, 0, 0, 19, 18, 2, 26.75%, 0, 3, 2, 1.09, 12286, 371
11112, 0, 0, 19, 18, 2, 26.75%, 0, 3, 2, 1.09, 12292, 371
11117, 0, 0, 19, 18, 2, 26.75%, 0, 3, 2, 1.09, 12298, 371
11123, 0, 0, 19, 18, 2, 26.75%, 0, 3, 2, 1.09, 12304, 371
11128, 0, 0, 19, 18, 2, 26.75%, 0, 3, 2, 1.09, 12310, 371
11134, 0, 0, 19, 18, 2, 26.75%, 0, 3, 2, 1.09, 12316, 371
11139, 0, 0, 19, 18, 2, 26.75%, 0, 3, 2, 1.09, 12322, 371
11145, 0, 0, 19, 18, 2, 26.75%, 0, 3, 2, 1.09, 12328, 371
11150, 0, 0, 19, 18, 2, 26.75%, 0, 3, 2, 1.09, 12334, 371
11156, 0, 0, 19, 18, 2, 26.75%, 0, 3, 2, 1.09, 12340, 371
11161, 0, 0, 19, 18, 2, 26.75%, 0, 3, 2, 1.09, 12346, 371
11167, 0, 0, 19, 18, 2, 26.75%, 0, 3, 2, 1.09, 12352, 371
11172, 0, 0, 19, 18, 2, 26.75%, 0, 3, 2, 1.09, 12358, 371
11178, 0, 0, 19, 18, 2, 26.75%, 0, 3, 2, 1.09, 12364, 371
11183, 0, 0, 19, 18, 2, 26.75%, 0, 3, 2, 1.09, 12370, 371
11189, 0, 0, 19, 18, 2, 26.75%, 0, 3, 2, 1.09, 12376, 371
11194, 0, 0, 19, 18, 2, 26.75%, 0, 3, 2, 1.09, 12382, 371
11200, 0, 0, 19, 18, 2, 26.75%, 0, 3, 2, 1.09, 12388, 371
11205, 0, 0, 19, 18, 2, 26.75%, 0, 3, 2, 1.09, 12394, 371
11211, 0, 0, 19, 18, 2, 26.75%, 0, 3, 2, 1.09, 12400, 371
11216, 0, 0, 19, 18, 2, 26.75%, 0, 3, 2, 1.09, 12406, 371
11222, 0, 0, 19, 18, 2, 26.75%, 0, 3, 2, 1.09, 12412, 371
11227, 0, 0, 19, 18, 2, 26.75%, 0, 3, 2, 1.09, 12418, 371
11233, 0, 0, 19, 18, 2, 26.75%, 0, 3, 2, 1.09, 12424, 371
11238, 0, 0, 19, 18, 2, 26.75%, 0, 3, 2, 1.09, 12430, 371
11244, 0, 0, 19, 18, 2, 26.75%, 0, 3, 2, 1.09, 12436, 371
11249, 0, 0, 19, 18, 2, 26.75%, 0, 3, 2, 1.09, 12442, 371
11255, 0, 0, 19, 18, 2, 26.75%, 0, 3, 2, 1.09, 12448, 371
11260, 0, 0, 19, 18, 2, 26.75%, 0, 3, 2, 1.09, 12454, 371
11266, 0, 0, 19, 18, 2, 26.75%, 0, 3, 2, 1.09, 12460, 371
11271, 0, 0, 19, 18, 2, 26.75%, 0, 3, 2, 1.09, 12466, 371
11276, 0, 0, 19, 18, 2, 26.75%, 0, 3, 2, 1.09, 12472, 371
11282, 0, 0, 19, 18, 2, 26.75%, 0, 3, 2, 1.09, 12478, 371
11287, 0, 0, 19, 18, 2, 26.75%, 0, 3, 2, 1.09, 12484, 371
11293, 0, 0, 19, 18, 2, 26.75%, 0, 3, 2, 1.09, 12490, 371
11298, 0, 0, 19, 18, 2, 26.75%, 0, 3, 2, 1.09, 12496, 371
11304, 0, 0, 19, 18, 2, 26.75%, 0, 3, 2, 1.09, 12502, 371
11309, 0, 0, 19, 18, 2, 26.75%, 0, 3, 2, 1.09, 12508, 371
11315, 0, 0, 19, 18, 2, 26.75%, 0, 3, 2, 1.09, 12514, 371
11320, 0, 0, 19, 18, 2, 26.75%, 0, 3, 2, 1.09, 12520, 371
11326, 0, 0, 19, 18, 2, 26.75%, 0, 3, 2, 1.09, 12526, 371
11331, 0, 0, 19, 18, 2, 26.75%, 0, 3, 2, 1.09, 12532, 371
11337, 0, 0, 19, 18, 2, 26.75%, 0, 3, 2, 1.09, 12538, 371
11342, 0, 0, 19, 18, 2, 26.75%, 0, 3, 2, 1.09, 12544, 371
11348, 0, 0, 19, 18, 2, 26.75%, 0, 3, 2, 1.09, 12550, 371
11353, 0, 0, 19, 18, 2, 26.75%, 0, 3, 2, 1.09, 12556, 371
11359, 0, 0, 19, 18, 2, 26.75%, 0, 3, 2, 1.09, 12562, 371
11364, 0, 0, 19, 18, 2, 26.75%, 0, 3, 2, 1.09, 12568, 371
11370, 0, 0, 19, 18, 2, 26.75%, 0, 3, 2, 1.09, 12574, 371
11375, 0, 0, 19, 18, 2, 26.75%, 0, 3, 2, 1.09, 12580, 371
11381, 0, 0, 19, 18, 2, 26.75%, 0, 3, 2, 1.09, 12586, 371
11386, 0, 0, 19, 18, 2, 26.75%, 0, 3, 2, 1.09, 12592, 371
11392, 0, 0, 19, 18, 2, 26.75%, 0, 3, 2, 1.09, 12598, 371
11397, 0, 0, 19, 18, 2, 26.75%, 0, 3, 2, 1.09, 12604, 371
11403, 0, 0, 19, 18, 2, 26.75%, 0, 3, 2, 1.09, 12610, 371
11408, 0, 0, 19, 18, 2, 26.75%, 0, 3, 2, 1.09, 12616, 371
11414, 0, 0, 19, 18, 2, 26.75%, 0, 3, 2, 1.09, 12622, 371
11419, 0, 0, 19, 18, 2, 26.75%, 0, 3, 2, 1.09, 12628, 371
11425, 0, 0, 19, 18, 2, 26.75%, 0, 3, 2, 1.09, 12634, 371
11430, 0, 0, 19, 18, 2, 26.75%, 0, 3, 2, 1.09, 12640, 371
11435, 0, 0, 19, 18, 2, 26.75%, 0, 3, 2, 1.09, 12646, 371
11441, 0, 0, 19, 18, 2, 26.75%, 0, 3, 2, 1.09, 12652, 371
11446, 0, 0, 19, 18, 2, 26.75%, 0, 3, 2, 1.09, 12658, 371
11452, 0, 0, 19, 18, 2, 26.75%, 0, 3, 2, 1.09, 12664, 371
11457, 0, 0, 19, 18, 2, 26.75%, 0, 3, 2, 1.09, 12670, 371
11463, 0, 0, 19, 18, 2, 26.75%, 0, 3, 2, 1.09, 12676, 371
11468, 0, 0, 19, 18, 2, 26.75%, 0, 3, 2, 1.09, 12682, 371
11474, 0, 0, 19, 18, 2, 26.75%, 0, 3, 2, 1.09, 12688, 371
11479, 0, 0, 19, 18, 2, 26.75%, 0, 3, 2, 1.09, 12694, 371
11485, 0, 0, 19, 18, 2, 26.75%, 0, 3, 2, 1.09, 12700, 371
11490, 0, 0, 19, 18, 2, 26.75%, 0, 3, 2, 1.09, 12706, 371
11496, 0, 0, 19, 18, 2, 26.75%, 0, 3, 2, 1.09, 12712, 371
11501, 0, 0, 19, 18, 2, 26.75%, 0, 3, 2, 1.09, 12718, 371
11507, 0, 0, 19, 18, 2, 26.75%, 0, 3, 2, 1.09, 12724, 371
11512, 0, 0, 19, 18, 2, 26.75%, 0, 3, 2, 1.09, 12730, 371
11518, 0, 0, 19, 18, 2, 26.75%, 0, 3, 2, 1.09, 12736, 371
11523, 0, 0, 19, 18, 2, 26.75%, 0, 3, 2, 1.09, 12742, 371
11529, 0, 0, 19, 18, 2, 26.75%, 0, 3, 2, 1.09, 12748, 371
11534, 0, 0, 19, 18, 2, 26.75%, 0, 3, 2, 1.09, 12754, 371
11540, 0, 0, 19, 18, 2, 26.75%, 0, 3, 2, 1.09, 12760, 371
11545, 0, 0, 19, 18, 2, 26.75%, 0, 3, 2, 1.09, 12766, 371
11551, 0, 0, 19, 18, 2, 26.75%, 0, 3, 2, 1.09, 12772, 371
11556, 0, 0, 19, 18, 2, 26.75%, 0, 3, 2, 1.09, 12778, 371
11562, 0, 0, 19, 18, 2, 26.75%, 0, 3, 2, 1.09, 12784, 371
11567, 0, 0, 19, 18, 2, 26.75%, 0, 3, 2, 1.09, 12790, 371
11573, 0, 0, 19, 18, 2, 26.75%, 0, 3, 2, 1.09, 12796, 371
11578, 0, 0, 19, 18, 2, 26.75%, 0, 3, 2, 1.09, 12802, 371
11584, 0, 0, 19, 18, 2, 26.75%, 0, 3, 2, 1.09, 12808, 371
11589, 0, 0, 19, 18, 2, 26.75%, 0, 3, 2, 1.09, 12814, 371
11595, 0, 0, 19, 18, 2, 26.75%, 0, 3, 2, 1.09, 12820, 371
11600, 0, 0, 19, 18, 2, 26.75%, 0, 3, 2, 1.09, 12826, 371
11605, 0, 0, 19, 18, 2, 26.75%, 0, 3, 2, 1.09, 12832, 371
11611, 0, 0, 19, 18, 2, 26.75%, 0, 3, 2, 1.09, 12838, 371
11616, 0, 0, 19, 18, 2, 26.75%, 0, 3, 2, 1.09, 12844, 371
11622, 0, 0, 19, 18, 2, 26.75%, 0, 3, 2, 1.09, 12850, 371
11627, 0, 0, 19, 18, 2, 26.75%, 0, 3, 2, 1.09, 12856, 371
11633, 0, 0, 19, 18, 2, 26.75%, 0, 3, 2, 1.09, 12862, 371
11638, 0, 0, 19, 18, 2, 26.75%, 0, 3, 2, 1.09, 12868, 371
11644, 0, 0, 19, 18, 2, 26.75%, 0, 3, 2, 1.09, 12874, 371
11649, 0, 0, 19, 18, 2, 26.75%, 0, 3, 2, 1.09, 12880, 371
11655, 0, 0, 19, 18, 2, 26.75%, 0, 3, 2, 1.09, 12886, 371
11660, 0, 0, 19, 18, 2, 26.75%, 0, 3, 2, 1.09, 12892, 371
11666, 0, 0, 19, 18, 2, 26.75%, 0, 3, 2, 1.09, 12898, 371
11671, 0, 0, 19, 18, 2, 26.75%, 0, 3, 2, 1.09, 12904, 371
11677, 0, 0, 19, 18, 2, 26.75%, 0, 3, 2, 1.09, 12910, 371
11682, 0, 0, 19, 18, 2, 26.75%, 0, 3, 2, 1.09, 12916, 371
11688, 0, 0, 19, 18, 2, 26.75%, 0, 3, 2, 1.09, 12922, 371
11693, 0, 0, 19, 18, 2, 26.75%, 0, 3, 2, 1.09, 12928, 371
11699, 0, 0, 19, 18, 2, 26.75%, 0, 3, 2, 1.09, 12934, 371
11704, 0, 0, 19, 18, 2, 26.75%, 0, 3, 2, 1.09, 12940, 371
11710, 0, 0, 19, 18, 2, 26.75%, 0, 3, 2, 1.09, 12946, 371
11715, 0, 0, 19, 18, 2, 26.75%, 0, 3, 2, 1.09, 12952, 371
11721, 0, 0, 19, 18, 2, 26.75%, 0, 3, 2, 1.09, 12958, 371
11726, 0, 0, 19, 18, 2, 26.75%, 0, 3, 2, 1.09, 12964, 371
11732, 0, 0, 19, 18, 2, 26.75%, 0, 3, 2, 1.09, 12970, 371
11737, 0, 0, 19, 18, 2, 26.75%, 0, 3, 2, 1.09, 12976, 371
11743, 0, 0, 19, 18, 2, 26.75%, 0, 3, 2, 1.09, 12982, 371
11748, 0, 0, 19, 18, 2, 26.75%, 0, 3, 2, 1.09, 12988, 371
11754, 0, 0, 19, 18, 2, 26.75%, 0, 3, 2, 1.09, 12994, 371
11759, 0, 0, 19, 18, 2, 26.75%, 0, 3, 2, 1.09, 13000, 371
11765, 0, 0, 19, 18, 2, 26.75%, 0, 3, 2, 1.09, 13006, 371
11770, 0, 0, 19, 18, 2, 26.75%, 0, 3, 2, 1.09, 13012, 371
11776, 0, 0, 19, 18, 2, 26.75%, 0, 3, 2, 1.09, 13018, 371
11781, 0, 0, 19, 18, 2, 26.75%, 0, 3, 2, 1.09, 13024, 371
11786, 0, 0, 19, 18, 2, 26.75%, 0, 3, 2, 1.09, 13030, 371
11792, 0, 0, 19, 18, 2, 26.75%, 0, 3, 2, 1.09, 13036, 371
11797, 0, 0, 19, 18, 2, 26.75%, 0, 3, 2, 1.09, 13042, 371
11803, 0, 0, 19, 18, 2, 26.75%, 0, 3, 2, 1.09, 13048, 371
11808, 0, 0, 19, 18, 2, 26.75%, 0, 3, 2, 1.09, 13054, 371
11814, 0, 0, 19, 18, 2, 26.75%, 0, 3, 2, 1.09, 13060, 371
11819, 0, 0, 19, 18, 2, 26.75%, 0, 3, 2, 1.09, 13066, 371
11825, 0, 0, 19, 18, 2, 26.75%, 0, 3, 2, 1.09, 13072, 371
11830, 0, 0, 19, 18, 2, 26.75%, 0, 3, 2, 1.09, 13078, 371
11836, 0, 0, 19, 18, 2, 26.75%, 0, 3, 2, 1.09, 13084, 371
11841, 0, 0, 19, 18, 2, 26.75%, 0, 3, 2, 1.09, 13090, 371
11847, 0, 0, 19, 18, 2, 26.75%, 0, 3, 2, 1.09, 13096, 371
11852, 0, 0, 19, 18, 2, 26.75%, 0, 3, 2, 1.09, 13102, 371
11858, 0, 0, 19, 18, 2, 26.75%, 0, 3, 2, 1.09, 13108, 371
11863, 0, 0, 19, 18, 2, 26.75%, 0, 3, 2, 1.09, 13114, 371
11869, 0, 0, 19, 18, 2, 26.75%, 0, 3, 2, 1.09, 13120, 371
11874, 0, 0, 19, 18, 2, 26.75%, 0, 3, 2, 1.09, 13126, 371
11880, 0, 0, 19, 18, 2, 26.75%, 0, 3, 2, 1.09, 13132, 371
11885, 0, 0, 19, 18, 2, 26.75%, 0, 3, 2, 1.09, 13138, 371
11891, 0, 0, 19, 18, 2, 26.75%, 0, 3, 2, 1.09, 13144, 371
11896, 0, 0, 19, 18, 2, 26.75%, 0, 3, 2, 1.09, 13150, 371
11902, 0, 0, 19, 18, 2, 26.75%, 0, 3, 2, 1.09, 13156, 371
11907, 0, 0, 19, 18, 2, 26.75%, 0, 3, 2, 1.09, 13162, 371
11913, 0, 0, 19, 18, 2, 26.75%, 0, 3, 2, 1.09, 13168, 371
11918, 0, 0, 19, 18, 2, 26.75%, 0, 3, 2, 1.09, 13174, 371
11924, 0, 0, 19, 18, 2, 26.75%, 0, 3, 2, 1.09, 13180, 371
11929, 0, 0, 19, 18, 2, 26.75%, 0, 3, 2, 1.09, 13186, 371
11935, 0, 0, 19, 18, 2, 26.75%, 0, 3, 2, 1.09, 13192, 371
11940, 0, 0, 19, 18, 2, 26.75%, 0, 3, 2, 1.09, 13198, 371
11946, 0, 0, 19, 18, 2, 26.75%, 0, 3, 2, 1.09, 13204, 371
11951, 0, 0, 19, 18, 2, 26.75%, 0, 3, 2, 1.09, 13210, 371
11957, 0, 0, 19, 18, 2, 26.75%, 0, 3, 2, 1.09, 13216, 371
11962, 0, 0, 19, 18, 2, 26.75%, 0, 3, 2, 1.09, 13222, 371
11967, 0, 0, 19, 18, 2, 26.75%, 0, 3, 2, 1.09, 13228, 371
11973, 0, 0, 19, 18, 2, 26.75%, 0, 3, 2, 1.09, 13234, 371
11978, 0, 0, 19, 18, 2, 26.75%, 0, 3, 2, 1.09, 13240, 371
11984, 0, 0, 19, 18, 2, 26.75%, 0, 3, 2, 1.09, 13246, 371
11989, 0, 0, 19, 18, 2, 26.75%, 0, 3, 2, 1.09, 13252, 371
11995, 0, 0, 19, 18, 2, 26.75%, 0, 3, 2, 1.09, 13258, 371
12000, 0, 0, 19, 18, 2, 26.75%, 0, 3, 2, 1.09, 13264, 371
12006, 0, 0, 19, 18, 2, 26.75%, 0, 3, 2, 1.09, 13270, 371
12011, 0, 0, 19, 18, 2, 26.75%, 0, 3, 2, 1.09, 13276, 371
12017, 0, 0, 19, 18, 2, 26.75%, 0, 3, 2, 1.09, 13282, 371
12022, 0, 0, 19, 18, 2, 26.75%, 0, 3, 2, 1.09, 13288, 371
12028, 0, 0, 19, 18, 2, 26.75%, 0, 3, 2, 1.09, 13294, 371
12033, 0, 0, 19, 18, 2, 26.75%, 0, 3, 2, 1.09, 13300, 371
12039, 0, 0, 19, 18, 2, 26.75%, 0, 3, 2, 1.09, 13306, 371
12044, 0, 0, 19, 18, 2, 26.75%, 0, 3, 2, 1.09, 13312, 371
12050, 0, 0, 19, 18, 2, 26.75%, 0, 3, 2, 1.09, 13318, 371
12055, 0, 0, 19, 18, 2, 26.75%, 0, 3, 2, 1.09, 13324, 371
12061, 0, 0, 19, 18, 2, 26.75%, 0, 3, 2, 1.09, 13330, 371
12066, 0, 0, 19, 18, 2, 26.75%, 0, 3, 2, 1.09, 13336, 371
12072, 0, 0, 19, 18, 2, 26.75%, 0, 3, 2, 1.09, 13342, 371
12077, 0, 0, 19, 18, 2, 26.75%, 0, 3, 2, 1.09, 13348, 371
12083, 0, 0, 19, 18, 2, 26.75%, 0, 3, 2, 1.09, 13354, 371
12088, 0, 0, 19, 18, 2, 26.75%, 0, 3, 2, 1.09, 13360, 371
12094, 0, 0, 19, 18, 2, 26.75%, 0, 3, 2, 1.09, 13366, 371
12099, 0, 0, 19, 18, 2, 26.75%, 0, 3, 2, 1.09, 13372, 371
12105, 0, 0, 19, 18, 2, 26.75%, 0, 3, 2, 1.09, 13378, 371
12110, 0, 0, 19, 18, 2, 26.75%, 0, 3, 2, 1.09, 13384, 371
12116, 0, 0, 19, 18, 2, 26.75%, 0, 3, 2, 1.09, 13390, 371
12121, 0, 0, 19, 18, 2, 26.75%, 0, 3, 2, 1.09, 13396, 371
12126, 0, 0, 19, 18, 2, 26.75%, 0, 3, 2, 1.09, 13402, 371
12132, 0, 0, 19, 18, 2, 26.75%, 0, 3, 2, 1.09, 13408, 371
12137, 0, 0, 19, 18, 2, 26.75%, 0, 3, 2, 1.09, 13414, 371
12143, 0, 0, 19, 18, 2, 26.75%, 0, 3, 2, 1.09, 13420, 371
12148, 0, 0, 19, 18, 2, 26.75%, 0, 3, 2, 1.09, 13426, 371
12154, 0, 0, 19, 18, 2, 26.75%, 0, 3, 2, 1.09, 13432, 371
12159, 0, 0, 19, 18, 2, 26.75%, 0, 3, 2, 1.09, 13438, 371
12165, 0, 0, 19, 18, 2, 26.75%, 0, 3, 2, 1.09, 13444, 371
12170, 0, 0, 19, 18, 2, 26.75%, 0, 3, 2, 1.09, 13450, 371
12176, 0, 0, 19, 18, 2, 26.75%, 0, 3, 2, 1.09, 13456, 371
12181, 0, 0, 19, 18, 2, 26.75%, 0, 3, 2, 1.09, 13462, 371
12187, 0, 0, 19, 18, 2, 26.75%, 0, 3, 2, 1.09, 13468, 371
12192, 0, 0, 19, 18, 2, 26.75%, 0, 3, 2, 1.09, 13474, 371
12198, 0, 0, 19, 18, 2, 26.75%, 0, 3, 2, 1.09, 13480, 371
12203, 0, 0, 19, 18, 2, 26.75%, 0, 3, 2, 1.09, 13486, 371
12209, 0, 0, 19, 18, 2, 26.75%, 0, 3, 2, 1.09, 13492, 371
12214, 0, 0, 19, 18, 2, 26.75%, 0, 3, 2, 1.09, 13498, 371
12220, 0, 0, 19, 18, 2, 26.75%, 0, 3, 2, 1.09, 13504, 371
12225, 0, 0, 19, 18, 2, 26.75%, 0, 3, 2, 1.09, 13510, 371
12231, 0, 0, 19, 18, 2, 26.75%, 0, 3, 2, 1.09, 13516, 371
12236, 0, 0, 19, 18, 2, 26.75%, 0, 3, 2, 1.09, 13522, 371
12242, 0, 0, 19, 18, 2, 26.75%, 0, 3, 2, 1.09, 13528, 371
12247, 0, 0, 19, 18, 2, 26.75%, 0, 3, 2, 1.09, 13534, 371
12253, 0, 0, 19, 18, 2, 26.75%, 0, 3, 2, 1.09, 13540, 371
12258, 0, 0, 19, 18, 2, 26.75%, 0, 3, 2, 1.09, 13546, 371
12264, 0, 0, 19, 18, 2, 26.75%, 0, 3, 2, 1.09, 13552, 371
12269, 0, 0, 19, 18, 2, 26.75%, 0, 3, 2, 1.09, 13558, 371
12275, 0, 0, 19, 18, 2, 26.75%, 0, 3, 2, 1.09, 13564, 371
12280, 0, 0, 19, 18, 2, 26.75%, 0, 3, 2, 1.09, 13570, 371
12286, 0, 0, 19, 18, 2, 26.75%, 0, 3, 2, 1.09, 13576, 371
12291, 0, 0, 19, 18, 2, 26.75%, 0, 3, 2, 1.09, 13582, 371
12296, 0, 0, 19, 18, 2, 26.75%, 0, 3, 2, 1.09, 13588, 371
12302, 0, 0, 19, 18, 2, 26.75%, 0, 3, 2, 1.09, 13594, 371
12307, 0, 0, 19, 18, 2, 26.75%, 0, 3, 2, 1.09, 13600, 371
12313, 0, 0, 19, 18, 2, 26.75%, 0, 3, 2, 1.09, 13606, 371
12318, 0, 0, 19, 18, 2, 26.75%, 0, 3, 2, 1.09, 13612, 371
12324, 0, 0, 19, 18, 2, 26.75%, 0, 3, 2, 1.09, 13618, 371
12329, 0, 0, 19, 18, 2, 26.75%, 0, 3, 2, 1.09, 13624, 371
12335, 0, 0, 19, 18, 2, 26.75%, 0, 3, 2, 1.09, 13630, 371
12340, 0, 0, 19, 18, 2, 26.75%, 0, 3, 2, 1.09, 13636, 371
12346, 0, 0, 19, 18, 2, 26.75%, 0, 3, 2, 1.09, 13642, 371
12351, 0, 0, 19, 18, 2, 26.75%, 0, 3, 2, 1.09, 13648, 371
12357, 0, 0, 19, 18, 2, 26.75%, 0, 3, 2, 1.09, 13654, 371
12362, 0, 0, 19, 18, 2, 26.75%, 0, 3, 2, 1.09, 13660, 371
12368, 0, 0, 19, 18, 2, 26.75%, 0, 3, 2, 1.09, 13666, 371
12373, 0, 0, 19, 18, 2, 26.75%, 0, 3, 2, 1.09, 13672, 371
12379, 0, 0, 19, 18, 2, 26.75%, 0, 3, 2, 1.09, 13678, 371
12384, 0, 0, 19, 18, 2, 26.75%, 0, 3, 2, 1.09, 13684, 371
12390, 0, 0, 19, 18, 2, 26.75%, 0, 3, 2, 1.09, 13690, 371
12395, 0, 0, 19, 18, 2, 26.75%, 0, 3, 2, 1.09, 13696, 371
12401, 0, 0, 19, 18, 2, 26.75%, 0, 3, 2, 1.09, 13702, 371
12406, 0, 0, 19, 18, 2, 26.75%, 0, 3, 2, 1.09, 13708, 371
12412, 0, 0, 19, 18, 2, 26.75%, 0, 3, 2, 1.09, 13714, 371
12417, 0, 0, 19, 18, 2, 26.75%, 0, 3, 2, 1.09, 13720, 371
12423, 0, 0, 19, 18, 2, 26.75%, 0, 3, 2, 1.09, 13726, 371
12428, 0, 0, 19, 18, 2, 26.75%, 0, 3, 2, 1.09, 13732, 371
12434, 0, 0, 19, 18, 2, 26.75%, 0, 3, 2, 1.09, 13738, 371
12439, 0, 0, 19, 18, 2, 26.75%, 0, 3, 2, 1.09, 13744, 371
12445, 0, 0, 19, 18, 2, 26.75%, 0, 3, 2, 1.09, 13750, 371
12450, 0, 0, 19, 18, 2, 26.75%, 0, 3, 2, 1.09, 13756, 371
12456, 0, 0, 19, 18, 2, 26.75%, 0, 3, 2, 1.09, 13762, 371
12461, 0, 0, 19, 18, 2, 26.75%, 0, 3, 2, 1.09, 13768, 371
12466, 0, 0, 19, 18, 2, 26.75%, 0, 3, 2, 1.09, 13774, 371
12472, 0, 0, 19, 18, 2, 26.75%, 0, 3, 2, 1.09, 13780, 371
12477, 0, 0, 19, 18, 2, 26.75%, 0, 3, 2, 1.09, 13786, 371
12483, 0, 0, 19, 18, 2, 26.75%, 0, 3, 2, 1.09, 13792, 371
12488, 0, 0, 19, 18, 2, 26.75%, 0, 3, 2, 1.09, 13798, 371
12494, 0, 0, 19, 18, 2, 26.75%, 0, 3, 2, 1.09, 13804, 371
12499, 0, 0, 19, 18, 2, 26.75%, 0, 3, 2, 1.09, 13810, 371
12505, 0, 0, 19, 18, 2, 26.75%, 0, 3, 2, 1.09, 13816, 371
12510, 0, 0, 19, 18, 2, 26.75%, 0, 3, 2, 1.09, 13822, 371
12516, 0, 0, 19, 18, 2, 26.75%, 0, 3, 2, 1.09, 13828, 371
12521, 0, 0, 19, 18, 2, 26.75%, 0, 3, 2, 1.09, 13834, 371
12527, 0, 0, 19, 18, 2, 26.75%, 0, 3, 2, 1.09, 13840, 371
12532, 0, 0, 19, 18, 2, 26.75%, 0, 3, 2, 1.09, 13846, 371
12538, 0, 0, 19, 18, 2, 26.75%, 0, 3, 2, 1.09, 13852, 371
12543, 0, 0, 19, 18, 2, 26.75%, 0, 3, 2, 1.09, 13858, 371
12549, 0, 0, 19, 18, 2, 26.75%, 0, 3, 2, 1.09, 13864, 371
12554, 0, 0, 19, 18, 2, 26.75%, 0, 3, 2, 1.09, 13870, 371
12560, 0, 0, 19, 18, 2, 26.75%, 0, 3, 2, 1.09, 13876, 371
12565, 0, 0, 19, 18, 2, 26.75%, 0, 3, 2, 1.09, 13882, 371
12571, 0, 0, 19, 18, 2, 26.75%, 0, 3, 2, 1.09, 13888, 371
12576, 0, 0, 19, 18, 2, 26.75%, 0, 3, 2, 1.09, 13894, 371
12582, 0, 0, 19, 18, 2, 26.75%, 0, 3, 2, 1.09, 13900, 371
12587, 0, 0, 19, 18, 2, 26.75%, 0, 3, 2, 1.09, 13906, 371
12593, 0, 0, 19, 18, 2, 26.75%, 0, 3, 2, 1.09, 13912, 371
12598, 0, 0, 19, 18, 2, 26.75%, 0, 3, 2, 1.09, 13918, 371
12604, 0, 0, 19, 18, 2, 26.75%, 0, 3, 2, 1.09, 13924, 371
12609, 0, 0, 19, 18, 2, 26.75%, 0, 3, 2, 1.09, 13930, 371
12615, 0, 0, 19, 18, 2, 26.75%, 0, 3, 2, 1.09, 13936, 371
12620, 0, 0, 19, 18, 2, 26.75%, 0, 3, 2, 1.09, 13942, 371
12626, 0, 0, 19, 18, 2, 26.75%, 0, 3, 2, 1.09, 13948, 371
12631, 0, 0, 19, 18, 2, 26.75%, 0, 3, 2, 1.09, 13954, 371
12636, 0, 0, 19, 18, 2, 26.75%, 0, 3, 2, 1.09, 13960, 371
12642, 0, 0, 19, 18, 2, 26.75%, 0, 3, 2, 1.09, 13966, 371
12647, 0, 0, 19, 18, 2, 26.75%, 0, 3, 2, 1.09, 13972, 371
12653, 0, 0, 19, 18, 2, 26.75%, 0, 3, 2, 1.09, 13978, 371
12658, 0, 0, 19, 18, 2, 26.75%, 0, 3, 2, 1.09, 13984, 371
12664, 0, 0, 19, 18, 2, 26.75%, 0, 3, 2, 1.09, 13990, 371
12669, 0, 0, 19, 18, 2, 26.75%, 0, 3, 2, 1.09, 13996, 371
12675, 0, 0, 19, 18, 2, 26.75%, 0, 3, 2, 1.09, 14002, 371
12680, 0, 0, 19, 18, 2, 26.75%, 0, 3, 2, 1.09, 14008, 371
12686, 0, 0, 19, 18, 2, 26.75%, 0, 3, 2, 1.09, 14014, 371
12691, 0, 0, 19, 18, 2, 26.75%, 0, 3, 2, 1.09, 14020, 371
12697, 0, 0, 19, 18, 2, 26.75%, 0, 3, 2, 1.09, 14026, 371
12702, 0, 0, 19, 18, 2, 26.75%, 0, 3, 2, 1.09, 14032, 371
12708, 0, 0, 19, 18, 2, 26.75%, 0, 3, 2, 1.09, 14038, 371
12713, 0, 0, 19, 18, 2, 26.75%, 0, 3, 2, 1.09, 14044, 371
12719, 0, 0, 19, 18, 2, 26.75%, 0, 3, 2, 1.09, 14050, 371
12724, 0, 0, 19, 18, 2, 26.75%, 0, 3, 2, 1.09, 14056, 371
12730, 0, 0, 19, 18, 2, 26.75%, 0, 3, 2, 1.09, 14062, 371
12735, 0, 0, 19, 18, 2, 26.75%, 0, 3, 2, 1.09, 14068, 371
12741, 0, 0, 19, 18, 2, 26.75%, 0, 3, 2, 1.09, 14074, 371
12746, 0, 0, 19, 18, 2, 26.75%, 0, 3, 2, 1.09, 14080, 371
12752, 0, 0, 19, 18, 2, 26.75%, 0, 3, 2, 1.09, 14086, 371
12757, 0, 0, 19, 18, 2, 26.75%, 0, 3, 2, 1.09, 14092, 371
12763, 0, 0, 19, 18, 2, 26.75%, 0, 3, 2, 1.09, 14098, 371
12768, 0, 0, 19, 18, 2, 26.75%, 0, 3, 2, 1.09, 14104, 371
12774, 0, 0, 19, 18, 2, 26.75%, 0, 3, 2, 1.09, 14110, 371
12779, 0, 0, 19, 18, 2, 26.75%, 0, 3, 2, 1.09, 14116, 371
12785, 0, 0, 19, 18, 2, 26.75%, 0, 3, 2, 1.09, 14122, 371
12790, 0, 0, 19, 18, 2, 26.75%, 0, 3, 2, 1.09, 14128, 371
12795, 0, 0, 19, 18, 2, 26.75%, 0, 3, 2, 1.09, 14134, 371
12801, 0, 0, 19, 18, 2, 26.75%, 0, 3, 2, 1.09, 14140, 371
12806, 0, 0, 19, 18, 2, 26.75%, 0, 3, 2, 1.09, 14146, 371
12812, 0, 0, 19, 18, 2, 26.75%, 0, 3, 2, 1.09, 14152, 371
12817, 0, 0, 19, 18, 2, 26.75%, 0, 3, 2, 1.09, 14158, 371
12823, 0, 0, 19, 18, 2, 26.75%, 0, 3, 2, 1.09, 14164, 371
12828, 0, 0, 19, 18, 2, 26.75%, 0, 3, 2, 1.09, 14170, 371
12834, 0, 0, 19, 18, 2, 26.75%, 0, 3, 2, 1.09, 14176, 371
12839, 0, 0, 19, 18, 2, 26.75%, 0, 3, 2, 1.09, 14182, 371
12845, 0, 0, 19, 18, 2, 26.75%, 0, 3, 2, 1.09, 14188, 371
12850, 0, 0, 19, 18, 2, 26.75%, 0, 3, 2, 1.09, 14194, 371
12856, 0, 0, 19, 18, 2, 26.75%, 0, 3, 2, 1.09, 14200, 371
12861, 0, 0, 19, 18, 2, 26.75%, 0, 3, 2, 1.09, 14206, 371
12867, 0, 0, 19, 18, 2, 26.75%, 0, 3, 2, 1.09, 14212, 371
12872, 0, 0, 19, 18, 2, 26.75%, 0, 3, 2, 1.09, 14218, 371
12878, 0, 0, 19, 18, 2, 26.75%, 0, 3, 2, 1.09, 14224, 371
12883, 0, 0, 19, 18, 2, 26.75%, 0, 3, 2, 1.09, 14230, 371
12889, 0, 0, 19, 18, 2, 26.75%, 0, 3, 2, 1.09, 14236, 371
12894, 0, 0, 19, 18, 2, 26.75%, 0, 3, 2, 1.09, 14242, 371
12900, 0, 0, 19, 18, 2, 26.75%, 0, 3, 2, 1.09, 14248, 371
12905, 0, 0, 19, 18, 2, 26.75%, 0, 3, 2, 1.09, 14254, 371
12911, 0, 0, 19, 18, 2, 26.75%, 0, 3, 2, 1.09, 14260, 371
12916, 0, 0, 19, 18, 2, 26.75%, 0, 3, 2, 1.09, 14266, 371
12922, 0, 0, 19, 18, 2, 26.75%, 0, 3, 2, 1.09, 14272, 371
12927, 0, 0, 19, 18, 2, 26.75%, 0, 3, 2, 1.09, 14278, 371
12933, 0, 0, 19, 18, 2, 26.75%, 0, 3, 2, 1.09, 14284, 371
12938, 0, 0, 19, 18, 2, 26.75%, 0, 3, 2, 1.09, 14290, 371
12944, 0, 0, 19, 18, 2, 26.75%, 0, 3, 2, 1.09, 14296, 371
12949, 0, 0, 19, 18, 2, 26.75%, 0, 3, 2, 1.09, 14302, 371
12955, 0, 0, 19, 18, 2, 26.75%, 0, 3, 2, 1.09, 14308, 371
12960, 0, 0, 19, 18, 2, 26.75%, 0, 3, 2, 1.09, 14314, 371
12965, 0, 0, 19, 18, 2, 26.75%, 0, 3, 2, 1.09, 14320, 371
12971, 0, 0, 19, 18, 2, 26.75%, 0, 3, 2, 1.09, 14326, 371
12976, 0, 0, 19, 18, 2, 26.75%, 0, 3, 2, 1.09, 14332, 371
12982, 0, 0, 19, 18, 2, 26.75%, 0, 3, 2, 1.09, 14338, 371
12987, 0, 0, 19, 18, 2, 26.75%, 0, 3, 2, 1.09, 14344, 371
12993, 0, 0, 19, 18, 2, 26.75%, 0, 3, 2, 1.09, 14350, 371
12998, 0, 0, 19, 18, 2, 26.75%, 0, 3, 2, 1.09, 14356, 371
13004, 0, 0, 19, 18, 2, 26.75%, 0, 3, 2, 1.09, 14362, 371
13009, 0, 0, 19, 18, 2, 26.75%, 0, 3, 2, 1.09, 14368, 371
13015, 0, 0, 19, 18, 2, 26.75%, 0, 3, 2, 1.09, 14374, 371
13020, 0, 0, 19, 18, 2, 26.75%, 0, 3, 2, 1.09, 14380, 371
13026, 0, 0, 19, 18, 2, 26.75%, 0, 3, 2, 1.09, 14386, 371
13031, 0, 0, 19, 18, 2, 26.75%, 0, 3, 2, 1.09, 14392, 371
13037, 0, 0, 19, 18, 2, 26.75%, 0, 3, 2, 1.09, 14398, 371
13042, 0, 0, 19, 18, 2, 26.75%, 0, 3, 2, 1.09, 14404, 371
13048, 0, 0, 19, 18, 2, 26.75%, 0, 3, 2, 1.09, 14410, 371
13053, 0, 0, 19, 18, 2, 26.75%, 0, 3, 2, 1.09, 14416, 371
13059, 0, 0, 19, 18, 2, 26.75%, 0, 3, 2, 1.09, 14422, 371
13064, 0, 0, 19, 18, 2, 26.75%, 0, 3, 2, 1.09, 14428, 371
13070, 0, 0, 19, 18, 2, 26.75%, 0, 3, 2, 1.09, 14434, 371
13075, 0, 0, 19, 18, 2, 26.75%, 0, 3, 2, 1.09, 14440, 371
13081, 0, 0, 19, 18, 2, 26.75%, 0, 3, 2, 1.09, 14446, 371
13086, 0, 0, 19, 18, 2, 26.75%, 0, 3, 2, 1.09, 14452, 371
13092, 0, 0, 19, 18, 2, 26.75%, 0, 3, 2, 1.09, 14458, 371
13097, 0, 0, 19, 18, 2, 26.75%, 0, 3, 2, 1.09, 14464, 371
13103, 0, 0, 19, 18, 2, 26.75%, 0, 3, 2, 1.09, 14470, 371
13108, 0, 0, 19, 18, 2, 26.75%, 0, 3, 2, 1.09, 14476, 371
13114, 0, 0, 19, 18, 2, 26.75%, 0, 3, 2, 1.09, 14482, 371
13119, 0, 0, 19, 18, 2, 26.75%, 0, 3, 2, 1.09, 14488, 371
13125, 0, 0, 19, 18, 2, 26.75%, 0, 3, 2, 1.09, 14494, 371
13130, 0, 0, 19, 18, 2, 26.75%, 0, 3, 2, 1.09, 14500, 371
13135, 0, 0, 19, 18, 2, 26.75%, 0, 3, 2, 1.09, 14506, 371
13141, 0, 0, 19, 18, 2, 26.75%, 0, 3, 2, 1.09, 14512, 371
13146, 0, 0, 19, 18, 2, 26.75%, 0, 3, 2, 1.09, 14518, 371
13152, 0, 0, 19, 18, 2, 26.75%, 0, 3, 2, 1.09, 14524, 371
13157, 0, 0, 19, 18, 2, 26.75%, 0, 3, 2, 1.09, 14530, 371
13163, 0, 0, 19, 18, 2, 26.75%, 0, 3, 2, 1.09, 14536, 371
13168, 0, 0, 19, 18, 2, 26.75%, 0, 3, 2, 1.09, 14542, 371
13174, 0, 0, 19, 18, 2, 26.75%, 0, 3, 2, 1.09, 14548, 371
13179, 0, 0, 19, 18, 2, 26.75%, 0, 3, 2, 1.09, 14554, 371
13185, 0, 0, 19, 18, 2, 26.75%, 0, 3, 2, 1.09, 14560, 371
13190, 0, 0, 19, 18, 2, 26.75%, 0, 3, 2, 1.09, 14566, 371
13196, 0, 0, 19, 18, 2, 26.75%, 0, 3, 2, 1.09, 14572, 371
13201, 0, 0, 19, 18, 2, 26.75%, 0, 3, 2, 1.09, 14578, 371
13207, 0, 0, 19, 18, 2, 26.75%, 0, 3, 2, 1.09, 14584, 371
13212, 0, 0, 19, 18, 2, 26.75%, 0, 3, 2, 1.09, 14590, 371
13218, 0, 0, 19, 18, 2, 26.75%, 0, 3, 2, 1.09, 14596, 371
13223, 0, 0, 19, 18, 2, 26.75%, 0, 3, 2, 1.09, 14602, 371
13229, 0, 0, 19, 18, 2, 26.75%, 0, 3, 2, 1.09, 14608, 371
13234, 0, 0, 19, 18, 2, 26.75%, 0, 3, 2, 1.09, 14614, 371
13240, 0, 0, 19, 18, 2, 26.75%, 0, 3, 2, 1.09, 14620, 371
13245, 0, 0, 19, 18, 2, 26.75%, 0, 3, 2, 1.09, 14626, 371
13251, 0, 0, 19, 18, 2, 26.75%, 0, 3, 2, 1.09, 14632, 371
13256, 0, 0, 19, 18, 2, 26.75%, 0, 3, 2, 1.09, 14638, 371
13262, 0, 0, 19, 18, 2, 26.75%, 0, 3, 2, 1.09, 14644, 371
13267, 0, 0, 19, 18, 2, 26.75%, 0, 3, 2, 1.09, 14650, 371
13273, 0, 0, 19, 18, 2, 26.75%, 0, 3, 2, 1.09, 14656, 371
13278, 0, 0, 19, 18, 2, 26.75%, 0, 3, 2, 1.09, 14662, 371
13284, 0, 0, 19, 18, 2, 26.75%, 0, 3, 2, 1.09, 14668, 371
13289, 0, 0, 19, 18, 2, 26.75%, 0, 3, 2, 1.09, 14674, 371
13294, 0, 0, 19, 18, 2, 26.75%, 0, 3, 2, 1.09, 14680, 371
13300, 0, 0, 19, 18, 2, 26.75%, 0, 3, 2, 1.09, 14686, 371
13305, 0, 0, 19, 18, 2, 26.75%, 0, 3, 2, 1.09, 14692, 371
13311, 0, 0, 19, 18, 2, 26.75%, 0, 3, 2, 1.09, 14698, 371
13316, 0, 0, 19, 18, 2, 26.75%, 0, 3, 2, 1.09, 14704, 371
13322, 0, 0, 19, 18, 2, 26.75%, 0, 3, 2, 1.09, 14710, 371
13327, 0, 0, 19, 18, 2, 26.75%, 0, 3, 2, 1.09, 14716, 371
13333, 0, 0, 19, 18, 2, 26.75%, 0, 3, 2, 1.09, 14722, 371
13338, 0, 0, 19, 18, 2, 26.75%, 0, 3, 2, 1.09, 14728, 371
13344, 0, 0, 19, 18, 2, 26.75%, 0, 3, 2, 1.09, 14734, 371
13349, 0, 0, 19, 18, 2, 26.75%, 0, 3, 2, 1.09, 14740, 371
13355, 0, 0, 19, 18, 2, 26.75%, 0, 3, 2, 1.09, 14746, 371
13360, 0, 0, 19, 18, 2, 26.75%, 0, 3, 2, 1.09, 14752, 371
13366, 0, 0, 19, 18, 2, 26.75%, 0, 3, 2, 1.09, 14758, 371
13371, 0, 0, 19, 18, 2, 26.75%, 0, 3, 2, 1.09, 14764, 371
13377, 0, 0, 19, 18, 2, 26.75%, 0, 3, 2, 1.09, 14770, 371
13382, 0, 0, 19, 18, 2, 26.75%, 0, 3, 2, 1.09, 14776, 371
13388, 0, 0, 19, 18, 2, 26.75%, 0, 3, 2, 1.09, 14782, 371
13393, 0, 0, 19, 18, 2, 26.75%, 0, 3, 2, 1.09, 14788, 371
13399, 0, 0, 19, 18, 2, 26.75%, 0, 3, 2, 1.09, 14794, 371
13404, 0, 0, 19, 18, 2, 26.75%, 0, 3, 2, 1.09, 14800, 371
13410, 0, 0, 19, 18, 2, 26.75%, 0, 3, 2, 1.09, 14806, 371
13415, 0, 0, 19, 18, 2, 26.75%, 0, 3, 2, 1.09, 14812, 371
13421, 0, 0, 19, 18, 2, 26.75%, 0, 3, 2, 1.09, 14818, 371
13426, 0, 0, 19, 18, 2, 26.75%, 0, 3, 2, 1.09, 14824, 371
13432, 0, 0, 19, 18, 2, 26.75%, 0, 3, 2, 1.09, 14830, 371
13437, 0, 0, 19, 18, 2, 26.75%, 0, 3, 2, 1.09, 14836, 371
13443, 0, 0, 19, 18, 2, 26.75%, 0, 3, 2, 1.09, 14842, 371
13448, 0, 0, 19, 18, 2, 26.75%, 0, 3, 2, 1.09, 14848, 371
13454, 0, 0, 19, 18, 2, 26.75%, 0, 3, 2, 1.09, 14854, 371
13459, 0, 0, 19, 18, 2, 26.75%, 0, 3, 2, 1.09, 14860, 371
13464, 0, 0, 19, 18, 2, 26.75%, 0, 3, 2, 1.09, 14866, 371
13470, 0, 0, 19, 18, 2, 26.75%, 0, 3, 2, 1.09, 14872, 371
13475, 0, 0, 19, 18, 2, 26.75%, 0, 3, 2, 1.09, 14878, 371
13481, 0, 0, 19, 18, 2, 26.75%, 0, 3, 2, 1.09, 14884, 371
13486, 0, 0, 19, 18, 2, 26.75%, 0, 3, 2, 1.09, 14890, 371
13492, 0, 0, 19, 18, 2, 26.75%, 0, 3, 2, 1.09, 14896, 371
13497, 0, 0, 19, 18, 2, 26.75%, 0, 3, 2, 1.09, 14902, 371
13503, 0, 0, 19, 18, 2, 26.75%, 0, 3, 2, 1.09, 14908, 371
13508, 0, 0, 19, 18, 2, 26.75%, 0, 3, 2, 1.09, 14914, 371
13514, 0, 0, 19, 18, 2, 26.75%, 0, 3, 2, 1.09, 14920, 371
13519, 0, 0, 19, 18, 2, 26.75%, 0, 3, 2, 1.09, 14926, 371
13525, 0, 0, 19, 18, 2, 26.75%, 0, 3, 2, 1.09, 14932, 371
13530, 0, 0, 19, 18, 2, 26.75%, 0, 3, 2, 1.09, 14938, 371
13536, 0, 0, 19, 18, 2, 26.75%, 0, 3, 2, 1.09, 14944, 371
13541, 0, 0, 19, 18, 2, 26.75%, 0, 3, 2, 1.09, 14950, 371
13547, 0, 0, 19, 18, 2, 26.75%, 0, 3, 2, 1.09, 14956, 371
13552, 0, 0, 19, 18, 2, 26.75%, 0, 3, 2, 1.09, 14962, 371
13558, 0, 0, 19, 18, 2, 26.75%, 0, 3, 2, 1.09, 14968, 371
13563, 0, 0, 19, 18, 2, 26.75%, 0, 3, 2, 1.09, 14974, 371
13569, 0, 0, 19, 18, 2, 26.75%, 0, 3, 2, 1.09, 14980, 371
13574, 0, 0, 19, 18, 2, 26.75%, 0, 3, 2, 1.09, 14986, 371
13580, 0, 0, 19, 18, 2, 26.75%, 0, 3, 2, 1.09, 14992, 371
13585, 0, 0, 19, 18, 2, 26.75%, 0, 3, 2, 1.09, 14998, 371
13591, 0, 0, 19, 18, 2, 26.75%, 0, 3, 2, 1.09, 15004, 371
13596, 0, 0, 19, 18, 2, 26.75%, 0, 3, 2, 1.09, 15010, 371
13602, 0, 0, 19, 18, 2, 26.75%, 0, 3, 2, 1.09, 15016, 371
13607, 0, 0, 19, 18, 2, 26.75%, 0, 3, 2, 1.09, 15022, 371
13613, 0, 0, 19, 18, 2, 26.75%, 0, 3, 2, 1.09, 15028, 371
13618, 0, 0, 19, 18, 2, 26.75%, 0, 3, 2, 1.09, 15034, 371
13624, 0, 0, 19, 18, 2, 26.75%, 0, 3, 2, 1.09, 15040, 371
13629, 0, 0, 19, 18, 2, 26.75%, 0, 3, 2, 1.09, 15046, 371
13635, 0, 0, 19, 18, 2, 26.75%, 0, 3, 2, 1.09, 15052, 371
13640, 0, 0, 19, 18, 2, 26.75%, 0, 3, 2, 1.09, 15058, 371
13645, 0, 0, 19, 18, 2, 26.75%, 0, 3, 2, 1.09, 15064, 371
13651, 0, 0, 19, 18, 2, 26.75%, 0, 3, 2, 1.09, 15070, 371
13656, 0, 0, 19, 18, 2, 26.75%, 0, 3, 2, 1.09, 15076, 371
13662, 0, 0, 19, 18, 2, 26.75%, 0, 3, 2, 1.09, 15082, 371
13667, 0, 0, 19, 18, 2, 26.75%, 0, 3, 2, 1.09, 15088, 371
13673, 0, 0, 19, 18, 2, 26.75%, 0, 3, 2, 1.09, 15094, 371
13678, 0, 0, 19, 18, 2, 26.75%, 0, 3, 2, 1.09, 15100, 371
13684, 0, 0, 19, 18, 2, 26.75%, 0, 3, 2, 1.09, 15106, 371
13689, 0, 0, 19, 18, 2, 26.75%, 0, 3, 2, 1.09, 15112, 371
13695, 0, 0, 19, 18, 2, 26.75%, 0, 3, 2, 1.09, 15118, 371
13700, 0, 0, 19, 18, 2, 26.75%, 0, 3, 2, 1.09, 15124, 371
13706, 0, 0, 19, 18, 2, 26.75%, 0, 3, 2, 1.09, 15130, 371
13711, 0, 0, 19, 18, 2, 26.75%, 0, 3, 2, 1.09, 15136, 371
13717, 0, 0, 19, 18, 2, 26.75%, 0, 3, 2, 1.09, 15142, 371
13722, 0, 0, 19, 18, 2, 26.75%, 0, 3, 2, 1.09, 15148, 371
13728, 0, 0, 19, 18, 2, 26.75%, 0, 3, 2, 1.09, 15154, 371
13733, 0, 0, 19, 18, 2, 26.75%, 0, 3, 2, 1.09, 15160, 371
13739, 0, 0, 19, 18, 2, 26.75%, 0, 3, 2, 1.09, 15166, 371
13744, 0, 0, 19, 18, 2, 26.75%, 0, 3, 2, 1.09, 15172, 371
13750, 0, 0, 19, 18, 2, 26.75%, 0, 3, 2, 1.09, 15178, 371
13755, 0, 0, 19, 18, 2, 26.75%, 0, 3, 2, 1.09, 15184, 371
13761, 0, 0, 19, 18, 2, 26.75%, 0, 3, 2, 1.09, 15190, 371
13766, 0, 0, 19, 18, 2, 26.75%, 0, 3, 2, 1.09, 15196, 371
13772, 0, 0, 19, 18, 2, 26.75%, 0, 3, 2, 1.09, 15202, 371
13777, 0, 0, 19, 18, 2, 26.75%, 0, 3, 2, 1.09, 15208, 371
13783, 0, 0, 19, 18, 2, 26.75%, 0, 3, 2, 1.09, 15214, 371
13788, 0, 0, 19, 18, 2, 26.75%, 0, 3, 2, 1.09, 15220, 371
13794, 0, 0, 19, 18, 2, 26.75%, 0, 3, 2, 1.09, 15226, 371
13799, 0, 0, 19, 18, 2, 26.75%, 0, 3, 2, 1.09, 15232, 371
13805, 0, 0, 19, 18, 2, 26.75%, 0, 3, 2, 1.09, 15238, 371
13810, 0, 0, 19, 18, 2, 26.75%, 0, 3, 2, 1.09, 15244, 371
13816, 0, 0, 19, 18, 2, 26.75%, 0, 3, 2, 1.09, 15250, 371
13821, 0, 0, 19, 18, 2, 26.75%, 0, 3, 2, 1.09, 15256, 371
13826, 0, 0, 19, 18, 2, 26.75%, 0, 3, 2, 1.09, 15262, 371
13832, 0, 0, 19, 18, 2, 26.75%, 0, 3, 2, 1.09, 15268, 371
13837, 0, 0, 19, 18, 2, 26.75%, 0, 3, 2, 1.09, 15274, 371
13843, 0, 0, 19, 18, 2, 26.75%, 0, 3, 2, 1.09, 15280, 371
13848, 0, 0, 19, 18, 2, 26.75%, 0, 3, 2, 1.09, 15286, 371
13854, 0, 0, 19, 18, 2, 26.75%, 0, 3, 2, 1.09, 15292, 371
13859, 0, 0, 19, 18, 2, 26.75%, 0, 3, 2, 1.09, 15298, 371
13865, 0, 0, 19, 18, 2, 26.75%, 0, 3, 2, 1.09, 15304, 371
13870, 0, 0, 19, 18, 2, 26.75%, 0, 3, 2, 1.09, 15310, 371
13876, 0, 0, 19, 18, 2, 26.75%, 0, 3, 2, 1.09, 15316, 371
13881, 0, 0, 19, 18, 2, 26.75%, 0, 3, 2, 1.09, 15322, 371
13887, 0, 0, 19, 18, 2, 26.75%, 0, 3, 2, 1.09, 15328, 371
13892, 0, 0, 19, 18, 2, 26.75%, 0, 3, 2, 1.09, 15334, 371
13898, 0, 0, 19, 18, 2, 26.75%, 0, 3, 2, 1.09, 15340, 371
13903, 0, 0, 19, 18, 2, 26.75%, 0, 3, 2, 1.09, 15346, 371
13909, 0, 0, 19, 18, 2, 26.75%, 0, 3, 2, 1.09, 15352, 371
13914, 0, 0, 19, 18, 2, 26.75%, 0, 3, 2, 1.09, 15358, 371
13920, 0, 0, 19, 18, 2, 26.75%, 0, 3, 2, 1.09, 15364, 371
13925, 0, 0, 19, 18, 2, 26.75%, 0, 3, 2, 1.09, 15370, 371
13931, 0, 0, 19, 18, 2, 26.75%, 0, 3, 2, 1.09, 15376, 371
13936, 0, 0, 19, 18, 2, 26.75%, 0, 3, 2, 1.09, 15382, 371
13942, 0, 0, 19, 18, 2, 26.75%, 0, 3, 2, 1.09, 15388, 371
13947, 0, 0, 19, 18, 2, 26.75%, 0, 3, 2, 1.09, 15394, 371
13953, 0, 0, 19, 18, 2, 26.75%, 0, 3, 2, 1.09, 15400, 371
13958, 0, 0, 19, 18, 2, 26.75%, 0, 3, 2, 1.09, 15406, 371
13964, 0, 0, 19, 18, 2, 26.75%, 0, 3, 2, 1.09, 15412, 371
13969, 0, 0, 19, 18, 2, 26.75%, 0, 3, 2, 1.09, 15418, 371
13975, 0, 0, 19, 18, 2, 26.75%, 0, 3, 2, 1.09, 15424, 371
13980, 0, 0, 19, 18, 2, 26.75%, 0, 3, 2, 1.09, 15430, 371
13986, 0, 0, 19, 18, 2, 26.75%, 0, 3, 2, 1.09, 15436, 371
13991, 0, 0, 19, 18, 2, 26.75%, 0, 3, 2, 1.09, 15442, 371
13996, 0, 0, 19, 18, 2, 26.75%, 0, 3, 2, 1.09, 15448, 371
14002, 0, 0, 19, 18, 2, 26.75%, 0, 3, 2, 1.09, 15454, 371
14007, 0, 0, 19, 18, 2, 26.75%, 0, 3, 2, 1.09, 15460, 371
14013, 0, 0, 19, 18, 2, 26.75%, 0, 3, 2, 1.09, 15466, 371
14018, 0, 0, 19, 18, 2, 26.75%, 0, 3, 2, 1.09, 15472, 371
14024, 0, 0, 19, 18, 2, 26.75%, 0, 3, 2, 1.09, 15478, 371
14029, 0, 0, 19, 18, 2, 26.75%, 0, 3, 2, 1.09, 15484, 371
14035, 0, 0, 19, 18, 2, 26.75%, 0, 3, 2, 1.09, 15490, 371
14040, 0, 0, 19, 18, 2, 26.75%, 0, 3, 2, 1.09, 15496, 371
14046, 0, 0, 19, 18, 2, 26.75%, 0, 3, 2, 1.09, 15502, 371
14051, 0, 0, 19, 18, 2, 26.75%, 0, 3, 2, 1.09, 15508, 371
14057, 0, 0, 19, 18, 2, 26.75%, 0, 3, 2, 1.09, 15514, 371
14062, 0, 0, 19, 18, 2, 26.75%, 0, 3, 2, 1.09, 15520, 371
14068, 0, 0, 19, 18, 2, 26.75%, 0, 3, 2, 1.09, 15526, 371
14073, 0, 0, 19, 18, 2, 26.75%, 0, 3, 2, 1.09, 15532, 371
14079, 0, 0, 19, 18, 2, 26.75%, 0, 3, 2, 1.09, 15538, 371
14084, 0, 0, 19, 18, 2, 26.75%, 0, 3, 2, 1.09, 15544, 371
14090, 0, 0, 19, 18, 2, 26.75%, 0, 3, 2, 1.09, 15550, 371
14095, 0, 0, 19, 18, 2, 26.75%, 0, 3, 2, 1.09, 15556, 371
14101, 0, 0, 19, 18, 2, 26.75%, 0, 3, 2, 1.09, 15562, 371
14106, 0, 0, 19, 18, 2, 26.75%, 0, 3, 2, 1.09, 15568, 371
14112, 0, 0, 19, 18, 2, 26.75%, 0, 3, 2, 1.09, 15574, 371
14117, 0, 0, 19, 18, 2, 26.75%, 0, 3, 2, 1.09, 15580, 371
14123, 0, 0, 19, 18, 2, 26.75%, 0, 3, 2, 1.09, 15586, 371
14128, 0, 0, 19, 18, 2, 26.75%, 0, 3, 2, 1.09, 15592, 371
14134, 0, 0, 19, 18, 2, 26.75%, 0, 3, 2, 1.09, 15598, 371
14139, 0, 0, 19, 18, 2, 26.75%, 0, 3, 2, 1.09, 15604, 371
14145, 0, 0, 19, 18, 2, 26.75%, 0, 3, 2, 1.09, 15610, 371
14150, 0, 0, 19, 18, 2, 26.75%, 0, 3, 2, 1.09, 15616, 371
14155, 0, 0, 19, 18, 2, 26.75%, 0, 3, 2, 1.09, 15622, 371
14161, 0, 0, 19, 18, 2, 26.75%, 0, 3, 2, 1.09, 15628, 371
14166, 0, 0, 19, 18, 2, 26.75%, 0, 3, 2, 1.09, 15634, 371
14172, 0, 0, 19, 18, 2, 26.75%, 0, 3, 2, 1.09, 15640, 371
14177, 0, 0, 19, 18, 2, 26.75%, 0, 3, 2, 1.09, 15646, 371
14183, 0, 0, 19, 18, 2, 26.75%, 0, 3, 2, 1.09, 15652, 371
14188, 0, 0, 19, 18, 2, 26.75%, 0, 3, 2, 1.09, 15658, 371
14194, 0, 0, 19, 18, 2, 26.75%, 0, 3, 2, 1.09, 15664, 371
14199, 0, 0, 19, 18, 2, 26.75%, 0, 3, 2, 1.09, 15670, 371
14205, 0, 0, 19, 18, 2, 26.75%, 0, 3, 2, 1.09, 15676, 371
14210, 0, 0, 19, 18, 2, 26.75%, 0, 3, 2, 1.09, 15682, 371
14216, 0, 0, 19, 18, 2, 26.75%, 0, 3, 2, 1.09, 15688, 371
14221, 0, 0, 19, 18, 2, 26.75%, 0, 3, 2, 1.09, 15694, 371
14227, 0, 0, 19, 18, 2, 26.75%, 0, 3, 2, 1.09, 15700, 371
14232, 0, 0, 19, 18, 2, 26.75%, 0, 3, 2, 1.09, 15706, 371
14238, 0, 0, 19, 18, 2, 26.75%, 0, 3, 2, 1.09, 15712, 371
14243, 0, 0, 19, 18, 2, 26.75%, 0, 3, 2, 1.09, 15718, 371
14249, 0, 0, 19, 18, 2, 26.75%, 0, 3, 2, 1.09, 15724, 371
14254, 0, 0, 19, 18, 2, 26.75%, 0, 3, 2, 1.01, 15731, 371
14259, 0, 0, 19, 18, 2, 26.75%, 0, 3, 2, 1.03, 15737, 371
14265, 0, 0, 19, 18, 2, 26.75%, 0, 3, 2, 1.05, 15743, 371
14270, 0, 0, 19, 18, 2, 26.75%, 0, 3, 2, 1.07, 15749, 371
14276, 0, 0, 19, 18, 2, 26.75%, 0, 3, 2, 1.08, 15755, 371
14281, 0, 0, 19, 18, 2, 26.75%, 0, 3, 2, 1.08, 15761, 371
14287, 0, 0, 19, 18, 2, 26.75%, 0, 3, 2, 1.09, 15767, 371
14292, 0, 0, 19, 18, 2, 26.75%, 0, 3, 2, 1.09, 15773, 371
14298, 0, 0, 19, 18, 2, 26.75%, 0, 3, 2, 1.09, 15779, 371
14303, 0, 0, 19, 18, 2, 26.75%, 0, 3, 2, 1.09, 15785, 371
14309, 0, 0, 19, 18, 2, 26.75%, 0, 3, 2, 1.09, 15791, 371
14314, 0, 0, 19, 18, 2, 26.75%, 0, 3, 2, 1.09, 15797, 371
14320, 0, 0, 19, 18, 2, 26.75%, 0, 3, 2, 1.09, 15803, 371
14325, 0, 0, 19, 18, 2, 26.75%, 0, 3, 2, 1.09, 15809, 371
14330, 0, 0, 19, 18, 2, 26.75%, 0, 3, 2, 1.09, 15815, 371
14336, 0, 0, 19, 18, 2, 26.75%, 0, 3, 2, 1.09, 15821, 371
14341, 0, 0, 19, 18, 2, 26.75%, 0, 3, 2, 1.09, 15827, 371
14347, 0, 0, 19, 18, 2, 26.75%, 0, 3, 2, 1.09, 15833, 371
14352, 0, 0, 19, 18, 2, 26.75%, 0, 3, 2, 1.09, 15839, 371
14358, 0, 0, 19, 18, 2, 26.75%, 0, 3, 2, 1.09, 15845, 371
14363, 0, 0, 19, 18, 2, 26.75%, 0, 3, 2, 1.09, 15851, 371
14369, 0, 0, 19, 18, 2, 26.75%, 0, 3, 2, 1.09, 15857, 371
14374, 0, 0, 19, 18, 2, 26.75%, 0, 3, 2, 1.09, 15863, 371
14380, 0, 0, 19, 18, 2, 26.75%, 0, 3, 2, 1.09, 15869, 371
14385, 0, 0, 19, 18, 2, 26.75%, 0, 3, 2, 1.09, 15875, 371
14391, 0, 0, 19, 18, 2, 26.75%, 0, 3, 2, 1.09, 15881, 371
14396, 0, 0, 19, 18, 2, 26.75%, 0, 3, 2, 1.09, 15887, 371
14402, 0, 0, 19, 18, 2, 26.75%, 0, 3, 2, 1.09, 15893, 371
14407, 0, 0, 19, 18, 2, 26.75%, 0, 3, 2, 1.09, 15899, 371
14413, 0, 0, 19, 18, 2, 26.75%, 0, 3, 2, 1.09, 15905, 371
14418, 0, 0, 19, 18, 2, 26.75%, 0, 3, 2, 1.09, 15911, 371
14424, 0, 0, 19, 18, 2, 26.75%, 0, 3, 2, 1.09, 15917, 371
14429, 0, 0, 19, 18, 2, 26.75%, 0, 3, 2, 1.09, 15923, 371
14435, 0, 0, 19, 18, 2, 26.75%, 0, 3, 2, 1.09, 15929, 371
14440, 0, 0, 19, 18, 2, 26.75%, 0, 3, 2, 1.09, 15935, 371
14446, 0, 0, 19, 18, 2, 26.75%, 0, 3, 2, 1.09, 15941, 371
14451, 0, 0, 19, 18, 2, 26.75%, 0, 3, 2, 1.09, 15947, 371
14457, 0, 0, 19, 18, 2, 26.75%, 0, 3, 2, 1.09, 15953, 371
14462, 0, 0, 19, 18, 2, 26.75%, 0, 3, 2, 1.09, 15959, 371
14468, 0, 0, 19, 18, 2, 26.75%, 0, 3, 2, 5.02, 15973, 371
14474, 0, 0, 19, 18, 2, 26.75%, 0, 3, 2, 4.31, 15986, 371
14479, 0, 0, 19, 18, 2, 26.75%, 0, 3, 2, 3.94, 15998, 371
14484, 0, 0, 19, 18, 2, 26.75%, 0, 3, 2, 3.02, 16004, 371
14490, 0, 0, 19, 18, 2, 26.75%, 0, 3, 2, 2.40, 16010, 371
14495, 0, 0, 19, 18, 2, 26.75%, 0, 3, 2, 1.98, 16016, 371
14501, 0, 0, 19, 18, 2, 26.75%, 0, 3, 2, 1.70, 16022, 371
14506, 0, 0, 19, 18, 2, 26.75%, 0, 3, 2, 1.50, 16028, 371
14512, 0, 0, 19, 18, 2, 26.75%, 0, 3, 2, 1.37, 16034, 371
14517, 0, 0, 19, 18, 2, 26.75%, 0, 3, 2, 1.28, 16040, 371
14523, 0, 0, 19, 18, 2, 26.75%, 0, 3, 2, 1.22, 16046, 371
14528, 0, 0, 19, 18, 2, 26.75%, 0, 3, 2, 1.18, 16052, 371
14534, 0, 0, 19, 18, 2, 26.75%, 0, 3, 2, 1.15, 16058, 371
14539, 0, 0, 19, 18, 2, 26.75%, 0, 3, 2, 1.13, 16064, 371
14545, 0, 0, 19, 18, 2, 26.75%, 0, 3, 2, 1.12, 16070, 371
14550, 0, 0, 19, 18, 2, 26.75%, 0, 3, 2, 1.11, 16076, 371
14555, 0, 0, 19, 18, 2, 26.75%, 0, 3, 2, 1.11, 16082, 371
14561, 0, 0, 19, 18, 2, 26.75%, 0, 3, 2, 1.10, 16088, 371
14566, 0, 0, 19, 18, 2, 26.75%, 0, 3, 2, 1.10, 16094, 371
14572, 0, 0, 19, 18, 2, 26.75%, 0, 3, 2, 1.10, 16100, 371
14577, 0, 0, 19, 18, 2, 26.75%, 0, 3, 2, 1.10, 16106, 371
14583, 0, 0, 19, 18, 2, 26.75%, 0, 3, 2, 1.10, 16112, 371
14588, 0, 0, 19, 18, 2, 26.75%, 0, 3, 2, 1.10, 16118, 371
14594, 0, 0, 19, 18, 2, 26.75%, 0, 3, 2, 1.10, 16124, 371
14599, 0, 0, 19, 18, 2, 26.75%, 0, 3, 2, 1.09, 16130, 371
14605, 0, 0, 19, 18, 2, 26.75%, 0, 3, 2, 1.09, 16136, 371
14610, 0, 0, 19, 18, 2, 26.75%, 0, 3, 2, 1.09, 16142, 371
14616, 0, 0, 19, 18, 2, 26.75%, 0, 3, 2, 1.09, 16148, 371
14621, 0, 0, 19, 18, 2, 26.75%, 0, 3, 2, 1.09, 16154, 371
14627, 0, 0, 19, 18, 2, 26.75%, 0, 3, 2, 1.09, 16160, 371
14632, 0, 0, 19, 18, 2, 26.75%, 0, 3, 2, 1.09, 16166, 371
14638, 0, 0, 19, 18, 2, 26.75%, 0, 3, 2, 1.09, 16172, 371
14643, 0, 0, 19, 18, 2, 26.75%, 0, 3, 2, 1.09, 16178, 371
14649, 0, 0, 19, 18, 2, 26.75%, 0, 3, 2, 1.09, 16184, 371
14654, 0, 0, 19, 18, 2, 26.75%, 0, 3, 2, 1.09, 16190, 371
14660, 0, 0, 19, 18, 2, 26.75%, 0, 3, 2, 1.09, 16196, 371
14665, 0, 0, 19, 18, 2, 26.75%, 0, 3, 2, 1.09, 16202, 371
14671, 0, 0, 19, 18, 2, 26.75%, 0, 3, 2, 1.09, 16208, 371
14676, 0, 0, 19, 18, 2, 26.75%, 0, 3, 2, 1.09, 16214, 371
14682, 0, 0, 19, 18, 2, 26.75%, 0, 3, 2, 1.09, 16220, 371
14687, 0, 0, 19, 18, 2, 26.75%, 0, 3, 2, 1.09, 16226, 371
14693, 0, 0, 19, 18, 2, 26.75%, 0, 3, 2, 1.09, 16232, 371
14698, 0, 0, 19, 18, 2, 26.75%, 0, 3, 2, 1.09, 16238, 371
14704, 0, 0, 19, 18, 2, 26.75%, 0, 3, 2, 1.09, 16244, 371
14709, 0, 0, 19, 18, 2, 26.75%, 0, 3, 2, 1.09, 16250, 371
14714, 0, 0, 19, 18, 2, 26.75%, 0, 3, 2, 1.09, 16256, 371
14720, 0, 0, 19, 18, 2, 26.75%, 0, 3, 2, 1.09, 16262, 371
14725, 0, 0, 19, 18, 2, 26.75%, 0, 3, 2, 1.09, 16268, 371
14731, 0, 0, 19, 18, 2, 26.75%, 0, 3, 2, 1.09, 16274, 371
14736, 0, 0, 19, 18, 2, 26.75%, 0, 3, 2, 1.09, 16280, 371
14742, 0, 0, 19, 18, 2, 26.75%, 0, 3, 2, 1.09, 16286, 371
14747, 0, 0, 19, 18, 2, 26.75%, 0, 3, 2, 1.09, 16292, 371
14753, 0, 0, 19, 18, 2, 26.75%, 0, 3, 2, 1.09, 16298, 371
14758, 0, 0, 19, 18, 2, 26.75%, 0, 3, 2, 1.09, 16304, 371
14764, 0, 0, 19, 18, 2, 26.75%, 0, 3, 2, 1.09, 16310, 371
14769, 0, 0, 19, 18, 2, 26.75%, 0, 3, 2, 1.09, 16316, 371
14775, 0, 0, 19, 18, 2, 26.75%, 0, 3, 2, 1.09, 16322, 371
14780, 0, 0, 19, 18, 2, 26.75%, 0, 3, 2, 1.09, 16328, 371
14786, 0, 0, 19, 18, 2, 26.75%, 0, 3, 2, 1.09, 16334, 371
14791, 0, 0, 19, 18, 2, 26.75%, 0, 3, 2, 1.09, 16340, 371
14797, 0, 0, 19, 18, 2, 26.75%, 0, 3, 2, 1.09, 16346, 371
14802, 0, 0, 19, 18, 2, 26.75%, 0, 3, 2, 1.09, 16352, 371
14808, 0, 0, 19, 18, 2, 26.75%, 0, 3, 2, 1.09, 16358, 371
14813, 0, 0, 19, 18, 2, 26.75%, 0, 3, 2, 1.09, 16364, 371
14819, 0, 0, 19, 18, 2, 26.75%, 0, 3, 2, 1.09, 16370, 371
14824, 0, 0, 19, 18, 2, 26.75%, 0, 3, 2, 1.09, 16376, 371
14830, 0, 0, 19, 18, 2, 26.75%, 0, 3, 2, 1.09, 16382, 371
14835, 0, 0, 19, 18, 2, 26.75%, 0, 3, 2, 1.09, 16388, 371
14841, 0, 0, 19, 18, 2, 26.75%, 0, 3, 2, 1.09, 16394, 371
14846, 0, 0, 19, 18, 2, 26.75%, 0, 3, 2, 1.09, 16400, 371
14852, 0, 0, 19, 18, 2, 26.75%, 0, 3, 2, 1.09, 16406, 371
14857, 0, 0, 19, 18, 2, 26.75%, 0, 3, 2, 1.09, 16412, 371
14863, 0, 0, 19, 18, 2, 26.75%, 0, 3, 2, 1.09, 16418, 371
14868, 0, 0, 19, 18, 2, 26.75%, 0, 3, 2, 1.09, 16424, 371
14878, 0, 0, 20, 19, 2, 26.75%, 0, 3, 2, 1.09, 16435, 371
14889, 0, 0, 21, 20, 2, 26.75%, 0, 3, 2, 1.09, 16447, 371
14895, 0, 0, 21, 20, 2, 26.75%, 0, 3, 2, 1.09, 16453, 371
14900, 0, 0, 21, 20, 2, 26.75%, 0, 3, 2, 1.09, 16459, 371
14906, 0, 0, 21, 20, 2, 26.75%, 0, 3, 2, 1.09, 16465, 371
14911, 0, 0, 21, 20, 2, 26.75%, 0, 3, 2, 1.09, 16471, 371
14916, 0, 0, 21, 20, 2, 26.75%, 0, 3, 2, 1.09, 16477, 371
14922, 0, 0, 21, 20, 2, 26.75%, 0, 3, 2, 1.09, 16483, 371
14927, 0, 0, 21, 20, 2, 26.75%, 0, 3, 2, 1.09, 16489, 371
14933, 0, 0, 21, 20, 2, 26.75%, 0, 3, 2, 1.09, 16495, 371
14938, 0, 0, 21, 20, 2, 26.75%, 0, 3, 2, 1.09, 16501, 371
14944, 0, 0, 21, 20, 2, 26.75%, 0, 3, 2, 1.09, 16507, 371
14949, 0, 0, 21, 20, 2, 26.75%, 0, 3, 2, 1.09, 16513, 371
14955, 0, 0, 21, 20, 2, 26.75%, 0, 3, 2, 1.09, 16519, 371
14960, 0, 0, 21, 20, 2, 26.75%, 0, 3, 2, 1.09, 16525, 371
14966, 0, 0, 21, 20, 2, 26.75%, 0, 3, 2, 1.09, 16531, 371
14971, 0, 0, 21, 20, 2, 26.75%, 0, 3, 2, 1.09, 16537, 371
14977, 0, 0, 21, 20, 2, 26.75%, 0, 3, 2, 1.09, 16543, 371
14982, 0, 0, 21, 20, 2, 26.75%, 0, 3, 2, 1.09, 16549, 371
14988, 0, 0, 21, 20, 2, 26.75%, 0, 3, 2, 1.09, 16555, 371
14993, 0, 0, 21, 20, 2, 26.75%, 0, 3, 2, 1.09, 16561, 371
14999, 0, 0, 21, 20, 2, 26.75%, 0, 3, 2, 1.09, 16567, 371
15004, 0, 0, 21, 20, 2, 26.75%, 0, 3, 2, 1.09, 16573, 371
15010, 0, 0, 21, 20, 2, 26.75%, 0, 3, 2, 1.09, 16579, 371
15015, 0, 0, 21, 20, 2, 26.75%, 0, 3, 2, 1.09, 16585, 371
15021, 0, 0, 21, 20, 2, 26.75%, 0, 3, 2, 1.09, 16591, 371
15026, 0, 0, 21, 20, 2, 26.75%, 0, 3, 2, 1.09, 16597, 371
15032, 0, 0, 21, 20, 2, 26.75%, 0, 3, 2, 1.09, 16603, 371
15037, 0, 0, 21, 20, 2, 26.75%, 0, 3, 2, 1.09, 16609, 371
15043, 0, 0, 21, 20, 2, 26.75%, 0, 3, 2, 1.09, 16615, 371
15048, 0, 0, 21, 20, 2, 26.75%, 0, 3, 2, 1.09, 16621, 371
15054, 0, 0, 21, 20, 2, 26.75%, 0, 3, 2, 1.09, 16627, 371
15059, 0, 0, 21, 20, 2, 26.75%, 0, 3, 2, 1.09, 16633, 371
15065, 0, 0, 21, 20, 2, 26.75%, 0, 3, 2, 1.00, 16652, 371
15071, 0, 0, 21, 20, 2, 26.75%, 0, 3, 2, 1.04, 16660, 371
15076, 0, 0, 21, 20, 2, 26.75%, 0, 3, 2, 1.00, 16670, 371
15081, 0, 0, 21, 20, 2, 26.75%, 0, 3, 2, 5.46, 16685, 371
15086, 0, 0, 21, 20, 2, 26.75%, 0, 3, 2, 1.00, 16692, 371
15092, 0, 0, 21, 20, 2, 26.75%, 0, 3, 2, 5.36, 16711, 371
15097, 0, 0, 21, 20, 2, 26.75%, 0, 3, 2, 1.00, 16724, 371
15103, 0, 0, 21, 20, 2, 26.75%, 0, 3, 2, 1.04, 16735, 371
15108, 0, 0, 21, 20, 2, 26.75%, 0, 3, 2, 2.15, 16750, 371
15113, 0, 0, 21, 20, 2, 26.75%, 0, 3, 2, 2.52, 16761, 371
15119, 0, 0, 21, 20, 2, 26.75%, 0, 3, 2, 2.68, 16772, 371
15124, 0, 0, 21, 20, 2, 26.75%, 0, 3, 2, 2.40, 16780, 371
15130, 0, 0, 21, 20, 2, 26.75%, 0, 3, 2, 1.98, 16786, 371
15135, 0, 0, 21, 20, 2, 26.75%, 0, 3, 2, 1.70, 16792, 371
15140, 0, 0, 21, 20, 2, 26.75%, 0, 3, 2, 1.50, 16798, 371
15146, 0, 0, 21, 20, 2, 26.75%, 0, 3, 2, 1.37, 16804, 371
15151, 0, 0, 21, 20, 2, 26.75%, 0, 3, 2, 1.28, 16810, 371
15157, 0, 0, 21, 20, 2, 26.75%, 0, 3, 2, 1.22, 16816, 371
15162, 0, 0, 21, 20, 2, 26.75%, 0, 3, 2, 1.18, 16822, 371
15168, 0, 0, 21, 20, 2, 26.75%, 0, 3, 2, 1.15, 16828, 371
15173, 0, 0, 21, 20, 2, 26.75%, 0, 3, 2, 1.13, 16834, 371
15179, 0, 0, 21, 20, 2, 26.75%, 0, 3, 2, 1.12, 16840, 371
15184, 0, 0, 21, 20, 2, 26.75%, 0, 3, 2, 1.11, 16846, 371
15190, 0, 0, 21, 20, 2, 26.75%, 0, 3, 2, 1.11, 16852, 371
15195, 0, 0, 21, 20, 2, 26.75%, 0, 3, 2, 1.10, 16858, 371
15201, 0, 0, 21, 20, 2, 26.75%, 0, 3, 2, 1.10, 16864, 371
15206, 0, 0, 21, 20, 2, 26.75%, 0, 3, 2, 1.10, 16870, 371
15212, 0, 0, 21, 20, 2, 26.75%, 0, 3, 2, 1.10, 16876, 371
15217, 0, 0, 21, 20, 2, 26.75%, 0, 3, 2, 1.10, 16882, 371
15223, 0, 0, 21, 20, 2, 26.75%, 0, 3, 2, 1.10, 16888, 371
15228, 0, 0, 21, 20, 2, 26.75%, 0, 3, 2, 1.09, 16894, 371
15234, 0, 0, 21, 20, 2, 26.75%, 0, 3, 2, 1.09, 16900, 371
15239, 0, 0, 21, 20, 2, 26.75%, 0, 3, 2, 1.09, 16906, 371
15245, 0, 0, 21, 20, 2, 26.75%, 0, 3, 2, 1.09, 16912, 371
15250, 0, 0, 21, 20, 2, 26.75%, 0, 3, 2, 1.09, 16918, 371
15256, 0, 0, 21, 20, 2, 26.75%, 0, 3, 2, 1.09, 16924, 371
15261, 0, 0, 21, 20, 2, 26.75%, 0, 3, 2, 1.09, 16930, 371
15267, 0, 0, 21, 20, 2, 26.75%, 0, 3, 2, 1.09, 16936, 371
15272, 0, 0, 21, 20, 2, 26.75%, 0, 3, 2, 1.09, 16942, 371
15278, 0, 0, 21, 20, 2, 26.75%, 0, 3, 2, 1.09, 16948, 371
15283, 0, 0, 21, 20, 2, 26.75%, 0, 3, 2, 1.09, 16954, 371
15289, 0, 0, 21, 20, 2, 26.75%, 0, 3, 2, 1.09, 16960, 371
15294, 0, 0, 21, 20, 2, 26.75%, 0, 3, 2, 1.09, 16966, 371
15300, 0, 0, 21, 20, 2, 26.75%, 0, 3, 2, 1.09, 16972, 371
15305, 0, 0, 21, 20, 2, 26.75%, 0, 3, 2, 1.09, 16978, 371
15310, 0, 0, 21, 20, 2, 26.75%, 0, 3, 2, 1.09, 16984, 371
15316, 0, 0, 21, 20, 2, 26.75%, 0, 3, 2, 1.09, 16990, 371
15321, 0, 0, 21, 20, 2, 26.75%, 0, 3, 2, 1.09, 16996, 371
15327, 0, 0, 21, 20, 2, 26.75%, 0, 3, 2, 1.09, 17002, 371
15332, 0, 0, 21, 20, 2, 26.75%, 0, 3, 2, 1.09, 17008, 371
15338, 0, 0, 21, 20, 2, 26.75%, 0, 3, 2, 1.09, 17014, 371
15343, 0, 0, 21, 20, 2, 26.75%, 0, 3, 2, 1.09, 17020, 371
15349, 0, 0, 21, 20, 2, 26.75%, 0, 3, 2, 1.09, 17026, 371
15354, 0, 0, 21, 20, 2, 26.75%, 0, 3, 2, 1.09, 17032, 371
15360, 0, 0, 21, 20, 2, 26.75%, 0, 3, 2, 1.09, 17038, 371
15365, 0, 0, 21, 20, 2, 26.75%, 0, 3, 2, 1.09, 17044, 371
15371, 0, 0, 21, 20, 2, 26.75%, 0, 3, 2, 1.09, 17050, 371
15376, 0, 0, 21, 20, 2, 26.75%, 0, 3, 2, 1.09, 17056, 371
15382, 0, 0, 21, 20, 2, 26.75%, 0, 3, 2, 1.09, 17062, 371
15387, 0, 0, 21, 20, 2, 26.75%, 0, 3, 2, 1.09, 17068, 371
15393, 0, 0, 21, 20, 2, 26.75%, 0, 3, 2, 1.09, 17074, 371
15398, 0, 0, 21, 20, 2, 26.75%, 0, 3, 2, 1.09, 17080, 371
15404, 0, 0, 21, 20, 2, 26.75%, 0, 3, 2, 1.09, 17086, 371
15409, 0, 0, 21, 20, 2, 26.75%, 0, 3, 2, 1.09, 17092, 371
15415, 0, 0, 21, 20, 2, 26.75%, 0, 3, 2, 1.09, 17098, 371
15420, 0, 0, 21, 20, 2, 26.75%, 0, 3, 2, 1.09, 17104, 371
15426, 0, 0, 21, 20, 2, 26.75%, 0, 3, 2, 1.09, 17110, 371
15431, 0, 0, 21, 20, 2, 26.75%, 0, 3, 2, 1.09, 17116, 371
15437, 0, 0, 21, 20, 2, 26.75%, 0, 3, 2, 1.09, 17122, 371
15442, 0, 0, 21, 20, 2, 26.75%, 0, 3, 2, 1.09, 17128, 371
15448, 0, 0, 21, 20, 2, 26.75%, 0, 3, 2, 1.09, 17134, 371
15453, 0, 0, 21, 20, 2, 26.75%, 0, 3, 2, 1.09, 17140, 371
15459, 0, 0, 21, 20, 2, 26.75%, 0, 3, 2, 1.09, 17146, 371
15464, 0, 0, 21, 20, 2, 26.75%, 0, 3, 2, 1.09, 17152, 371
15469, 0, 0, 21, 20, 2, 26.75%, 0, 3, 2, 1.09, 17158, 371
15475, 0, 0, 21, 20, 2, 26.75%, 0, 3, 2, 1.09, 17164, 371
15480, 0, 0, 21, 20, 2, 26.75%, 0, 3, 2, 1.09, 17170, 371
15486, 0, 0, 21, 20, 2, 26.75%, 0, 3, 2, 1.09, 17176, 371
15491, 0, 0, 21, 20, 2, 26.75%, 0, 3, 2, 1.09, 17182, 371
15497, 0, 0, 21, 20, 2, 26.75%, 0, 3, 2, 1.09, 17188, 371
15502, 0, 0, 21, 20, 2, 26.75%, 0, 3, 2, 1.09, 17194, 371
15508, 0, 0, 21, 20, 2, 26.75%, 0, 3, 2, 1.09, 17200, 371
15513, 0, 0, 21, 20, 2, 26.75%, 0, 3, 2, 1.09, 17206, 371
15519, 0, 0, 21, 20, 2, 26.75%, 0, 3, 2, 1.09, 17212, 371
15524, 0, 0, 21, 20, 2, 26.75%, 0, 3, 2, 1.09, 17218, 371
15530, 0, 0, 21, 20, 2, 26.75%, 0, 3, 2, 1.09, 17224, 371
15535, 0, 0, 21, 20, 2, 26.75%, 0, 3, 2, 1.09, 17230, 371
15541, 0, 0, 21, 20, 2, 26.75%, 0, 3, 2, 1.09, 17236, 371
15546, 0, 0, 21, 20, 2, 26.75%, 0, 3, 2, 1.09, 17242, 371
15552, 0, 0, 21, 20, 2, 26.75%, 0, 3, 2, 1.09, 17248, 371
15557, 0, 0, 21, 20, 2, 26.75%, 0, 3, 2, 1.09, 17254, 371
15563, 0, 0, 21, 20, 2, 26.75%, 0, 3, 2, 1.09, 17260, 371
15568, 0, 0, 21, 20, 2, 26.75%, 0, 3, 2, 1.09, 17266, 371
15574, 0, 0, 21, 20, 2, 26.75%, 0, 3, 2, 1.09, 17272, 371
15579, 0, 0, 21, 20, 2, 26.75%, 0, 3, 2, 1.09, 17278, 371
15585, 0, 0, 21, 20, 2, 26.75%, 0, 3, 2, 1.09, 17284, 371
15590, 0, 0, 21, 20, 2, 26.75%, 0, 3, 2, 1.09, 17290, 371
15596, 0, 0, 21, 20, 2, 26.75%, 0, 3, 2, 1.09, 17296, 371
15601, 0, 0, 21, 20, 2, 26.75%, 0, 3, 2, 1.09, 17302, 371
15607, 0, 0, 21, 20, 2, 26.75%, 0, 3, 2, 1.09, 17308, 371
15612, 0, 0, 21, 20, 2, 26.75%, 0, 3, 2, 1.09, 17314, 371
15618, 0, 0, 21, 20, 2, 26.75%, 0, 3, 2, 1.09, 17320, 371
15623, 0, 0, 21, 20, 2, 26.75%, 0, 3, 2, 1.09, 17326, 371
15629, 0, 0, 21, 20, 2, 26.75%, 0, 3, 2, 1.09, 17332, 371
15634, 0, 0, 21, 20, 2, 26.75%, 0, 3, 2, 1.09, 17338, 371
15640, 0, 0, 21, 20, 2, 26.75%, 0, 3, 2, 1.09, 17344, 371
15645, 0, 0, 21, 20, 2, 26.75%, 0, 3, 2, 1.09, 17350, 371
15650, 0, 0, 21, 20, 2, 26.75%, 0, 3, 2, 1.09, 17356, 371
15656, 0, 0, 21, 20, 2, 26.75%, 0, 3, 2, 1.09, 17362, 371
15661, 0, 0, 21, 20, 2, 26.75%, 0, 3, 2, 1.09, 17368, 371
15667, 0, 0, 21, 20, 2, 26.75%, 0, 3, 2, 1.09, 17374, 371
15672, 0, 0, 21, 20, 2, 26.75%, 0, 3, 2, 1.09, 17380, 371
15678, 0, 0, 21, 20, 2, 26.75%, 0, 3, 2, 1.09, 17386, 371
15683, 0, 0, 21, 20, 2, 26.75%, 0, 3, 2, 1.09, 17392, 371
15689, 0, 0, 21, 20, 2, 26.75%, 0, 3, 2, 1.09, 17398, 371
15694, 0, 0, 21, 20, 2, 26.75%, 0, 3, 2, 1.09, 17404, 371
15700, 0, 0, 21, 20, 2, 26.75%, 0, 3, 2, 1.09, 17410, 371
15705, 0, 0, 21, 20, 2, 26.75%, 0, 3, 2, 1.09, 17416, 371
15711, 0, 0, 21, 20, 2, 26.75%, 0, 3, 2, 1.09, 17422, 371
15716, 0, 0, 21, 20, 2, 26.75%, 0, 3, 2, 1.09, 17428, 371
15722, 0, 0, 21, 20, 2, 26.75%, 0, 3, 2, 1.09, 17434, 371
15727, 0, 0, 21, 20, 2, 26.75%, 0, 3, 2, 1.09, 17440, 371
15733, 0, 0, 21, 20, 2, 26.75%, 0, 3, 2, 1.09, 17446, 371
15738, 0, 0, 21, 20, 2, 26.75%, 0, 3, 2, 1.09, 17452, 371
15744, 0, 0, 21, 20, 2, 26.75%, 0, 3, 2, 1.09, 17458, 371
15749, 0, 0, 21, 20, 2, 26.75%, 0, 3, 2, 1.09, 17464, 371
15755, 0, 0, 21, 20, 2, 26.75%, 0, 3, 2, 1.09, 17470, 371
15760, 0, 0, 21, 20, 2, 26.75%, 0, 3, 2, 1.09, 17476, 371
15766, 0, 0, 21, 20, 2, 26.75%, 0, 3, 2, 1.09, 17482, 371
15771, 0, 0, 21, 20, 2, 26.75%, 0, 3, 2, 1.09, 17488, 371
15777, 0, 0, 21, 20, 2, 26.75%, 0, 3, 2, 1.09, 17494, 371
15782, 0, 0, 21, 20, 2, 26.75%, 0, 3, 2, 1.09, 17500, 371
15788, 0, 0, 21, 20, 2, 26.75%, 0, 3, 2, 1.09, 17506, 371
15793, 0, 0, 21, 20, 2, 26.75%, 0, 3, 2, 1.09, 17512, 371
15799, 0, 0, 21, 20, 2, 26.75%, 0, 3, 2, 1.09, 17518, 371
15804, 0, 0, 21, 20, 2, 26.75%, 0, 3, 2, 1.09, 17524, 371
15810, 0, 0, 21, 20, 2, 26.75%, 0, 3, 2, 1.09, 17530, 371
15815, 0, 0, 21, 20, 2, 26.75%, 0, 3, 2, 1.09, 17536, 371
15821, 0, 0, 21, 20, 2, 26.75%, 0, 3, 2, 1.09, 17542, 371
15826, 0, 0, 22, 21, 2, 26.75%, 0, 3, 2, 4.57, 17556, 371
15831, 0, 0, 24, 23, 2, 26.82%, 0, 3, 2, 4.37, 17575, 372
15837, 0, 0, 24, 23, 2, 26.82%, 0, 4, 2, 3.47, 17583, 372
15842, 0, 0, 24, 23, 2, 26.82%, 0, 4, 2, 2.97, 17591, 372
15848, 0, 0, 24, 23, 2, 26.82%, 0, 5, 2, 2.88, 17603, 372
15853, 0, 0, 24, 23, 2, 26.82%, 0, 6, 2, 2.30, 17609, 372
15861, 0, 0, 25, 24, 2, 26.82%, 0, 6, 2, 2.41, 17619, 372
15866, 0, 0, 25, 24, 2, 26.82%, 0, 6, 2, 2.03, 17626, 372
15872, 0, 0, 25, 24, 2, 26.82%, 0, 6, 2, 2.09, 17636, 372
15877, 0, 0, 25, 24, 2, 26.82%, 0, 6, 2, 1.77, 17642, 372
15882, 0, 0, 25, 24, 2, 26.82%, 0, 6, 2, 1.89, 17652, 372
15888, 0, 0, 25, 24, 2, 26.82%, 0, 6, 2, 2.19, 17663, 372
15893, 0, 0, 25, 24, 2, 26.82%, 0, 7, 2, 2.55, 17676, 372
15898, 0, 0, 25, 24, 2, 26.82%, 0, 7, 2, 2.82, 17689, 372
15904, 0, 0, 25, 24, 2, 26.82%, 0, 7, 2, 2.48, 17697, 372
15909, 0, 0, 25, 24, 2, 26.82%, 0, 7, 2, 2.23, 17705, 372
15914, 0, 0, 25, 24, 2, 26.82%, 0, 7, 2, 1.69, 17717, 372
15919, 0, 0, 25, 24, 2, 26.82%, 0, 7, 2, 2.13, 17729, 372
15924, 0, 0, 25, 24, 2, 26.82%, 0, 7, 2, 2.09, 17737, 372
15930, 0, 0, 25, 24, 2, 26.82%, 0, 7, 2, 1.87, 17745, 372
15935, 0, 0, 25, 24, 2, 26.82%, 0, 8, 2, 1.88, 17755, 372
15940, 0, 0, 25, 24, 2, 26.82%, 0, 8, 2, 1.74, 17762, 372
15946, 0, 0, 25, 24, 2, 26.82%, 0, 8, 2, 2.05, 17774, 372
15951, 0, 0, 25, 24, 2, 26.82%, 0, 8, 2, 10.96, 17786, 372
15956, 0, 0, 25, 24, 2, 26.82%, 0, 8, 2, 1.93, 17802, 372
15962, 0, 0, 25, 24, 2, 26.82%, 0, 8, 2, 1.71, 17809, 372
15967, 0, 0, 25, 24, 2, 26.82%, 0, 8, 2, 1.95, 17819, 372
15973, 0, 0, 25, 24, 2, 26.82%, 0, 8, 2, 2.40, 17831, 372
15978, 0, 0, 25, 24, 2, 26.82%, 0, 8, 2, 3.01, 17845, 372
15983, 0, 0, 25, 24, 2, 26.82%, 0, 8, 2, 2.80, 17857, 372
15989, 0, 0, 25, 24, 2, 26.82%, 0, 8, 2, 2.36, 17866, 372
15994, 0, 0, 25, 24, 2, 26.82%, 0, 8, 2, 2.31, 17877, 372
16000, 0, 0, 25, 24, 2, 26.82%, 0, 8, 2, 2.05, 17886, 372
16006, 0, 0, 25, 24, 2, 26.82%, 0, 8, 2, 2.64, 17900, 372
16011, 0, 0, 25, 24, 2, 26.82%, 0, 8, 2, 2.81, 17912, 372
16018, 0, 0, 26, 25, 2, 26.82%, 0, 8, 2, 2.70, 17920, 372
16024, 0, 0, 26, 25, 2, 26.82%, 0, 9, 2, 2.40, 17930, 372
16029, 0, 0, 26, 25, 2, 26.82%, 0, 9, 2, 2.30, 17941, 372
16034, 0, 0, 26, 25, 2, 26.82%, 0, 9, 2, 2.30, 17950, 372
16040, 0, 0, 26, 25, 2, 26.82%, 0, 10, 2, 2.38, 17963, 372
16046, 0, 0, 26, 25, 2, 26.82%, 0, 10, 2, 2.56, 17976, 372
16051, 0, 0, 26, 25, 2, 26.82%, 0, 10, 2, 2.14, 17983, 372
16057, 0, 0, 26, 25, 2, 26.82%, 0, 10, 2, 2.35, 17997, 372
16062, 0, 0, 26, 25, 2, 26.82%, 0, 10, 2, 2.19, 18007, 372
16068, 0, 0, 26, 25, 2, 26.82%, 0, 10, 2, 2.38, 18018, 372
16073, 0, 0, 26, 25, 2, 26.82%, 0, 10, 2, 2.14, 18026, 372
16078, 0, 0, 26, 25, 2, 26.82%, 0, 10, 2, 2.18, 18036, 372
16084, 0, 0, 26, 25, 2, 26.82%, 0, 10, 2, 2.36, 18048, 372
16089, 0, 0, 26, 25, 2, 26.82%, 0, 10, 2, 2.38, 18059, 372
16095, 0, 0, 26, 25, 2, 26.82%, 0, 10, 2, 2.10, 18068, 372
16100, 0, 0, 26, 25, 2, 26.82%, 0, 10, 2, 1.94, 18076, 372
16106, 0, 0, 26, 25, 2, 26.82%, 0, 10, 2, 1.82, 18085, 372
16112, 0, 0, 26, 25, 2, 26.82%, 0, 10, 2, 1.91, 18094, 372
16117, 0, 0, 26, 25, 2, 26.82%, 0, 10, 2, 1.80, 18102, 372
16123, 0, 0, 26, 25, 2, 26.82%, 0, 10, 2, 2.07, 18114, 372
16132, 0, 0, 27, 26, 2, 26.82%, 0, 10, 2, 1.94, 18127, 372
16137, 0, 0, 27, 26, 2, 26.82%, 0, 10, 2, 1.84, 18135, 372
16142, 0, 0, 27, 26, 2, 26.82%, 0, 10, 2, 1.90, 18146, 372
16148, 0, 0, 27, 26, 2, 26.82%, 0, 10, 2, 1.96, 18155, 372
16153, 0, 0, 27, 26, 2, 26.82%, 0, 10, 2, 1.93, 18163, 372
16158, 0, 0, 27, 26, 2, 26.82%, 0, 10, 2, 1.96, 18172, 372
16163, 0, 0, 27, 26, 2, 26.82%, 0, 10, 2, 2.19, 18185, 372
16168, 0, 0, 27, 26, 2, 26.82%, 0, 10, 2, 2.43, 18196, 372
16173, 0, 0, 27, 26, 2, 26.82%, 0, 11, 2, 2.07, 18202, 372
16179, 0, 0, 27, 26, 2, 26.82%, 0, 11, 2, 1.86, 18210, 372
16184, 0, 0, 27, 26, 2, 26.82%, 0, 11, 2, 1.97, 18219, 372
16190, 0, 0, 27, 26, 2, 26.82%, 0, 11, 2, 2.37, 18232, 372
16196, 0, 0, 27, 26, 2, 26.82%, 0, 11, 2, 2.58, 18245, 372
16201, 0, 0, 27, 26, 2, 26.82%, 0, 11, 2, 2.46, 18255, 372
16207, 0, 0, 27, 26, 2, 26.82%, 0, 11, 2, 2.02, 18261, 372
16212, 0, 0, 27, 26, 2, 26.82%, 0, 11, 2, 2.23, 18273, 372
16217, 0, 0, 27, 26, 2, 26.82%, 0, 11, 2, 2.22, 18283, 372
16223, 0, 0, 27, 26, 2, 26.82%, 0, 11, 2, 2.17, 18291, 372
16228, 0, 0, 27, 26, 2, 26.82%, 0, 11, 2, 2.77, 18306, 372
16234, 0, 0, 27, 26, 2, 26.82%, 0, 11, 2, 2.38, 18315, 372
16239, 0, 0, 27, 26, 2, 26.82%, 0, 11, 2, 2.26, 18325, 372
16246, 0, 0, 28, 27, 2, 26.82%, 0, 11, 2, 2.14, 18334, 372
16251, 0, 0, 28, 27, 2, 26.82%, 0, 11, 2, 1.93, 18341, 372
16256, 0, 0, 28, 27, 2, 26.82%, 0, 11, 2, 2.36, 18354, 372
16262, 0, 0, 28, 27, 2, 26.82%, 0, 11, 2, 2.16, 18362, 372
16268, 0, 0, 28, 27, 2, 26.82%, 0, 11, 2, 1.94, 18370, 372
16273, 0, 0, 28, 27, 2, 26.82%, 0, 11, 2, 1.99, 18381, 372
16279, 0, 0, 28, 27, 2, 26.82%, 0, 11, 2, 2.23, 18393, 372
16284, 0, 0, 28, 27, 2, 26.82%, 0, 11, 2, 2.82, 18410, 372
16290, 0, 0, 28, 27, 2, 26.82%, 0, 11, 2, 2.98, 18424, 372
16295, 0, 0, 28, 27, 2, 26.82%, 0, 11, 2, 2.52, 18433, 372
16301, 0, 0, 28, 27, 2, 26.82%, 0, 11, 2, 2.52, 18444, 372
16307, 0, 0, 28, 27, 2, 26.82%, 0, 11, 2, 2.19, 18453, 372
16313, 0, 0, 28, 27, 2, 26.82%, 0, 11, 2, 1.97, 18462, 372
16318, 0, 0, 28, 27, 2, 26.82%, 0, 11, 2, 1.80, 18470, 372
16324, 0, 0, 28, 27, 2, 26.82%, 0, 11, 2, 1.74, 18480, 372
16330, 0, 0, 28, 27, 2, 26.82%, 0, 11, 2, 1.54, 18486, 372
16335, 0, 0, 28, 27, 2, 26.82%, 0, 11, 2, 1.54, 18493, 372
16340, 0, 0, 28, 27, 2, 26.82%, 0, 11, 2, 1.67, 18502, 372
16346, 0, 0, 28, 27, 2, 26.82%, 0, 11, 2, 1.81, 18512, 372
16352, 0, 0, 28, 27, 2, 26.82%, 0, 11, 2, 1.85, 18521, 372
16357, 0, 0, 28, 27, 2, 26.82%, 0, 11, 2, 1.75, 18530, 372
16363, 0, 0, 28, 27, 2, 26.82%, 0, 11, 2, 1.85, 18538, 372
16368, 0, 0, 28, 27, 2, 26.82%, 0, 11, 2, 2.03, 18547, 372
16373, 0, 0, 28, 27, 2, 26.82%, 0, 11, 2, 2.09, 18558, 372
16379, 0, 0, 28, 27, 2, 26.82%, 0, 11, 2, 1.87, 18566, 372
16386, 0, 0, 29, 28, 2, 26.82%, 0, 11, 2, 1.83, 18575, 372
16392, 0, 0, 29, 28, 2, 26.82%, 0, 11, 2, 1.74, 18583, 372
16398, 0, 0, 29, 28, 2, 26.82%, 0, 11, 2, 2.03, 18595, 372
16404, 0, 0, 29, 28, 2, 26.82%, 0, 11, 2, 2.13, 18605, 372
16410, 0, 0, 29, 28, 2, 26.82%, 0, 11, 2, 1.91, 18614, 372
16415, 0, 0, 29, 28, 2, 26.82%, 0, 11, 2, 1.89, 18622, 372
16421, 0, 0, 29, 28, 2, 26.82%, 0, 11, 2, 2.52, 18639, 372
16426, 0, 0, 29, 28, 2, 26.82%, 0, 11, 2, 2.17, 18647, 372
16432, 0, 0, 29, 28, 2, 26.82%, 0, 11, 2, 2.09, 18657, 372
16437, 0, 0, 29, 28, 2, 26.82%, 0, 11, 2, 1.93, 18665, 372
16443, 0, 0, 29, 28, 2, 26.82%, 0, 11, 2, 1.86, 18675, 372
16448, 0, 0, 29, 28, 2, 26.82%, 0, 11, 2, 2.00, 18684, 372
16453, 0, 0, 29, 28, 2, 26.82%, 0, 11, 2, 1.20, 18695, 372
16458, 0, 0, 29, 28, 2, 26.82%, 0, 11, 2, 1.33, 18704, 372
16464, 0, 0, 29, 28, 2, 26.82%, 0, 11, 2, 1.48, 18714, 372
16469, 0, 0, 29, 28, 2, 26.82%, 0, 11, 2, 1.46, 18722, 372
16475, 0, 0, 29, 28, 2, 26.82%, 0, 11, 2, 1.45, 18730, 372
16481, 0, 0, 29, 28, 2, 26.82%, 0, 11, 2, 1.49, 18740, 372
16486, 0, 0, 29, 28, 2, 26.82%, 0, 11, 2, 1.69, 18750, 372
16492, 0, 0, 29, 28, 2, 26.82%, 0, 11, 2, 1.63, 18759, 372
16497, 0, 0, 29, 28, 2, 26.82%, 0, 11, 2, 1.73, 18767, 372
16502, 0, 0, 29, 28, 2, 26.82%, 0, 11, 2, 1.88, 18776, 372
16508, 0, 0, 29, 28, 2, 26.82%, 0, 11, 2, 1.93, 18787, 372
16513, 0, 0, 29, 28, 2, 26.82%, 0, 11, 2, 1.91, 18795, 372
16519, 0, 0, 29, 28, 2, 26.82%, 0, 11, 2, 2.22, 18807, 372
16524, 0, 0, 29, 28, 2, 26.82%, 0, 11, 2, 2.13, 18817, 372
16530, 0, 0, 29, 28, 2, 26.82%, 0, 11, 2, 2.20, 18828, 372
16536, 0, 0, 29, 28, 2, 26.82%, 0, 11, 2, 2.70, 18846, 372
16541, 0, 0, 29, 28, 2, 26.82%, 0, 11, 2, 2.59, 18856, 372
16547, 0, 0, 29, 28, 2, 26.82%, 0, 11, 2, 2.38, 18865, 372
16553, 0, 0, 29, 28, 2, 26.82%, 0, 11, 2, 2.36, 18878, 372
16559, 0, 0, 29, 28, 2, 26.82%, 0, 11, 2, 2.05, 18886, 372
16564, 0, 0, 29, 28, 2, 26.82%, 0, 11, 2, 2.43, 18901, 372
16569, 0, 0, 29, 28, 2, 26.82%, 0, 11, 2, 2.35, 18911, 372
16575, 0, 0, 29, 28, 2, 26.82%, 0, 11, 2, 2.57, 18923, 372
16581, 0, 0, 29, 28, 2, 26.82%, 0, 11, 2, 2.38, 18933, 372
16587, 0, 0, 29, 28, 2, 26.82%, 0, 11, 2, 2.18, 18943, 372
16593, 0, 0, 29, 28, 2, 26.82%, 0, 11, 2, 1.90, 18951, 372
16598, 0, 0, 29, 28, 2, 26.82%, 0, 11, 2, 1.74, 18959, 372
16604, 0, 0, 29, 28, 2, 26.82%, 0, 11, 2, 1.09, 18973, 372
16610, 0, 0, 29, 28, 2, 26.82%, 0, 11, 2, 1.43, 18983, 372
16615, 0, 0, 29, 28, 2, 26.82%, 0, 11, 2, 1.40, 18990, 372
16620, 0, 0, 29, 28, 2, 26.82%, 0, 11, 2, 1.84, 19001, 372
16626, 0, 0, 29, 28, 2, 26.82%, 0, 11, 2, 1.69, 19009, 372
16632, 0, 0, 29, 28, 2, 26.82%, 0, 11, 2, 2.25, 19023, 372
16637, 0, 0, 29, 28, 2, 26.82%, 0, 11, 2, 1.97, 19031, 372
16642, 0, 0, 29, 28, 2, 26.82%, 0, 11, 2, 1.86, 19039, 372
16648, 0, 0, 29, 28, 2, 26.82%, 0, 11, 2, 2.18, 19052, 372
16653, 0, 0, 29, 28, 2, 26.82%, 0, 11, 2, 1.09, 19062, 372
16659, 0, 0, 29, 28, 2, 26.82%, 0, 11, 2, 1.16, 19070, 372
16664, 0, 0, 29, 28, 2, 26.82%, 0, 11, 2, 1.45, 19079, 372
16670, 0, 0, 29, 28, 2, 26.82%, 0, 11, 2, 1.76, 19092, 372
16675, 0, 0, 29, 28, 2, 26.82%, 0, 11, 2, 1.87, 19103, 372
16680, 0, 0, 29, 28, 2, 26.82%, 0, 11, 2, 2.36, 19115, 372
16685, 0, 0, 29, 28, 2, 26.82%, 0, 11, 2, 2.34, 19125, 372
16691, 0, 0, 29, 28, 2, 26.82%, 0, 11, 2, 2.00, 19132, 372
16697, 0, 0, 29, 28, 2, 26.82%, 0, 11, 2, 2.21, 19146, 372
16702, 0, 0, 29, 28, 2, 26.82%, 0, 11, 2, 2.45, 19159, 372
16708, 0, 0, 29, 28, 2, 26.82%, 0, 11, 2, 2.52, 19169, 372
16713, 0, 0, 29, 28, 2, 26.82%, 0, 11, 2, 2.34, 19179, 372
16719, 0, 0, 29, 28, 2, 26.82%, 0, 11, 2, 2.20, 19189, 372
16724, 0, 0, 29, 28, 2, 26.82%, 0, 11, 2, 2.28, 19199, 372
16730, 0, 0, 29, 28, 2, 26.82%, 0, 11, 2, 2.28, 19208, 372
16735, 0, 0, 29, 28, 2, 26.82%, 0, 11, 2, 2.46, 19219, 372
16740, 0, 0, 29, 28, 2, 26.82%, 0, 11, 2, 2.23, 19228, 372
16746, 0, 0, 29, 28, 2, 26.82%, 0, 11, 2, 2.06, 19236, 372
16751, 0, 0, 29, 28, 2, 26.82%, 0, 11, 2, 1.98, 19244, 372
16757, 0, 0, 29, 28, 2, 26.82%, 0, 11, 2, 1.14, 19257, 372
16762, 0, 0, 29, 28, 2, 26.82%, 0, 11, 2, 1.46, 19267, 372
16767, 0, 0, 29, 28, 2, 26.82%, 0, 11, 2, 1.67, 19276, 372
16773, 0, 0, 29, 28, 2, 26.82%, 0, 11, 2, 1.63, 19285, 372
16778, 0, 0, 29, 28, 2, 26.82%, 0, 11, 2, 1.78, 19294, 372
16784, 0, 0, 29, 28, 2, 26.82%, 0, 11, 2, 2.21, 19308, 372
16790, 0, 0, 29, 28, 2, 26.82%, 0, 11, 2, 1.89, 19315, 372
16795, 0, 0, 29, 28, 2, 26.82%, 0, 11, 2, 2.39, 19328, 372
16800, 0, 0, 29, 28, 2, 26.82%, 0, 11, 2, 2.29, 19339, 372
16805, 0, 0, 29, 28, 2, 26.82%, 0, 11, 2, 2.30, 19351, 372
16811, 0, 0, 29, 28, 2, 26.82%, 0, 11, 2, 1.96, 19358, 372
16817, 0, 0, 29, 28, 2, 26.82%, 0, 11, 2, 1.76, 19366, 372
16822, 0, 0, 29, 28, 2, 26.82%, 0, 11, 2, 2.51, 19378, 372
16828, 0, 0, 29, 28, 2, 26.82%, 0, 11, 2, 2.52, 19390, 372
16833, 0, 0, 29, 28, 2, 26.82%, 0, 11, 2, 2.20, 19397, 372
16839, 0, 0, 29, 28, 2, 26.82%, 0, 11, 2, 2.02, 19407, 372
16844, 0, 0, 29, 28, 2, 26.82%, 0, 11, 2, 2.30, 19419, 372
16849, 0, 0, 29, 28, 2, 26.82%, 0, 11, 2, 2.43, 19431, 372
16859, 0, 0, 30, 29, 2, 26.82%, 0, 11, 2, 2.42, 19444, 372
16864, 0, 0, 30, 29, 2, 26.82%, 0, 11, 2, 2.11, 19451, 372
16870, 0, 0, 30, 29, 2, 26.82%, 0, 11, 2, 1.88, 19459, 372
16876, 0, 0, 30, 29, 2, 26.82%, 0, 11, 2, 2.32, 19471, 372
16881, 0, 0, 30, 29, 2, 26.82%, 0, 11, 2, 2.10, 19481, 372
16887, 0, 0, 30, 29, 2, 26.82%, 0, 11, 2, 2.08, 19490, 372
16892, 0, 0, 30, 29, 2, 26.82%, 0, 11, 2, 2.21, 19499, 372
16898, 0, 0, 30, 29, 2, 26.82%, 0, 11, 2, 2.31, 19509, 372
16903, 0, 0, 30, 29, 2, 26.82%, 0, 11, 2, 1.93, 19515, 372
16908, 0, 0, 30, 29, 2, 26.82%, 0, 11, 2, 2.02, 19525, 372
16914, 0, 0, 30, 29, 2, 26.82%, 0, 11, 2, 2.46, 19538, 372
16919, 0, 0, 30, 29, 2, 26.82%, 0, 11, 2, 2.11, 19545, 372
16924, 0, 0, 30, 29, 2, 26.82%, 0, 11, 2, 2.56, 19557, 372
16929, 0, 0, 30, 29, 2, 26.82%, 0, 11, 2, 2.45, 19568, 372
16935, 0, 0, 30, 29, 2, 26.82%, 0, 11, 2, 2.28, 19579, 372
16941, 0, 0, 30, 29, 2, 26.82%, 0, 11, 2, 2.23, 19589, 372
16947, 0, 0, 30, 29, 2, 26.82%, 0, 11, 2, 2.40, 19602, 372
16952, 0, 0, 30, 29, 2, 26.82%, 0, 11, 2, 2.90, 19617, 372
16957, 0, 0, 30, 29, 2, 26.82%, 0, 11, 2, 2.61, 19626, 372
16962, 0, 0, 30, 29, 2, 26.82%, 0, 11, 2, 2.75, 19638, 372
16967, 0, 0, 30, 29, 2, 26.82%, 0, 11, 2, 2.68, 19649, 372
16973, 0, 0, 30, 29, 2, 26.82%, 0, 11, 2, 2.70, 19660, 372
16978, 0, 0, 30, 29, 2, 26.82%, 0, 11, 2, 2.32, 19667, 372
16984, 0, 0, 30, 29, 2, 26.82%, 0, 11, 2, 2.34, 19679, 372
16989, 0, 0, 30, 29, 2, 26.82%, 0, 11, 2, 2.28, 19688, 372
16994, 0, 0, 30, 29, 2, 26.82%, 0, 11, 2, 2.15, 19697, 372
17000, 0, 0, 30, 29, 2, 26.82%, 0, 11, 2, 1.88, 19705, 372
17005, 0, 0, 30, 29, 2, 26.82%, 0, 11, 2, 1.81, 19714, 372
17011, 0, 0, 30, 29, 2, 26.82%, 0, 11, 2, 2.01, 19725, 372
17016, 0, 0, 30, 29, 2, 26.82%, 0, 11, 2, 1.95, 19734, 372
17021, 0, 0, 30, 29, 2, 26.82%, 0, 11, 2, 1.86, 19744, 372
17027, 0, 0, 30, 29, 2, 26.82%, 0, 11, 2, 2.29, 19756, 372
17033, 0, 0, 30, 29, 2, 26.82%, 0, 11, 2, 1.98, 19764, 372
17038, 0, 0, 30, 29, 2, 26.82%, 0, 11, 2, 1.76, 19770, 372
17044, 0, 0, 30, 29, 2, 26.82%, 0, 11, 2, 1.62, 19778, 372
17049, 0, 0, 30, 29, 2, 26.82%, 0, 11, 2, 1.53, 19785, 372
17055, 0, 0, 30, 29, 2, 26.82%, 0, 11, 2, 1.45, 19793, 372
17060, 0, 0, 30, 29, 2, 26.82%, 0, 11, 2, 1.71, 19803, 372
17066, 0, 0, 30, 29, 2, 26.82%, 0, 11, 2, 2.02, 19816, 372
17071, 0, 0, 30, 29, 2, 26.82%, 0, 11, 2, 2.11, 19826, 372
17077, 0, 0, 30, 29, 2, 26.82%, 0, 11, 2, 2.08, 19835, 372
17082, 0, 0, 30, 29, 2, 26.82%, 0, 11, 2, 2.01, 19843, 372
17087, 0, 0, 30, 29, 2, 26.82%, 0, 11, 2, 2.21, 19854, 372
17092, 0, 0, 30, 29, 2, 26.82%, 0, 11, 2, 2.43, 19866, 372
17098, 0, 0, 30, 29, 2, 26.82%, 0, 11, 2, 1.99, 19872, 372
17103, 0, 0, 30, 29, 2, 26.82%, 0, 11, 2, 1.79, 19879, 372
17108, 0, 0, 30, 29, 2, 26.82%, 0, 11, 2, 1.85, 19888, 372
17114, 0, 0, 30, 29, 2, 26.82%, 0, 11, 2, 1.65, 19895, 372
17119, 0, 0, 30, 29, 2, 26.82%, 0, 11, 2, 2.06, 19907, 372
17124, 0, 0, 30, 29, 2, 26.82%, 0, 11, 2, 1.97, 19916, 372
17129, 0, 0, 30, 29, 2, 26.82%, 0, 11, 2, 2.09, 19925, 372
17135, 0, 0, 30, 29, 2, 26.82%, 0, 11, 2, 2.23, 19937, 372
17140, 0, 0, 30, 29, 2, 26.82%, 0, 11, 2, 2.07, 19946, 372
17145, 0, 0, 30, 29, 2, 26.82%, 0, 11, 2, 1.97, 19955, 372
17151, 0, 0, 30, 29, 2, 26.82%, 0, 11, 2, 2.11, 19966, 372
17157, 0, 0, 30, 29, 2, 26.82%, 0, 11, 2, 2.29, 19977, 372
17162, 0, 0, 30, 29, 2, 26.82%, 0, 11, 2, 2.03, 19984, 372
17167, 0, 0, 30, 29, 2, 26.82%, 0, 11, 2, 1.77, 19991, 372
17173, 0, 0, 30, 29, 2, 26.82%, 0, 11, 2, 2.10, 20003, 372
17179, 0, 0, 30, 29, 2, 26.82%, 0, 11, 2, 2.02, 20013, 372
17184, 0, 0, 30, 29, 2, 26.82%, 0, 11, 2, 1.82, 20021, 372
17191, 0, 0, 30, 29, 2, 26.82%, 0, 11, 2, 1.98, 20035, 372
17196, 0, 0, 30, 29, 2, 26.82%, 0, 11, 2, 2.29, 20047, 372
17202, 0, 0, 30, 29, 2, 26.82%, 0, 11, 2, 1.90, 20053, 372
17207, 0, 0, 30, 29, 2, 26.82%, 0, 11, 2, 1.83, 20060, 372
17212, 0, 0, 30, 29, 2, 26.82%, 0, 11, 2, 1.90, 20069, 372
17217, 0, 0, 30, 29, 2, 26.82%, 0, 11, 2, 1.67, 20076, 372
17223, 0, 0, 30, 29, 2, 26.82%, 0, 11, 2, 1.75, 20085, 372
17229, 0, 0, 30, 29, 2, 26.82%, 0, 11, 2, 1.99, 20096, 372
17234, 0, 0, 30, 29, 2, 26.82%, 0, 11, 2, 2.04, 20105, 372
17240, 0, 0, 30, 29, 2, 26.82%, 0, 11, 2, 1.95, 20115, 372
17245, 0, 0, 30, 29, 2, 26.82%, 0, 11, 2, 2.02, 20125, 372
17251, 0, 0, 30, 29, 2, 26.82%, 0, 11, 2, 1.86, 20134, 372
17257, 0, 0, 30, 29, 2, 26.82%, 0, 11, 2, 2.12, 20146, 372
17262, 0, 0, 30, 29, 2, 26.82%, 0, 11, 2, 2.59, 20160, 372
17267, 0, 0, 30, 29, 2, 26.82%, 0, 11, 2, 2.64, 20170, 372
17273, 0, 0, 30, 29, 2, 26.82%, 0, 11, 2, 2.27, 20179, 372
17278, 0, 0, 30, 29, 2, 26.82%, 0, 11, 2, 2.09, 20186, 372
17283, 0, 0, 30, 29, 2, 26.82%, 0, 11, 2, 1.98, 20195, 372
17288, 0, 0, 30, 29, 2, 26.82%, 0, 11, 2, 1.95, 20205, 372
17294, 0, 0, 30, 29, 2, 26.82%, 0, 11, 2, 1.87, 20213, 372
17299, 0, 0, 30, 29, 2, 26.82%, 0, 11, 2, 1.77, 20221, 372
17305, 0, 0, 30, 29, 2, 26.82%, 0, 11, 2, 1.67, 20230, 372
17310, 0, 0, 30, 29, 2, 26.82%, 0, 11, 2, 1.81, 20239, 372
17316, 0, 0, 30, 29, 2, 26.82%, 0, 11, 2, 1.79, 20249, 372
17321, 0, 0, 30, 29, 2, 26.82%, 0, 11, 2, 1.83, 20259, 372
17327, 0, 0, 30, 29, 2, 26.82%, 0, 11, 2, 1.59, 20265, 372
17332, 0, 0, 30, 29, 2, 26.82%, 0, 11, 2, 4.79, 20276, 372
17337, 0, 0, 30, 29, 2, 26.82%, 0, 11, 2, 3.93, 20287, 372
17342, 0, 0, 30, 29, 2, 26.82%, 0, 11, 2, 3.32, 20296, 372
17348, 0, 0, 30, 29, 2, 26.82%, 0, 11, 2, 3.13, 20309, 372
17353, 0, 0, 30, 29, 2, 26.82%, 0, 11, 2, 2.83, 20318, 372
17359, 0, 0, 30, 29, 2, 26.82%, 0, 11, 2, 2.31, 20325, 372
17364, 0, 0, 30, 29, 2, 26.82%, 0, 11, 2, 2.52, 20337, 372
17369, 0, 0, 30, 29, 2, 26.82%, 0, 11, 2, 2.29, 20346, 372
17375, 0, 0, 30, 29, 2, 26.82%, 0, 11, 2, 2.09, 20354, 372
17380, 0, 0, 30, 29, 2, 26.82%, 0, 11, 2, 2.33, 20365, 372
17385, 0, 0, 30, 29, 2, 26.82%, 0, 11, 2, 2.13, 20375, 372
17391, 0, 0, 30, 29, 2, 26.82%, 0, 11, 2, 2.70, 20389, 372
17397, 0, 0, 30, 29, 2, 26.82%, 0, 11, 2, 2.73, 20403, 372
17402, 0, 0, 30, 29, 2, 26.82%, 0, 11, 2, 2.49, 20412, 372
17408, 0, 0, 30, 29, 2, 26.82%, 0, 11, 2, 2.66, 20424, 372
17413, 0, 0, 30, 29, 2, 26.82%, 0, 11, 2, 2.56, 20433, 372
17419, 0, 0, 30, 29, 2, 26.82%, 0, 11, 2, 2.27, 20442, 372
17424, 0, 0, 30, 29, 2, 26.82%, 0, 11, 2, 2.15, 20450, 372
17434, 0, 0, 31, 30, 2, 26.82%, 0, 11, 2, 1.97, 20461, 372
17439, 0, 0, 31, 30, 2, 26.82%, 0, 11, 2, 2.08, 20470, 372
17444, 0, 0, 31, 30, 2, 26.82%, 0, 11, 2, 1.80, 20477, 372
17450, 0, 0, 31, 30, 2, 26.82%, 0, 11, 2, 1.97, 20486, 372
17455, 0, 0, 31, 30, 2, 26.82%, 0, 11, 2, 2.13, 20496, 372
17460, 0, 0, 31, 30, 2, 26.82%, 0, 11, 2, 2.03, 20503, 372
17466, 0, 0, 31, 30, 2, 26.82%, 0, 11, 2, 2.01, 20513, 372
17471, 0, 0, 31, 30, 2, 26.82%, 0, 11, 2, 1.87, 20521, 372
17477, 0, 0, 31, 30, 2, 26.82%, 0, 11, 2, 2.09, 20532, 372
17482, 0, 0, 31, 30, 2, 26.82%, 0, 11, 2, 2.67, 20547, 372
17488, 0, 0, 31, 30, 2, 26.82%, 0, 11, 2, 2.46, 20559, 372
17493, 0, 0, 31, 30, 2, 26.82%, 0, 11, 2, 3.35, 20576, 372
17499, 0, 0, 31, 30, 2, 26.82%, 0, 11, 2, 3.10, 20587, 372
17504, 0, 0, 31, 30, 2, 26.82%, 0, 11, 2, 2.65, 20597, 372
17510, 0, 0, 31, 30, 2, 26.82%, 0, 11, 2, 2.48, 20606, 372
17515, 0, 0, 31, 30, 2, 26.82%, 0, 11, 2, 2.27, 20615, 372
17520, 0, 0, 31, 30, 2, 26.82%, 0, 11, 2, 2.12, 20623, 372
17525, 0, 0, 31, 30, 2, 26.82%, 0, 11, 2, 1.92, 20631, 372
17531, 0, 0, 31, 30, 2, 26.82%, 0, 11, 2, 1.79, 20640, 372
17536, 0, 0, 31, 30, 2, 26.82%, 0, 11, 2, 1.72, 20648, 372
17542, 0, 0, 31, 30, 2, 26.82%, 0, 11, 2, 1.86, 20658, 372
17547, 0, 0, 31, 30, 2, 26.82%, 0, 11, 2, 1.62, 20664, 372
17552, 0, 0, 31, 30, 2, 26.82%, 0, 11, 2, 1.62, 20672, 372
17557, 0, 0, 31, 30, 2, 26.82%, 0, 11, 2, 1.68, 20682, 372
17563, 0, 0, 31, 30, 2, 26.82%, 0, 11, 2, 1.77, 20691, 372
17568, 0, 0, 31, 30, 2, 26.82%, 0, 11, 2, 1.90, 20701, 372
17574, 0, 0, 31, 30, 2, 26.82%, 0, 11, 2, 1.86, 20711, 372
17579, 0, 0, 31, 30, 2, 26.82%, 0, 11, 2, 1.95, 20720, 372
17585, 0, 0, 31, 30, 2, 26.82%, 0, 11, 2, 2.30, 20735, 372
17590, 0, 0, 31, 30, 2, 26.82%, 0, 11, 2, 2.01, 20743, 372
17595, 0, 0, 31, 30, 2, 26.82%, 0, 11, 2, 1.93, 20752, 372
17601, 0, 0, 31, 30, 2, 26.82%, 0, 11, 2, 2.15, 20763, 372
17606, 0, 0, 31, 30, 2, 26.82%, 0, 11, 2, 2.92, 20781, 372
17611, 0, 0, 31, 30, 2, 26.82%, 0, 11, 2, 2.64, 20790, 372
17617, 0, 0, 31, 30, 2, 26.82%, 0, 11, 2, 2.39, 20801, 372
17622, 0, 0, 31, 30, 2, 26.82%, 0, 11, 2, 2.10, 20808, 372
17628, 0, 0, 31, 30, 2, 26.82%, 0, 11, 2, 1.87, 20816, 372
17633, 0, 0, 31, 30, 2, 26.82%, 0, 11, 2, 2.00, 20827, 372
17638, 0, 0, 31, 30, 2, 26.82%, 0, 11, 2, 2.08, 20837, 372
17643, 0, 0, 31, 30, 2, 26.82%, 0, 11, 2, 1.95, 20845, 372
17649, 0, 0, 31, 30, 2, 26.82%, 0, 11, 2, 1.75, 20853, 372
17654, 0, 0, 31, 30, 2, 26.82%, 0, 11, 2, 1.90, 20862, 372
17659, 0, 0, 31, 30, 2, 26.82%, 0, 11, 2, 1.70, 20872, 372
17665, 0, 0, 31, 30, 2, 26.82%, 0, 11, 2, 1.63, 20881, 372
17671, 0, 0, 31, 30, 2, 26.82%, 0, 11, 2, 2.03, 20893, 372
17676, 0, 0, 31, 30, 2, 26.82%, 0, 11, 2, 2.01, 20903, 372
17682, 0, 0, 31, 30, 2, 26.82%, 0, 11, 2, 2.04, 20912, 372
17687, 0, 0, 31, 30, 2, 26.82%, 0, 11, 2, 2.11, 20922, 372
17692, 0, 0, 31, 30, 2, 26.82%, 0, 11, 2, 2.07, 20933, 372
17697, 0, 0, 31, 30, 2, 26.82%, 0, 11, 2, 2.09, 20941, 372
17707, 0, 0, 32, 31, 2, 26.82%, 0, 11, 2, 1.88, 20954, 372
17713, 0, 0, 32, 31, 2, 26.82%, 0, 11, 2, 1.75, 20961, 372
17718, 0, 0, 32, 31, 2, 26.82%, 0, 11, 2, 1.08, 20971, 372
17723, 0, 0, 32, 31, 2, 26.82%, 0, 11, 2, 1.35, 20982, 372
17728, 0, 0, 32, 31, 2, 26.82%, 0, 11, 2, 1.46, 20991, 372
17733, 0, 0, 32, 31, 2, 26.82%, 0, 11, 2, 1.39, 20998, 372
17739, 0, 0, 32, 31, 2, 26.82%, 0, 11, 2, 1.38, 21006, 372
17745, 0, 0, 32, 31, 2, 26.82%, 0, 11, 2, 1.93, 21019, 372
17750, 0, 0, 32, 31, 2, 26.82%, 0, 11, 2, 2.12, 21031, 372
17755, 0, 0, 32, 31, 2, 26.82%, 0, 11, 2, 2.41, 21044, 372
17761, 0, 0, 32, 31, 2, 26.82%, 0, 11, 2, 2.03, 21051, 372
17766, 0, 0, 32, 31, 2, 26.82%, 0, 11, 2, 2.09, 21060, 372
17772, 0, 0, 32, 31, 2, 26.82%, 0, 11, 2, 1.98, 21069, 372
17777, 0, 0, 32, 31, 2, 26.82%, 0, 11, 2, 1.77, 21077, 372
17783, 0, 0, 32, 31, 2, 26.82%, 0, 11, 2, 1.86, 21091, 372
17789, 0, 0, 32, 31, 2, 26.82%, 0, 11, 2, 1.87, 21100, 372
17794, 0, 0, 32, 31, 2, 26.82%, 0, 11, 2, 1.89, 21109, 372
17800, 0, 0, 32, 31, 2, 26.82%, 0, 11, 2, 1.63, 21115, 372
17805, 0, 0, 32, 31, 2, 26.82%, 0, 11, 2, 1.85, 21126, 372
17811, 0, 0, 32, 31, 2, 26.82%, 0, 11, 2, 1.70, 21134, 372
17817, 0, 0, 32, 31, 2, 26.82%, 0, 11, 2, 1.99, 21147, 372
17822, 0, 0, 32, 31, 2, 26.82%, 0, 11, 2, 1.80, 21155, 372
17828, 0, 0, 32, 31, 2, 26.82%, 0, 11, 2, 2.11, 21166, 372
17833, 0, 0, 32, 31, 2, 26.82%, 0, 11, 2, 2.32, 21177, 372
17839, 0, 0, 32, 31, 2, 26.82%, 0, 11, 2, 1.99, 21185, 372
17844, 0, 0, 32, 31, 2, 26.82%, 0, 11, 2, 2.50, 21197, 372
17850, 0, 0, 32, 31, 2, 26.82%, 0, 11, 2, 2.60, 21209, 372
17856, 0, 0, 32, 31, 2, 26.82%, 0, 11, 2, 3.04, 21224, 372
17861, 0, 0, 32, 31, 2, 26.82%, 0, 11, 2, 2.48, 21231, 372
17866, 0, 0, 32, 31, 2, 26.82%, 0, 11, 2, 2.23, 21239, 372
17872, 0, 0, 32, 31, 2, 26.82%, 0, 11, 2, 2.39, 21250, 372
17877, 0, 0, 32, 31, 2, 26.82%, 0, 11, 2, 2.73, 21263, 372
17883, 0, 0, 32, 31, 2, 26.82%, 0, 11, 2, 2.39, 21273, 372
17888, 0, 0, 32, 31, 2, 26.82%, 0, 11, 2, 2.32, 21283, 372
17894, 0, 0, 32, 31, 2, 26.82%, 0, 11, 2, 2.04, 21291, 372
17899, 0, 0, 32, 31, 2, 26.82%, 0, 11, 2, 2.49, 21304, 372
17904, 0, 0, 32, 31, 2, 26.82%, 0, 11, 2, 2.28, 21312, 372
17909, 0, 0, 32, 31, 2, 26.82%, 0, 11, 2, 2.06, 21320, 372
17914, 0, 0, 32, 31, 2, 26.82%, 0, 11, 2, 2.49, 21333, 372
17920, 0, 0, 32, 31, 2, 26.82%, 0, 11, 2, 2.29, 21342, 372
17926, 0, 0, 32, 31, 2, 26.82%, 0, 11, 2, 2.45, 21355, 372
17931, 0, 0, 32, 31, 2, 26.82%, 0, 11, 2, 2.40, 21365, 372
17937, 0, 0, 32, 31, 2, 26.82%, 0, 11, 2, 2.02, 21372, 372
17943, 0, 0, 32, 31, 2, 26.82%, 0, 11, 2, 1.90, 21382, 372
17949, 0, 0, 32, 31, 2, 26.82%, 0, 11, 2, 2.14, 21393, 372
17954, 0, 0, 32, 31, 2, 26.82%, 0, 11, 2, 2.00, 21402, 372
17959, 0, 0, 32, 31, 2, 26.82%, 0, 11, 2, 1.86, 21411, 372
17965, 0, 0, 32, 31, 2, 26.82%, 0, 11, 2, 1.70, 21419, 372
17970, 0, 0, 32, 31, 2, 26.82%, 0, 11, 2, 1.68, 21428, 372
17976, 0, 0, 32, 31, 2, 26.82%, 0, 11, 2, 1.78, 21439, 372
17981, 0, 0, 32, 31, 2, 26.82%, 0, 11, 2, 1.65, 21447, 372
17987, 0, 0, 32, 31, 2, 26.82%, 0, 11, 2, 1.61, 21455, 372
17992, 0, 0, 32, 31, 2, 26.82%, 0, 11, 2, 2.09, 21468, 372
17998, 0, 0, 32, 31, 2, 26.82%, 0, 11, 2, 2.11, 21479, 372
18004, 0, 0, 32, 31, 2, 26.82%, 0, 11, 2, 2.41, 21498, 372
18009, 0, 0, 32, 31, 2, 26.82%, 0, 11, 2, 1.99, 21504, 372
18015, 0, 0, 32, 31, 2, 26.82%, 0, 11, 2, 1.80, 21512, 372
18021, 0, 0, 32, 31, 2, 26.82%, 0, 11, 2, 1.70, 21521, 372
18026, 0, 0, 32, 31, 2, 26.82%, 0, 11, 2, 1.51, 21527, 372
18032, 0, 0, 32, 31, 2, 26.82%, 0, 11, 2, 1.41, 21534, 372
18038, 0, 0, 32, 31, 2, 26.82%, 0, 11, 2, 1.43, 21542, 372
18043, 0, 0, 32, 31, 2, 26.82%, 0, 11, 2, 1.09, 21553, 372
18048, 0, 0, 32, 31, 2, 26.82%, 0, 11, 2, 1.86, 21565, 372
18053, 0, 0, 32, 31, 2, 26.82%, 0, 11, 2, 2.19, 21576, 372
18059, 0, 22, 32, 29, 7, 26.82%, 0, 11, 2, 742.39, 22274, 372
18064, 0, 22, 32, 29, 7, 26.82%, 0, 11, 2, 4.02, 22291, 372
18070, 0, 22, 32, 29, 7, 26.82%, 0, 11, 2, 3.19, 22299, 372
18075, 0, 22, 32, 29, 7, 26.82%, 0, 11, 2, 2.53, 22306, 372
18081, 0, 22, 32, 29, 7, 26.82%, 0, 11, 2, 3.03, 22322, 372
18086, 0, 22, 32, 29, 7, 26.82%, 0, 11, 2, 2.41, 22329, 372
18091, 0, 22, 32, 29, 7, 26.82%, 0, 11, 2, 1.37, 22350, 372
18096, 0, 22, 32, 29, 7, 26.82%, 0, 11, 2, 6.90, 22379, 372
18102, 0, 8, 32, 29, 7, 26.82%, 0, 11, 2, 5.47, 22434, 372
18107, 0, 8, 32, 29, 7, 26.82%, 0, 11, 2, 5.47, 22462, 372
18112, 0, 8, 32, 29, 7, 26.82%, 0, 11, 2, 5.47, 22490, 372
18117, 0, 8, 32, 29, 7, 26.82%, 0, 11, 2, 5.47, 22518, 372
18122, 0, 8, 32, 29, 7, 26.82%, 0, 11, 2, 5.23, 22542, 372
18127, 0, 8, 32, 29, 7, 26.82%, 0, 11, 2, 5.01, 22563, 372
18132, 0, 8, 32, 29, 7, 26.82%, 0, 11, 2, 5.28, 22591, 372
18137, 0, 8, 32, 29, 7, 26.82%, 0, 11, 2, 5.40, 22619, 372
18143, 0, 8, 32, 29, 7, 26.82%, 0, 11, 2, 5.44, 22647, 372
18148, 0, 8, 32, 29, 7, 26.82%, 0, 11, 2, 5.46, 22675, 372
18153, 0, 8, 32, 29, 7, 26.82%, 0, 11, 2, 5.46, 22703, 372
18158, 0, 8, 32, 29, 7, 26.82%, 0, 11, 2, 5.47, 22731, 372
18163, 0, 8, 32, 29, 7, 26.82%, 0, 11, 2, 5.47, 22759, 372
18168, 0, 8, 32, 29, 7, 26.82%, 0, 11, 2, 5.47, 22787, 372
18173, 0, 8, 32, 29, 7, 26.82%, 0, 11, 2, 5.47, 22815, 372
18178, 0, 8, 32, 29, 7, 26.82%, 0, 11, 2, 5.47, 22843, 372
18184, 0, 8, 32, 29, 7, 26.82%, 0, 11, 2, 5.47, 22871, 372
18189, 0, 8, 32, 29, 7, 26.82%, 0, 11, 2, 5.47, 22899, 372
18194, 0, 8, 32, 29, 7, 26.82%, 0, 11, 2, 5.47, 22927, 372
18199, 0, 8, 32, 29, 7, 26.82%, 0, 11, 2, 5.47, 22955, 372
18204, 0, 8, 32, 29, 7, 26.82%, 0, 11, 2, 5.47, 22983, 372
18209, 0, 8, 32, 29, 7, 26.82%, 0, 11, 2, 5.47, 23011, 372
18214, 0, 8, 32, 29, 7, 26.82%, 0, 11, 2, 5.47, 23039, 372
18219, 0, 8, 32, 29, 7, 26.82%, 0, 11, 2, 5.47, 23067, 372
18225, 0, 8, 32, 29, 7, 26.82%, 0, 11, 2, 5.47, 23095, 372
18230, 0, 8, 32, 29, 7, 26.82%, 0, 11, 2, 5.47, 23123, 372
18235, 0, 8, 32, 29, 7, 26.82%, 0, 11, 2, 1.02, 23136, 372
18240, 0, 8, 32, 29, 7, 26.82%, 0, 11, 2, 3.59, 23163, 372
18245, 0, 8, 32, 29, 7, 26.82%, 0, 11, 2, 4.71, 23191, 372
18250, 0, 8, 32, 29, 7, 26.82%, 0, 11, 2, 5.16, 23219, 372
18256, 0, 8, 32, 29, 7, 26.82%, 0, 11, 2, 5.34, 23247, 372
18261, 0, 8, 32, 29, 7, 26.82%, 0, 11, 2, 5.42, 23275, 372
18266, 0, 8, 32, 29, 7, 26.82%, 0, 11, 2, 5.45, 23303, 372
18271, 0, 8, 32, 29, 7, 26.82%, 0, 11, 2, 5.46, 23331, 372
18276, 0, 8, 32, 29, 7, 26.82%, 0, 11, 2, 5.47, 23359, 372
18281, 0, 8, 32, 29, 7, 26.82%, 0, 11, 2, 5.47, 23387, 372
18286, 0, 8, 32, 29, 7, 26.82%, 0, 11, 2, 5.47, 23415, 372
18291, 0, 8, 32, 29, 7, 26.82%, 0, 11, 2, 5.47, 23443, 372
18296, 0, 8, 32, 29, 7, 26.82%, 0, 11, 2, 5.47, 23471, 372
18302, 0, 8, 32, 29, 7, 26.82%, 0, 11, 2, 5.47, 23499, 372
18307, 0, 8, 32, 29, 7, 26.82%, 0, 11, 2, 5.47, 23527, 372
18312, 0, 8, 32, 29, 7, 26.82%, 0, 11, 2, 5.47, 23555, 372
18317, 0, 8, 32, 29, 7, 26.82%, 0, 11, 2, 5.47, 23583, 372
18322, 0, 8, 32, 29, 7, 26.82%, 0, 11, 2, 5.47, 23611, 372
18327, 0, 8, 32, 29, 7, 26.82%, 0, 11, 2, 5.47, 23639, 372
18332, 0, 8, 32, 29, 7, 26.82%, 0, 11, 2, 5.47, 23667, 372
18337, 0, 8, 32, 29, 7, 26.82%, 0, 11, 2, 5.47, 23695, 372
18343, 0, 8, 32, 29, 7, 26.82%, 0, 11, 2, 1.00, 23722, 372
18348, 0, 8, 32, 29, 7, 26.82%, 0, 11, 2, 1.13, 23728, 372
18353, 0, 8, 32, 29, 7, 26.82%, 0, 11, 2, 3.71, 23756, 372
18359, 0, 8, 32, 29, 7, 26.82%, 0, 11, 2, 4.76, 23784, 372
18364, 0, 8, 32, 29, 7, 26.82%, 0, 11, 2, 5.18, 23812, 372
18369, 0, 8, 32, 29, 7, 26.82%, 0, 11, 2, 5.35, 23840, 372
18374, 0, 8, 32, 29, 7, 26.82%, 0, 11, 2, 5.42, 23868, 372
18379, 0, 8, 32, 29, 7, 26.82%, 0, 11, 2, 5.45, 23896, 372
18384, 0, 8, 32, 29, 7, 26.82%, 0, 11, 2, 5.46, 23924, 372
18389, 0, 8, 32, 29, 7, 26.82%, 0, 11, 2, 5.46, 23952, 372
18394, 0, 8, 32, 29, 7, 26.82%, 0, 11, 2, 5.46, 23980, 372
18400, 0, 8, 32, 29, 7, 26.82%, 0, 11, 2, 5.46, 24008, 372
18405, 0, 8, 32, 29, 7, 26.82%, 0, 11, 2, 5.47, 24036, 372
18410, 0, 8, 32, 29, 7, 26.82%, 0, 11, 2, 5.47, 24064, 372
18415, 0, 8, 32, 29, 7, 26.82%, 0, 11, 2, 5.47, 24092, 372
18420, 0, 8, 32, 29, 7, 26.82%, 0, 11, 2, 5.47, 24120, 372
18425, 0, 8, 32, 29, 7, 26.82%, 0, 11, 2, 5.47, 24148, 372
18430, 0, 8, 32, 29, 7, 26.82%, 0, 11, 2, 5.47, 24176, 372
18435, 0, 8, 32, 29, 7, 26.82%, 0, 11, 2, 5.25, 24200, 372
18441, 0, 8, 32, 29, 7, 26.82%, 0, 11, 2, 5.38, 24228, 372
18446, 0, 8, 32, 29, 7, 26.82%, 0, 11, 2, 5.43, 24256, 372
18451, 0, 8, 32, 29, 7, 26.82%, 0, 11, 2, 5.45, 24276, 372
18456, 0, 8, 32, 29, 7, 26.82%, 0, 11, 2, 5.46, 24304, 372
18461, 0, 8, 32, 29, 7, 26.82%, 0, 11, 2, 5.47, 24332, 372
18467, 0, 8, 32, 29, 7, 26.82%, 0, 11, 2, 1.00, 24345, 372
18472, 0, 8, 32, 29, 7, 26.82%, 0, 11, 2, 5.45, 24373, 372
18477, 0, 8, 32, 29, 7, 26.82%, 0, 11, 2, 5.46, 24401, 372
18482, 0, 8, 32, 29, 7, 26.82%, 0, 11, 2, 5.47, 24429, 372
18487, 0, 8, 32, 29, 7, 26.82%, 0, 11, 2, 5.47, 24457, 372
18492, 0, 8, 32, 29, 7, 26.82%, 0, 11, 2, 5.47, 24485, 372
18498, 0, 8, 32, 29, 7, 26.82%, 0, 11, 2, 5.47, 24513, 372
18503, 0, 8, 32, 29, 7, 26.82%, 0, 11, 2, 5.47, 24541, 372
18508, 0, 8, 32, 29, 7, 26.82%, 0, 11, 2, 5.47, 24569, 372
18513, 0, 8, 32, 29, 7, 26.82%, 0, 11, 2, 5.47, 24597, 372
18518, 0, 8, 32, 29, 7, 26.82%, 0, 11, 2, 5.47, 24625, 372
18523, 0, 8, 32, 29, 7, 26.82%, 0, 11, 2, 5.47, 24653, 372
18528, 0, 8, 32, 29, 7, 26.82%, 0, 11, 2, 5.47, 24681, 372
18533, 0, 8, 32, 29, 7, 26.82%, 0, 11, 2, 5.47, 24709, 372
18539, 0, 8, 32, 29, 7, 26.82%, 0, 11, 2, 5.47, 24737, 372
18544, 0, 8, 32, 29, 7, 26.82%, 0, 11, 2, 5.47, 24765, 372
18549, 0, 8, 32, 29, 7, 26.82%, 0, 11, 2, 5.47, 24793, 372
18554, 0, 8, 32, 29, 7, 26.82%, 0, 11, 2, 5.47, 24821, 372
18559, 0, 8, 32, 29, 7, 26.82%, 0, 11, 2, 5.47, 24849, 372
18564, 0, 8, 32, 29, 7, 26.82%, 0, 11, 2, 5.47, 24877, 372
18569, 0, 8, 32, 29, 7, 26.82%, 0, 11, 2, 5.47, 24905, 372
18574, 0, 8, 32, 29, 7, 26.82%, 0, 11, 2, 5.47, 24933, 372
18580, 0, 8, 32, 29, 7, 26.82%, 0, 11, 2, 5.47, 24961, 372
18585, 0, 8, 32, 29, 7, 26.82%, 0, 11, 2, 5.47, 24989, 372
18590, 0, 8, 32, 29, 7, 26.82%, 0, 11, 2, 5.47, 25017, 372
18595, 0, 8, 32, 29, 7, 26.82%, 0, 11, 2, 5.47, 25045, 372
18600, 0, 8, 32, 29, 7, 26.82%, 0, 11, 2, 5.47, 25073, 372
18605, 0, 8, 32, 29, 7, 26.82%, 0, 11, 2, 5.47, 25101, 372
18610, 0, 8, 32, 29, 7, 26.82%, 0, 11, 2, 5.47, 25129, 372
18615, 0, 8, 32, 29, 7, 26.82%, 0, 11, 2, 5.47, 25157, 372
18620, 0, 8, 32, 29, 7, 26.82%, 0, 11, 2, 5.47, 25185, 372
18626, 0, 8, 32, 29, 7, 26.82%, 0, 11, 2, 5.47, 25213, 372
18631, 0, 8, 32, 29, 7, 26.82%, 0, 11, 2, 5.47, 25241, 372
18636, 0, 8, 32, 29, 7, 26.82%, 0, 11, 2, 5.47, 25269, 372
18642, 0, 8, 32, 29, 7, 26.82%, 0, 11, 2, 1.00, 25296, 372
18647, 0, 8, 32, 29, 7, 26.82%, 0, 11, 2, 1.00, 25301, 372
18652, 0, 8, 32, 29, 7, 26.82%, 0, 11, 2, 1.00, 25306, 372
18658, 0, 8, 32, 29, 7, 26.82%, 0, 11, 2, 1.00, 25312, 372
18663, 0, 8, 32, 29, 7, 26.82%, 0, 11, 2, 1.27, 25320, 372
18669, 0, 8, 32, 29, 7, 26.82%, 0, 11, 2, 1.21, 25326, 372
18674, 0, 8, 32, 29, 7, 26.82%, 0, 11, 2, 1.15, 25331, 372
18679, 0, 8, 32, 29, 7, 26.82%, 0, 11, 2, 1.11, 25336, 372
18684, 0, 8, 32, 29, 7, 26.82%, 0, 11, 2, 1.15, 25342, 372
18689, 0, 8, 32, 29, 7, 26.82%, 0, 11, 2, 1.37, 25350, 372
18694, 0, 8, 32, 29, 7, 26.82%, 0, 11, 2, 3.44, 25373, 372
18699, 0, 8, 32, 29, 7, 26.82%, 0, 11, 2, 4.65, 25401, 372
18704, 0, 8, 32, 29, 7, 26.82%, 0, 11, 2, 5.14, 25429, 372
18710, 0, 8, 32, 29, 7, 26.82%, 0, 11, 2, 5.33, 25457, 372
18715, 0, 8, 32, 29, 7, 26.82%, 0, 11, 2, 5.41, 25485, 372
18720, 0, 8, 32, 29, 7, 26.82%, 0, 11, 2, 5.45, 25513, 372
18725, 0, 8, 32, 29, 7, 26.82%, 0, 11, 2, 5.46, 25541, 372
18730, 0, 8, 32, 29, 7, 26.82%, 0, 11, 2, 5.46, 25569, 372
18735, 0, 8, 32, 29, 7, 26.82%, 0, 11, 2, 5.47, 25597, 372
18740, 0, 8, 32, 29, 7, 26.82%, 0, 11, 2, 5.47, 25625, 372
18745, 0, 8, 32, 29, 7, 26.82%, 0, 11, 2, 5.47, 25653, 372
18751, 0, 8, 32, 29, 7, 26.82%, 0, 11, 2, 5.46, 25681, 372
18756, 0, 8, 32, 29, 7, 26.82%, 0, 11, 2, 5.47, 25709, 372
18761, 0, 8, 32, 29, 7, 26.82%, 0, 11, 2, 5.47, 25737, 372
18766, 0, 8, 32, 29, 7, 26.82%, 0, 11, 2, 5.47, 25765, 372
18771, 0, 8, 32, 29, 7, 26.82%, 0, 11, 2, 5.47, 25793, 372
18776, 0, 8, 32, 29, 7, 26.82%, 0, 11, 2, 5.47, 25821, 372
18781, 0, 8, 32, 29, 7, 26.82%, 0, 11, 2, 5.47, 25849, 372
18786, 0, 8, 32, 29, 7, 26.82%, 0, 11, 2, 5.47, 25877, 372
18791, 0, 8, 32, 29, 7, 26.82%, 0, 11, 2, 5.47, 25905, 372
18797, 0, 8, 32, 29, 7, 26.82%, 0, 11, 2, 5.47, 25933, 372
18802, 0, 8, 32, 29, 7, 26.82%, 0, 11, 2, 5.47, 25961, 372
18807, 0, 8, 32, 29, 7, 26.82%, 0, 11, 2, 5.46, 25989, 372
18812, 0, 8, 32, 29, 7, 26.82%, 0, 11, 2, 5.47, 26017, 372
18817, 0, 8, 32, 29, 7, 26.82%, 0, 11, 2, 5.47, 26045, 372
18822, 0, 8, 32, 29, 7, 26.82%, 0, 11, 2, 5.47, 26073, 372
18827, 0, 8, 32, 29, 7, 26.82%, 0, 11, 2, 5.47, 26101, 372
18832, 0, 8, 32, 29, 7, 26.82%, 0, 11, 2, 5.47, 26129, 372
18838, 0, 8, 32, 29, 7, 26.82%, 0, 11, 2, 5.47, 26157, 372
18843, 0, 8, 32, 29, 7, 26.82%, 0, 11, 2, 5.47, 26185, 372
18848, 0, 8, 32, 29, 7, 26.82%, 0, 11, 2, 5.47, 26213, 372
18853, 0, 8, 32, 29, 7, 26.82%, 0, 11, 2, 5.47, 26241, 372
18858, 0, 8, 32, 29, 7, 26.82%, 0, 11, 2, 5.47, 26269, 372
18863, 0, 8, 32, 29, 7, 26.82%, 0, 11, 2, 5.47, 26297, 372
18868, 0, 8, 32, 29, 7, 26.82%, 0, 11, 2, 5.47, 26325, 372
18873, 0, 8, 32, 29, 7, 26.82%, 0, 11, 2, 5.47, 26353, 372
18879, 0, 8, 32, 29, 7, 26.82%, 0, 11, 2, 5.47, 26381, 372
18884, 0, 8, 32, 29, 7, 26.82%, 0, 11, 2, 5.47, 26409, 372
18889, 0, 8, 32, 29, 7, 26.82%, 0, 11, 2, 5.47, 26437, 372
18894, 0, 8, 32, 29, 7, 26.82%, 0, 11, 2, 5.47, 26465, 372
18899, 0, 8, 32, 29, 7, 26.82%, 0, 11, 2, 5.47, 26493, 372
18904, 0, 8, 32, 29, 7, 26.82%, 0, 11, 2, 5.47, 26521, 372
18909, 0, 8, 32, 29, 7, 26.82%, 0, 11, 2, 5.47, 26549, 372
18914, 0, 8, 32, 29, 7, 26.82%, 0, 11, 2, 5.47, 26577, 372
18920, 0, 8, 32, 29, 7, 26.82%, 0, 11, 2, 5.47, 26605, 372
18925, 0, 8, 32, 29, 7, 26.82%, 0, 11, 2, 5.47, 26633, 372
18930, 0, 8, 32, 29, 7, 26.82%, 0, 11, 2, 5.47, 26661, 372
18935, 0, 8, 32, 29, 7, 26.82%, 0, 11, 2, 5.47, 26689, 372
18940, 0, 8, 32, 29, 7, 26.82%, 0, 11, 2, 5.47, 26717, 372
18945, 0, 8, 32, 29, 7, 26.82%, 0, 11, 2, 5.47, 26745, 372
18950, 0, 8, 32, 29, 7, 26.82%, 0, 11, 2, 5.47, 26773, 372
18955, 0, 8, 32, 29, 7, 26.82%, 0, 11, 2, 5.47, 26801, 372
18960, 0, 8, 32, 29, 7, 26.82%, 0, 11, 2, 5.47, 26829, 372
18966, 0, 8, 32, 29, 7, 26.82%, 0, 11, 2, 5.47, 26857, 372
18971, 0, 8, 32, 29, 7, 26.82%, 0, 11, 2, 5.47, 26885, 372
18976, 0, 8, 32, 29, 7, 26.82%, 0, 11, 2, 5.47, 26913, 372
18981, 0, 8, 32, 29, 7, 26.82%, 0, 11, 2, 5.47, 26941, 372
18986, 0, 8, 32, 29, 7, 26.82%, 0, 11, 2, 5.47, 26969, 372
18991, 0, 8, 32, 29, 7, 26.82%, 0, 11, 2, 5.47, 26997, 372
18996, 0, 8, 32, 29, 7, 26.82%, 0, 11, 2, 5.47, 27025, 372
19001, 0, 8, 32, 29, 7, 26.82%, 0, 11, 2, 5.47, 27053, 372
19007, 0, 8, 32, 29, 7, 26.82%, 0, 11, 2, 5.47, 27081, 372
19012, 0, 8, 32, 29, 7, 26.82%, 0, 11, 2, 5.47, 27109, 372
19017, 0, 8, 32, 29, 7, 26.82%, 0, 11, 2, 5.47, 27137, 372
19022, 0, 8, 32, 29, 7, 26.82%, 0, 11, 2, 5.47, 27165, 372
19027, 0, 8, 32, 29, 7, 26.82%, 0, 11, 2, 5.47, 27193, 372
19032, 0, 8, 32, 29, 7, 26.82%, 0, 11, 2, 5.47, 27221, 372
19037, 0, 8, 32, 29, 7, 26.82%, 0, 11, 2, 5.47, 27249, 372
19042, 0, 8, 32, 29, 7, 26.82%, 0, 11, 2, 5.47, 27277, 372
19048, 0, 8, 32, 29, 7, 26.82%, 0, 11, 2, 5.47, 27305, 372
19053, 0, 8, 32, 29, 7, 26.82%, 0, 11, 2, 5.47, 27333, 372
19058, 0, 8, 32, 29, 7, 26.82%, 0, 11, 2, 5.47, 27361, 372
19063, 0, 8, 32, 29, 7, 26.82%, 0, 11, 2, 5.47, 27389, 372
19068, 0, 8, 32, 29, 7, 26.82%, 0, 11, 2, 5.47, 27417, 372
19073, 0, 8, 32, 29, 7, 26.82%, 0, 11, 2, 5.47, 27445, 372
19078, 0, 8, 32, 29, 7, 26.82%, 0, 11, 2, 5.47, 27473, 372
19083, 0, 8, 32, 29, 7, 26.82%, 0, 11, 2, 5.47, 27501, 372
19088, 0, 8, 32, 29, 7, 26.82%, 0, 11, 2, 5.47, 27529, 372
19094, 0, 8, 32, 29, 7, 26.82%, 0, 11, 2, 5.47, 27557, 372
19099, 0, 8, 32, 29, 7, 26.82%, 0, 11, 2, 5.47, 27585, 372
19104, 0, 8, 32, 29, 7, 26.82%, 0, 11, 2, 5.47, 27613, 372
19109, 0, 8, 32, 29, 7, 26.82%, 0, 11, 2, 5.47, 27641, 372
19114, 0, 8, 32, 29, 7, 26.82%, 0, 11, 2, 5.47, 27669, 372
19119, 0, 8, 32, 29, 7, 26.82%, 0, 11, 2, 5.47, 27697, 372
19124, 0, 8, 32, 29, 7, 26.82%, 0, 11, 2, 5.47, 27725, 372
19129, 0, 8, 32, 29, 7, 26.82%, 0, 11, 2, 5.47, 27753, 372
19135, 0, 8, 32, 29, 7, 26.82%, 0, 11, 2, 5.47, 27781, 372
19140, 0, 8, 32, 29, 7, 26.82%, 0, 11, 2, 5.47, 27809, 372
19145, 0, 8, 32, 29, 7, 26.82%, 0, 11, 2, 5.47, 27837, 372
19150, 0, 8, 32, 29, 7, 26.82%, 0, 11, 2, 5.47, 27865, 372
19155, 0, 8, 32, 29, 7, 26.82%, 0, 11, 2, 5.47, 27893, 372
19160, 0, 8, 32, 29, 7, 26.82%, 0, 11, 2, 5.47, 27921, 372
19165, 0, 8, 32, 29, 7, 26.82%, 0, 11, 2, 5.47, 27949, 372
19170, 0, 8, 32, 29, 7, 26.82%, 0, 11, 2, 5.47, 27977, 372
19176, 0, 8, 32, 29, 7, 26.82%, 0, 11, 2, 5.47, 28005, 372
19181, 0, 8, 32, 29, 7, 26.82%, 0, 11, 2, 5.47, 28033, 372
19186, 0, 8, 32, 29, 7, 26.82%, 0, 11, 2, 5.46, 28061, 372
19191, 0, 8, 32, 29, 7, 26.82%, 0, 11, 2, 5.47, 28089, 372
19196, 0, 8, 32, 29, 7, 26.82%, 0, 11, 2, 5.47, 28117, 372
19201, 0, 8, 32, 29, 7, 26.82%, 0, 11, 2, 5.47, 28145, 372
19206, 0, 8, 32, 29, 7, 26.82%, 0, 11, 2, 5.47, 28173, 372
19211, 0, 8, 32, 29, 7, 26.82%, 0, 11, 2, 5.47, 28201, 372
19217, 0, 8, 32, 29, 7, 26.82%, 0, 11, 2, 5.47, 28229, 372
19222, 0, 8, 32, 29, 7, 26.82%, 0, 11, 2, 5.47, 28257, 372
19227, 0, 8, 32, 29, 7, 26.82%, 0, 11, 2, 5.47, 28285, 372
19232, 0, 8, 32, 29, 7, 26.82%, 0, 11, 2, 5.47, 28313, 372
19237, 0, 8, 32, 29, 7, 26.82%, 0, 11, 2, 5.47, 28341, 372
19242, 0, 8, 32, 29, 7, 26.82%, 0, 11, 2, 5.47, 28369, 372
19247, 0, 8, 32, 29, 7, 26.82%, 0, 11, 2, 5.47, 28397, 372
19252, 0, 8, 32, 29, 7, 26.82%, 0, 11, 2, 5.47, 28425, 372
19257, 0, 8, 32, 29, 7, 26.82%, 0, 11, 2, 5.47, 28453, 372
19263, 0, 8, 32, 29, 7, 26.82%, 0, 11, 2, 5.47, 28481, 372
19268, 0, 8, 32, 29, 7, 26.82%, 0, 11, 2, 5.47, 28509, 372
19273, 0, 8, 32, 29, 7, 26.82%, 0, 11, 2, 5.47, 28537, 372
19278, 0, 8, 32, 29, 7, 26.82%, 0, 11, 2, 5.47, 28565, 372
19283, 0, 8, 32, 29, 7, 26.82%, 0, 11, 2, 5.47, 28593, 372
19288, 0, 8, 32, 29, 7, 26.82%, 0, 11, 2, 5.47, 28621, 372
19293, 0, 8, 32, 29, 7, 26.82%, 0, 11, 2, 5.47, 28649, 372
19298, 0, 8, 32, 29, 7, 26.82%, 0, 11, 2, 5.47, 28677, 372
19304, 0, 8, 32, 29, 7, 26.82%, 0, 11, 2, 5.47, 28705, 372
19309, 0, 8, 32, 29, 7, 26.82%, 0, 11, 2, 5.47, 28733, 372
19314, 0, 8, 32, 29, 7, 26.82%, 0, 11, 2, 5.47, 28761, 372
19319, 0, 8, 32, 29, 7, 26.82%, 0, 11, 2, 5.47, 28789, 372
19324, 0, 8, 32, 29, 7, 26.82%, 0, 11, 2, 5.47, 28817, 372
19329, 0, 8, 32, 29, 7, 26.82%, 0, 11, 2, 5.47, 28845, 372
19334, 0, 8, 32, 29, 7, 26.82%, 0, 11, 2, 5.47, 28873, 372
19339, 0, 8, 32, 29, 7, 26.82%, 0, 11, 2, 5.47, 28901, 372
19345, 0, 8, 32, 29, 7, 26.82%, 0, 11, 2, 5.47, 28929, 372
19350, 0, 8, 32, 29, 7, 26.82%, 0, 11, 2, 5.47, 28957, 372
19355, 0, 8, 32, 29, 7, 26.82%, 0, 11, 2, 5.47, 28985, 372
19360, 0, 8, 32, 29, 7, 26.82%, 0, 11, 2, 5.47, 29013, 372
19365, 0, 8, 32, 29, 7, 26.82%, 0, 11, 2, 5.47, 29041, 372
19370, 0, 8, 32, 29, 7, 26.82%, 0, 11, 2, 5.47, 29069, 372
19375, 0, 8, 32, 29, 7, 26.82%, 0, 11, 2, 5.47, 29097, 372
19380, 0, 8, 32, 29, 7, 26.82%, 0, 11, 2, 5.47, 29125, 372
19385, 0, 8, 32, 29, 7, 26.82%, 0, 11, 2, 5.47, 29153, 372
19391, 0, 8, 32, 29, 7, 26.82%, 0, 11, 2, 5.47, 29181, 372
19396, 0, 8, 32, 29, 7, 26.82%, 0, 11, 2, 5.47, 29209, 372
19401, 0, 8, 32, 29, 7, 26.82%, 0, 11, 2, 5.47, 29237, 372
19406, 0, 8, 32, 29, 7, 26.82%, 0, 11, 2, 5.47, 29265, 372
19411, 0, 8, 32, 29, 7, 26.82%, 0, 11, 2, 5.47, 29293, 372
19416, 0, 8, 32, 29, 7, 26.82%, 0, 11, 2, 5.47, 29321, 372
19421, 0, 8, 32, 29, 7, 26.82%, 0, 11, 2, 5.47, 29349, 372
19426, 0, 8, 32, 29, 7, 26.82%, 0, 11, 2, 5.47, 29377, 372
19432, 0, 8, 32, 29, 7, 26.82%, 0, 11, 2, 5.47, 29405, 372
19437, 0, 8, 32, 29, 7, 26.82%, 0, 11, 2, 5.47, 29433, 372
19442, 0, 8, 32, 29, 7, 26.82%, 0, 11, 2, 5.47, 29461, 372
19447, 0, 8, 32, 29, 7, 26.82%, 0, 11, 2, 5.46, 29489, 372
19452, 0, 8, 32, 29, 7, 26.82%, 0, 11, 2, 5.47, 29517, 372
19457, 0, 8, 32, 29, 7, 26.82%, 0, 11, 2, 5.47, 29545, 372
19462, 0, 8, 32, 29, 7, 26.82%, 0, 11, 2, 1.00, 29564, 372
19467, 0, 8, 32, 29, 7, 26.82%, 0, 11, 2, 1.00, 29569, 372
19472, 0, 8, 32, 29, 7, 26.82%, 0, 11, 2, 1.00, 29574, 372
19477, 0, 8, 32, 29, 7, 26.82%, 0, 11, 2, 1.00, 29579, 372
19483, 0, 8, 32, 29, 7, 26.82%, 0, 11, 2, 1.00, 29585, 372
19489, 0, 8, 32, 29, 7, 26.82%, 0, 11, 2, 1.20, 29593, 372
19494, 0, 8, 32, 29, 7, 26.82%, 0, 11, 2, 1.14, 29598, 372
19499, 0, 8, 32, 29, 7, 26.82%, 0, 11, 2, 1.10, 29603, 372
19504, 0, 8, 32, 29, 7, 26.82%, 0, 11, 2, 1.07, 29608, 372
19509, 0, 8, 32, 29, 7, 26.82%, 0, 11, 2, 1.05, 29613, 372
19515, 0, 8, 32, 29, 7, 26.82%, 0, 11, 2, 1.06, 29619, 372
19520, 0, 8, 32, 29, 7, 26.82%, 0, 11, 2, 1.21, 29626, 372
19525, 0, 8, 32, 29, 7, 26.82%, 0, 11, 2, 1.15, 29631, 372
19530, 0, 8, 32, 29, 7, 26.82%, 0, 11, 2, 1.11, 29636, 372
19535, 0, 8, 32, 29, 7, 26.82%, 0, 11, 2, 1.08, 29641, 372
19540, 0, 8, 32, 29, 7, 26.82%, 0, 11, 2, 1.06, 29646, 372
19546, 0, 8, 32, 29, 7, 26.82%, 0, 11, 2, 1.04, 29652, 372
19552, 0, 8, 32, 29, 7, 26.82%, 0, 11, 2, 1.22, 29660, 372
19557, 0, 8, 32, 29, 7, 26.82%, 0, 11, 2, 1.16, 29665, 372
19562, 0, 8, 32, 29, 7, 26.82%, 0, 11, 2, 1.11, 29670, 372
19567, 0, 8, 32, 29, 7, 26.82%, 0, 11, 2, 1.08, 29675, 372
19572, 0, 8, 32, 29, 7, 26.82%, 0, 11, 2, 1.06, 29680, 372
19577, 0, 8, 32, 29, 7, 26.82%, 0, 11, 2, 1.07, 29686, 372
19583, 0, 8, 32, 29, 7, 26.82%, 0, 11, 2, 1.16, 29693, 372
19588, 0, 8, 32, 29, 7, 26.82%, 0, 11, 2, 1.89, 29703, 372
19594, 0, 8, 32, 29, 7, 26.82%, 0, 11, 2, 4.02, 29731, 372
19599, 0, 8, 32, 29, 7, 26.82%, 0, 11, 2, 4.88, 29759, 372
19604, 0, 8, 32, 29, 7, 26.82%, 0, 11, 2, 5.23, 29787, 372
19609, 0, 8, 32, 29, 7, 26.82%, 0, 11, 2, 5.37, 29815, 372
19614, 0, 8, 32, 29, 7, 26.82%, 0, 11, 2, 5.43, 29843, 372
19619, 0, 8, 32, 29, 7, 26.82%, 0, 11, 2, 5.45, 29871, 372
19624, 0, 8, 32, 29, 7, 26.82%, 0, 11, 2, 5.46, 29899, 372
19629, 0, 8, 32, 29, 7, 26.82%, 0, 11, 2, 5.47, 29927, 372
19634, 0, 8, 32, 29, 7, 26.82%, 0, 11, 2, 5.47, 29955, 372
19640, 0, 8, 32, 29, 7, 26.82%, 0, 11, 2, 5.47, 29983, 372
19645, 0, 8, 32, 29, 7, 26.82%, 0, 11, 2, 5.47, 30011, 372
19650, 0, 8, 32, 29, 7, 26.82%, 0, 11, 2, 5.46, 30039, 372
19655, 0, 8, 32, 29, 7, 26.82%, 0, 11, 2, 5.47, 30067, 372
19660, 0, 8, 32, 29, 7, 26.82%, 0, 11, 2, 5.47, 30095, 372
19665, 0, 8, 32, 29, 7, 26.82%, 0, 11, 2, 5.47, 30123, 372
19670, 0, 8, 32, 29, 7, 26.82%, 0, 11, 2, 5.47, 30151, 372
19675, 0, 8, 32, 29, 7, 26.82%, 0, 11, 2, 5.47, 30179, 372
19681, 0, 8, 32, 29, 7, 26.82%, 0, 11, 2, 5.47, 30207, 372
19686, 0, 8, 32, 29, 7, 26.82%, 0, 11, 2, 5.47, 30235, 372
19691, 0, 8, 32, 29, 7, 26.82%, 0, 11, 2, 5.47, 30263, 372
19696, 0, 8, 32, 29, 7, 26.82%, 0, 11, 2, 5.47, 30291, 372
19701, 0, 8, 32, 29, 7, 26.82%, 0, 11, 2, 5.47, 30319, 372
19706, 0, 8, 32, 29, 7, 26.82%, 0, 11, 2, 5.47, 30347, 372
19711, 0, 8, 32, 29, 7, 26.82%, 0, 11, 2, 5.47, 30375, 372
19716, 0, 8, 32, 29, 7, 26.82%, 0, 11, 2, 5.47, 30403, 372
19722, 0, 8, 32, 29, 7, 26.82%, 0, 11, 2, 5.47, 30431, 372
19727, 0, 8, 32, 29, 7, 26.82%, 0, 11, 2, 5.47, 30459, 372
19732, 0, 8, 32, 29, 7, 26.82%, 0, 11, 2, 5.47, 30487, 372
19737, 0, 8, 32, 29, 7, 26.82%, 0, 11, 2, 5.47, 30515, 372
19742, 0, 8, 32, 29, 7, 26.82%, 0, 11, 2, 5.47, 30543, 372
19747, 0, 8, 32, 29, 7, 26.82%, 0, 11, 2, 5.47, 30571, 372
19752, 0, 8, 32, 29, 7, 26.82%, 0, 11, 2, 5.47, 30599, 372
19757, 0, 8, 32, 29, 7, 26.82%, 0, 11, 2, 5.47, 30627, 372
19762, 0, 8, 32, 29, 7, 26.82%, 0, 11, 2, 5.47, 30655, 372
19768, 0, 8, 32, 29, 7, 26.82%, 0, 11, 2, 5.47, 30683, 372
19773, 0, 8, 32, 29, 7, 26.82%, 0, 11, 2, 5.47, 30711, 372
19778, 0, 8, 32, 29, 7, 26.82%, 0, 11, 2, 5.47, 30739, 372
19783, 0, 8, 32, 29, 7, 26.82%, 0, 11, 2, 5.47, 30767, 372
19788, 0, 8, 32, 29, 7, 26.82%, 0, 11, 2, 5.47, 30795, 372
19793, 0, 8, 32, 29, 7, 26.82%, 0, 11, 2, 5.47, 30823, 372
19798, 0, 8, 32, 29, 7, 26.82%, 0, 11, 2, 5.47, 30851, 372
19803, 0, 8, 32, 29, 7, 26.82%, 0, 11, 2, 5.47, 30879, 372
19809, 0, 8, 32, 29, 7, 26.82%, 0, 11, 2, 5.47, 30907, 372
19814, 0, 8, 32, 29, 7, 26.82%, 0, 11, 2, 5.47, 30935, 372
19819, 0, 8, 32, 29, 7, 26.82%, 0, 11, 2, 5.47, 30963, 372
19824, 0, 8, 32, 29, 7, 26.82%, 0, 11, 2, 5.47, 30991, 372
19829, 0, 8, 32, 29, 7, 26.82%, 0, 11, 2, 5.47, 31019, 372
19834, 0, 8, 32, 29, 7, 26.82%, 0, 11, 2, 5.47, 31047, 372
19839, 0, 8, 32, 29, 7, 26.82%, 0, 11, 2, 5.47, 31075, 372
19844, 0, 8, 32, 29, 7, 26.82%, 0, 11, 2, 5.47, 31103, 372
19850, 0, 8, 32, 29, 7, 26.82%, 0, 11, 2, 5.47, 31131, 372
19855, 0, 8, 32, 29, 7, 26.82%, 0, 11, 2, 5.47, 31159, 372
19860, 0, 8, 32, 29, 7, 26.82%, 0, 11, 2, 5.47, 31187, 372
19865, 0, 8, 32, 29, 7, 26.82%, 0, 11, 2, 5.47, 31215, 372
19870, 0, 8, 32, 29, 7, 26.82%, 0, 11, 2, 5.47, 31243, 372
19875, 0, 8, 32, 29, 7, 26.82%, 0, 11, 2, 5.47, 31271, 372
19880, 0, 8, 32, 29, 7, 26.82%, 0, 11, 2, 5.47, 31299, 372
19885, 0, 8, 32, 29, 7, 26.82%, 0, 11, 2, 5.47, 31327, 372
19891, 0, 8, 32, 29, 7, 26.82%, 0, 11, 2, 5.47, 31355, 372
19896, 0, 8, 32, 29, 7, 26.82%, 0, 11, 2, 5.47, 31383, 372
19901, 0, 8, 32, 29, 7, 26.82%, 0, 11, 2, 5.47, 31411, 372
19906, 0, 8, 32, 29, 7, 26.82%, 0, 11, 2, 5.47, 31439, 372
19911, 0, 8, 32, 29, 7, 26.82%, 0, 11, 2, 5.47, 31467, 372
19916, 0, 8, 32, 29, 7, 26.82%, 0, 11, 2, 5.47, 31495, 372
19921, 0, 8, 32, 29, 7, 26.82%, 0, 11, 2, 5.47, 31523, 372
19926, 0, 8, 32, 29, 7, 26.82%, 0, 11, 2, 5.47, 31551, 372
19931, 0, 8, 32, 29, 7, 26.82%, 0, 11, 2, 5.47, 31579, 372
19937, 0, 8, 32, 29, 7, 26.82%, 0, 11, 2, 5.47, 31607, 372
19942, 0, 8, 32, 29, 7, 26.82%, 0, 11, 2, 5.47, 31635, 372
19947, 0, 8, 32, 29, 7, 26.82%, 0, 11, 2, 5.47, 31663, 372
19952, 0, 8, 32, 29, 7, 26.82%, 0, 11, 2, 5.47, 31691, 372
19957, 0, 8, 32, 29, 7, 26.82%, 0, 11, 2, 5.47, 31719, 372
19962, 0, 8, 32, 29, 7, 26.82%, 0, 11, 2, 5.47, 31747, 372
19967, 0, 8, 32, 29, 7, 26.82%, 0, 11, 2, 5.47, 31775, 372
19972, 0, 8, 32, 29, 7, 26.82%, 0, 11, 2, 5.47, 31803, 372
19978, 0, 8, 32, 29, 7, 26.82%, 0, 11, 2, 5.47, 31831, 372
19983, 0, 8, 32, 29, 7, 26.82%, 0, 11, 2, 5.46, 31859, 372
19988, 0, 8, 32, 29, 7, 26.82%, 0, 11, 2, 5.46, 31887, 372
19993, 0, 8, 32, 29, 7, 26.82%, 0, 11, 2, 5.47, 31915, 372
19998, 0, 8, 32, 29, 7, 26.82%, 0, 11, 2, 5.47, 31943, 372
20003, 0, 8, 32, 29, 7, 26.82%, 0, 11, 2, 5.47, 31971, 372
20008, 0, 8, 32, 29, 7, 26.82%, 0, 11, 2, 5.47, 31999, 372
20013, 0, 8, 32, 29, 7, 26.82%, 0, 11, 2, 5.47, 32027, 372
20019, 0, 8, 32, 29, 7, 26.82%, 0, 11, 2, 5.47, 32055, 372
20024, 0, 8, 32, 29, 7, 26.82%, 0, 11, 2, 5.47, 32083, 372
20029, 0, 8, 32, 29, 7, 26.82%, 0, 11, 2, 5.47, 32111, 372
20034, 0, 8, 32, 29, 7, 26.82%, 0, 11, 2, 5.47, 32139, 372
20039, 0, 8, 32, 29, 7, 26.82%, 0, 11, 2, 5.47, 32167, 372
20044, 0, 8, 32, 29, 7, 26.82%, 0, 11, 2, 5.47, 32195, 372
20049, 0, 8, 32, 29, 7, 26.82%, 0, 11, 2, 5.47, 32223, 372
20054, 0, 8, 32, 29, 7, 26.82%, 0, 11, 2, 5.47, 32251, 372
20059, 0, 8, 32, 29, 7, 26.82%, 0, 11, 2, 5.47, 32279, 372
20065, 0, 8, 32, 29, 7, 26.82%, 0, 11, 2, 5.47, 32307, 372
20070, 0, 8, 32, 29, 7, 26.82%, 0, 11, 2, 5.47, 32335, 372
20075, 0, 8, 32, 29, 7, 26.82%, 0, 11, 2, 5.47, 32363, 372
20080, 0, 8, 32, 29, 7, 26.82%, 0, 11, 2, 5.47, 32391, 372
20085, 0, 8, 32, 29, 7, 26.82%, 0, 11, 2, 5.47, 32419, 372
20090, 0, 8, 32, 29, 7, 26.82%, 0, 11, 2, 5.47, 32447, 372
20095, 0, 8, 32, 29, 7, 26.82%, 0, 11, 2, 5.47, 32475, 372
20100, 0, 8, 32, 29, 7, 26.82%, 0, 11, 2, 5.47, 32503, 372
20106, 0, 8, 32, 29, 7, 26.82%, 0, 11, 2, 5.47, 32531, 372
20111, 0, 8, 32, 29, 7, 26.82%, 0, 11, 2, 5.47, 32559, 372
20116, 0, 8, 32, 29, 7, 26.82%, 0, 11, 2, 5.47, 32587, 372
20121, 0, 8, 32, 29, 7, 26.82%, 0, 11, 2, 5.47, 32615, 372
20126, 0, 8, 32, 29, 7, 26.82%, 0, 11, 2, 5.47, 32643, 372
20131, 0, 8, 32, 29, 7, 26.82%, 0, 11, 2, 5.47, 32671, 372
20136, 0, 8, 32, 29, 7, 26.82%, 0, 11, 2, 5.47, 32699, 372
20141, 0, 8, 32, 29, 7, 26.82%, 0, 11, 2, 5.47, 32727, 372
20147, 0, 8, 32, 29, 7, 26.82%, 0, 11, 2, 5.47, 32755, 372
20152, 0, 8, 32, 29, 7, 26.82%, 0, 11, 2, 5.47, 32783, 372
20157, 0, 8, 32, 29, 7, 26.82%, 0, 11, 2, 5.47, 32811, 372
20162, 0, 8, 32, 29, 7, 26.82%, 0, 11, 2, 5.47, 32839, 372
20167, 0, 8, 32, 29, 7, 26.82%, 0, 11, 2, 5.47, 32867, 372
20172, 0, 8, 32, 29, 7, 26.82%, 0, 11, 2, 5.47, 32895, 372
20177, 0, 8, 32, 29, 7, 26.82%, 0, 11, 2, 5.47, 32923, 372
20182, 0, 8, 32, 29, 7, 26.82%, 0, 11, 2, 5.47, 32951, 372
20187, 0, 8, 32, 29, 7, 26.82%, 0, 11, 2, 5.47, 32979, 372
20193, 0, 8, 32, 29, 7, 26.82%, 0, 11, 2, 5.47, 33007, 372
20198, 0, 8, 32, 29, 7, 26.82%, 0, 11, 2, 5.47, 33035, 372
20203, 0, 8, 32, 29, 7, 26.82%, 0, 11, 2, 5.47, 33063, 372
20208, 0, 8, 32, 29, 7, 26.82%, 0, 11, 2, 5.47, 33091, 372
20213, 0, 8, 32, 29, 7, 26.82%, 0, 11, 2, 5.47, 33119, 372
20218, 0, 8, 32, 29, 7, 26.82%, 0, 11, 2, 5.47, 33147, 372
20223, 0, 8, 32, 29, 7, 26.82%, 0, 11, 2, 5.47, 33175, 372
20228, 0, 8, 32, 29, 7, 26.82%, 0, 11, 2, 5.47, 33203, 372
20234, 0, 8, 32, 29, 7, 26.82%, 0, 11, 2, 5.47, 33231, 372
20239, 0, 8, 32, 29, 7, 26.82%, 0, 11, 2, 5.46, 33259, 372
20244, 0, 8, 32, 29, 7, 26.82%, 0, 11, 2, 5.47, 33287, 372
20249, 0, 8, 32, 29, 7, 26.82%, 0, 11, 2, 5.47, 33315, 372
20254, 0, 8, 32, 29, 7, 26.82%, 0, 11, 2, 5.47, 33343, 372
20259, 0, 8, 32, 29, 7, 26.82%, 0, 11, 2, 5.47, 33371, 372
20264, 0, 8, 32, 29, 7, 26.82%, 0, 11, 2, 5.47, 33399, 372
20269, 0, 8, 32, 29, 7, 26.82%, 0, 11, 2, 5.47, 33427, 372
20275, 0, 8, 32, 29, 7, 26.82%, 0, 11, 2, 5.47, 33455, 372
20280, 0, 8, 32, 29, 7, 26.82%, 0, 11, 2, 5.47, 33483, 372
20285, 0, 8, 32, 29, 7, 26.82%, 0, 11, 2, 5.47, 33511, 372
20290, 0, 8, 32, 29, 7, 26.82%, 0, 11, 2, 5.47, 33539, 372
20295, 0, 8, 32, 29, 7, 26.82%, 0, 11, 2, 5.47, 33567, 372
20300, 0, 8, 32, 29, 7, 26.82%, 0, 11, 2, 5.47, 33595, 372
20305, 0, 8, 32, 29, 7, 26.82%, 0, 11, 2, 5.47, 33623, 372
20310, 0, 8, 32, 29, 7, 26.82%, 0, 11, 2, 5.47, 33651, 372
20316, 0, 8, 32, 29, 7, 26.82%, 0, 11, 2, 5.46, 33679, 372
20321, 0, 8, 32, 29, 7, 26.82%, 0, 11, 2, 5.47, 33707, 372
20326, 0, 8, 32, 29, 7, 26.82%, 0, 11, 2, 5.46, 33735, 372
20331, 0, 8, 32, 29, 7, 26.82%, 0, 11, 2, 5.47, 33763, 372
20336, 0, 8, 32, 29, 7, 26.82%, 0, 11, 2, 5.47, 33791, 372
20341, 0, 8, 32, 29, 7, 26.82%, 0, 11, 2, 5.47, 33819, 372
20346, 0, 8, 32, 29, 7, 26.82%, 0, 11, 2, 5.47, 33847, 372
20351, 0, 8, 32, 29, 7, 26.82%, 0, 11, 2, 5.47, 33875, 372
20356, 0, 8, 32, 29, 7, 26.82%, 0, 11, 2, 5.47, 33903, 372
20362, 0, 8, 32, 29, 7, 26.82%, 0, 11, 2, 5.47, 33931, 372
20367, 0, 8, 32, 29, 7, 26.82%, 0, 11, 2, 5.47, 33959, 372
20372, 0, 8, 32, 29, 7, 26.82%, 0, 11, 2, 5.47, 33987, 372
20377, 0, 8, 32, 29, 7, 26.82%, 0, 11, 2, 5.47, 34015, 372
20382, 0, 8, 32, 29, 7, 26.82%, 0, 11, 2, 5.47, 34043, 372
20387, 0, 8, 32, 29, 7, 26.82%, 0, 11, 2, 5.47, 34071, 372
20392, 0, 8, 32, 29, 7, 26.82%, 0, 11, 2, 5.47, 34099, 372
20397, 0, 8, 32, 29, 7, 26.82%, 0, 11, 2, 5.47, 34127, 372
20403, 0, 8, 32, 29, 7, 26.82%, 0, 11, 2, 5.47, 34155, 372
20408, 0, 8, 32, 29, 7, 26.82%, 0, 11, 2, 5.47, 34183, 372
20413, 0, 8, 32, 29, 7, 26.82%, 0, 11, 2, 5.47, 34211, 372
20418, 0, 8, 32, 29, 7, 26.82%, 0, 11, 2, 5.47, 34239, 372
20423, 0, 8, 32, 29, 7, 26.82%, 0, 11, 2, 5.47, 34267, 372
20428, 0, 8, 32, 29, 7, 26.82%, 0, 11, 2, 5.47, 34295, 372
20434, 0, 8, 32, 29, 7, 26.82%, 0, 11, 2, 1.00, 34317, 372
20439, 0, 8, 32, 29, 7, 26.82%, 0, 11, 2, 1.00, 34322, 372
20444, 0, 8, 32, 29, 7, 26.82%, 0, 11, 2, 1.00, 34327, 372
20449, 0, 8, 32, 29, 7, 26.82%, 0, 11, 2, 1.00, 34332, 372
20455, 0, 8, 32, 29, 7, 26.82%, 0, 11, 2, 1.00, 34338, 372
20461, 0, 8, 32, 29, 7, 26.82%, 0, 11, 2, 1.20, 34346, 372
20466, 0, 8, 32, 29, 7, 26.82%, 0, 11, 2, 1.14, 34351, 372
20471, 0, 8, 32, 29, 7, 26.82%, 0, 11, 2, 1.10, 34356, 372
20476, 0, 8, 32, 29, 7, 26.82%, 0, 11, 2, 1.07, 34361, 372
20481, 0, 8, 32, 29, 7, 26.82%, 0, 11, 2, 1.05, 34366, 372
20486, 0, 8, 32, 29, 7, 26.82%, 0, 11, 2, 1.06, 34372, 372
20491, 0, 8, 32, 29, 7, 26.82%, 0, 11, 2, 1.21, 34379, 372
20496, 0, 8, 32, 29, 7, 26.82%, 0, 11, 2, 1.15, 34384, 372
20501, 0, 8, 32, 29, 7, 26.82%, 0, 11, 2, 1.11, 34389, 372
20506, 0, 8, 32, 29, 7, 26.82%, 0, 11, 2, 1.08, 34394, 372
20511, 0, 8, 32, 29, 7, 26.82%, 0, 11, 2, 1.06, 34399, 372
20516, 0, 8, 32, 29, 7, 26.82%, 0, 11, 2, 1.04, 34404, 372
20521, 0, 8, 32, 29, 7, 26.82%, 0, 11, 2, 1.03, 34409, 372
20526, 0, 8, 32, 29, 7, 26.82%, 0, 11, 2, 1.02, 34414, 372
20531, 0, 8, 32, 29, 7, 26.82%, 0, 11, 2, 1.01, 34419, 372
20536, 0, 8, 32, 29, 7, 26.82%, 0, 11, 2, 1.01, 34424, 372
20542, 0, 8, 32, 29, 7, 26.82%, 0, 11, 2, 1.01, 34429, 372
20547, 0, 8, 32, 29, 7, 26.82%, 0, 11, 2, 1.00, 34434, 372
20552, 0, 8, 32, 29, 7, 26.82%, 0, 11, 2, 1.00, 34439, 372
20557, 0, 8, 32, 29, 7, 26.82%, 0, 11, 2, 1.00, 34444, 372
20562, 0, 8, 32, 29, 7, 26.82%, 0, 11, 2, 1.00, 34449, 372
20567, 0, 8, 32, 29, 7, 26.82%, 0, 11, 2, 1.00, 34454, 372
20572, 0, 8, 32, 29, 7, 26.82%, 0, 11, 2, 1.00, 34459, 372
20577, 0, 8, 32, 29, 7, 26.82%, 0, 11, 2, 1.00, 34464, 372
20582, 0, 8, 32, 29, 7, 26.82%, 0, 11, 2, 1.00, 34469, 372
20587, 0, 8, 32, 29, 7, 26.82%, 0, 11, 2, 1.00, 34474, 372
20592, 0, 8, 32, 29, 7, 26.82%, 0, 11, 2, 1.00, 34479, 372
20597, 0, 8, 32, 29, 7, 26.82%, 0, 11, 2, 1.00, 34484, 372
20602, 0, 8, 32, 29, 7, 26.82%, 0, 11, 2, 5.47, 34504, 372
20607, 0, 8, 32, 29, 7, 26.82%, 0, 11, 2, 5.47, 34532, 372
20612, 0, 8, 32, 29, 7, 26.82%, 0, 11, 2, 5.47, 34560, 372
20617, 0, 8, 32, 29, 7, 26.82%, 0, 11, 2, 5.47, 34588, 372
20622, 0, 8, 32, 29, 7, 26.82%, 0, 11, 2, 5.47, 34616, 372
20628, 0, 8, 32, 29, 7, 26.82%, 0, 11, 2, 5.47, 34644, 372
20633, 0, 8, 32, 29, 7, 26.82%, 0, 11, 2, 5.47, 34672, 372
20638, 0, 8, 32, 29, 7, 26.82%, 0, 11, 2, 5.47, 34700, 372
20643, 0, 8, 32, 29, 7, 26.82%, 0, 11, 2, 5.47, 34728, 372
20648, 0, 8, 32, 29, 7, 26.82%, 0, 11, 2, 5.47, 34756, 372
20653, 0, 8, 32, 29, 7, 26.82%, 0, 11, 2, 5.47, 34784, 372
20658, 0, 8, 32, 29, 7, 26.82%, 0, 11, 2, 5.47, 34812, 372
20663, 0, 8, 32, 29, 7, 26.82%, 0, 11, 2, 5.47, 34840, 372
20668, 0, 8, 32, 29, 7, 26.82%, 0, 11, 2, 5.46, 34868, 372
20674, 0, 8, 32, 29, 7, 26.82%, 0, 11, 2, 5.47, 34896, 372
20679, 0, 8, 32, 29, 7, 26.82%, 0, 11, 2, 5.47, 34924, 372
20684, 0, 8, 32, 29, 7, 26.82%, 0, 11, 2, 5.46, 34952, 372
20689, 0, 8, 32, 29, 7, 26.82%, 0, 11, 2, 5.46, 34980, 372
20694, 0, 8, 32, 29, 7, 26.82%, 0, 11, 2, 5.47, 35008, 372
20699, 0, 8, 32, 29, 7, 26.82%, 0, 11, 2, 5.47, 35036, 372
20704, 0, 8, 32, 29, 7, 26.82%, 0, 11, 2, 5.47, 35064, 372
20709, 0, 8, 32, 29, 7, 26.82%, 0, 11, 2, 5.47, 35092, 372
20715, 0, 8, 32, 29, 7, 26.82%, 0, 11, 2, 5.47, 35120, 372
20720, 0, 8, 32, 29, 7, 26.82%, 0, 11, 2, 5.47, 35148, 372
20725, 0, 8, 32, 29, 7, 26.82%, 0, 11, 2, 5.47, 35176, 372
20730, 0, 8, 32, 29, 7, 26.82%, 0, 11, 2, 5.47, 35204, 372
20735, 0, 8, 32, 29, 7, 26.82%, 0, 11, 2, 5.47, 35232, 372
20740, 0, 8, 32, 29, 7, 26.82%, 0, 11, 2, 5.47, 35260, 372
20745, 0, 8, 32, 29, 7, 26.82%, 0, 11, 2, 5.47, 35288, 372
20750, 0, 8, 32, 29, 7, 26.82%, 0, 11, 2, 5.47, 35316, 372
20756, 0, 8, 32, 29, 7, 26.82%, 0, 11, 2, 5.47, 35344, 372
20761, 0, 8, 32, 29, 7, 26.82%, 0, 11, 2, 5.47, 35372, 372
20766, 0, 8, 32, 29, 7, 26.82%, 0, 11, 2, 5.47, 35400, 372
20771, 0, 8, 32, 29, 7, 26.82%, 0, 11, 2, 5.47, 35428, 372
20776, 0, 8, 32, 29, 7, 26.82%, 0, 11, 2, 5.47, 35456, 372
20781, 0, 8, 32, 29, 7, 26.82%, 0, 11, 2, 5.47, 35484, 372
20786, 0, 8, 32, 29, 7, 26.82%, 0, 11, 2, 5.47, 35512, 372
20791, 0, 8, 32, 29, 7, 26.82%, 0, 11, 2, 5.47, 35540, 372
20796, 0, 8, 32, 29, 7, 26.82%, 0, 11, 2, 5.47, 35568, 372
20802, 0, 8, 32, 29, 7, 26.82%, 0, 11, 2, 5.47, 35596, 372
20807, 0, 8, 32, 29, 7, 26.82%, 0, 11, 2, 5.47, 35624, 372
20812, 0, 8, 32, 29, 7, 26.82%, 0, 11, 2, 5.47, 35652, 372
20817, 0, 8, 32, 29, 7, 26.82%, 0, 11, 2, 5.47, 35680, 372
20822, 0, 8, 32, 29, 7, 26.82%, 0, 11, 2, 5.46, 35708, 372
20827, 0, 8, 32, 29, 7, 26.82%, 0, 11, 2, 5.47, 35736, 372
20832, 0, 8, 32, 29, 7, 26.82%, 0, 11, 2, 5.47, 35764, 372
20837, 0, 8, 32, 29, 7, 26.82%, 0, 11, 2, 5.47, 35792, 372
20843, 0, 8, 32, 29, 7, 26.82%, 0, 11, 2, 5.47, 35820, 372
20848, 0, 8, 32, 29, 7, 26.82%, 0, 11, 2, 5.47, 35848, 372
20853, 0, 8, 32, 29, 7, 26.82%, 0, 11, 2, 5.47, 35876, 372
20858, 0, 8, 32, 29, 7, 26.82%, 0, 11, 2, 5.47, 35904, 372
20863, 0, 8, 32, 29, 7, 26.82%, 0, 11, 2, 5.47, 35932, 372
20868, 0, 8, 32, 29, 7, 26.82%, 0, 11, 2, 5.47, 35960, 372
20873, 0, 8, 32, 29, 7, 26.82%, 0, 11, 2, 5.47, 35988, 372
20878, 0, 8, 32, 29, 7, 26.82%, 0, 11, 2, 5.47, 36016, 372
20884, 0, 8, 32, 29, 7, 26.82%, 0, 11, 2, 5.47, 36044, 372
20889, 0, 8, 32, 29, 7, 26.82%, 0, 11, 2, 5.47, 36072, 372
20894, 0, 8, 32, 29, 7, 26.82%, 0, 11, 2, 5.47, 36100, 372
20899, 0, 8, 32, 29, 7, 26.82%, 0, 11, 2, 5.47, 36128, 372
20904, 0, 8, 32, 29, 7, 26.82%, 0, 11, 2, 5.47, 36156, 372
20909, 0, 8, 32, 29, 7, 26.82%, 0, 11, 2, 5.47, 36184, 372
20914, 0, 8, 32, 29, 7, 26.82%, 0, 11, 2, 5.47, 36212, 372
20919, 0, 8, 32, 29, 7, 26.82%, 0, 11, 2, 5.47, 36240, 372
20924, 0, 8, 32, 29, 7, 26.82%, 0, 11, 2, 5.47, 36268, 372
20930, 0, 8, 32, 29, 7, 26.82%, 0, 11, 2, 5.47, 36296, 372
20935, 0, 8, 32, 29, 7, 26.82%, 0, 11, 2, 5.47, 36324, 372
20940, 0, 8, 32, 29, 7, 26.82%, 0, 11, 2, 5.47, 36352, 372
20945, 0, 8, 32, 29, 7, 26.82%, 0, 11, 2, 5.47, 36380, 372
20950, 0, 8, 32, 29, 7, 26.82%, 0, 11, 2, 5.47, 36408, 372
20955, 0, 8, 32, 29, 7, 26.82%, 0, 11, 2, 5.47, 36436, 372
20960, 0, 8, 32, 29, 7, 26.82%, 0, 11, 2, 5.47, 36464, 372
20965, 0, 8, 32, 29, 7, 26.82%, 0, 11, 2, 5.47, 36492, 372
20971, 0, 8, 32, 29, 7, 26.82%, 0, 11, 2, 5.47, 36520, 372
20976, 0, 8, 32, 29, 7, 26.82%, 0, 11, 2, 5.47, 36548, 372
20981, 0, 8, 32, 29, 7, 26.82%, 0, 11, 2, 5.47, 36576, 372
20986, 0, 8, 32, 29, 7, 26.82%, 0, 11, 2, 5.47, 36604, 372
20991, 0, 8, 32, 29, 7, 26.82%, 0, 11, 2, 5.47, 36632, 372
20996, 0, 8, 32, 29, 7, 26.82%, 0, 11, 2, 5.47, 36660, 372
21001, 0, 8, 32, 29, 7, 26.82%, 0, 11, 2, 5.47, 36688, 372
21006, 0, 8, 32, 29, 7, 26.82%, 0, 11, 2, 5.47, 36716, 372
21012, 0, 8, 32, 29, 7, 26.82%, 0, 11, 2, 5.47, 36744, 372
21017, 0, 8, 32, 29, 7, 26.82%, 0, 11, 2, 5.47, 36772, 372
21022, 0, 8, 32, 29, 7, 26.82%, 0, 11, 2, 5.47, 36800, 372
21027, 0, 8, 32, 29, 7, 26.82%, 0, 11, 2, 5.47, 36828, 372
21032, 0, 8, 32, 29, 7, 26.82%, 0, 11, 2, 5.47, 36856, 372
21037, 0, 8, 32, 29, 7, 26.82%, 0, 11, 2, 5.47, 36884, 372
21042, 0, 8, 32, 29, 7, 26.82%, 0, 11, 2, 5.47, 36912, 372
21047, 0, 8, 32, 29, 7, 26.82%, 0, 11, 2, 5.47, 36940, 372
21053, 0, 8, 32, 29, 7, 26.82%, 0, 11, 2, 5.47, 36968, 372
21058, 0, 8, 32, 29, 7, 26.82%, 0, 11, 2, 5.47, 36996, 372
21063, 0, 8, 32, 29, 7, 26.82%, 0, 11, 2, 5.47, 37024, 372
21068, 0, 8, 32, 29, 7, 26.82%, 0, 11, 2, 5.47, 37052, 372
21073, 0, 8, 32, 29, 7, 26.82%, 0, 11, 2, 5.47, 37080, 372
21078, 0, 8, 32, 29, 7, 26.82%, 0, 11, 2, 5.47, 37108, 372
21083, 0, 8, 32, 29, 7, 26.82%, 0, 11, 2, 5.47, 37136, 372
21088, 0, 8, 32, 29, 7, 26.82%, 0, 11, 2, 5.47, 37164, 372
21093, 0, 8, 32, 29, 7, 26.82%, 0, 11, 2, 5.47, 37192, 372
21099, 0, 8, 32, 29, 7, 26.82%, 0, 11, 2, 5.47, 37220, 372
21104, 0, 8, 32, 29, 7, 26.82%, 0, 11, 2, 5.47, 37248, 372
21109, 0, 8, 32, 29, 7, 26.82%, 0, 11, 2, 5.47, 37276, 372
21114, 0, 8, 32, 29, 7, 26.82%, 0, 11, 2, 5.47, 37304, 372
21119, 0, 8, 32, 29, 7, 26.82%, 0, 11, 2, 5.47, 37332, 372
21124, 0, 8, 32, 29, 7, 26.82%, 0, 11, 2, 5.47, 37360, 372
21129, 0, 8, 32, 29, 7, 26.82%, 0, 11, 2, 5.47, 37388, 372
21134, 0, 8, 32, 29, 7, 26.82%, 0, 11, 2, 5.47, 37416, 372
21140, 0, 8, 32, 29, 7, 26.82%, 0, 11, 2, 5.47, 37444, 372
21145, 0, 8, 32, 29, 7, 26.82%, 0, 11, 2, 5.47, 37472, 372
21150, 0, 8, 32, 29, 7, 26.82%, 0, 11, 2, 5.47, 37500, 372
21155, 0, 8, 32, 29, 7, 26.82%, 0, 11, 2, 5.47, 37528, 372
21160, 0, 8, 32, 29, 7, 26.82%, 0, 11, 2, 5.47, 37556, 372
21165, 0, 8, 32, 29, 7, 26.82%, 0, 11, 2, 5.47, 37584, 372
21170, 0, 8, 32, 29, 7, 26.82%, 0, 11, 2, 5.47, 37612, 372
21175, 0, 8, 32, 29, 7, 26.82%, 0, 11, 2, 5.47, 37640, 372
21181, 0, 8, 32, 29, 7, 26.82%, 0, 11, 2, 5.47, 37668, 372
21186, 0, 8, 32, 29, 7, 26.82%, 0, 11, 2, 5.47, 37696, 372
21191, 0, 8, 32, 29, 7, 26.82%, 0, 11, 2, 5.47, 37724, 372
21196, 0, 8, 32, 29, 7, 26.82%, 0, 11, 2, 5.47, 37752, 372
21201, 0, 8, 32, 29, 7, 26.82%, 0, 11, 2, 5.47, 37780, 372
21206, 0, 8, 32, 29, 7, 26.82%, 0, 11, 2, 5.47, 37808, 372
21211, 0, 8, 32, 29, 7, 26.82%, 0, 11, 2, 5.47, 37836, 372
21216, 0, 8, 32, 29, 7, 26.82%, 0, 11, 2, 5.47, 37864, 372
21221, 0, 8, 32, 29, 7, 26.82%, 0, 11, 2, 5.47, 37892, 372
21227, 0, 8, 32, 29, 7, 26.82%, 0, 11, 2, 5.47, 37920, 372
21232, 0, 8, 32, 29, 7, 26.82%, 0, 11, 2, 5.47, 37948, 372
21237, 0, 8, 32, 29, 7, 26.82%, 0, 11, 2, 5.47, 37976, 372
21242, 0, 8, 32, 29, 7, 26.82%, 0, 11, 2, 5.47, 38004, 372
21247, 0, 8, 32, 29, 7, 26.82%, 0, 11, 2, 5.45, 38023, 372
21252, 0, 8, 32, 29, 7, 26.82%, 0, 11, 2, 5.46, 38051, 372
21257, 0, 8, 32, 29, 7, 26.82%, 0, 11, 2, 5.47, 38079, 372
21262, 0, 8, 32, 29, 7, 26.82%, 0, 11, 2, 5.47, 38107, 372
21267, 0, 8, 32, 29, 7, 26.82%, 0, 11, 2, 5.47, 38135, 372
21273, 0, 8, 32, 29, 7, 26.82%, 0, 11, 2, 5.47, 38163, 372
21278, 0, 8, 32, 29, 7, 26.82%, 0, 11, 2, 5.47, 38191, 372
21283, 0, 8, 32, 29, 7, 26.82%, 0, 11, 2, 5.47, 38219, 372
21288, 0, 8, 32, 29, 7, 26.82%, 0, 11, 2, 5.46, 38247, 372
21294, 0, 8, 32, 29, 7, 26.82%, 0, 11, 2, 4.32, 38258, 372
21299, 0, 8, 32, 29, 7, 26.82%, 0, 11, 2, 3.65, 38267, 372
21304, 0, 8, 32, 29, 7, 26.82%, 0, 11, 2, 3.42, 38278, 372
21309, 0, 8, 32, 29, 7, 26.82%, 0, 11, 2, 4.64, 38306, 372
21314, 0, 8, 32, 29, 7, 26.82%, 0, 11, 2, 5.13, 38334, 372
21319, 0, 8, 32, 29, 7, 26.82%, 0, 11, 2, 5.33, 38362, 372
21325, 0, 8, 32, 29, 7, 26.82%, 0, 11, 2, 5.42, 38390, 372
21330, 0, 8, 32, 29, 7, 26.82%, 0, 11, 2, 5.45, 38418, 372
21335, 0, 8, 32, 29, 7, 26.82%, 0, 11, 2, 5.46, 38446, 372
21340, 0, 8, 32, 29, 7, 26.82%, 0, 11, 2, 5.46, 38474, 372
21345, 0, 8, 32, 29, 7, 26.82%, 0, 11, 2, 5.47, 38502, 372
21350, 0, 8, 32, 29, 7, 26.82%, 0, 11, 2, 5.47, 38530, 372
21355, 0, 8, 32, 29, 7, 26.82%, 0, 11, 2, 5.47, 38558, 372
21360, 0, 8, 32, 29, 7, 26.82%, 0, 11, 2, 5.47, 38586, 372
21366, 0, 8, 32, 29, 7, 26.82%, 0, 11, 2, 5.47, 38614, 372
21371, 0, 8, 32, 29, 7, 26.82%, 0, 11, 2, 5.47, 38642, 372
21376, 0, 8, 32, 29, 7, 26.82%, 0, 11, 2, 5.47, 38670, 372
21381, 0, 8, 32, 29, 7, 26.82%, 0, 11, 2, 5.47, 38698, 372
21386, 0, 8, 32, 29, 7, 26.82%, 0, 11, 2, 5.47, 38726, 372
21391, 0, 8, 32, 29, 7, 26.82%, 0, 11, 2, 5.47, 38754, 372
21396, 0, 8, 32, 29, 7, 26.82%, 0, 11, 2, 5.46, 38782, 372
21401, 0, 8, 32, 29, 7, 26.82%, 0, 11, 2, 5.47, 38810, 372
21407, 0, 8, 32, 29, 7, 26.82%, 0, 11, 2, 5.47, 38838, 372
21412, 0, 8, 32, 29, 7, 26.82%, 0, 11, 2, 5.47, 38866, 372
21417, 0, 8, 32, 29, 7, 26.82%, 0, 11, 2, 5.23, 38892, 372
21423, 0, 8, 32, 29, 7, 26.82%, 0, 11, 2, 4.13, 38899, 372
21428, 0, 8, 32, 29, 7, 26.82%, 0, 11, 2, 3.31, 38905, 372
21434, 0, 8, 32, 29, 7, 26.82%, 0, 11, 2, 3.74, 38924, 372
21439, 0, 8, 32, 29, 7, 26.82%, 0, 11, 2, 3.17, 38933, 372
21444, 0, 8, 32, 29, 7, 26.82%, 0, 11, 2, 3.31, 38946, 372
21450, 0, 8, 32, 29, 7, 26.82%, 0, 11, 2, 2.71, 38954, 372
21456, 0, 8, 32, 29, 7, 26.82%, 0, 11, 2, 2.46, 38963, 372
21461, 0, 8, 32, 29, 7, 26.82%, 0, 11, 2, 2.89, 38977, 372
21467, 0, 8, 32, 29, 7, 26.82%, 0, 11, 2, 3.03, 38990, 372
21472, 0, 8, 32, 29, 7, 26.82%, 0, 11, 2, 3.00, 39000, 372
21477, 0, 8, 32, 29, 7, 26.82%, 0, 11, 2, 3.46, 39014, 372
21482, 0, 8, 32, 29, 7, 26.82%, 0, 11, 2, 4.65, 39042, 372
21487, 0, 8, 32, 29, 7, 26.82%, 0, 11, 2, 5.14, 39070, 372
21492, 0, 8, 32, 29, 7, 26.82%, 0, 11, 2, 5.34, 39098, 372
21497, 0, 8, 32, 29, 7, 26.82%, 0, 11, 2, 5.42, 39126, 372
21502, 0, 8, 32, 29, 7, 26.82%, 0, 11, 2, 5.45, 39154, 372
21507, 0, 8, 32, 29, 7, 26.82%, 0, 11, 2, 5.46, 39182, 372
21513, 0, 8, 32, 29, 7, 26.82%, 0, 11, 2, 5.46, 39210, 372
21518, 0, 8, 32, 29, 7, 26.82%, 0, 11, 2, 5.47, 39238, 372
21523, 0, 8, 32, 29, 7, 26.82%, 0, 11, 2, 5.47, 39266, 372
21528, 0, 8, 32, 29, 7, 26.82%, 0, 11, 2, 5.47, 39294, 372
21533, 0, 8, 32, 29, 7, 26.82%, 0, 11, 2, 5.47, 39322, 372
21538, 0, 8, 32, 29, 7, 26.82%, 0, 11, 2, 5.47, 39350, 372
21543, 0, 8, 32, 29, 7, 26.82%, 0, 11, 2, 5.47, 39378, 372
21548, 0, 8, 32, 29, 7, 26.82%, 0, 11, 2, 5.47, 39406, 372
21553, 0, 8, 32, 29, 7, 26.82%, 0, 11, 2, 5.47, 39434, 372
21559, 0, 8, 32, 29, 7, 26.82%, 0, 11, 2, 5.47, 39462, 372
21564, 0, 8, 32, 29, 7, 26.82%, 0, 11, 2, 5.47, 39490, 372
21569, 0, 8, 32, 29, 7, 26.82%, 0, 11, 2, 5.47, 39518, 372
21574, 0, 8, 32, 29, 7, 26.82%, 0, 11, 2, 5.47, 39546, 372
21579, 0, 8, 32, 29, 7, 26.82%, 0, 11, 2, 5.47, 39574, 372
21584, 0, 8, 32, 29, 7, 26.82%, 0, 11, 2, 5.47, 39602, 372
21589, 0, 8, 32, 29, 7, 26.82%, 0, 11, 2, 5.47, 39630, 372
21594, 0, 8, 32, 29, 7, 26.82%, 0, 11, 2, 5.47, 39658, 372
21600, 0, 8, 32, 29, 7, 26.82%, 0, 11, 2, 5.47, 39686, 372
21605, 0, 8, 32, 29, 7, 26.82%, 0, 11, 2, 5.47, 39714, 372
21610, 0, 8, 32, 29, 7, 26.82%, 0, 11, 2, 5.47, 39742, 372
21615, 0, 8, 32, 29, 7, 26.82%, 0, 11, 2, 5.47, 39770, 372
21620, 0, 8, 32, 29, 7, 26.82%, 0, 11, 2, 1.51, 39783, 372
21625, 0, 8, 32, 29, 7, 26.82%, 0, 11, 2, 3.43, 39806, 372
21630, 0, 8, 32, 29, 7, 26.82%, 0, 11, 2, 3.96, 39824, 372
21635, 0, 8, 32, 29, 7, 26.82%, 0, 11, 2, 5.45, 39849, 372
21641, 0, 8, 32, 29, 7, 26.82%, 0, 11, 2, 5.05, 39869, 372
21646, 0, 8, 32, 29, 7, 26.82%, 0, 11, 2, 4.81, 39890, 372
21651, 0, 8, 32, 29, 7, 26.82%, 0, 11, 2, 3.56, 39897, 372
21657, 0, 8, 32, 29, 7, 26.82%, 0, 11, 2, 4.22, 39920, 372
21662, 0, 8, 32, 29, 7, 26.82%, 0, 11, 2, 4.84, 39946, 372
21667, 0, 8, 32, 29, 7, 26.82%, 0, 11, 2, 1.00, 39971, 372
21673, 0, 8, 32, 29, 7, 26.82%, 0, 11, 2, 1.00, 39996, 372
21678, 0, 8, 32, 29, 7, 26.82%, 0, 11, 2, 1.05, 40002, 372
21684, 0, 8, 32, 29, 7, 26.82%, 0, 11, 2, 1.11, 40009, 372
21689, 0, 8, 32, 29, 7, 26.82%, 0, 11, 2, 1.15, 40016, 372
21695, 0, 8, 32, 29, 7, 26.82%, 0, 11, 2, 2.72, 40034, 372
21700, 0, 22, 32, 28, 6, 26.82%, 0, 11, 2, 5.97, 40078, 372
21705, 0, 22, 32, 28, 6, 26.82%, 0, 11, 2, 1.09, 40093, 372
21711, 0, 22, 32, 28, 6, 26.82%, 0, 11, 2, 1.17, 40101, 372
21717, 0, 22, 32, 28, 6, 26.82%, 0, 11, 2, 2.27, 40116, 372
21722, 0, 22, 32, 28, 6, 26.82%, 0, 11, 2, 1.94, 40123, 372
21727, 0, 22, 32, 28, 6, 26.82%, 0, 11, 2, 1.68, 40130, 372
21733, 0, 22, 32, 28, 6, 26.82%, 0, 11, 2, 1.54, 40137, 372
21738, 0, 22, 32, 28, 6, 26.82%, 0, 11, 2, 2.70, 40153, 372
21744, 0, 22, 32, 28, 6, 26.82%, 0, 11, 2, 2.95, 40168, 372
21749, 0, 22, 32, 28, 6, 26.82%, 0, 11, 2, 1.00, 40201, 372
21754, 0, 22, 32, 28, 6, 26.82%, 0, 11, 2, 4.74, 40214, 372
21760, 0, 22, 32, 28, 6, 26.82%, 0, 11, 2, 3.57, 40220, 372
21765, 0, 22, 32, 28, 6, 26.82%, 0, 11, 2, 2.72, 40227, 372
21771, 0, 22, 32, 28, 6, 26.82%, 0, 11, 2, 2.23, 40234, 372
21776, 0, 22, 33, 29, 6, 26.82%, 0, 11, 3, 2.15, 40243, 372
21781, 0, 22, 33, 29, 6, 26.82%, 0, 11, 3, 3.99, 40269, 372
21786, 0, 22, 33, 29, 6, 26.82%, 0, 11, 3, 3.72, 40282, 372
21792, 0, 22, 33, 29, 6, 26.82%, 0, 11, 3, 2.97, 40290, 372
21797, 0, 22, 33, 29, 6, 26.82%, 0, 11, 3, 2.44, 40297, 372
21802, 0, 22, 33, 29, 6, 26.82%, 0, 11, 3, 2.27, 40304, 372
21808, 0, 22, 33, 29, 6, 26.82%, 0, 11, 3, 2.89, 40321, 372
21813, 0, 21, 33, 29, 6, 26.82%, 0, 11, 3, 2.58, 40328, 372
21818, 0, 21, 33, 29, 6, 26.82%, 0, 11, 3, 5.46, 40381, 372
21823, 0, 21, 33, 29, 6, 26.82%, 0, 11, 3, 5.46, 40409, 372
21829, 0, 21, 33, 29, 6, 26.82%, 0, 11, 3, 5.47, 40437, 372
21834, 0, 21, 33, 29, 6, 26.82%, 0, 11, 3, 5.47, 40465, 372
21839, 0, 21, 33, 29, 6, 26.82%, 0, 11, 3, 1.00, 40490, 372
21844, 0, 21, 33, 29, 6, 26.82%, 0, 11, 3, 3.06, 40511, 372
21849, 0, 21, 33, 29, 6, 26.82%, 0, 11, 3, 4.49, 40539, 372
21854, 0, 21, 33, 29, 6, 26.82%, 0, 11, 3, 5.07, 40567, 372
21860, 0, 21, 33, 29, 6, 26.82%, 0, 11, 3, 5.31, 40595, 372
21865, 0, 21, 33, 29, 6, 26.82%, 0, 11, 3, 5.40, 40623, 372
21870, 0, 21, 33, 29, 6, 26.82%, 0, 11, 3, 5.44, 40651, 372
21875, 0, 21, 33, 29, 6, 26.82%, 0, 11, 3, 5.46, 40679, 372
21880, 0, 21, 33, 29, 6, 26.82%, 0, 11, 3, 5.46, 40707, 372
21885, 0, 21, 33, 29, 6, 26.82%, 0, 11, 3, 5.47, 40735, 372
21890, 0, 21, 33, 29, 6, 26.82%, 0, 11, 3, 5.47, 40763, 372
21895, 0, 21, 33, 29, 6, 26.82%, 0, 11, 3, 5.47, 40791, 372
21900, 0, 21, 33, 29, 6, 26.82%, 0, 11, 3, 5.47, 40819, 372
21906, 0, 21, 33, 29, 6, 26.82%, 0, 11, 3, 5.46, 40847, 372
21911, 0, 21, 33, 29, 6, 26.82%, 0, 11, 3, 5.47, 40875, 372
21916, 0, 21, 33, 29, 6, 26.82%, 0, 11, 3, 5.47, 40903, 372
21921, 0, 21, 33, 29, 6, 26.82%, 0, 11, 3, 5.46, 40931, 372
21926, 0, 21, 33, 29, 6, 26.82%, 0, 11, 3, 5.47, 40959, 372
21931, 0, 21, 33, 29, 6, 26.82%, 0, 11, 3, 5.46, 40987, 372
21936, 0, 21, 33, 29, 6, 26.82%, 0, 11, 3, 5.47, 41015, 372
21941, 0, 21, 33, 29, 6, 26.82%, 0, 11, 3, 5.47, 41043, 372
21947, 0, 21, 33, 29, 6, 26.82%, 0, 11, 3, 5.47, 41071, 372
21952, 0, 21, 33, 29, 6, 26.82%, 0, 11, 3, 5.23, 41097, 372
21957, 0, 21, 33, 29, 6, 26.82%, 0, 11, 3, 2.52, 41113, 372
21963, 0, 21, 33, 29, 6, 26.82%, 0, 11, 3, 4.28, 41141, 372
21968, 0, 21, 33, 29, 6, 26.82%, 0, 11, 3, 4.98, 41169, 372
21973, 0, 21, 33, 29, 6, 26.82%, 0, 11, 3, 5.27, 41197, 372
21978, 0, 21, 33, 29, 6, 26.82%, 0, 11, 3, 5.39, 41225, 372
21983, 0, 21, 33, 29, 6, 26.82%, 0, 11, 3, 5.43, 41253, 372
21988, 0, 21, 33, 29, 6, 26.82%, 0, 11, 3, 5.45, 41281, 372
21993, 0, 21, 33, 29, 6, 26.82%, 0, 11, 3, 5.46, 41309, 372
21998, 0, 21, 33, 29, 6, 26.82%, 0, 11, 3, 5.47, 41337, 372
22004, 0, 21, 33, 29, 6, 26.82%, 0, 11, 3, 5.47, 41365, 372
22009, 0, 21, 33, 29, 6, 26.82%, 0, 11, 3, 5.47, 41393, 372
22014, 0, 21, 33, 29, 6, 26.82%, 0, 11, 3, 5.47, 41421, 372
22019, 0, 21, 33, 29, 6, 26.82%, 0, 11, 3, 5.47, 41449, 372
22024, 0, 21, 33, 29, 6, 26.82%, 0, 11, 3, 5.47, 41477, 372
22029, 0, 21, 33, 29, 6, 26.82%, 0, 11, 3, 5.47, 41505, 372
22034, 0, 21, 33, 29, 6, 26.82%, 0, 11, 3, 5.47, 41533, 372
22039, 0, 21, 33, 29, 6, 26.82%, 0, 11, 3, 5.47, 41561, 372
22044, 0, 21, 33, 29, 6, 26.82%, 0, 11, 3, 5.47, 41589, 372
22050, 0, 21, 33, 29, 6, 26.82%, 0, 11, 3, 5.47, 41617, 372
22055, 0, 21, 33, 29, 6, 26.82%, 0, 11, 3, 5.47, 41645, 372
22060, 0, 21, 33, 29, 6, 26.82%, 0, 11, 3, 5.47, 41673, 372
22065, 0, 21, 33, 29, 6, 26.82%, 0, 11, 3, 5.47, 41701, 372
22070, 0, 21, 33, 29, 6, 26.82%, 0, 11, 3, 1.00, 41706, 372
22075, 0, 21, 33, 29, 6, 26.82%, 0, 11, 3, 3.34, 41730, 372
22080, 0, 21, 33, 29, 6, 26.82%, 0, 11, 3, 4.61, 41758, 372
22085, 0, 21, 33, 29, 6, 26.82%, 0, 11, 3, 5.12, 41786, 372
22090, 0, 21, 33, 29, 6, 26.82%, 0, 11, 3, 5.33, 41814, 372
22096, 0, 21, 33, 29, 6, 26.82%, 0, 11, 3, 5.41, 41842, 372
22101, 0, 21, 33, 29, 6, 26.82%, 0, 11, 3, 5.44, 41870, 372
22106, 0, 21, 33, 29, 6, 26.82%, 0, 11, 3, 5.46, 41898, 372
22111, 0, 21, 33, 29, 6, 26.82%, 0, 11, 3, 5.47, 41926, 372
22116, 0, 21, 33, 29, 6, 26.82%, 0, 11, 3, 5.47, 41954, 372
22121, 0, 21, 33, 29, 6, 26.82%, 0, 11, 3, 5.47, 41982, 372
22126, 0, 21, 33, 29, 6, 26.82%, 0, 11, 3, 5.47, 42010, 372
22131, 0, 21, 33, 29, 6, 26.82%, 0, 11, 3, 5.47, 42038, 372
22137, 0, 21, 33, 29, 6, 26.82%, 0, 11, 3, 5.47, 42066, 372
22142, 0, 21, 33, 29, 6, 26.82%, 0, 11, 3, 5.47, 42094, 372
22147, 0, 21, 33, 29, 6, 26.82%, 0, 11, 3, 5.47, 42122, 372
22152, 0, 21, 33, 29, 6, 26.82%, 0, 11, 3, 5.47, 42150, 372
22157, 0, 21, 33, 29, 6, 26.82%, 0, 11, 3, 5.47, 42178, 372
22162, 0, 21, 33, 29, 6, 26.82%, 0, 11, 3, 5.28, 42202, 372
22167, 0, 21, 33, 29, 6, 26.82%, 0, 11, 3, 5.39, 42230, 372
22172, 0, 21, 33, 29, 6, 26.82%, 0, 11, 3, 5.44, 42258, 372
22178, 0, 21, 33, 29, 6, 26.82%, 0, 11, 3, 5.45, 42278, 372
22183, 0, 21, 33, 29, 6, 26.82%, 0, 11, 3, 5.46, 42306, 372
22188, 0, 21, 33, 29, 6, 26.82%, 0, 11, 3, 5.47, 42334, 372
22193, 0, 21, 33, 29, 6, 26.82%, 0, 11, 3, 1.00, 42345, 372
22198, 0, 21, 33, 29, 6, 26.82%, 0, 11, 3, 5.44, 42373, 372
22204, 0, 21, 33, 29, 6, 26.82%, 0, 11, 3, 5.46, 42401, 372
22209, 0, 21, 33, 29, 6, 26.82%, 0, 11, 3, 5.46, 42429, 372
22214, 0, 21, 33, 29, 6, 26.82%, 0, 11, 3, 5.47, 42457, 372
22219, 0, 21, 33, 29, 6, 26.82%, 0, 11, 3, 5.47, 42485, 372
22224, 0, 21, 33, 29, 6, 26.82%, 0, 11, 3, 5.47, 42513, 372
22229, 0, 21, 33, 29, 6, 26.82%, 0, 11, 3, 5.47, 42541, 372
22234, 0, 21, 33, 29, 6, 26.82%, 0, 11, 3, 5.47, 42569, 372
22239, 0, 21, 33, 29, 6, 26.82%, 0, 11, 3, 5.47, 42597, 372
22245, 0, 21, 33, 29, 6, 26.82%, 0, 11, 3, 5.47, 42625, 372
22250, 0, 21, 33, 29, 6, 26.82%, 0, 11, 3, 5.47, 42653, 372
22255, 0, 21, 33, 29, 6, 26.82%, 0, 11, 3, 5.47, 42681, 372
22260, 0, 21, 33, 29, 6, 26.82%, 0, 11, 3, 5.47, 42709, 372
22265, 0, 21, 33, 29, 6, 26.82%, 0, 11, 3, 5.47, 42737, 372
22270, 0, 21, 33, 29, 6, 26.82%, 0, 11, 3, 5.47, 42765, 372
22275, 0, 21, 33, 29, 6, 26.82%, 0, 11, 3, 5.47, 42793, 372
22280, 0, 21, 33, 29, 6, 26.82%, 0, 11, 3, 5.47, 42821, 372
22285, 0, 21, 33, 29, 6, 26.82%, 0, 11, 3, 5.47, 42849, 372
22291, 0, 21, 33, 29, 6, 26.82%, 0, 11, 3, 5.47, 42877, 372
22296, 0, 21, 33, 29, 6, 26.82%, 0, 11, 3, 5.47, 42905, 372
22301, 0, 21, 33, 29, 6, 26.82%, 0, 11, 3, 5.46, 42933, 372
22306, 0, 21, 33, 29, 6, 26.82%, 0, 11, 3, 5.47, 42961, 372
22311, 0, 21, 33, 29, 6, 26.82%, 0, 11, 3, 5.47, 42989, 372
22316, 0, 21, 33, 29, 6, 26.82%, 0, 11, 3, 5.47, 43017, 372
22321, 0, 21, 33, 29, 6, 26.82%, 0, 11, 3, 5.47, 43045, 372
22326, 0, 21, 33, 29, 6, 26.82%, 0, 11, 3, 5.47, 43073, 372
22332, 0, 21, 33, 29, 6, 26.82%, 0, 11, 3, 5.47, 43101, 372
22337, 0, 21, 33, 29, 6, 26.82%, 0, 11, 3, 5.47, 43129, 372
22342, 0, 21, 33, 29, 6, 26.82%, 0, 11, 3, 5.47, 43157, 372
22347, 0, 21, 33, 29, 6, 26.82%, 0, 11, 3, 5.47, 43185, 372
22352, 0, 21, 33, 29, 6, 26.82%, 0, 11, 3, 5.47, 43213, 372
22357, 0, 21, 33, 29, 6, 26.82%, 0, 11, 3, 5.47, 43241, 372
22362, 0, 21, 33, 29, 6, 26.82%, 0, 11, 3, 5.47, 43269, 372
22367, 0, 21, 33, 29, 6, 26.82%, 0, 11, 3, 5.47, 43297, 372
22372, 0, 21, 33, 29, 6, 26.82%, 0, 11, 3, 1.00, 43302, 372
22377, 0, 21, 33, 29, 6, 26.82%, 0, 11, 3, 1.00, 43307, 372
22382, 0, 21, 33, 29, 6, 26.82%, 0, 11, 3, 1.00, 43312, 372
22388, 0, 21, 33, 29, 6, 26.82%, 0, 11, 3, 1.26, 43320, 372
22394, 0, 21, 33, 29, 6, 26.82%, 0, 11, 3, 1.24, 43326, 372
22399, 0, 21, 33, 29, 6, 26.82%, 0, 11, 3, 1.17, 43331, 372
22404, 0, 21, 33, 29, 6, 26.82%, 0, 11, 3, 1.12, 43336, 372
22410, 0, 21, 33, 29, 6, 26.82%, 0, 11, 3, 1.09, 43342, 372
22415, 0, 21, 33, 29, 6, 26.82%, 0, 11, 3, 1.37, 43351, 372
22420, 0, 21, 33, 29, 6, 26.82%, 0, 11, 3, 3.16, 43371, 372
22425, 0, 21, 33, 29, 6, 26.82%, 0, 11, 3, 4.54, 43399, 372
22431, 0, 21, 33, 29, 6, 26.82%, 0, 11, 3, 5.09, 43427, 372
22436, 0, 21, 33, 29, 6, 26.82%, 0, 11, 3, 5.32, 43455, 372
22441, 0, 21, 33, 29, 6, 26.82%, 0, 11, 3, 5.41, 43483, 372
22446, 0, 21, 33, 29, 6, 26.82%, 0, 11, 3, 5.44, 43511, 372
22451, 0, 21, 33, 29, 6, 26.82%, 0, 11, 3, 5.46, 43539, 372
22456, 0, 21, 33, 29, 6, 26.82%, 0, 11, 3, 5.46, 43567, 372
22461, 0, 21, 33, 29, 6, 26.82%, 0, 11, 3, 5.47, 43595, 372
22466, 0, 21, 33, 29, 6, 26.82%, 0, 11, 3, 5.47, 43623, 372
22471, 0, 21, 33, 29, 6, 26.82%, 0, 11, 3, 5.47, 43651, 372
22477, 0, 21, 33, 29, 6, 26.82%, 0, 11, 3, 5.47, 43679, 372
22482, 0, 21, 33, 29, 6, 26.82%, 0, 11, 3, 5.47, 43707, 372
22487, 0, 21, 33, 29, 6, 26.82%, 0, 11, 3, 5.47, 43735, 372
22492, 0, 21, 33, 29, 6, 26.82%, 0, 11, 3, 5.47, 43763, 372
22497, 0, 21, 33, 29, 6, 26.82%, 0, 11, 3, 5.47, 43791, 372
22502, 0, 21, 33, 29, 6, 26.82%, 0, 11, 3, 5.47, 43819, 372
22507, 0, 21, 33, 29, 6, 26.82%, 0, 11, 3, 5.47, 43847, 372
22512, 0, 21, 33, 29, 6, 26.82%, 0, 11, 3, 5.47, 43875, 372
22518, 0, 21, 33, 29, 6, 26.82%, 0, 11, 3, 5.47, 43903, 372
22523, 0, 21, 33, 29, 6, 26.82%, 0, 11, 3, 5.47, 43931, 372
22528, 0, 21, 33, 29, 6, 26.82%, 0, 11, 3, 5.47, 43959, 372
22533, 0, 21, 33, 29, 6, 26.82%, 0, 11, 3, 5.47, 43987, 372
22538, 0, 21, 33, 29, 6, 26.82%, 0, 11, 3, 5.47, 44015, 372
22543, 0, 21, 33, 29, 6, 26.82%, 0, 11, 3, 5.47, 44043, 372
22548, 0, 21, 33, 29, 6, 26.82%, 0, 11, 3, 5.47, 44071, 372
22553, 0, 21, 33, 29, 6, 26.82%, 0, 11, 3, 5.47, 44099, 372
22559, 0, 21, 33, 29, 6, 26.82%, 0, 11, 3, 5.47, 44127, 372
22564, 0, 21, 33, 29, 6, 26.82%, 0, 11, 3, 5.47, 44155, 372
22569, 0, 21, 33, 29, 6, 26.82%, 0, 11, 3, 5.47, 44183, 372
22574, 0, 21, 33, 29, 6, 26.82%, 0, 11, 3, 5.47, 44211, 372
22579, 0, 21, 33, 29, 6, 26.82%, 0, 11, 3, 5.47, 44239, 372
22584, 0, 21, 33, 29, 6, 26.82%, 0, 11, 3, 5.47, 44267, 372
22589, 0, 21, 33, 29, 6, 26.82%, 0, 11, 3, 5.47, 44295, 372
22594, 0, 21, 33, 29, 6, 26.82%, 0, 11, 3, 5.47, 44323, 372
22600, 0, 21, 33, 29, 6, 26.82%, 0, 11, 3, 5.47, 44351, 372
22605, 0, 21, 33, 29, 6, 26.82%, 0, 11, 3, 5.47, 44379, 372
22610, 0, 21, 33, 29, 6, 26.82%, 0, 11, 3, 5.47, 44407, 372
22615, 0, 21, 33, 29, 6, 26.82%, 0, 11, 3, 5.47, 44435, 372
22620, 0, 21, 33, 29, 6, 26.82%, 0, 11, 3, 5.47, 44463, 372
22625, 0, 21, 33, 29, 6, 26.82%, 0, 11, 3, 5.46, 44491, 372
22630, 0, 21, 33, 29, 6, 26.82%, 0, 11, 3, 5.47, 44519, 372
22635, 0, 21, 33, 29, 6, 26.82%, 0, 11, 3, 5.47, 44547, 372
22640, 0, 21, 33, 29, 6, 26.82%, 0, 11, 3, 5.47, 44575, 372
22646, 0, 21, 33, 29, 6, 26.82%, 0, 11, 3, 5.47, 44603, 372
22651, 0, 21, 33, 29, 6, 26.82%, 0, 11, 3, 5.47, 44631, 372
22656, 0, 21, 33, 29, 6, 26.82%, 0, 11, 3, 5.47, 44659, 372
22661, 0, 21, 33, 29, 6, 26.82%, 0, 11, 3, 5.47, 44687, 372
22666, 0, 21, 33, 29, 6, 26.82%, 0, 11, 3, 5.47, 44715, 372
22671, 0, 21, 33, 29, 6, 26.82%, 0, 11, 3, 5.47, 44743, 372
22676, 0, 21, 33, 29, 6, 26.82%, 0, 11, 3, 5.46, 44771, 372
22681, 0, 21, 33, 29, 6, 26.82%, 0, 11, 3, 5.47, 44799, 372
22687, 0, 21, 33, 29, 6, 26.82%, 0, 11, 3, 5.47, 44827, 372
22692, 0, 21, 33, 29, 6, 26.82%, 0, 11, 3, 5.47, 44855, 372
22697, 0, 21, 33, 29, 6, 26.82%, 0, 11, 3, 5.47, 44883, 372
22702, 0, 21, 33, 29, 6, 26.82%, 0, 11, 3, 5.47, 44911, 372
22707, 0, 21, 33, 29, 6, 26.82%, 0, 11, 3, 5.47, 44939, 372
22712, 0, 21, 33, 29, 6, 26.82%, 0, 11, 3, 5.47, 44967, 372
22717, 0, 21, 33, 29, 6, 26.82%, 0, 11, 3, 5.47, 44995, 372
22722, 0, 21, 33, 29, 6, 26.82%, 0, 11, 3, 5.47, 45023, 372
22728, 0, 21, 33, 29, 6, 26.82%, 0, 11, 3, 5.47, 45051, 372
22733, 0, 21, 33, 29, 6, 26.82%, 0, 11, 3, 5.47, 45079, 372
22738, 0, 21, 33, 29, 6, 26.82%, 0, 11, 3, 5.47, 45107, 372
22743, 0, 21, 33, 29, 6, 26.82%, 0, 11, 3, 5.47, 45135, 372
22748, 0, 21, 33, 29, 6, 26.82%, 0, 11, 3, 5.47, 45163, 372
22753, 0, 21, 33, 29, 6, 26.82%, 0, 11, 3, 5.47, 45191, 372
22758, 0, 21, 33, 29, 6, 26.82%, 0, 11, 3, 5.47, 45219, 372
22763, 0, 21, 33, 29, 6, 26.82%, 0, 11, 3, 5.47, 45247, 372
22768, 0, 21, 33, 29, 6, 26.82%, 0, 11, 3, 5.47, 45275, 372
22774, 0, 21, 33, 29, 6, 26.82%, 0, 11, 3, 5.47, 45303, 372
22779, 0, 21, 33, 29, 6, 26.82%, 0, 11, 3, 5.47, 45331, 372
22784, 0, 21, 33, 29, 6, 26.82%, 0, 11, 3, 5.46, 45359, 372
22789, 0, 21, 33, 29, 6, 26.82%, 0, 11, 3, 5.47, 45387, 372
22794, 0, 21, 33, 29, 6, 26.82%, 0, 11, 3, 5.47, 45415, 372
22799, 0, 21, 33, 29, 6, 26.82%, 0, 11, 3, 5.47, 45443, 372
22804, 0, 21, 33, 29, 6, 26.82%, 0, 11, 3, 5.47, 45471, 372
22809, 0, 21, 33, 29, 6, 26.82%, 0, 11, 3, 5.47, 45499, 372
22815, 0, 21, 33, 29, 6, 26.82%, 0, 11, 3, 5.46, 45527, 372
22820, 0, 21, 33, 29, 6, 26.82%, 0, 11, 3, 5.47, 45555, 372
22825, 0, 21, 33, 29, 6, 26.82%, 0, 11, 3, 5.47, 45583, 372
22830, 0, 21, 33, 29, 6, 26.82%, 0, 11, 3, 5.47, 45611, 372
22835, 0, 21, 33, 29, 6, 26.82%, 0, 11, 3, 5.47, 45639, 372
22840, 0, 21, 33, 29, 6, 26.82%, 0, 11, 3, 5.47, 45667, 372
22845, 0, 21, 33, 29, 6, 26.82%, 0, 11, 3, 5.47, 45695, 372
22850, 0, 21, 33, 29, 6, 26.82%, 0, 11, 3, 5.47, 45723, 372
22856, 0, 21, 33, 29, 6, 26.82%, 0, 11, 3, 5.47, 45751, 372
22861, 0, 21, 33, 29, 6, 26.82%, 0, 11, 3, 5.47, 45779, 372
22866, 0, 21, 33, 29, 6, 26.82%, 0, 11, 3, 5.47, 45807, 372
22871, 0, 21, 33, 29, 6, 26.82%, 0, 11, 3, 5.47, 45835, 372
22876, 0, 21, 33, 29, 6, 26.82%, 0, 11, 3, 5.47, 45863, 372
22881, 0, 21, 33, 29, 6, 26.82%, 0, 11, 3, 5.47, 45891, 372
22886, 0, 21, 33, 29, 6, 26.82%, 0, 11, 3, 5.47, 45919, 372
22891, 0, 21, 33, 29, 6, 26.82%, 0, 11, 3, 5.47, 45947, 372
22897, 0, 21, 33, 29, 6, 26.82%, 0, 11, 3, 5.47, 45975, 372
22902, 0, 21, 33, 29, 6, 26.82%, 0, 11, 3, 5.47, 46003, 372
22907, 0, 21, 33, 29, 6, 26.82%, 0, 11, 3, 5.47, 46031, 372
22912, 0, 21, 33, 29, 6, 26.82%, 0, 11, 3, 5.47, 46059, 372
22917, 0, 21, 33, 29, 6, 26.82%, 0, 11, 3, 5.47, 46087, 372
22922, 0, 21, 33, 29, 6, 26.82%, 0, 11, 3, 5.47, 46115, 372
22927, 0, 21, 33, 29, 6, 26.82%, 0, 11, 3, 5.47, 46143, 372
22932, 0, 21, 33, 29, 6, 26.82%, 0, 11, 3, 5.47, 46171, 372
22937, 0, 21, 33, 29, 6, 26.82%, 0, 11, 3, 5.47, 46199, 372
22943, 0, 21, 33, 29, 6, 26.82%, 0, 11, 3, 5.47, 46227, 372
22948, 0, 21, 33, 29, 6, 26.82%, 0, 11, 3, 5.47, 46255, 372
22953, 0, 21, 33, 29, 6, 26.82%, 0, 11, 3, 5.47, 46283, 372
22958, 0, 21, 33, 29, 6, 26.82%, 0, 11, 3, 5.47, 46311, 372
22963, 0, 21, 33, 29, 6, 26.82%, 0, 11, 3, 5.47, 46339, 372
22968, 0, 21, 33, 29, 6, 26.82%, 0, 11, 3, 5.47, 46367, 372
22973, 0, 21, 33, 29, 6, 26.82%, 0, 11, 3, 5.47, 46395, 372
22978, 0, 21, 33, 29, 6, 26.82%, 0, 11, 3, 5.47, 46423, 372
22984, 0, 21, 33, 29, 6, 26.82%, 0, 11, 3, 5.47, 46451, 372
22989, 0, 21, 33, 29, 6, 26.82%, 0, 11, 3, 5.47, 46479, 372
22994, 0, 21, 33, 29, 6, 26.82%, 0, 11, 3, 5.47, 46507, 372
22999, 0, 21, 33, 29, 6, 26.82%, 0, 11, 3, 5.47, 46535, 372
23004, 0, 21, 33, 29, 6, 26.82%, 0, 11, 3, 5.47, 46563, 372
23009, 0, 21, 33, 29, 6, 26.82%, 0, 11, 3, 5.47, 46591, 372
23014, 0, 21, 33, 29, 6, 26.82%, 0, 11, 3, 5.46, 46619, 372
23019, 0, 21, 33, 29, 6, 26.82%, 0, 11, 3, 5.47, 46647, 372
23025, 0, 21, 33, 29, 6, 26.82%, 0, 11, 3, 5.47, 46675, 372
23030, 0, 21, 33, 29, 6, 26.82%, 0, 11, 3, 5.47, 46703, 372
23035, 0, 21, 33, 29, 6, 26.82%, 0, 11, 3, 5.47, 46731, 372
23040, 0, 21, 33, 29, 6, 26.82%, 0, 11, 3, 5.47, 46759, 372
23045, 0, 21, 33, 29, 6, 26.82%, 0, 11, 3, 5.46, 46787, 372
23050, 0, 21, 33, 29, 6, 26.82%, 0, 11, 3, 5.46, 46815, 372
23055, 0, 21, 33, 29, 6, 26.82%, 0, 11, 3, 5.47, 46843, 372
23060, 0, 21, 33, 29, 6, 26.82%, 0, 11, 3, 5.47, 46871, 372
23065, 0, 21, 33, 29, 6, 26.82%, 0, 11, 3, 5.47, 46899, 372
23071, 0, 21, 33, 29, 6, 26.82%, 0, 11, 3, 5.47, 46927, 372
23076, 0, 21, 33, 29, 6, 26.82%, 0, 11, 3, 5.47, 46955, 372
23081, 0, 21, 33, 29, 6, 26.82%, 0, 11, 3, 5.47, 46983, 372
23086, 0, 21, 33, 29, 6, 26.82%, 0, 11, 3, 5.47, 47011, 372
23091, 0, 21, 33, 29, 6, 26.82%, 0, 11, 3, 5.47, 47039, 372
23096, 0, 21, 33, 29, 6, 26.82%, 0, 11, 3, 5.47, 47067, 372
23101, 0, 21, 33, 29, 6, 26.82%, 0, 11, 3, 5.47, 47095, 372
23106, 0, 21, 33, 29, 6, 26.82%, 0, 11, 3, 5.47, 47123, 372
23112, 0, 21, 33, 29, 6, 26.82%, 0, 11, 3, 5.47, 47151, 372
23117, 0, 21, 33, 29, 6, 26.82%, 0, 11, 3, 5.47, 47179, 372
23122, 0, 21, 33, 29, 6, 26.82%, 0, 11, 3, 5.47, 47207, 372
23127, 0, 21, 33, 29, 6, 26.82%, 0, 11, 3, 5.47, 47235, 372
23132, 0, 21, 33, 29, 6, 26.82%, 0, 11, 3, 5.47, 47263, 372
23137, 0, 21, 33, 29, 6, 26.82%, 0, 11, 3, 5.47, 47291, 372
23142, 0, 21, 33, 29, 6, 26.82%, 0, 11, 3, 5.47, 47319, 372
23147, 0, 21, 33, 29, 6, 26.82%, 0, 11, 3, 5.47, 47347, 372
23153, 0, 21, 33, 29, 6, 26.82%, 0, 11, 3, 5.47, 47375, 372
23158, 0, 21, 33, 29, 6, 26.82%, 0, 11, 3, 5.47, 47403, 372
23163, 0, 21, 33, 29, 6, 26.82%, 0, 11, 3, 5.47, 47431, 372
23168, 0, 21, 33, 29, 6, 26.82%, 0, 11, 3, 5.47, 47459, 372
23173, 0, 21, 33, 29, 6, 26.82%, 0, 11, 3, 5.47, 47487, 372
23178, 0, 21, 33, 29, 6, 26.82%, 0, 11, 3, 5.47, 47515, 372
23183, 0, 21, 33, 29, 6, 26.82%, 0, 11, 3, 5.47, 47543, 372
23188, 0, 21, 33, 29, 6, 26.82%, 0, 11, 3, 5.47, 47571, 372
23193, 0, 21, 33, 29, 6, 26.82%, 0, 11, 3, 5.47, 47599, 372
23199, 0, 21, 33, 29, 6, 26.82%, 0, 11, 3, 5.47, 47627, 372
23204, 0, 21, 33, 29, 6, 26.82%, 0, 11, 3, 1.00, 47644, 372
23209, 0, 21, 33, 29, 6, 26.82%, 0, 11, 3, 1.00, 47649, 372
23214, 0, 21, 33, 29, 6, 26.82%, 0, 11, 3, 1.00, 47654, 372
23219, 0, 21, 33, 29, 6, 26.82%, 0, 11, 3, 1.00, 47659, 372
23225, 0, 21, 33, 29, 6, 26.82%, 0, 11, 3, 1.03, 47665, 372
23230, 0, 21, 33, 29, 6, 26.82%, 0, 11, 3, 1.19, 47672, 372
23235, 0, 21, 33, 29, 6, 26.82%, 0, 11, 3, 1.14, 47677, 372
23240, 0, 21, 33, 29, 6, 26.82%, 0, 11, 3, 1.10, 47682, 372
23245, 0, 21, 33, 29, 6, 26.82%, 0, 11, 3, 1.07, 47687, 372
23250, 0, 21, 33, 29, 6, 26.82%, 0, 11, 3, 1.05, 47692, 372
23256, 0, 21, 33, 29, 6, 26.82%, 0, 11, 3, 1.06, 47698, 372
23261, 0, 21, 33, 29, 6, 26.82%, 0, 11, 3, 1.21, 47705, 372
23266, 0, 21, 33, 29, 6, 26.82%, 0, 11, 3, 1.15, 47710, 372
23271, 0, 21, 33, 29, 6, 26.82%, 0, 11, 3, 1.11, 47715, 372
23276, 0, 21, 33, 29, 6, 26.82%, 0, 11, 3, 1.08, 47720, 372
23281, 0, 21, 33, 29, 6, 26.82%, 0, 11, 3, 1.06, 47725, 372
23286, 0, 21, 33, 29, 6, 26.82%, 0, 11, 3, 1.11, 47731, 372
23292, 0, 21, 33, 29, 6, 26.82%, 0, 11, 3, 1.20, 47738, 372
23297, 0, 21, 33, 29, 6, 26.82%, 0, 11, 3, 1.14, 47743, 372
23302, 0, 21, 33, 29, 6, 26.82%, 0, 11, 3, 1.10, 47748, 372
23307, 0, 21, 33, 29, 6, 26.82%, 0, 11, 3, 1.07, 47753, 372
23312, 0, 21, 33, 29, 6, 26.82%, 0, 11, 3, 1.05, 47758, 372
23317, 0, 21, 33, 29, 6, 26.82%, 0, 11, 3, 1.11, 47764, 372
23322, 0, 21, 33, 29, 6, 26.82%, 0, 11, 3, 1.19, 47771, 372
23328, 0, 21, 33, 29, 6, 26.82%, 0, 11, 3, 2.54, 47786, 372
23333, 0, 21, 33, 29, 6, 26.82%, 0, 11, 3, 4.28, 47814, 372
23338, 0, 21, 33, 29, 6, 26.82%, 0, 11, 3, 4.99, 47842, 372
23343, 0, 21, 33, 29, 6, 26.82%, 0, 11, 3, 5.28, 47870, 372
23348, 0, 21, 33, 29, 6, 26.82%, 0, 11, 3, 5.39, 47898, 372
23353, 0, 21, 33, 29, 6, 26.82%, 0, 11, 3, 5.44, 47926, 372
23358, 0, 21, 33, 29, 6, 26.82%, 0, 11, 3, 5.46, 47954, 372
23363, 0, 21, 33, 29, 6, 26.82%, 0, 11, 3, 5.46, 47982, 372
23369, 0, 21, 33, 29, 6, 26.82%, 0, 11, 3, 5.47, 48010, 372
23374, 0, 21, 33, 29, 6, 26.82%, 0, 11, 3, 5.47, 48038, 372
23379, 0, 21, 33, 29, 6, 26.82%, 0, 11, 3, 5.47, 48066, 372
23384, 0, 21, 33, 29, 6, 26.82%, 0, 11, 3, 5.47, 48094, 372
23389, 0, 21, 33, 29, 6, 26.82%, 0, 11, 3, 5.47, 48122, 372
23394, 0, 21, 33, 29, 6, 26.82%, 0, 11, 3, 5.47, 48150, 372
23399, 0, 21, 33, 29, 6, 26.82%, 0, 11, 3, 5.47, 48178, 372
23404, 0, 21, 33, 29, 6, 26.82%, 0, 11, 3, 5.47, 48206, 372
23409, 0, 21, 33, 29, 6, 26.82%, 0, 11, 3, 5.47, 48234, 372
23415, 0, 21, 33, 29, 6, 26.82%, 0, 11, 3, 5.47, 48262, 372
23420, 0, 21, 33, 29, 6, 26.82%, 0, 11, 3, 5.47, 48290, 372
23425, 0, 21, 33, 29, 6, 26.82%, 0, 11, 3, 5.47, 48318, 372
23430, 0, 21, 33, 29, 6, 26.82%, 0, 11, 3, 5.47, 48346, 372
23435, 0, 21, 33, 29, 6, 26.82%, 0, 11, 3, 5.47, 48374, 372
23440, 0, 21, 33, 29, 6, 26.82%, 0, 11, 3, 5.47, 48402, 372
23445, 0, 21, 33, 29, 6, 26.82%, 0, 11, 3, 5.47, 48430, 372
23450, 0, 21, 33, 29, 6, 26.82%, 0, 11, 3, 5.47, 48458, 372
23456, 0, 21, 33, 29, 6, 26.82%, 0, 11, 3, 5.47, 48486, 372
23461, 0, 21, 33, 29, 6, 26.82%, 0, 11, 3, 5.47, 48514, 372
23466, 0, 21, 33, 29, 6, 26.82%, 0, 11, 3, 5.47, 48542, 372
23471, 0, 21, 33, 29, 6, 26.82%, 0, 11, 3, 5.47, 48570, 372
23476, 0, 21, 33, 29, 6, 26.82%, 0, 11, 3, 5.47, 48598, 372
23481, 0, 21, 33, 29, 6, 26.82%, 0, 11, 3, 5.47, 48626, 372
23486, 0, 21, 33, 29, 6, 26.82%, 0, 11, 3, 5.47, 48654, 372
23491, 0, 21, 33, 29, 6, 26.82%, 0, 11, 3, 5.47, 48682, 372
23497, 0, 21, 33, 29, 6, 26.82%, 0, 11, 3, 5.47, 48710, 372
23502, 0, 21, 33, 29, 6, 26.82%, 0, 11, 3, 5.47, 48738, 372
23507, 0, 21, 33, 29, 6, 26.82%, 0, 11, 3, 5.47, 48766, 372
23512, 0, 21, 33, 29, 6, 26.82%, 0, 11, 3, 5.47, 48794, 372
23517, 0, 21, 33, 29, 6, 26.82%, 0, 11, 3, 5.47, 48822, 372
23522, 0, 21, 33, 29, 6, 26.82%, 0, 11, 3, 5.46, 48850, 372
23527, 0, 21, 33, 29, 6, 26.82%, 0, 11, 3, 5.47, 48878, 372
23532, 0, 21, 33, 29, 6, 26.82%, 0, 11, 3, 5.47, 48906, 372
23538, 0, 21, 33, 29, 6, 26.82%, 0, 11, 3, 5.46, 48934, 372
23543, 0, 21, 33, 29, 6, 26.82%, 0, 11, 3, 5.46, 48962, 372
23548, 0, 21, 33, 29, 6, 26.82%, 0, 11, 3, 5.47, 48990, 372
23553, 0, 21, 33, 29, 6, 26.82%, 0, 11, 3, 5.47, 49018, 372
23558, 0, 21, 33, 29, 6, 26.82%, 0, 11, 3, 5.47, 49046, 372
23563, 0, 21, 33, 29, 6, 26.82%, 0, 11, 3, 5.47, 49074, 372
23568, 0, 21, 33, 29, 6, 26.82%, 0, 11, 3, 5.47, 49102, 372
23573, 0, 21, 33, 29, 6, 26.82%, 0, 11, 3, 5.47, 49130, 372
23578, 0, 21, 33, 29, 6, 26.82%, 0, 11, 3, 5.47, 49158, 372
23584, 0, 21, 33, 29, 6, 26.82%, 0, 11, 3, 5.47, 49186, 372
23589, 0, 21, 33, 29, 6, 26.82%, 0, 11, 3, 5.47, 49214, 372
23594, 0, 21, 33, 29, 6, 26.82%, 0, 11, 3, 5.47, 49242, 372
23599, 0, 21, 33, 29, 6, 26.82%, 0, 11, 3, 5.47, 49270, 372
23604, 0, 21, 33, 29, 6, 26.82%, 0, 11, 3, 5.47, 49298, 372
23609, 0, 21, 33, 29, 6, 26.82%, 0, 11, 3, 5.47, 49326, 372
23614, 0, 21, 33, 29, 6, 26.82%, 0, 11, 3, 5.47, 49354, 372
23619, 0, 21, 33, 29, 6, 26.82%, 0, 11, 3, 5.47, 49382, 372
23625, 0, 21, 33, 29, 6, 26.82%, 0, 11, 3, 5.46, 49410, 372
23630, 0, 21, 33, 29, 6, 26.82%, 0, 11, 3, 5.47, 49438, 372
23635, 0, 21, 33, 29, 6, 26.82%, 0, 11, 3, 5.47, 49466, 372
23640, 0, 21, 33, 29, 6, 26.82%, 0, 11, 3, 5.47, 49494, 372
23645, 0, 21, 33, 29, 6, 26.82%, 0, 11, 3, 5.47, 49522, 372
23650, 0, 21, 33, 29, 6, 26.82%, 0, 11, 3, 5.47, 49550, 372
23655, 0, 21, 33, 29, 6, 26.82%, 0, 11, 3, 5.47, 49578, 372
23660, 0, 21, 33, 29, 6, 26.82%, 0, 11, 3, 5.47, 49606, 372
23666, 0, 21, 33, 29, 6, 26.82%, 0, 11, 3, 5.47, 49634, 372
23671, 0, 21, 33, 29, 6, 26.82%, 0, 11, 3, 5.47, 49662, 372
23676, 0, 21, 33, 29, 6, 26.82%, 0, 11, 3, 5.47, 49690, 372
23681, 0, 21, 33, 29, 6, 26.82%, 0, 11, 3, 5.47, 49718, 372
23686, 0, 21, 33, 29, 6, 26.82%, 0, 11, 3, 5.47, 49746, 372
23691, 0, 21, 33, 29, 6, 26.82%, 0, 11, 3, 5.47, 49774, 372
23696, 0, 21, 33, 29, 6, 26.82%, 0, 11, 3, 5.47, 49802, 372
23701, 0, 21, 33, 29, 6, 26.82%, 0, 11, 3, 5.47, 49830, 372
23707, 0, 21, 33, 29, 6, 26.82%, 0, 11, 3, 5.47, 49858, 372
23712, 0, 21, 33, 29, 6, 26.82%, 0, 11, 3, 5.47, 49886, 372
23717, 0, 21, 33, 29, 6, 26.82%, 0, 11, 3, 5.47, 49914, 372
23722, 0, 21, 33, 29, 6, 26.82%, 0, 11, 3, 5.47, 49942, 372
23727, 0, 21, 33, 29, 6, 26.82%, 0, 11, 3, 5.47, 49970, 372
23732, 0, 21, 33, 29, 6, 26.82%, 0, 11, 3, 5.47, 49998, 372
23737, 0, 21, 33, 29, 6, 26.82%, 0, 11, 3, 5.46, 50026, 372
23742, 0, 21, 33, 29, 6, 26.82%, 0, 11, 3, 5.47, 50054, 372
23747, 0, 21, 33, 29, 6, 26.82%, 0, 11, 3, 5.47, 50082, 372
23753, 0, 21, 33, 29, 6, 26.82%, 0, 11, 3, 5.47, 50110, 372
23758, 0, 21, 33, 29, 6, 26.82%, 0, 11, 3, 5.47, 50138, 372
23763, 0, 21, 33, 29, 6, 26.82%, 0, 11, 3, 5.47, 50166, 372
23768, 0, 21, 33, 29, 6, 26.82%, 0, 11, 3, 5.47, 50194, 372
23773, 0, 21, 33, 29, 6, 26.82%, 0, 11, 3, 5.47, 50222, 372
23778, 0, 21, 33, 29, 6, 26.82%, 0, 11, 3, 5.47, 50250, 372
23783, 0, 21, 33, 29, 6, 26.82%, 0, 11, 3, 5.47, 50278, 372
23788, 0, 21, 33, 29, 6, 26.82%, 0, 11, 3, 5.47, 50306, 372
23794, 0, 21, 33, 29, 6, 26.82%, 0, 11, 3, 5.47, 50334, 372
23799, 0, 21, 33, 29, 6, 26.82%, 0, 11, 3, 5.47, 50362, 372
23804, 0, 21, 33, 29, 6, 26.82%, 0, 11, 3, 5.47, 50390, 372
23809, 0, 21, 33, 29, 6, 26.82%, 0, 11, 3, 5.47, 50418, 372
23814, 0, 21, 33, 29, 6, 26.82%, 0, 11, 3, 5.47, 50446, 372
23819, 0, 21, 33, 29, 6, 26.82%, 0, 11, 3, 5.47, 50474, 372
23824, 0, 21, 33, 29, 6, 26.82%, 0, 11, 3, 5.47, 50502, 372
23829, 0, 21, 33, 29, 6, 26.82%, 0, 11, 3, 5.47, 50530, 372
23835, 0, 21, 33, 29, 6, 26.82%, 0, 11, 3, 5.46, 50558, 372
23840, 0, 21, 33, 29, 6, 26.82%, 0, 11, 3, 5.47, 50586, 372
23845, 0, 21, 33, 29, 6, 26.82%, 0, 11, 3, 5.47, 50614, 372
23850, 0, 21, 33, 29, 6, 26.82%, 0, 11, 3, 5.47, 50642, 372
23855, 0, 21, 33, 29, 6, 26.82%, 0, 11, 3, 5.47, 50670, 372
23860, 0, 21, 33, 29, 6, 26.82%, 0, 11, 3, 5.47, 50698, 372
23865, 0, 21, 33, 29, 6, 26.82%, 0, 11, 3, 5.47, 50726, 372
23870, 0, 21, 33, 29, 6, 26.82%, 0, 11, 3, 5.47, 50754, 372
23875, 0, 21, 33, 29, 6, 26.82%, 0, 11, 3, 5.47, 50782, 372
23881, 0, 21, 33, 29, 6, 26.82%, 0, 11, 3, 5.47, 50810, 372
23886, 0, 21, 33, 29, 6, 26.82%, 0, 11, 3, 5.47, 50838, 372
23891, 0, 21, 33, 29, 6, 26.82%, 0, 11, 3, 5.47, 50866, 372
23896, 0, 21, 33, 29, 6, 26.82%, 0, 11, 3, 5.47, 50894, 372
23901, 0, 21, 33, 29, 6, 26.82%, 0, 11, 3, 5.47, 50922, 372
23906, 0, 21, 33, 29, 6, 26.82%, 0, 11, 3, 5.47, 50950, 372
23911, 0, 21, 33, 29, 6, 26.82%, 0, 11, 3, 5.47, 50978, 372
23916, 0, 21, 33, 29, 6, 26.82%, 0, 11, 3, 5.47, 51006, 372
23922, 0, 21, 33, 29, 6, 26.82%, 0, 11, 3, 5.47, 51034, 372
23927, 0, 21, 33, 29, 6, 26.82%, 0, 11, 3, 5.47, 51062, 372
23932, 0, 21, 33, 29, 6, 26.82%, 0, 11, 3, 5.47, 51090, 372
23937, 0, 21, 33, 29, 6, 26.82%, 0, 11, 3, 5.47, 51118, 372
23942, 0, 21, 33, 29, 6, 26.82%, 0, 11, 3, 5.47, 51146, 372
23947, 0, 21, 33, 29, 6, 26.82%, 0, 11, 3, 5.47, 51174, 372
23952, 0, 21, 33, 29, 6, 26.82%, 0, 11, 3, 5.47, 51202, 372
23957, 0, 21, 33, 29, 6, 26.82%, 0, 11, 3, 5.47, 51230, 372
23963, 0, 21, 33, 29, 6, 26.82%, 0, 11, 3, 5.47, 51258, 372
23968, 0, 21, 33, 29, 6, 26.82%, 0, 11, 3, 5.47, 51286, 372
23973, 0, 21, 33, 29, 6, 26.82%, 0, 11, 3, 5.47, 51314, 372
23978, 0, 21, 33, 29, 6, 26.82%, 0, 11, 3, 5.47, 51342, 372
23983, 0, 21, 33, 29, 6, 26.82%, 0, 11, 3, 5.47, 51370, 372
23988, 0, 21, 33, 29, 6, 26.82%, 0, 11, 3, 5.47, 51398, 372
23993, 0, 21, 33, 29, 6, 26.82%, 0, 11, 3, 5.47, 51426, 372
23998, 0, 21, 33, 29, 6, 26.82%, 0, 11, 3, 5.47, 51454, 372
24004, 0, 21, 33, 29, 6, 26.82%, 0, 11, 3, 5.47, 51482, 372
24009, 0, 21, 33, 29, 6, 26.82%, 0, 11, 3, 5.47, 51510, 372
24014, 0, 21, 33, 29, 6, 26.82%, 0, 11, 3, 5.47, 51538, 372
24019, 0, 21, 33, 29, 6, 26.82%, 0, 11, 3, 5.47, 51566, 372
24024, 0, 21, 33, 29, 6, 26.82%, 0, 11, 3, 5.47, 51594, 372
24029, 0, 21, 33, 29, 6, 26.82%, 0, 11, 3, 5.47, 51622, 372
24034, 0, 21, 33, 29, 6, 26.82%, 0, 11, 3, 5.47, 51650, 372
24039, 0, 21, 33, 29, 6, 26.82%, 0, 11, 3, 5.47, 51678, 372
24044, 0, 21, 33, 29, 6, 26.82%, 0, 11, 3, 5.47, 51706, 372
24050, 0, 21, 33, 29, 6, 26.82%, 0, 11, 3, 5.47, 51734, 372
24055, 0, 21, 33, 29, 6, 26.82%, 0, 11, 3, 5.47, 51762, 372
24060, 0, 21, 33, 29, 6, 26.82%, 0, 11, 3, 5.47, 51790, 372
24065, 0, 21, 33, 29, 6, 26.82%, 0, 11, 3, 5.47, 51818, 372
24070, 0, 21, 33, 29, 6, 26.82%, 0, 11, 3, 5.47, 51846, 372
24075, 0, 21, 33, 29, 6, 26.82%, 0, 11, 3, 5.47, 51874, 372
24080, 0, 21, 33, 29, 6, 26.82%, 0, 11, 3, 5.47, 51902, 372
24085, 0, 21, 33, 29, 6, 26.82%, 0, 11, 3, 5.47, 51930, 372
24091, 0, 21, 33, 29, 6, 26.82%, 0, 11, 3, 5.47, 51958, 372
24096, 0, 21, 33, 29, 6, 26.82%, 0, 11, 3, 5.47, 51986, 372
24101, 0, 21, 33, 29, 6, 26.82%, 0, 11, 3, 5.47, 52014, 372
24106, 0, 21, 33, 29, 6, 26.82%, 0, 11, 3, 5.47, 52042, 372
24111, 0, 21, 33, 29, 6, 26.82%, 0, 11, 3, 5.47, 52070, 372
24116, 0, 21, 33, 29, 6, 26.82%, 0, 11, 3, 5.47, 52098, 372
24121, 0, 21, 33, 29, 6, 26.82%, 0, 11, 3, 5.47, 52126, 372
24126, 0, 21, 33, 29, 6, 26.82%, 0, 11, 3, 5.46, 52154, 372
24132, 0, 21, 33, 29, 6, 26.82%, 0, 11, 3, 5.47, 52182, 372
24137, 0, 21, 33, 29, 6, 26.82%, 0, 11, 3, 5.23, 52206, 372
24142, 0, 21, 33, 29, 6, 26.82%, 0, 11, 3, 1.00, 52211, 372
24147, 0, 21, 33, 29, 6, 26.82%, 0, 11, 3, 1.00, 52216, 372
24152, 0, 21, 33, 29, 6, 26.82%, 0, 11, 3, 1.00, 52221, 372
24157, 0, 21, 33, 29, 6, 26.82%, 0, 11, 3, 1.00, 52226, 372
24162, 0, 21, 33, 29, 6, 26.82%, 0, 11, 3, 1.07, 52232, 372
24168, 0, 21, 33, 29, 6, 26.82%, 0, 11, 3, 1.16, 52239, 372
24173, 0, 21, 33, 29, 6, 26.82%, 0, 11, 3, 1.12, 52244, 372
24178, 0, 21, 33, 29, 6, 26.82%, 0, 11, 3, 1.08, 52249, 372
24183, 0, 21, 33, 29, 6, 26.82%, 0, 11, 3, 1.06, 52254, 372
24188, 0, 21, 33, 29, 6, 26.82%, 0, 11, 3, 1.05, 52260, 372
24194, 0, 21, 33, 29, 6, 26.82%, 0, 11, 3, 1.22, 52268, 372
24199, 0, 21, 33, 29, 6, 26.82%, 0, 11, 3, 1.16, 52273, 372
24204, 0, 21, 33, 29, 6, 26.82%, 0, 11, 3, 1.12, 52278, 372
24209, 0, 21, 33, 29, 6, 26.82%, 0, 11, 3, 1.08, 52283, 372
24214, 0, 21, 33, 29, 6, 26.82%, 0, 11, 3, 1.06, 52288, 372
24219, 0, 21, 33, 29, 6, 26.82%, 0, 11, 3, 1.04, 52293, 372
24224, 0, 21, 33, 29, 6, 26.82%, 0, 11, 3, 1.03, 52298, 372
24229, 0, 21, 33, 29, 6, 26.82%, 0, 11, 3, 1.02, 52303, 372
24234, 0, 21, 33, 29, 6, 26.82%, 0, 11, 3, 1.02, 52308, 372
24239, 0, 21, 33, 29, 6, 26.82%, 0, 11, 3, 1.01, 52313, 372
24244, 0, 21, 33, 29, 6, 26.82%, 0, 11, 3, 1.01, 52318, 372
24249, 0, 21, 33, 29, 6, 26.82%, 0, 11, 3, 1.00, 52323, 372
24254, 0, 21, 33, 29, 6, 26.82%, 0, 11, 3, 1.00, 52328, 372
24259, 0, 21, 33, 29, 6, 26.82%, 0, 11, 3, 1.00, 52333, 372
24264, 0, 21, 33, 29, 6, 26.82%, 0, 11, 3, 1.00, 52338, 372
24269, 0, 21, 33, 29, 6, 26.82%, 0, 11, 3, 1.00, 52343, 372
24274, 0, 21, 33, 29, 6, 26.82%, 0, 11, 3, 1.00, 52348, 372
24279, 0, 21, 33, 29, 6, 26.82%, 0, 11, 3, 1.00, 52353, 372
24284, 0, 21, 33, 29, 6, 26.82%, 0, 11, 3, 1.00, 52358, 372
24290, 0, 21, 33, 29, 6, 26.82%, 0, 11, 3, 1.00, 52363, 372
24295, 0, 21, 33, 29, 6, 26.82%, 0, 11, 3, 1.00, 52368, 372
24300, 0, 21, 33, 29, 6, 26.82%, 0, 11, 3, 1.00, 52373, 372
24305, 0, 21, 33, 29, 6, 26.82%, 0, 11, 3, 5.46, 52401, 372
24310, 0, 21, 33, 29, 6, 26.82%, 0, 11, 3, 5.46, 52429, 372
24315, 0, 21, 33, 29, 6, 26.82%, 0, 11, 3, 5.47, 52457, 372
24320, 0, 21, 33, 29, 6, 26.82%, 0, 11, 3, 5.47, 52485, 372
24325, 0, 21, 33, 29, 6, 26.82%, 0, 11, 3, 5.46, 52513, 372
24330, 0, 21, 33, 29, 6, 26.82%, 0, 11, 3, 5.47, 52541, 372
24335, 0, 21, 33, 29, 6, 26.82%, 0, 11, 3, 5.47, 52569, 372
24341, 0, 21, 33, 29, 6, 26.82%, 0, 11, 3, 5.47, 52597, 372
24346, 0, 21, 33, 29, 6, 26.82%, 0, 11, 3, 5.47, 52625, 372
24351, 0, 21, 33, 29, 6, 26.82%, 0, 11, 3, 5.47, 52653, 372
24356, 0, 21, 33, 29, 6, 26.82%, 0, 11, 3, 5.47, 52681, 372
24361, 0, 21, 33, 29, 6, 26.82%, 0, 11, 3, 5.47, 52709, 372
24366, 0, 21, 33, 29, 6, 26.82%, 0, 11, 3, 5.47, 52737, 372
24371, 0, 21, 33, 29, 6, 26.82%, 0, 11, 3, 5.47, 52765, 372
24376, 0, 21, 33, 29, 6, 26.82%, 0, 11, 3, 5.47, 52793, 372
24381, 0, 21, 33, 29, 6, 26.82%, 0, 11, 3, 5.47, 52821, 372
24387, 0, 21, 33, 29, 6, 26.82%, 0, 11, 3, 5.47, 52849, 372
24392, 0, 21, 33, 29, 6, 26.82%, 0, 11, 3, 5.47, 52877, 372
24397, 0, 21, 33, 29, 6, 26.82%, 0, 11, 3, 5.47, 52905, 372
24402, 0, 21, 33, 29, 6, 26.82%, 0, 11, 3, 5.47, 52933, 372
24407, 0, 21, 33, 29, 6, 26.82%, 0, 11, 3, 5.47, 52961, 372
24412, 0, 21, 33, 29, 6, 26.82%, 0, 11, 3, 5.47, 52989, 372
24417, 0, 21, 33, 29, 6, 26.82%, 0, 11, 3, 5.47, 53017, 372
24422, 0, 21, 33, 29, 6, 26.82%, 0, 11, 3, 5.47, 53045, 372
24428, 0, 21, 33, 29, 6, 26.82%, 0, 11, 3, 5.47, 53073, 372
24433, 0, 21, 33, 29, 6, 26.82%, 0, 11, 3, 5.47, 53101, 372
24438, 0, 21, 33, 29, 6, 26.82%, 0, 11, 3, 5.47, 53129, 372
24443, 0, 21, 33, 29, 6, 26.82%, 0, 11, 3, 5.47, 53157, 372
24448, 0, 21, 33, 29, 6, 26.82%, 0, 11, 3, 5.47, 53185, 372
24453, 0, 21, 33, 29, 6, 26.82%, 0, 11, 3, 5.47, 53213, 372
24458, 0, 21, 33, 29, 6, 26.82%, 0, 11, 3, 5.47, 53241, 372
24463, 0, 21, 33, 29, 6, 26.82%, 0, 11, 3, 5.47, 53269, 372
24469, 0, 21, 33, 29, 6, 26.82%, 0, 11, 3, 5.47, 53297, 372
24474, 0, 21, 33, 29, 6, 26.82%, 0, 11, 3, 5.47, 53325, 372
24479, 0, 21, 33, 29, 6, 26.82%, 0, 11, 3, 5.47, 53353, 372
24484, 0, 21, 33, 29, 6, 26.82%, 0, 11, 3, 5.46, 53381, 372
24489, 0, 21, 33, 29, 6, 26.82%, 0, 11, 3, 5.47, 53409, 372
24494, 0, 21, 33, 29, 6, 26.82%, 0, 11, 3, 5.47, 53437, 372
24499, 0, 21, 33, 29, 6, 26.82%, 0, 11, 3, 5.47, 53465, 372
24504, 0, 21, 33, 29, 6, 26.82%, 0, 11, 3, 5.47, 53493, 372
24509, 0, 21, 33, 29, 6, 26.82%, 0, 11, 3, 5.47, 53521, 372
24515, 0, 21, 33, 29, 6, 26.82%, 0, 11, 3, 5.47, 53549, 372
24520, 0, 21, 33, 29, 6, 26.82%, 0, 11, 3, 5.47, 53577, 372
24525, 0, 21, 33, 29, 6, 26.82%, 0, 11, 3, 5.47, 53605, 372
24530, 0, 21, 33, 29, 6, 26.82%, 0, 11, 3, 5.47, 53633, 372
24535, 0, 21, 33, 29, 6, 26.82%, 0, 11, 3, 5.47, 53661, 372
24540, 0, 21, 33, 29, 6, 26.82%, 0, 11, 3, 5.47, 53689, 372
24545, 0, 21, 33, 29, 6, 26.82%, 0, 11, 3, 5.47, 53717, 372
24550, 0, 21, 33, 29, 6, 26.82%, 0, 11, 3, 5.47, 53745, 372
24556, 0, 21, 33, 29, 6, 26.82%, 0, 11, 3, 5.47, 53773, 372
24561, 0, 21, 33, 29, 6, 26.82%, 0, 11, 3, 5.47, 53801, 372
24566, 0, 21, 33, 29, 6, 26.82%, 0, 11, 3, 5.47, 53829, 372
24571, 0, 21, 33, 29, 6, 26.82%, 0, 11, 3, 5.47, 53857, 372
24576, 0, 21, 33, 29, 6, 26.82%, 0, 11, 3, 5.47, 53885, 372
24581, 0, 21, 33, 29, 6, 26.82%, 0, 11, 3, 5.47, 53913, 372
24586, 0, 21, 33, 29, 6, 26.82%, 0, 11, 3, 5.47, 53941, 372
24591, 0, 21, 33, 29, 6, 26.82%, 0, 11, 3, 5.47, 53969, 372
24596, 0, 21, 33, 29, 6, 26.82%, 0, 11, 3, 5.47, 53997, 372
24602, 0, 21, 33, 29, 6, 26.82%, 0, 11, 3, 5.47, 54025, 372
24607, 0, 21, 33, 29, 6, 26.82%, 0, 11, 3, 5.47, 54053, 372
24612, 0, 21, 33, 29, 6, 26.82%, 0, 11, 3, 5.47, 54081, 372
24617, 0, 21, 33, 29, 6, 26.82%, 0, 11, 3, 5.47, 54109, 372
24622, 0, 21, 33, 29, 6, 26.82%, 0, 11, 3, 5.47, 54137, 372
24627, 0, 21, 33, 29, 6, 26.82%, 0, 11, 3, 5.47, 54165, 372
24632, 0, 21, 33, 29, 6, 26.82%, 0, 11, 3, 5.47, 54193, 372
24637, 0, 21, 33, 29, 6, 26.82%, 0, 11, 3, 5.47, 54221, 372
24643, 0, 21, 33, 29, 6, 26.82%, 0, 11, 3, 5.47, 54249, 372
24648, 0, 21, 33, 29, 6, 26.82%, 0, 11, 3, 5.46, 54277, 372
24653, 0, 21, 33, 29, 6, 26.82%, 0, 11, 3, 5.47, 54305, 372
24658, 0, 21, 33, 29, 6, 26.82%, 0, 11, 3, 5.47, 54333, 372
24663, 0, 21, 33, 29, 6, 26.82%, 0, 11, 3, 5.47, 54361, 372
24668, 0, 21, 33, 29, 6, 26.82%, 0, 11, 3, 5.47, 54389, 372
24673, 0, 21, 33, 29, 6, 26.82%, 0, 11, 3, 5.47, 54417, 372
24678, 0, 21, 33, 29, 6, 26.82%, 0, 11, 3, 5.47, 54445, 372
24684, 0, 21, 33, 29, 6, 26.82%, 0, 11, 3, 5.47, 54473, 372
24689, 0, 21, 33, 29, 6, 26.82%, 0, 11, 3, 5.47, 54501, 372
24694, 0, 21, 33, 29, 6, 26.82%, 0, 11, 3, 5.47, 54529, 372
24699, 0, 21, 33, 29, 6, 26.82%, 0, 11, 3, 5.47, 54557, 372
24704, 0, 21, 33, 29, 6, 26.82%, 0, 11, 3, 5.47, 54585, 372
24709, 0, 21, 33, 29, 6, 26.82%, 0, 11, 3, 5.47, 54613, 372
24714, 0, 21, 33, 29, 6, 26.82%, 0, 11, 3, 5.47, 54641, 372
24719, 0, 21, 33, 29, 6, 26.82%, 0, 11, 3, 5.47, 54669, 372
24725, 0, 21, 33, 29, 6, 26.82%, 0, 11, 3, 5.47, 54697, 372
24730, 0, 21, 33, 29, 6, 26.82%, 0, 11, 3, 5.47, 54725, 372
24735, 0, 21, 33, 29, 6, 26.82%, 0, 11, 3, 5.47, 54753, 372
24740, 0, 21, 33, 29, 6, 26.82%, 0, 11, 3, 5.47, 54781, 372
24745, 0, 21, 33, 29, 6, 26.82%, 0, 11, 3, 5.47, 54809, 372
24750, 0, 21, 33, 29, 6, 26.82%, 0, 11, 3, 5.47, 54837, 372
24755, 0, 21, 33, 29, 6, 26.82%, 0, 11, 3, 5.47, 54865, 372
24760, 0, 21, 33, 29, 6, 26.82%, 0, 11, 3, 5.47, 54893, 372
24765, 0, 21, 33, 29, 6, 26.82%, 0, 11, 3, 5.47, 54921, 372
24771, 0, 21, 33, 29, 6, 26.82%, 0, 11, 3, 5.47, 54949, 372
24776, 0, 21, 33, 29, 6, 26.82%, 0, 11, 3, 5.47, 54977, 372
24781, 0, 21, 33, 29, 6, 26.82%, 0, 11, 3, 5.47, 55005, 372
24786, 0, 21, 33, 29, 6, 26.82%, 0, 11, 3, 5.47, 55033, 372
24791, 0, 21, 33, 29, 6, 26.82%, 0, 11, 3, 5.47, 55061, 372
24796, 0, 21, 33, 29, 6, 26.82%, 0, 11, 3, 5.47, 55089, 372
24801, 0, 21, 33, 29, 6, 26.82%, 0, 11, 3, 5.47, 55117, 372
24806, 0, 21, 33, 29, 6, 26.82%, 0, 11, 3, 5.47, 55145, 372
24812, 0, 21, 33, 29, 6, 26.82%, 0, 11, 3, 5.47, 55173, 372
24817, 0, 21, 33, 29, 6, 26.82%, 0, 11, 3, 5.47, 55201, 372
24822, 0, 21, 33, 29, 6, 26.82%, 0, 11, 3, 5.47, 55229, 372
24827, 0, 21, 33, 29, 6, 26.82%, 0, 11, 3, 5.47, 55257, 372
24832, 0, 21, 33, 29, 6, 26.82%, 0, 11, 3, 5.47, 55285, 372
24837, 0, 21, 33, 29, 6, 26.82%, 0, 11, 3, 5.47, 55313, 372
24842, 0, 21, 33, 29, 6, 26.82%, 0, 11, 3, 5.47, 55341, 372
24847, 0, 21, 33, 29, 6, 26.82%, 0, 11, 3, 5.47, 55369, 372
24853, 0, 21, 33, 29, 6, 26.82%, 0, 11, 3, 5.47, 55397, 372
24858, 0, 21, 33, 29, 6, 26.82%, 0, 11, 3, 5.47, 55425, 372
24863, 0, 21, 33, 29, 6, 26.82%, 0, 11, 3, 5.47, 55453, 372
24868, 0, 21, 33, 29, 6, 26.82%, 0, 11, 3, 5.46, 55481, 372
24873, 0, 21, 33, 29, 6, 26.82%, 0, 11, 3, 5.47, 55509, 372
24878, 0, 21, 33, 29, 6, 26.82%, 0, 11, 3, 5.47, 55537, 372
24883, 0, 21, 33, 29, 6, 26.82%, 0, 11, 3, 5.47, 55565, 372
24889, 0, 21, 33, 29, 6, 26.82%, 0, 11, 3, 1.00, 55588, 372
24894, 0, 21, 33, 29, 6, 26.82%, 0, 11, 3, 5.46, 55616, 372
24899, 0, 21, 33, 29, 6, 26.82%, 0, 11, 3, 5.47, 55644, 372
24904, 0, 21, 33, 29, 6, 26.82%, 0, 11, 3, 5.47, 55672, 372
24909, 0, 21, 33, 29, 6, 26.82%, 0, 11, 3, 5.47, 55700, 372
24915, 0, 21, 33, 29, 6, 26.82%, 0, 11, 3, 5.47, 55728, 372
24920, 0, 21, 33, 29, 6, 26.82%, 0, 11, 3, 5.47, 55756, 372
24925, 0, 21, 33, 29, 6, 26.82%, 0, 11, 3, 5.47, 55784, 372
24930, 0, 21, 33, 29, 6, 26.82%, 0, 11, 3, 5.47, 55812, 372
24935, 0, 21, 33, 29, 6, 26.82%, 0, 11, 3, 5.47, 55840, 372
24940, 0, 21, 33, 29, 6, 26.82%, 0, 11, 3, 5.47, 55868, 372
24945, 0, 21, 33, 29, 6, 26.82%, 0, 11, 3, 5.47, 55896, 372
24951, 0, 21, 33, 29, 6, 26.82%, 0, 11, 3, 1.09, 55904, 372
24956, 0, 21, 33, 29, 6, 26.82%, 0, 11, 3, 1.44, 55913, 372
24961, 0, 21, 33, 29, 6, 26.82%, 0, 11, 3, 2.53, 55927, 372
24967, 0, 21, 33, 29, 6, 26.82%, 0, 11, 3, 4.28, 55955, 372
24972, 0, 21, 33, 29, 6, 26.82%, 0, 11, 3, 4.99, 55983, 372
24977, 0, 21, 33, 29, 6, 26.82%, 0, 11, 3, 5.27, 56011, 372
24982, 0, 21, 33, 29, 6, 26.82%, 0, 11, 3, 5.39, 56039, 372
24987, 0, 21, 33, 29, 6, 26.82%, 0, 11, 3, 5.44, 56067, 372
24992, 0, 21, 33, 29, 6, 26.82%, 0, 11, 3, 5.46, 56095, 372
24997, 0, 21, 33, 29, 6, 26.82%, 0, 11, 3, 5.46, 56123, 372
25002, 0, 21, 33, 29, 6, 26.82%, 0, 11, 3, 5.47, 56151, 372
25008, 0, 21, 33, 29, 6, 26.82%, 0, 11, 3, 5.47, 56179, 372
25013, 0, 21, 33, 29, 6, 26.82%, 0, 11, 3, 5.47, 56207, 372
25018, 0, 21, 33, 29, 6, 26.82%, 0, 11, 3, 5.47, 56235, 372
25023, 0, 21, 33, 29, 6, 26.82%, 0, 11, 3, 5.47, 56263, 372
25028, 0, 21, 33, 29, 6, 26.82%, 0, 11, 3, 5.47, 56291, 372
25033, 0, 21, 33, 29, 6, 26.82%, 0, 11, 3, 5.47, 56319, 372
25038, 0, 21, 33, 29, 6, 26.82%, 0, 11, 3, 5.47, 56347, 372
25043, 0, 21, 33, 29, 6, 26.82%, 0, 11, 3, 5.47, 56375, 372
25049, 0, 21, 33, 29, 6, 26.82%, 0, 11, 3, 5.47, 56403, 372
25054, 0, 21, 33, 29, 6, 26.82%, 0, 11, 3, 5.47, 56431, 372
25059, 0, 21, 33, 29, 6, 26.82%, 0, 11, 3, 5.47, 56459, 372
25064, 0, 21, 33, 29, 6, 26.82%, 0, 11, 3, 5.47, 56487, 372
25069, 0, 21, 33, 29, 6, 26.82%, 0, 11, 3, 5.47, 56515, 372
25074, 0, 21, 33, 29, 6, 26.82%, 0, 11, 3, 5.47, 56543, 372
25079, 0, 21, 33, 29, 6, 26.82%, 0, 11, 3, 5.47, 56571, 372
25084, 0, 21, 33, 29, 6, 26.82%, 0, 11, 3, 5.47, 56599, 372
25089, 0, 21, 33, 29, 6, 26.82%, 0, 11, 3, 5.47, 56627, 372
25095, 0, 21, 33, 29, 6, 26.82%, 0, 11, 3, 5.47, 56655, 372
25100, 0, 21, 33, 29, 6, 26.82%, 0, 11, 3, 5.47, 56683, 372
25105, 0, 21, 33, 29, 6, 26.82%, 0, 11, 3, 5.47, 56711, 372
25110, 0, 21, 33, 29, 6, 26.82%, 0, 11, 3, 5.47, 56739, 372
25115, 0, 21, 33, 29, 6, 26.82%, 0, 11, 3, 5.47, 56767, 372
25121, 0, 21, 33, 29, 6, 26.82%, 0, 11, 3, 4.34, 56775, 372
25126, 0, 21, 33, 29, 6, 26.82%, 0, 11, 3, 3.46, 56781, 372
25131, 0, 21, 33, 29, 6, 26.82%, 0, 11, 3, 3.65, 56795, 372
25137, 0, 21, 33, 29, 6, 26.82%, 0, 11, 3, 3.47, 56808, 372
25142, 0, 21, 33, 29, 6, 26.82%, 0, 11, 3, 3.35, 56819, 372
25147, 0, 21, 33, 29, 6, 26.82%, 0, 11, 3, 2.87, 56827, 372
25153, 0, 21, 33, 29, 6, 26.82%, 0, 11, 3, 2.54, 56835, 372
25158, 0, 21, 33, 29, 6, 26.82%, 0, 11, 3, 3.03, 56849, 372
25163, 0, 21, 33, 29, 6, 26.82%, 0, 11, 3, 2.55, 56856, 372
25168, 0, 21, 33, 29, 6, 26.82%, 0, 11, 3, 4.28, 56884, 372
25173, 0, 21, 33, 29, 6, 26.82%, 0, 11, 3, 4.99, 56912, 372
25178, 0, 21, 33, 29, 6, 26.82%, 0, 11, 3, 5.27, 56940, 372
25184, 0, 21, 33, 29, 6, 26.82%, 0, 11, 3, 5.39, 56968, 372
25189, 0, 21, 33, 29, 6, 26.82%, 0, 11, 3, 5.44, 56996, 372
25194, 0, 21, 33, 29, 6, 26.82%, 0, 11, 3, 5.46, 57024, 372
25199, 0, 21, 33, 29, 6, 26.82%, 0, 11, 3, 5.46, 57052, 372
25204, 0, 21, 33, 29, 6, 26.82%, 0, 11, 3, 5.46, 57080, 372
25209, 0, 21, 33, 29, 6, 26.82%, 0, 11, 3, 5.47, 57108, 372
25214, 0, 21, 33, 29, 6, 26.82%, 0, 11, 3, 5.47, 57136, 372
25219, 0, 21, 33, 29, 6, 26.82%, 0, 11, 3, 5.47, 57164, 372
25224, 0, 21, 33, 29, 6, 26.82%, 0, 11, 3, 5.47, 57192, 372
25230, 0, 21, 33, 29, 6, 26.82%, 0, 11, 3, 5.47, 57220, 372
25235, 0, 21, 33, 29, 6, 26.82%, 0, 11, 3, 5.47, 57248, 372
25240, 0, 21, 33, 29, 6, 26.82%, 0, 11, 3, 5.47, 57276, 372
25245, 0, 21, 33, 29, 6, 26.82%, 0, 11, 3, 5.46, 57304, 372
25250, 0, 21, 33, 29, 6, 26.82%, 0, 11, 3, 5.47, 57332, 372
25255, 0, 21, 33, 29, 6, 26.82%, 0, 11, 3, 5.47, 57360, 372
25260, 0, 21, 33, 29, 6, 26.82%, 0, 11, 3, 5.47, 57388, 372
25265, 0, 21, 33, 29, 6, 26.82%, 0, 11, 3, 5.47, 57416, 372
25271, 0, 21, 33, 29, 6, 26.82%, 0, 11, 3, 5.47, 57444, 372
25276, 0, 21, 33, 29, 6, 26.82%, 0, 11, 3, 5.47, 57472, 372
25281, 0, 21, 33, 29, 6, 26.82%, 0, 11, 3, 5.47, 57500, 372
25286, 0, 21, 33, 29, 6, 26.82%, 0, 11, 3, 5.47, 57528, 372
25291, 0, 21, 33, 29, 6, 26.82%, 0, 11, 3, 5.47, 57556, 372
25296, 0, 21, 33, 29, 6, 26.82%, 0, 11, 3, 5.47, 57584, 372
25301, 0, 21, 33, 29, 6, 26.82%, 0, 11, 3, 5.47, 57612, 372
25306, 0, 21, 33, 29, 6, 26.82%, 0, 11, 3, 5.47, 57640, 372
25312, 0, 21, 33, 29, 6, 26.82%, 0, 11, 3, 5.47, 57668, 372
25317, 0, 21, 33, 29, 6, 26.82%, 0, 11, 3, 5.47, 57696, 372
25322, 0, 21, 33, 29, 6, 26.82%, 0, 11, 3, 5.47, 57724, 372
25327, 0, 21, 33, 29, 6, 26.82%, 0, 11, 3, 5.47, 57752, 372
25332, 0, 21, 33, 29, 6, 26.82%, 0, 11, 3, 5.47, 57780, 372
25337, 0, 21, 33, 29, 6, 26.82%, 0, 11, 3, 5.47, 57808, 372
25342, 0, 21, 33, 29, 6, 26.82%, 0, 11, 3, 5.47, 57836, 372
25347, 0, 21, 33, 29, 6, 26.82%, 0, 11, 3, 5.47, 57864, 372
25352, 0, 21, 33, 29, 6, 26.82%, 0, 11, 3, 5.47, 57892, 372
25358, 0, 21, 33, 29, 6, 26.82%, 0, 11, 3, 5.47, 57920, 372
25363, 0, 21, 33, 29, 6, 26.82%, 0, 11, 3, 5.47, 57948, 372
25368, 0, 21, 33, 29, 6, 26.82%, 0, 11, 3, 5.47, 57976, 372
25373, 0, 21, 33, 29, 6, 26.82%, 0, 11, 3, 5.74, 58006, 372
25378, 0, 21, 33, 29, 6, 26.82%, 0, 11, 3, 5.91, 58033, 372
25384, 0, 21, 33, 29, 6, 26.82%, 0, 11, 3, 1.51, 58061, 372
25389, 0, 21, 33, 29, 6, 26.82%, 0, 11, 3, 6.80, 58084, 372
25395, 0, 21, 33, 29, 6, 26.82%, 0, 11, 3, 5.22, 58103, 372
25400, 0, 21, 33, 29, 6, 26.82%, 0, 11, 3, 4.37, 58119, 372
25405, 0, 21, 33, 29, 6, 26.82%, 0, 11, 3, 4.42, 58139, 372
25410, 0, 21, 33, 29, 6, 26.82%, 0, 11, 3, 4.95, 58163, 372
25416, 0, 21, 33, 29, 6, 26.82%, 0, 11, 3, 4.51, 58180, 372
25421, 0, 21, 33, 29, 6, 26.82%, 0, 11, 3, 4.02, 58193, 372
25426, 0, 21, 33, 29, 6, 26.82%, 0, 11, 3, 4.60, 58216, 372
25432, 0, 21, 33, 29, 6, 26.82%, 0, 11, 3, 3.93, 58226, 372
25437, 0, 21, 33, 29, 6, 26.82%, 0, 11, 3, 3.16, 58232, 372
25442, 0, 21, 33, 29, 6, 26.82%, 0, 11, 3, 4.36, 58259, 372
25448, 0, 16, 33, 28, 5, 26.82%, 0, 11, 3, 26.44, 58309, 372
25454, 0, 16, 33, 28, 5, 26.82%, 0, 11, 3, 1.09, 58315, 372
25459, 0, 16, 33, 28, 5, 26.82%, 0, 11, 3, 1.09, 58321, 372
25464, 0, 16, 33, 28, 5, 26.82%, 0, 11, 3, 1.09, 58327, 372
25470, 0, 16, 33, 28, 5, 26.82%, 0, 11, 3, 1.09, 58333, 372
25475, 0, 16, 33, 28, 5, 26.82%, 0, 11, 3, 1.09, 58339, 372
25481, 0, 16, 33, 28, 5, 26.82%, 0, 11, 3, 1.09, 58345, 372
25486, 0, 16, 33, 28, 5, 26.82%, 0, 11, 3, 1.09, 58351, 372
25492, 0, 16, 33, 28, 5, 26.82%, 0, 11, 3, 1.09, 58357, 372
25497, 0, 16, 33, 28, 5, 26.82%, 0, 11, 3, 1.09, 58363, 372
25503, 0, 16, 33, 28, 5, 26.82%, 0, 11, 3, 1.09, 58369, 372
25508, 0, 16, 33, 28, 5, 26.82%, 0, 11, 3, 1.09, 58375, 372
25514, 0, 16, 33, 28, 5, 26.82%, 0, 11, 3, 1.09, 58381, 372
25519, 0, 16, 33, 28, 5, 26.82%, 0, 11, 3, 1.09, 58387, 372
25525, 0, 16, 33, 28, 5, 26.82%, 0, 11, 3, 1.09, 58393, 372
25530, 0, 16, 33, 28, 5, 26.82%, 0, 11, 3, 1.09, 58399, 372
25536, 0, 16, 33, 28, 5, 26.82%, 0, 11, 3, 1.09, 58405, 372
25541, 0, 16, 33, 28, 5, 26.82%, 0, 11, 3, 1.09, 58411, 372
25547, 0, 16, 33, 28, 5, 26.82%, 0, 11, 3, 1.09, 58417, 372
25552, 0, 16, 33, 28, 5, 26.82%, 0, 11, 3, 1.09, 58423, 372
25558, 0, 16, 33, 28, 5, 26.82%, 0, 11, 3, 1.09, 58429, 372
25563, 0, 16, 33, 28, 5, 26.82%, 0, 11, 3, 1.09, 58435, 372
25569, 0, 16, 33, 28, 5, 26.82%, 0, 11, 3, 1.09, 58441, 372
25574, 0, 16, 33, 28, 5, 26.82%, 0, 11, 3, 1.11, 58447, 372
25579, 0, 16, 33, 28, 5, 26.82%, 0, 11, 3, 1.11, 58453, 372
25585, 0, 16, 33, 28, 5, 26.82%, 0, 11, 3, 1.10, 58459, 372
25590, 0, 16, 33, 28, 5, 26.82%, 0, 11, 3, 1.10, 58465, 372
25596, 0, 16, 33, 28, 5, 26.82%, 0, 11, 3, 1.10, 58471, 372
25601, 0, 16, 33, 28, 5, 26.82%, 0, 11, 3, 1.10, 58477, 372
25607, 0, 16, 33, 28, 5, 26.82%, 0, 11, 3, 1.10, 58483, 372
25612, 0, 16, 33, 28, 5, 26.82%, 0, 11, 3, 1.10, 58489, 372
25618, 0, 16, 33, 28, 5, 26.82%, 0, 11, 3, 1.10, 58495, 372
25623, 0, 16, 33, 28, 5, 26.82%, 0, 11, 3, 1.10, 58501, 372
25629, 0, 16, 33, 28, 5, 26.82%, 0, 11, 3, 1.09, 58507, 372
25634, 0, 16, 33, 28, 5, 26.82%, 0, 11, 3, 1.09, 58513, 372
25639, 0, 16, 33, 28, 5, 26.82%, 0, 11, 3, 1.09, 58519, 372
25645, 0, 16, 33, 28, 5, 26.82%, 0, 11, 3, 1.09, 58525, 372
25650, 0, 16, 33, 28, 5, 26.82%, 0, 11, 3, 1.09, 58531, 372
25656, 0, 16, 33, 28, 5, 26.82%, 0, 11, 3, 1.09, 58537, 372
25661, 0, 16, 33, 28, 5, 26.82%, 0, 11, 3, 1.09, 58543, 372
25667, 0, 16, 33, 28, 5, 26.82%, 0, 11, 3, 1.09, 58549, 372
25672, 0, 16, 33, 28, 5, 26.82%, 0, 11, 3, 1.09, 58555, 372
25678, 0, 16, 33, 28, 5, 26.82%, 0, 11, 3, 1.09, 58561, 372
25683, 0, 16, 33, 28, 5, 26.82%, 0, 11, 3, 1.09, 58567, 372
25689, 0, 16, 33, 28, 5, 26.82%, 0, 11, 3, 1.09, 58573, 372
25694, 0, 16, 33, 28, 5, 26.82%, 0, 11, 3, 1.09, 58579, 372
25700, 0, 16, 33, 28, 5, 26.82%, 0, 11, 3, 1.09, 58585, 372
25705, 0, 16, 33, 28, 5, 26.82%, 0, 11, 3, 1.09, 58591, 372
25711, 0, 16, 33, 28, 5, 26.82%, 0, 11, 3, 1.09, 58597, 372
25716, 0, 16, 33, 28, 5, 26.82%, 0, 11, 3, 1.09, 58603, 372
25722, 0, 16, 33, 28, 5, 26.82%, 0, 11, 3, 1.09, 58609, 372
25727, 0, 16, 33, 28, 5, 26.82%, 0, 11, 3, 1.09, 58615, 372
25733, 0, 16, 33, 28, 5, 26.82%, 0, 11, 3, 1.09, 58621, 372
25738, 0, 16, 33, 28, 5, 26.82%, 0, 11, 3, 1.09, 58627, 372
25744, 0, 16, 33, 28, 5, 26.82%, 0, 11, 3, 1.09, 58633, 372
25749, 0, 16, 33, 28, 5, 26.82%, 0, 11, 3, 1.09, 58639, 372
25755, 0, 16, 33, 28, 5, 26.82%, 0, 11, 3, 1.09, 58645, 372
25760, 0, 16, 33, 28, 5, 26.82%, 0, 11, 3, 1.09, 58651, 372
25766, 0, 16, 33, 28, 5, 26.82%, 0, 11, 3, 1.09, 58657, 372
25771, 0, 16, 33, 28, 5, 26.82%, 0, 11, 3, 1.09, 58663, 372
25777, 0, 16, 33, 28, 5, 26.82%, 0, 11, 3, 1.09, 58669, 372
25782, 0, 16, 33, 28, 5, 26.82%, 0, 11, 3, 1.09, 58675, 372
25788, 0, 16, 33, 28, 5, 26.82%, 0, 11, 3, 1.09, 58681, 372
25793, 0, 16, 33, 28, 5, 26.82%, 0, 11, 3, 1.09, 58687, 372
25798, 0, 16, 33, 28, 5, 26.82%, 0, 11, 3, 1.09, 58693, 372
25804, 0, 16, 33, 28, 5, 26.82%, 0, 11, 3, 1.09, 58699, 372
25809, 0, 16, 33, 28, 5, 26.82%, 0, 11, 3, 1.09, 58705, 372
25815, 0, 16, 33, 28, 5, 26.82%, 0, 11, 3, 1.09, 58711, 372
25820, 0, 16, 33, 28, 5, 26.82%, 0, 11, 3, 1.09, 58717, 372
25826, 0, 16, 33, 28, 5, 26.82%, 0, 11, 3, 1.09, 58723, 372
25831, 0, 16, 33, 28, 5, 26.82%, 0, 11, 3, 1.09, 58729, 372
25837, 0, 16, 33, 28, 5, 26.82%, 0, 11, 3, 1.09, 58735, 372
25842, 0, 16, 33, 28, 5, 26.82%, 0, 11, 3, 1.09, 58741, 372
25848, 0, 16, 33, 28, 5, 26.82%, 0, 11, 3, 1.09, 58747, 372
25853, 0, 16, 33, 28, 5, 26.82%, 0, 11, 3, 1.09, 58753, 372
25859, 0, 16, 33, 28, 5, 26.82%, 0, 11, 3, 1.09, 58759, 372
25864, 0, 16, 33, 28, 5, 26.82%, 0, 11, 3, 1.09, 58765, 372
25870, 0, 16, 33, 28, 5, 26.82%, 0, 11, 3, 1.09, 58771, 372
25875, 0, 16, 33, 28, 5, 26.82%, 0, 11, 3, 1.09, 58777, 372
25881, 0, 16, 33, 28, 5, 26.82%, 0, 11, 3, 1.09, 58783, 372
25886, 0, 16, 33, 28, 5, 26.82%, 0, 11, 3, 1.09, 58789, 372
25892, 0, 16, 33, 28, 5, 26.82%, 0, 11, 3, 1.09, 58795, 372
25897, 0, 16, 33, 28, 5, 26.82%, 0, 11, 3, 1.09, 58801, 372
25903, 0, 16, 33, 28, 5, 26.82%, 0, 11, 3, 1.09, 58807, 372
25908, 0, 16, 33, 28, 5, 26.82%, 0, 11, 3, 1.09, 58813, 372
25914, 0, 16, 33, 28, 5, 26.82%, 0, 11, 3, 1.09, 58819, 372
25919, 0, 16, 33, 28, 5, 26.82%, 0, 11, 3, 1.09, 58825, 372
25925, 0, 16, 33, 28, 5, 26.82%, 0, 11, 3, 1.09, 58831, 372
25930, 0, 16, 33, 28, 5, 26.82%, 0, 11, 3, 1.09, 58837, 372
25936, 0, 16, 33, 28, 5, 26.82%, 0, 11, 3, 1.09, 58843, 372
25941, 0, 16, 33, 28, 5, 26.82%, 0, 11, 3, 1.09, 58849, 372
25947, 0, 16, 33, 28, 5, 26.82%, 0, 11, 3, 1.09, 58855, 372
25952, 0, 16, 33, 28, 5, 26.82%, 0, 11, 3, 1.09, 58861, 372
25958, 0, 16, 33, 28, 5, 26.82%, 0, 11, 3, 1.09, 58867, 372
25963, 0, 16, 33, 28, 5, 26.82%, 0, 11, 3, 1.09, 58873, 372
25969, 0, 16, 33, 28, 5, 26.82%, 0, 11, 3, 1.09, 58879, 372
25974, 0, 16, 33, 28, 5, 26.82%, 0, 11, 3, 1.09, 58885, 372
25979, 0, 16, 33, 28, 5, 26.82%, 0, 11, 3, 1.09, 58891, 372
25985, 0, 16, 33, 28, 5, 26.82%, 0, 11, 3, 1.09, 58897, 372
25990, 0, 16, 33, 28, 5, 26.82%, 0, 11, 3, 1.09, 58903, 372
25996, 0, 16, 33, 28, 5, 26.82%, 0, 11, 3, 1.09, 58909, 372
26001, 0, 16, 33, 28, 5, 26.82%, 0, 11, 3, 1.09, 58915, 372
26007, 0, 16, 33, 28, 5, 26.82%, 0, 11, 3, 1.09, 58921, 372
26012, 0, 16, 33, 28, 5, 26.82%, 0, 11, 3, 1.09, 58927, 372
26018, 0, 16, 33, 28, 5, 26.82%, 0, 11, 3, 1.09, 58933, 372
26023, 0, 16, 33, 28, 5, 26.82%, 0, 11, 3, 1.09, 58939, 372
26029, 0, 16, 33, 28, 5, 26.82%, 0, 11, 3, 1.09, 58945, 372
26034, 0, 16, 33, 28, 5, 26.82%, 0, 11, 3, 1.09, 58951, 372
26040, 0, 16, 33, 28, 5, 26.82%, 0, 11, 3, 1.09, 58957, 372
26045, 0, 16, 33, 28, 5, 26.82%, 0, 11, 3, 1.09, 58963, 372
26051, 0, 16, 33, 28, 5, 26.82%, 0, 11, 3, 1.09, 58969, 372
26056, 0, 16, 33, 28, 5, 26.82%, 0, 11, 3, 1.09, 58975, 372
26062, 0, 16, 33, 28, 5, 26.82%, 0, 11, 3, 1.09, 58981, 372
26067, 0, 16, 33, 28, 5, 26.82%, 0, 11, 3, 1.09, 58987, 372
26073, 0, 16, 33, 28, 5, 26.82%, 0, 11, 3, 1.09, 58993, 372
26078, 0, 16, 33, 28, 5, 26.82%, 0, 11, 3, 1.09, 58999, 372
26084, 0, 16, 33, 28, 5, 26.82%, 0, 11, 3, 1.09, 59005, 372
26089, 0, 16, 33, 28, 5, 26.82%, 0, 11, 3, 1.09, 59011, 372
26095, 0, 16, 33, 28, 5, 26.82%, 0, 11, 3, 1.09, 59017, 372
26100, 0, 16, 33, 28, 5, 26.82%, 0, 11, 3, 1.09, 59023, 372
26106, 0, 16, 33, 28, 5, 26.82%, 0, 11, 3, 1.09, 59029, 372
26111, 0, 16, 33, 28, 5, 26.82%, 0, 11, 3, 1.13, 59035, 372
26117, 0, 16, 33, 28, 5, 26.82%, 0, 11, 3, 1.11, 59041, 372
26122, 0, 16, 33, 28, 5, 26.82%, 0, 11, 3, 1.10, 59047, 372
26128, 0, 16, 33, 28, 5, 26.82%, 0, 11, 3, 1.10, 59053, 372
26133, 0, 16, 33, 28, 5, 26.82%, 0, 11, 3, 1.10, 59059, 372
26138, 0, 16, 33, 28, 5, 26.82%, 0, 11, 3, 1.10, 59065, 372
26144, 0, 16, 33, 28, 5, 26.82%, 0, 11, 3, 1.10, 59071, 372
26149, 0, 16, 33, 28, 5, 26.82%, 0, 11, 3, 1.10, 59077, 372
26155, 0, 16, 33, 28, 5, 26.82%, 0, 11, 3, 1.10, 59083, 372
26160, 0, 16, 33, 28, 5, 26.82%, 0, 11, 3, 1.09, 59089, 372
26166, 0, 16, 33, 28, 5, 26.82%, 0, 11, 3, 1.10, 59095, 372
26171, 0, 16, 33, 28, 5, 26.82%, 0, 11, 3, 1.09, 59101, 372
26177, 0, 16, 33, 28, 5, 26.82%, 0, 11, 3, 1.09, 59107, 372
26182, 0, 16, 33, 28, 5, 26.82%, 0, 11, 3, 1.09, 59113, 372
26188, 0, 16, 33, 28, 5, 26.82%, 0, 11, 3, 1.09, 59119, 372
26193, 0, 16, 33, 28, 5, 26.82%, 0, 11, 3, 1.09, 59125, 372
26199, 0, 16, 33, 28, 5, 26.82%, 0, 11, 3, 1.09, 59131, 372
26204, 0, 16, 33, 28, 5, 26.82%, 0, 11, 3, 1.09, 59137, 372
26210, 0, 16, 33, 28, 5, 26.82%, 0, 11, 3, 1.09, 59143, 372
26215, 0, 16, 33, 28, 5, 26.82%, 0, 11, 3, 1.09, 59149, 372
26221, 0, 16, 33, 28, 5, 26.82%, 0, 11, 3, 1.09, 59155, 372
26226, 0, 16, 33, 28, 5, 26.82%, 0, 11, 3, 1.09, 59161, 372
26232, 0, 16, 33, 28, 5, 26.82%, 0, 11, 3, 1.09, 59167, 372
26237, 0, 16, 33, 28, 5, 26.82%, 0, 11, 3, 1.09, 59173, 372
26243, 0, 16, 33, 28, 5, 26.82%, 0, 11, 3, 1.09, 59179, 372
26248, 0, 16, 33, 28, 5, 26.82%, 0, 11, 3, 1.09, 59185, 372
26254, 0, 16, 33, 28, 5, 26.82%, 0, 11, 3, 1.09, 59191, 372
26259, 0, 16, 33, 28, 5, 26.82%, 0, 11, 3, 1.09, 59197, 372
26265, 0, 16, 33, 28, 5, 26.82%, 0, 11, 3, 1.09, 59203, 372
26270, 0, 16, 33, 28, 5, 26.82%, 0, 11, 3, 1.09, 59209, 372
26276, 0, 16, 33, 28, 5, 26.82%, 0, 11, 3, 1.09, 59215, 372
26281, 0, 16, 33, 28, 5, 26.82%, 0, 11, 3, 1.09, 59221, 372
26287, 0, 16, 33, 28, 5, 26.82%, 0, 11, 3, 1.09, 59227, 372
26292, 0, 16, 33, 28, 5, 26.82%, 0, 11, 3, 1.09, 59233, 372
26297, 0, 16, 33, 28, 5, 26.82%, 0, 11, 3, 1.09, 59239, 372
26303, 0, 16, 33, 28, 5, 26.82%, 0, 11, 3, 1.09, 59245, 372
26308, 0, 16, 33, 28, 5, 26.82%, 0, 11, 3, 1.09, 59251, 372
26314, 0, 16, 33, 28, 5, 26.82%, 0, 11, 3, 1.09, 59257, 372
26319, 0, 16, 33, 28, 5, 26.82%, 0, 11, 3, 1.09, 59263, 372
26325, 0, 16, 33, 28, 5, 26.82%, 0, 11, 3, 1.09, 59269, 372
26330, 0, 16, 33, 28, 5, 26.82%, 0, 11, 3, 1.09, 59275, 372
26336, 0, 16, 33, 28, 5, 26.82%, 0, 11, 3, 1.09, 59281, 372
26341, 0, 16, 33, 28, 5, 26.82%, 0, 11, 3, 1.09, 59287, 372
26347, 0, 16, 33, 28, 5, 26.82%, 0, 11, 3, 1.09, 59293, 372
26352, 0, 16, 33, 28, 5, 26.82%, 0, 11, 3, 1.09, 59299, 372
26358, 0, 16, 33, 28, 5, 26.82%, 0, 11, 3, 1.09, 59305, 372
26363, 0, 16, 33, 28, 5, 26.82%, 0, 11, 3, 1.09, 59311, 372
26369, 0, 16, 33, 28, 5, 26.82%, 0, 11, 3, 1.09, 59317, 372
26374, 0, 16, 33, 28, 5, 26.82%, 0, 11, 3, 1.09, 59323, 372
26380, 0, 16, 33, 28, 5, 26.82%, 0, 11, 3, 1.09, 59329, 372
26385, 0, 16, 33, 28, 5, 26.82%, 0, 11, 3, 1.09, 59335, 372
26391, 0, 16, 33, 28, 5, 26.82%, 0, 11, 3, 1.09, 59341, 372
26396, 0, 16, 33, 28, 5, 26.82%, 0, 11, 3, 1.09, 59347, 372
26402, 0, 16, 33, 28, 5, 26.82%, 0, 11, 3, 1.09, 59353, 372
26407, 0, 16, 33, 28, 5, 26.82%, 0, 11, 3, 1.09, 59359, 372
26413, 0, 16, 33, 28, 5, 26.82%, 0, 11, 3, 1.09, 59365, 372
26418, 0, 16, 33, 28, 5, 26.82%, 0, 11, 3, 1.09, 59371, 372
26424, 0, 16, 33, 28, 5, 26.82%, 0, 11, 3, 1.09, 59377, 372
26429, 0, 16, 33, 28, 5, 26.82%, 0, 11, 3, 1.09, 59383, 372
26435, 0, 16, 33, 28, 5, 26.82%, 0, 11, 3, 1.09, 59389, 372
26440, 0, 16, 33, 28, 5, 26.82%, 0, 11, 3, 1.09, 59395, 372
26446, 0, 16, 33, 28, 5, 26.82%, 0, 11, 3, 1.09, 59401, 372
26451, 0, 16, 33, 28, 5, 26.82%, 0, 11, 3, 1.09, 59407, 372
26456, 0, 16, 33, 28, 5, 26.82%, 0, 11, 3, 1.09, 59413, 372
26462, 0, 16, 33, 28, 5, 26.82%, 0, 11, 3, 1.09, 59419, 372
26467, 0, 16, 33, 28, 5, 26.82%, 0, 11, 3, 1.09, 59425, 372
26473, 0, 16, 33, 28, 5, 26.82%, 0, 11, 3, 1.09, 59431, 372
26478, 0, 16, 33, 28, 5, 26.82%, 0, 11, 3, 1.09, 59437, 372
26484, 0, 16, 33, 28, 5, 26.82%, 0, 11, 3, 1.09, 59443, 372
26489, 0, 16, 33, 28, 5, 26.82%, 0, 11, 3, 1.09, 59449, 372
26495, 0, 16, 33, 28, 5, 26.82%, 0, 11, 3, 1.09, 59455, 372
26500, 0, 16, 33, 28, 5, 26.82%, 0, 11, 3, 1.09, 59461, 372
26506, 0, 16, 33, 28, 5, 26.82%, 0, 11, 3, 1.09, 59467, 372
26511, 0, 16, 33, 28, 5, 26.82%, 0, 11, 3, 1.09, 59473, 372
26517, 0, 16, 33, 28, 5, 26.82%, 0, 11, 3, 1.09, 59479, 372
26522, 0, 16, 33, 28, 5, 26.82%, 0, 11, 3, 1.09, 59485, 372
26528, 0, 16, 33, 28, 5, 26.82%, 0, 11, 3, 1.09, 59491, 372
26533, 0, 16, 33, 28, 5, 26.82%, 0, 11, 3, 1.09, 59497, 372
26539, 0, 16, 33, 28, 5, 26.82%, 0, 11, 3, 1.09, 59503, 372
26544, 0, 16, 33, 28, 5, 26.82%, 0, 11, 3, 1.09, 59509, 372
26550, 0, 16, 33, 28, 5, 26.82%, 0, 11, 3, 1.09, 59515, 372
26555, 0, 16, 33, 28, 5, 26.82%, 0, 11, 3, 1.09, 59521, 372
26561, 0, 16, 33, 28, 5, 26.82%, 0, 11, 3, 1.09, 59527, 372
26566, 0, 16, 33, 28, 5, 26.82%, 0, 11, 3, 1.09, 59533, 372
26572, 0, 16, 33, 28, 5, 26.82%, 0, 11, 3, 1.09, 59539, 372
26577, 0, 16, 33, 28, 5, 26.82%, 0, 11, 3, 1.09, 59545, 372
26583, 0, 16, 33, 28, 5, 26.82%, 0, 11, 3, 1.09, 59551, 372
26588, 0, 16, 33, 28, 5, 26.82%, 0, 11, 3, 1.09, 59557, 372
26594, 0, 16, 33, 28, 5, 26.82%, 0, 11, 3, 1.09, 59563, 372
26599, 0, 16, 33, 28, 5, 26.82%, 0, 11, 3, 1.09, 59569, 372
26605, 0, 16, 33, 28, 5, 26.82%, 0, 11, 3, 1.09, 59575, 372
26610, 0, 16, 33, 28, 5, 26.82%, 0, 11, 3, 1.09, 59581, 372
26616, 0, 16, 33, 28, 5, 26.82%, 0, 11, 3, 1.09, 59587, 372
26621, 0, 16, 33, 28, 5, 26.82%, 0, 11, 3, 1.09, 59593, 372
26626, 0, 16, 33, 28, 5, 26.82%, 0, 11, 3, 1.09, 59599, 372
26632, 0, 16, 33, 28, 5, 26.82%, 0, 11, 3, 1.09, 59605, 372
26637, 0, 16, 33, 28, 5, 26.82%, 0, 11, 3, 1.09, 59611, 372
26643, 0, 16, 33, 28, 5, 26.82%, 0, 11, 3, 1.09, 59617, 372
26649, 0, 16, 33, 28, 5, 26.82%, 0, 11, 3, 1.08, 59623, 372
26654, 0, 16, 33, 28, 5, 26.82%, 0, 11, 3, 1.08, 59629, 372
26660, 0, 16, 33, 28, 5, 26.82%, 0, 11, 3, 1.08, 59635, 372
26665, 0, 16, 33, 28, 5, 26.82%, 0, 11, 3, 1.09, 59641, 372
26671, 0, 16, 33, 28, 5, 26.82%, 0, 11, 3, 1.09, 59647, 372
26676, 0, 16, 33, 28, 5, 26.82%, 0, 11, 3, 1.09, 59653, 372
26682, 0, 16, 33, 28, 5, 26.82%, 0, 11, 3, 1.09, 59659, 372
26687, 0, 16, 33, 28, 5, 26.82%, 0, 11, 3, 1.09, 59665, 372
26693, 0, 16, 33, 28, 5, 26.82%, 0, 11, 3, 1.09, 59671, 372
26698, 0, 16, 33, 28, 5, 26.82%, 0, 11, 3, 1.09, 59677, 372
26704, 0, 16, 33, 28, 5, 26.82%, 0, 11, 3, 1.09, 59683, 372
26709, 0, 16, 33, 28, 5, 26.82%, 0, 11, 3, 1.09, 59689, 372
26715, 0, 16, 33, 28, 5, 26.82%, 0, 11, 3, 1.09, 59695, 372
26720, 0, 16, 33, 28, 5, 26.82%, 0, 11, 3, 1.09, 59701, 372
26726, 0, 16, 33, 28, 5, 26.82%, 0, 11, 3, 1.09, 59707, 372
26731, 0, 16, 33, 28, 5, 26.82%, 0, 11, 3, 1.09, 59713, 372
26737, 0, 16, 33, 28, 5, 26.82%, 0, 11, 3, 1.09, 59719, 372
26742, 0, 16, 33, 28, 5, 26.82%, 0, 11, 3, 1.09, 59725, 372
26747, 0, 16, 33, 28, 5, 26.82%, 0, 11, 3, 1.09, 59731, 372
26753, 0, 16, 33, 28, 5, 26.82%, 0, 11, 3, 1.09, 59737, 372
26758, 0, 16, 33, 28, 5, 26.82%, 0, 11, 3, 1.09, 59743, 372
26764, 0, 16, 33, 28, 5, 26.82%, 0, 11, 3, 1.09, 59749, 372
26769, 0, 16, 33, 28, 5, 26.82%, 0, 11, 3, 1.09, 59755, 372
26775, 0, 16, 33, 28, 5, 26.82%, 0, 11, 3, 1.09, 59761, 372
26780, 0, 16, 33, 28, 5, 26.82%, 0, 11, 3, 1.09, 59767, 372
26786, 0, 16, 33, 28, 5, 26.82%, 0, 11, 3, 1.09, 59773, 372
26791, 0, 16, 33, 28, 5, 26.82%, 0, 11, 3, 1.09, 59779, 372
26797, 0, 16, 33, 28, 5, 26.82%, 0, 11, 3, 1.09, 59785, 372
26802, 0, 16, 33, 28, 5, 26.82%, 0, 11, 3, 1.09, 59791, 372
26808, 0, 16, 33, 28, 5, 26.82%, 0, 11, 3, 1.09, 59797, 372
26813, 0, 16, 33, 28, 5, 26.82%, 0, 11, 3, 1.09, 59803, 372
26819, 0, 16, 33, 28, 5, 26.82%, 0, 11, 3, 1.09, 59809, 372
26824, 0, 16, 33, 28, 5, 26.82%, 0, 11, 3, 1.09, 59815, 372
26830, 0, 16, 33, 28, 5, 26.82%, 0, 11, 3, 1.09, 59821, 372
26835, 0, 16, 33, 28, 5, 26.82%, 0, 11, 3, 1.09, 59827, 372
26841, 0, 16, 33, 28, 5, 26.82%, 0, 11, 3, 1.09, 59833, 372
26846, 0, 16, 33, 28, 5, 26.82%, 0, 11, 3, 1.09, 59839, 372
26852, 0, 16, 33, 28, 5, 26.82%, 0, 11, 3, 1.09, 59845, 372
26857, 0, 16, 33, 28, 5, 26.82%, 0, 11, 3, 1.09, 59851, 372
26863, 0, 16, 33, 28, 5, 26.82%, 0, 11, 3, 1.09, 59857, 372
26868, 0, 16, 33, 28, 5, 26.82%, 0, 11, 3, 1.09, 59863, 372
26874, 0, 16, 33, 28, 5, 26.82%, 0, 11, 3, 1.09, 59869, 372
26879, 0, 16, 33, 28, 5, 26.82%, 0, 11, 3, 1.09, 59875, 372
26885, 0, 16, 33, 28, 5, 26.82%, 0, 11, 3, 1.09, 59881, 372
26890, 0, 16, 33, 28, 5, 26.82%, 0, 11, 3, 1.09, 59887, 372
26896, 0, 16, 33, 28, 5, 26.82%, 0, 11, 3, 1.09, 59893, 372
26901, 0, 16, 33, 28, 5, 26.82%, 0, 11, 3, 1.09, 59899, 372
26906, 0, 16, 33, 28, 5, 26.82%, 0, 11, 3, 1.09, 59905, 372
26912, 0, 16, 33, 28, 5, 26.82%, 0, 11, 3, 1.09, 59911, 372
26917, 0, 16, 33, 28, 5, 26.82%, 0, 11, 3, 1.09, 59917, 372
26923, 0, 16, 33, 28, 5, 26.82%, 0, 11, 3, 1.09, 59923, 372
26928, 0, 16, 33, 28, 5, 26.82%, 0, 11, 3, 1.09, 59929, 372
26934, 0, 16, 33, 28, 5, 26.82%, 0, 11, 3, 1.09, 59935, 372
26939, 0, 16, 33, 28, 5, 26.82%, 0, 11, 3, 1.09, 59941, 372
26945, 0, 16, 33, 28, 5, 26.82%, 0, 11, 3, 1.09, 59947, 372
26950, 0, 16, 33, 28, 5, 26.82%, 0, 11, 3, 1.09, 59953, 372
26956, 0, 16, 33, 28, 5, 26.82%, 0, 11, 3, 1.09, 59959, 372
26961, 0, 16, 33, 28, 5, 26.82%, 0, 11, 3, 1.09, 59965, 372
26967, 0, 16, 33, 28, 5, 26.82%, 0, 11, 3, 1.09, 59971, 372
26972, 0, 16, 33, 28, 5, 26.82%, 0, 11, 3, 1.09, 59977, 372
26978, 0, 16, 33, 28, 5, 26.82%, 0, 11, 3, 1.09, 59983, 372
26983, 0, 16, 33, 28, 5, 26.82%, 0, 11, 3, 1.09, 59989, 372
26989, 0, 16, 33, 28, 5, 26.82%, 0, 11, 3, 1.09, 59995, 372
26994, 0, 16, 33, 28, 5, 26.82%, 0, 11, 3, 1.09, 60001, 372
27000, 0, 16, 33, 28, 5, 26.82%, 0, 11, 3, 1.09, 60007, 372
27005, 0, 16, 33, 28, 5, 26.82%, 0, 11, 3, 1.09, 60013, 372
27011, 0, 16, 33, 28, 5, 26.82%, 0, 11, 3, 1.09, 60019, 372
27016, 0, 16, 33, 28, 5, 26.82%, 0, 11, 3, 1.09, 60025, 372
27022, 0, 16, 33, 28, 5, 26.82%, 0, 11, 3, 1.09, 60031, 372
27027, 0, 16, 33, 28, 5, 26.82%, 0, 11, 3, 1.09, 60037, 372
27033, 0, 16, 33, 28, 5, 26.82%, 0, 11, 3, 1.09, 60043, 372
27038, 0, 16, 33, 28, 5, 26.82%, 0, 11, 3, 1.09, 60049, 372
27044, 0, 16, 33, 28, 5, 26.82%, 0, 11, 3, 1.09, 60055, 372
27049, 0, 16, 33, 28, 5, 26.82%, 0, 11, 3, 1.09, 60061, 372
27055, 0, 16, 33, 28, 5, 26.82%, 0, 11, 3, 1.09, 60067, 372
27060, 0, 16, 33, 28, 5, 26.82%, 0, 11, 3, 1.09, 60073, 372
27066, 0, 16, 33, 28, 5, 26.82%, 0, 11, 3, 1.09, 60079, 372
27071, 0, 16, 33, 28, 5, 26.82%, 0, 11, 3, 1.09, 60085, 372
27076, 0, 16, 33, 28, 5, 26.82%, 0, 11, 3, 1.09, 60091, 372
27082, 0, 16, 33, 28, 5, 26.82%, 0, 11, 3, 1.09, 60097, 372
27088, 0, 16, 33, 28, 5, 26.82%, 0, 11, 3, 1.09, 60103, 372
27093, 0, 16, 33, 28, 5, 26.82%, 0, 11, 3, 1.09, 60109, 372
27099, 0, 16, 33, 28, 5, 26.82%, 0, 11, 3, 1.09, 60115, 372
27104, 0, 16, 33, 28, 5, 26.82%, 0, 11, 3, 1.09, 60121, 372
27109, 0, 16, 33, 28, 5, 26.82%, 0, 11, 3, 1.09, 60127, 372
27115, 0, 16, 33, 28, 5, 26.82%, 0, 11, 3, 1.09, 60133, 372
27120, 0, 16, 33, 28, 5, 26.82%, 0, 11, 3, 1.09, 60139, 372
27126, 0, 16, 33, 28, 5, 26.82%, 0, 11, 3, 1.09, 60145, 372
27131, 0, 16, 33, 28, 5, 26.82%, 0, 11, 3, 1.09, 60151, 372
27137, 0, 16, 33, 28, 5, 26.82%, 0, 11, 3, 1.09, 60157, 372
27142, 0, 16, 33, 28, 5, 26.82%, 0, 11, 3, 1.09, 60163, 372
27148, 0, 16, 33, 28, 5, 26.82%, 0, 11, 3, 1.09, 60169, 372
27154, 0, 16, 33, 28, 5, 26.82%, 0, 11, 3, 1.08, 60175, 372
27159, 0, 16, 33, 28, 5, 26.82%, 0, 11, 3, 1.09, 60181, 372
27164, 0, 16, 33, 28, 5, 26.82%, 0, 11, 3, 1.09, 60187, 372
27170, 0, 16, 33, 28, 5, 26.82%, 0, 11, 3, 1.09, 60193, 372
27175, 0, 16, 33, 28, 5, 26.82%, 0, 11, 3, 1.09, 60199, 372
27181, 0, 16, 33, 28, 5, 26.82%, 0, 11, 3, 1.09, 60205, 372
27186, 0, 16, 33, 28, 5, 26.82%, 0, 11, 3, 1.09, 60211, 372
27192, 0, 16, 33, 28, 5, 26.82%, 0, 11, 3, 1.09, 60217, 372
27197, 0, 16, 33, 28, 5, 26.82%, 0, 11, 3, 1.09, 60223, 372
27203, 0, 16, 33, 28, 5, 26.82%, 0, 11, 3, 1.09, 60229, 372
27208, 0, 16, 33, 28, 5, 26.82%, 0, 11, 3, 1.09, 60235, 372
27214, 0, 16, 33, 28, 5, 26.82%, 0, 11, 3, 1.09, 60241, 372
27220, 0, 16, 33, 28, 5, 26.82%, 0, 11, 3, 1.07, 60247, 372
27225, 0, 16, 33, 28, 5, 26.82%, 0, 11, 3, 1.08, 60253, 372
27231, 0, 16, 33, 28, 5, 26.82%, 0, 11, 3, 1.09, 60259, 372
27236, 0, 16, 33, 28, 5, 26.82%, 0, 11, 3, 1.09, 60265, 372
27242, 0, 16, 33, 28, 5, 26.82%, 0, 11, 3, 1.09, 60271, 372
27247, 0, 16, 33, 28, 5, 26.82%, 0, 11, 3, 1.09, 60277, 372
27253, 0, 16, 33, 28, 5, 26.82%, 0, 11, 3, 1.09, 60283, 372
27258, 0, 16, 33, 28, 5, 26.82%, 0, 11, 3, 1.09, 60289, 372
27264, 0, 16, 33, 28, 5, 26.82%, 0, 11, 3, 1.09, 60295, 372
27269, 0, 16, 33, 28, 5, 26.82%, 0, 11, 3, 1.09, 60301, 372
27274, 0, 16, 33, 28, 5, 26.82%, 0, 11, 3, 1.09, 60307, 372
27280, 0, 16, 33, 28, 5, 26.82%, 0, 11, 3, 1.09, 60313, 372
27285, 0, 16, 33, 28, 5, 26.82%, 0, 11, 3, 1.09, 60319, 372
27291, 0, 16, 33, 28, 5, 26.82%, 0, 11, 3, 1.09, 60325, 372
27296, 0, 16, 33, 28, 5, 26.82%, 0, 11, 3, 1.09, 60331, 372
27302, 0, 16, 33, 28, 5, 26.82%, 0, 11, 3, 1.09, 60337, 372
27307, 0, 16, 33, 28, 5, 26.82%, 0, 11, 3, 1.09, 60343, 372
27313, 0, 16, 33, 28, 5, 26.82%, 0, 11, 3, 1.09, 60349, 372
27318, 0, 16, 33, 28, 5, 26.82%, 0, 11, 3, 1.09, 60355, 372
27324, 0, 16, 33, 28, 5, 26.82%, 0, 11, 3, 1.09, 60361, 372
27329, 0, 16, 33, 28, 5, 26.82%, 0, 11, 3, 1.09, 60367, 372
27335, 0, 16, 33, 28, 5, 26.82%, 0, 11, 3, 1.09, 60373, 372
27340, 0, 16, 33, 28, 5, 26.82%, 0, 11, 3, 1.09, 60379, 372
27346, 0, 16, 33, 28, 5, 26.82%, 0, 11, 3, 1.09, 60385, 372
27351, 0, 16, 33, 28, 5, 26.82%, 0, 11, 3, 1.09, 60391, 372
27357, 0, 16, 33, 28, 5, 26.82%, 0, 11, 3, 1.09, 60397, 372
27362, 0, 16, 33, 28, 5, 26.82%, 0, 11, 3, 1.09, 60403, 372
27368, 0, 16, 33, 28, 5, 26.82%, 0, 11, 3, 1.09, 60409, 372
27373, 0, 16, 33, 28, 5, 26.82%, 0, 11, 3, 1.09, 60415, 372
27379, 0, 16, 33, 28, 5, 26.82%, 0, 11, 3, 1.09, 60421, 372
27384, 0, 16, 33, 28, 5, 26.82%, 0, 11, 3, 1.09, 60427, 372
27390, 0, 16, 33, 28, 5, 26.82%, 0, 11, 3, 1.09, 60433, 372
27395, 0, 16, 33, 28, 5, 26.82%, 0, 11, 3, 1.09, 60439, 372
27401, 0, 16, 33, 28, 5, 26.82%, 0, 11, 3, 1.09, 60445, 372
27406, 0, 16, 33, 28, 5, 26.82%, 0, 11, 3, 1.09, 60451, 372
27412, 0, 16, 33, 28, 5, 26.82%, 0, 11, 3, 1.09, 60457, 372
27417, 0, 16, 33, 28, 5, 26.82%, 0, 11, 3, 1.09, 60463, 372
27423, 0, 16, 33, 28, 5, 26.82%, 0, 11, 3, 1.09, 60469, 372
27428, 0, 16, 33, 28, 5, 26.82%, 0, 11, 3, 1.09, 60475, 372
27434, 0, 16, 33, 28, 5, 26.82%, 0, 11, 3, 1.09, 60481, 372
27439, 0, 16, 33, 28, 5, 26.82%, 0, 11, 3, 1.09, 60487, 372
27444, 0, 16, 33, 28, 5, 26.82%, 0, 11, 3, 1.09, 60493, 372
27450, 0, 16, 33, 28, 5, 26.82%, 0, 11, 3, 1.09, 60499, 372
27455, 0, 16, 33, 28, 5, 26.82%, 0, 11, 3, 1.09, 60505, 372
27461, 0, 16, 33, 28, 5, 26.82%, 0, 11, 3, 1.09, 60511, 372
27466, 0, 16, 33, 28, 5, 26.82%, 0, 11, 3, 1.09, 60517, 372
27472, 0, 16, 33, 28, 5, 26.82%, 0, 11, 3, 1.09, 60523, 372
27477, 0, 16, 33, 28, 5, 26.82%, 0, 11, 3, 1.09, 60529, 372
27483, 0, 16, 33, 28, 5, 26.82%, 0, 11, 3, 1.09, 60535, 372
27488, 0, 16, 33, 28, 5, 26.82%, 0, 11, 3, 1.09, 60541, 372
27494, 0, 16, 33, 28, 5, 26.82%, 0, 11, 3, 1.09, 60547, 372
27499, 0, 16, 33, 28, 5, 26.82%, 0, 11, 3, 1.09, 60553, 372
27505, 0, 16, 33, 28, 5, 26.82%, 0, 11, 3, 1.09, 60559, 372
27510, 0, 16, 33, 28, 5, 26.82%, 0, 11, 3, 1.09, 60565, 372
27516, 0, 16, 33, 28, 5, 26.82%, 0, 11, 3, 1.09, 60571, 372
27521, 0, 16, 33, 28, 5, 26.82%, 0, 11, 3, 1.09, 60577, 372
27527, 0, 16, 33, 28, 5, 26.82%, 0, 11, 3, 1.09, 60583, 372
27532, 0, 16, 33, 28, 5, 26.82%, 0, 11, 3, 1.09, 60589, 372
27538, 0, 16, 33, 28, 5, 26.82%, 0, 11, 3, 1.09, 60595, 372
27543, 0, 16, 33, 28, 5, 26.82%, 0, 11, 3, 1.09, 60601, 372
27549, 0, 16, 33, 28, 5, 26.82%, 0, 11, 3, 1.09, 60607, 372
27554, 0, 16, 33, 28, 5, 26.82%, 0, 11, 3, 1.09, 60613, 372
27560, 0, 16, 33, 28, 5, 26.82%, 0, 11, 3, 1.09, 60619, 372
27565, 0, 16, 33, 28, 5, 26.82%, 0, 11, 3, 1.09, 60625, 372
27571, 0, 16, 33, 28, 5, 26.82%, 0, 11, 3, 1.09, 60631, 372
27576, 0, 16, 33, 28, 5, 26.82%, 0, 11, 3, 1.09, 60637, 372
27582, 0, 16, 33, 28, 5, 26.82%, 0, 11, 3, 1.09, 60643, 372
27587, 0, 16, 33, 28, 5, 26.82%, 0, 11, 3, 1.09, 60649, 372
27593, 0, 16, 33, 28, 5, 26.82%, 0, 11, 3, 1.09, 60655, 372
27598, 0, 16, 33, 28, 5, 26.82%, 0, 11, 3, 1.09, 60661, 372
27604, 0, 16, 33, 28, 5, 26.82%, 0, 11, 3, 1.09, 60667, 372
27609, 0, 16, 33, 28, 5, 26.82%, 0, 11, 3, 1.09, 60673, 372
27615, 0, 16, 33, 28, 5, 26.82%, 0, 11, 3, 1.09, 60679, 372
27620, 0, 16, 33, 28, 5, 26.82%, 0, 11, 3, 1.09, 60685, 372
27625, 0, 16, 33, 28, 5, 26.82%, 0, 11, 3, 1.09, 60691, 372
27631, 0, 16, 33, 28, 5, 26.82%, 0, 11, 3, 1.09, 60697, 372
27636, 0, 16, 33, 28, 5, 26.82%, 0, 11, 3, 1.09, 60703, 372
27642, 0, 16, 33, 28, 5, 26.82%, 0, 11, 3, 1.09, 60709, 372
27647, 0, 16, 33, 28, 5, 26.82%, 0, 11, 3, 1.09, 60715, 372
27653, 0, 16, 33, 28, 5, 26.82%, 0, 11, 3, 1.09, 60721, 372
27658, 0, 16, 33, 28, 5, 26.82%, 0, 11, 3, 1.09, 60727, 372
27664, 0, 16, 33, 28, 5, 26.82%, 0, 11, 3, 1.09, 60733, 372
27669, 0, 16, 33, 28, 5, 26.82%, 0, 11, 3, 1.09, 60739, 372
27675, 0, 16, 33, 28, 5, 26.82%, 0, 11, 3, 1.09, 60745, 372
27680, 0, 16, 33, 28, 5, 26.82%, 0, 11, 3, 1.09, 60751, 372
27686, 0, 16, 33, 28, 5, 26.82%, 0, 11, 3, 1.09, 60757, 372
27691, 0, 16, 33, 28, 5, 26.82%, 0, 11, 3, 1.09, 60763, 372
27697, 0, 16, 33, 28, 5, 26.82%, 0, 11, 3, 1.09, 60769, 372
27702, 0, 16, 33, 28, 5, 26.82%, 0, 11, 3, 1.09, 60775, 372
27708, 0, 16, 33, 28, 5, 26.82%, 0, 11, 3, 1.09, 60781, 372
27713, 0, 16, 33, 28, 5, 26.82%, 0, 11, 3, 1.09, 60787, 372
27719, 0, 16, 33, 28, 5, 26.82%, 0, 11, 3, 1.09, 60793, 372
27724, 0, 16, 33, 28, 5, 26.82%, 0, 11, 3, 1.09, 60799, 372
27730, 0, 16, 33, 28, 5, 26.82%, 0, 11, 3, 1.09, 60805, 372
27735, 0, 16, 33, 28, 5, 26.82%, 0, 11, 3, 1.09, 60811, 372
27741, 0, 16, 33, 28, 5, 26.82%, 0, 11, 3, 1.09, 60817, 372
27746, 0, 16, 33, 28, 5, 26.82%, 0, 11, 3, 1.09, 60823, 372
27752, 0, 16, 33, 28, 5, 26.82%, 0, 11, 3, 1.09, 60829, 372
27757, 0, 16, 33, 28, 5, 26.82%, 0, 11, 3, 1.09, 60835, 372
27763, 0, 16, 33, 28, 5, 26.82%, 0, 11, 3, 1.09, 60841, 372
27768, 0, 16, 33, 28, 5, 26.82%, 0, 11, 3, 1.09, 60847, 372
27774, 0, 16, 33, 28, 5, 26.82%, 0, 11, 3, 1.09, 60853, 372
27779, 0, 16, 33, 28, 5, 26.82%, 0, 11, 3, 1.09, 60859, 372
27784, 0, 16, 33, 28, 5, 26.82%, 0, 11, 3, 1.09, 60865, 372
27790, 0, 16, 33, 28, 5, 26.82%, 0, 11, 3, 1.09, 60871, 372
27795, 0, 16, 33, 28, 5, 26.82%, 0, 11, 3, 1.09, 60877, 372
27801, 0, 16, 33, 28, 5, 26.82%, 0, 11, 3, 1.09, 60883, 372
27806, 0, 16, 33, 28, 5, 26.82%, 0, 11, 3, 1.09, 60889, 372
27812, 0, 16, 33, 28, 5, 26.82%, 0, 11, 3, 1.09, 60895, 372
27817, 0, 16, 33, 28, 5, 26.82%, 0, 11, 3, 1.09, 60901, 372
27823, 0, 16, 33, 28, 5, 26.82%, 0, 11, 3, 1.09, 60907, 372
27828, 0, 16, 33, 28, 5, 26.82%, 0, 11, 3, 1.09, 60913, 372
27834, 0, 16, 33, 28, 5, 26.82%, 0, 11, 3, 1.09, 60919, 372
27839, 0, 16, 33, 28, 5, 26.82%, 0, 11, 3, 1.09, 60925, 372
27845, 0, 16, 33, 28, 5, 26.82%, 0, 11, 3, 1.09, 60931, 372
27850, 0, 16, 33, 28, 5, 26.82%, 0, 11, 3, 1.09, 60937, 372
27856, 0, 16, 33, 28, 5, 26.82%, 0, 11, 3, 1.09, 60943, 372
27861, 0, 16, 33, 28, 5, 26.82%, 0, 11, 3, 1.09, 60949, 372
27867, 0, 16, 33, 28, 5, 26.82%, 0, 11, 3, 1.09, 60955, 372
27872, 0, 16, 33, 28, 5, 26.82%, 0, 11, 3, 1.09, 60961, 372
27878, 0, 16, 33, 28, 5, 26.82%, 0, 11, 3, 1.09, 60967, 372
27883, 0, 16, 33, 28, 5, 26.82%, 0, 11, 3, 1.09, 60973, 372
27889, 0, 16, 33, 28, 5, 26.82%, 0, 11, 3, 1.09, 60979, 372
27894, 0, 16, 33, 28, 5, 26.82%, 0, 11, 3, 1.09, 60985, 372
27900, 0, 16, 33, 28, 5, 26.82%, 0, 11, 3, 1.09, 60991, 372
27905, 0, 16, 33, 28, 5, 26.82%, 0, 11, 3, 1.09, 60997, 372
27911, 0, 16, 33, 28, 5, 26.82%, 0, 11, 3, 1.09, 61003, 372
27916, 0, 16, 33, 28, 5, 26.82%, 0, 11, 3, 1.09, 61009, 372
27922, 0, 16, 33, 28, 5, 26.82%, 0, 11, 3, 1.09, 61015, 372
27927, 0, 16, 33, 28, 5, 26.82%, 0, 11, 3, 1.09, 61021, 372
27933, 0, 16, 33, 28, 5, 26.82%, 0, 11, 3, 1.09, 61027, 372
27938, 0, 16, 33, 28, 5, 26.82%, 0, 11, 3, 1.09, 61033, 372
27944, 0, 16, 33, 28, 5, 26.82%, 0, 11, 3, 1.09, 61039, 372
27949, 0, 16, 33, 28, 5, 26.82%, 0, 11, 3, 1.09, 61045, 372
27954, 0, 16, 33, 28, 5, 26.82%, 0, 11, 3, 1.09, 61051, 372
27960, 0, 16, 33, 28, 5, 26.82%, 0, 11, 3, 1.09, 61057, 372
27965, 0, 16, 33, 28, 5, 26.82%, 0, 11, 3, 1.09, 61063, 372
27971, 0, 16, 33, 28, 5, 26.82%, 0, 11, 3, 1.09, 61069, 372
27976, 0, 16, 33, 28, 5, 26.82%, 0, 11, 3, 1.09, 61075, 372
27982, 0, 16, 33, 28, 5, 26.82%, 0, 11, 3, 1.09, 61081, 372
27987, 0, 16, 33, 28, 5, 26.82%, 0, 11, 3, 1.09, 61087, 372
27993, 0, 16, 33, 28, 5, 26.82%, 0, 11, 3, 1.09, 61093, 372
27998, 0, 16, 33, 28, 5, 26.82%, 0, 11, 3, 1.09, 61099, 372
28004, 0, 16, 33, 28, 5, 26.82%, 0, 11, 3, 1.09, 61105, 372
28009, 0, 16, 33, 28, 5, 26.82%, 0, 11, 3, 1.09, 61111, 372
28015, 0, 16, 33, 28, 5, 26.82%, 0, 11, 3, 1.09, 61117, 372
28020, 0, 16, 33, 28, 5, 26.82%, 0, 11, 3, 1.09, 61123, 372
28026, 0, 16, 33, 28, 5, 26.82%, 0, 11, 3, 1.09, 61129, 372
28031, 0, 16, 33, 28, 5, 26.82%, 0, 11, 3, 1.09, 61135, 372
28037, 0, 16, 33, 28, 5, 26.82%, 0, 11, 3, 1.09, 61141, 372
28042, 0, 16, 33, 28, 5, 26.82%, 0, 11, 3, 1.09, 61147, 372
28048, 0, 16, 33, 28, 5, 26.82%, 0, 11, 3, 1.09, 61153, 372
28053, 0, 16, 33, 28, 5, 26.82%, 0, 11, 3, 1.09, 61159, 372
28059, 0, 16, 33, 28, 5, 26.82%, 0, 11, 3, 1.09, 61165, 372
28064, 0, 16, 33, 28, 5, 26.82%, 0, 11, 3, 1.09, 61171, 372
28070, 0, 16, 33, 28, 5, 26.82%, 0, 11, 3, 1.09, 61177, 372
28075, 0, 16, 33, 28, 5, 26.82%, 0, 11, 3, 1.09, 61183, 372
28081, 0, 16, 33, 28, 5, 26.82%, 0, 11, 3, 1.09, 61189, 372
28086, 0, 16, 33, 28, 5, 26.82%, 0, 11, 3, 1.09, 61195, 372
28091, 0, 16, 33, 28, 5, 26.82%, 0, 11, 3, 1.16, 61201, 372
28096, 0, 16, 33, 28, 5, 26.82%, 0, 11, 3, 1.12, 61206, 372
28101, 0, 16, 33, 28, 5, 26.82%, 0, 11, 3, 1.26, 61213, 372
28107, 0, 16, 33, 28, 5, 26.82%, 0, 11, 3, 1.22, 61219, 372
28112, 0, 16, 33, 28, 5, 26.82%, 0, 11, 3, 1.31, 61226, 372
28117, 0, 16, 33, 28, 5, 26.82%, 0, 11, 3, 1.23, 61231, 372
28122, 0, 16, 33, 28, 5, 26.82%, 0, 11, 3, 1.16, 61236, 372
28128, 0, 16, 33, 28, 5, 26.82%, 0, 11, 3, 1.28, 61244, 372
28133, 0, 16, 33, 28, 5, 26.82%, 0, 11, 3, 1.26, 61250, 372
28139, 0, 16, 33, 28, 5, 26.82%, 0, 11, 3, 1.27, 61257, 372
28144, 0, 16, 33, 28, 5, 26.82%, 0, 11, 3, 1.21, 61263, 372
28150, 0, 16, 33, 28, 5, 26.82%, 0, 11, 3, 1.17, 61269, 372
28155, 0, 16, 33, 28, 5, 26.82%, 0, 11, 3, 1.15, 61275, 372
28161, 0, 16, 33, 28, 5, 26.82%, 0, 11, 3, 1.13, 61281, 372
28166, 0, 16, 33, 28, 5, 26.82%, 0, 11, 3, 1.12, 61287, 372
28172, 0, 16, 33, 28, 5, 26.82%, 0, 11, 3, 1.11, 61293, 372
28177, 0, 16, 33, 28, 5, 26.82%, 0, 11, 3, 1.11, 61299, 372
28183, 0, 16, 33, 28, 5, 26.82%, 0, 11, 3, 1.10, 61305, 372
28188, 0, 16, 33, 28, 5, 26.82%, 0, 11, 3, 1.10, 61311, 372
28194, 0, 16, 33, 28, 5, 26.82%, 0, 11, 3, 1.10, 61317, 372
28199, 0, 16, 33, 28, 5, 26.82%, 0, 11, 3, 1.10, 61323, 372
28205, 0, 16, 33, 28, 5, 26.82%, 0, 11, 3, 1.10, 61329, 372
28210, 0, 16, 33, 28, 5, 26.82%, 0, 11, 3, 1.10, 61335, 372
28216, 0, 16, 33, 28, 5, 26.82%, 0, 11, 3, 1.10, 61341, 372
28221, 0, 16, 33, 28, 5, 26.82%, 0, 11, 3, 1.10, 61347, 372
28226, 0, 16, 33, 28, 5, 26.82%, 0, 11, 3, 1.09, 61353, 372
28232, 0, 16, 33, 28, 5, 26.82%, 0, 11, 3, 1.09, 61359, 372
28237, 0, 16, 33, 28, 5, 26.82%, 0, 11, 3, 1.09, 61365, 372
28243, 0, 16, 33, 28, 5, 26.82%, 0, 11, 3, 1.09, 61371, 372
28248, 0, 16, 33, 28, 5, 26.82%, 0, 11, 3, 1.09, 61377, 372
28254, 0, 16, 33, 28, 5, 26.82%, 0, 11, 3, 1.09, 61383, 372
28259, 0, 16, 33, 28, 5, 26.82%, 0, 11, 3, 1.09, 61389, 372
28265, 0, 16, 33, 28, 5, 26.82%, 0, 11, 3, 1.09, 61395, 372
28270, 0, 16, 33, 28, 5, 26.82%, 0, 11, 3, 1.09, 61401, 372
28276, 0, 16, 33, 28, 5, 26.82%, 0, 11, 3, 1.09, 61407, 372
28281, 0, 16, 33, 28, 5, 26.82%, 0, 11, 3, 1.09, 61413, 372
28287, 0, 16, 33, 28, 5, 26.82%, 0, 11, 3, 1.09, 61419, 372
28292, 0, 16, 33, 28, 5, 26.82%, 0, 11, 3, 1.09, 61425, 372
28298, 0, 16, 33, 28, 5, 26.82%, 0, 11, 3, 1.09, 61431, 372
28303, 0, 16, 33, 28, 5, 26.82%, 0, 11, 3, 1.09, 61437, 372
28309, 0, 16, 33, 28, 5, 26.82%, 0, 11, 3, 1.09, 61443, 372
28314, 0, 16, 33, 28, 5, 26.82%, 0, 11, 3, 1.09, 61449, 372
28320, 0, 16, 33, 28, 5, 26.82%, 0, 11, 3, 1.09, 61455, 372
28325, 0, 16, 33, 28, 5, 26.82%, 0, 11, 3, 1.09, 61461, 372
28331, 0, 16, 33, 28, 5, 26.82%, 0, 11, 3, 1.09, 61467, 372
28336, 0, 16, 33, 28, 5, 26.82%, 0, 11, 3, 1.09, 61473, 372
28342, 0, 16, 33, 28, 5, 26.82%, 0, 11, 3, 1.09, 61479, 372
28347, 0, 16, 33, 28, 5, 26.82%, 0, 11, 3, 1.09, 61485, 372
28353, 0, 16, 33, 28, 5, 26.82%, 0, 11, 3, 1.09, 61491, 372
28358, 0, 16, 33, 28, 5, 26.82%, 0, 11, 3, 1.09, 61497, 372
28364, 0, 16, 33, 28, 5, 26.82%, 0, 11, 3, 1.09, 61503, 372
28369, 0, 16, 33, 28, 5, 26.82%, 0, 11, 3, 1.09, 61509, 372
28375, 0, 16, 33, 28, 5, 26.82%, 0, 11, 3, 1.09, 61515, 372
28380, 0, 16, 33, 28, 5, 26.82%, 0, 11, 3, 1.09, 61521, 372
28386, 0, 16, 33, 28, 5, 26.82%, 0, 11, 3, 1.09, 61527, 372
28391, 0, 16, 33, 28, 5, 26.82%, 0, 11, 3, 1.09, 61533, 372
28396, 0, 16, 33, 28, 5, 26.82%, 0, 11, 3, 1.09, 61539, 372
28402, 0, 16, 33, 28, 5, 26.82%, 0, 11, 3, 1.09, 61545, 372
28407, 0, 16, 33, 28, 5, 26.82%, 0, 11, 3, 1.09, 61551, 372
28413, 0, 16, 33, 28, 5, 26.82%, 0, 11, 3, 1.09, 61557, 372
28418, 0, 16, 33, 28, 5, 26.82%, 0, 11, 3, 1.09, 61563, 372
28424, 0, 16, 33, 28, 5, 26.82%, 0, 11, 3, 1.09, 61569, 372
28429, 0, 16, 33, 28, 5, 26.82%, 0, 11, 3, 1.09, 61575, 372
28435, 0, 16, 33, 28, 5, 26.82%, 0, 11, 3, 1.09, 61581, 372
28440, 0, 16, 33, 28, 5, 26.82%, 0, 11, 3, 1.09, 61587, 372
28446, 0, 16, 33, 28, 5, 26.82%, 0, 11, 3, 1.09, 61593, 372
28451, 0, 16, 33, 28, 5, 26.82%, 0, 11, 3, 1.09, 61599, 372
28457, 0, 16, 33, 28, 5, 26.82%, 0, 11, 3, 1.09, 61605, 372
28462, 0, 16, 33, 28, 5, 26.82%, 0, 11, 3, 1.09, 61611, 372
28468, 0, 16, 33, 28, 5, 26.82%, 0, 11, 3, 1.09, 61617, 372
28473, 0, 16, 33, 28, 5, 26.82%, 0, 11, 3, 1.09, 61623, 372
28479, 0, 16, 33, 28, 5, 26.82%, 0, 11, 3, 1.09, 61629, 372
28484, 0, 16, 33, 28, 5, 26.82%, 0, 11, 3, 1.09, 61635, 372
28490, 0, 16, 33, 28, 5, 26.82%, 0, 11, 3, 1.09, 61641, 372
28495, 0, 16, 33, 28, 5, 26.82%, 0, 11, 3, 1.09, 61647, 372
28501, 0, 16, 33, 28, 5, 26.82%, 0, 11, 3, 1.09, 61653, 372
28506, 0, 16, 33, 28, 5, 26.82%, 0, 11, 3, 1.09, 61659, 372
28512, 0, 16, 33, 28, 5, 26.82%, 0, 11, 3, 1.09, 61665, 372
28517, 0, 16, 33, 28, 5, 26.82%, 0, 11, 3, 1.09, 61671, 372
28523, 0, 16, 33, 28, 5, 26.82%, 0, 11, 3, 1.09, 61677, 372
28528, 0, 16, 33, 28, 5, 26.82%, 0, 11, 3, 1.09, 61683, 372
28534, 0, 16, 33, 28, 5, 26.82%, 0, 11, 3, 1.09, 61689, 372
28539, 0, 16, 33, 28, 5, 26.82%, 0, 11, 3, 1.09, 61695, 372
28545, 0, 16, 33, 28, 5, 26.82%, 0, 11, 3, 1.09, 61701, 372
28550, 0, 16, 33, 28, 5, 26.82%, 0, 11, 3, 1.09, 61707, 372
28556, 0, 16, 33, 28, 5, 26.82%, 0, 11, 3, 1.09, 61713, 372
28561, 0, 16, 33, 28, 5, 26.82%, 0, 11, 3, 1.09, 61719, 372
28567, 0, 16, 33, 28, 5, 26.82%, 0, 11, 3, 1.09, 61725, 372
28572, 0, 16, 33, 28, 5, 26.82%, 0, 11, 3, 1.09, 61731, 372
28577, 0, 16, 33, 28, 5, 26.82%, 0, 11, 3, 1.09, 61737, 372
28583, 0, 16, 33, 28, 5, 26.82%, 0, 11, 3, 1.09, 61743, 372
28588, 0, 16, 33, 28, 5, 26.82%, 0, 11, 3, 1.09, 61749, 372
28594, 0, 16, 33, 28, 5, 26.82%, 0, 11, 3, 1.09, 61755, 372
28599, 0, 16, 33, 28, 5, 26.82%, 0, 11, 3, 1.09, 61761, 372
28605, 0, 16, 33, 28, 5, 26.82%, 0, 11, 3, 1.09, 61767, 372
28610, 0, 16, 33, 28, 5, 26.82%, 0, 11, 3, 1.09, 61773, 372
28616, 0, 16, 33, 28, 5, 26.82%, 0, 11, 3, 1.09, 61779, 372
28621, 0, 16, 33, 28, 5, 26.82%, 0, 11, 3, 1.09, 61785, 372
28627, 0, 16, 33, 28, 5, 26.82%, 0, 11, 3, 1.09, 61791, 372
28632, 0, 16, 33, 28, 5, 26.82%, 0, 11, 3, 1.09, 61797, 372
28638, 0, 16, 33, 28, 5, 26.82%, 0, 11, 3, 1.09, 61803, 372
28643, 0, 16, 33, 28, 5, 26.82%, 0, 11, 3, 1.09, 61809, 372
28649, 0, 16, 33, 28, 5, 26.82%, 0, 11, 3, 1.09, 61815, 372
28654, 0, 16, 33, 28, 5, 26.82%, 0, 11, 3, 1.09, 61821, 372
28660, 0, 16, 33, 28, 5, 26.82%, 0, 11, 3, 1.09, 61827, 372
28665, 0, 16, 33, 28, 5, 26.82%, 0, 11, 3, 1.09, 61833, 372
28671, 0, 16, 33, 28, 5, 26.82%, 0, 11, 3, 1.09, 61839, 372
28676, 0, 16, 33, 28, 5, 26.82%, 0, 11, 3, 1.09, 61845, 372
28682, 0, 16, 33, 28, 5, 26.82%, 0, 11, 3, 1.09, 61851, 372
28687, 0, 16, 33, 28, 5, 26.82%, 0, 11, 3, 1.09, 61857, 372
28693, 0, 16, 33, 28, 5, 26.82%, 0, 11, 3, 1.09, 61863, 372
28698, 0, 16, 33, 28, 5, 26.82%, 0, 11, 3, 1.09, 61869, 372
28704, 0, 16, 33, 28, 5, 26.82%, 0, 11, 3, 1.09, 61875, 372
28709, 0, 16, 33, 28, 5, 26.82%, 0, 11, 3, 1.09, 61881, 372
28715, 0, 16, 33, 28, 5, 26.82%, 0, 11, 3, 1.09, 61887, 372
28720, 0, 16, 33, 28, 5, 26.82%, 0, 11, 3, 1.09, 61893, 372
28726, 0, 16, 33, 28, 5, 26.82%, 0, 11, 3, 1.09, 61899, 372
28731, 0, 16, 33, 28, 5, 26.82%, 0, 11, 3, 1.09, 61905, 372
28737, 0, 16, 33, 28, 5, 26.82%, 0, 11, 3, 1.09, 61911, 372
28742, 0, 16, 33, 28, 5, 26.82%, 0, 11, 3, 1.09, 61917, 372
28747, 0, 16, 33, 28, 5, 26.82%, 0, 11, 3, 1.09, 61923, 372
28753, 0, 16, 33, 28, 5, 26.82%, 0, 11, 3, 1.09, 61929, 372
28758, 0, 16, 33, 28, 5, 26.82%, 0, 11, 3, 1.09, 61935, 372
28764, 0, 16, 33, 28, 5, 26.82%, 0, 11, 3, 1.09, 61941, 372
28769, 0, 16, 33, 28, 5, 26.82%, 0, 11, 3, 1.09, 61947, 372
28775, 0, 16, 33, 28, 5, 26.82%, 0, 11, 3, 1.09, 61953, 372
28780, 0, 16, 33, 28, 5, 26.82%, 0, 11, 3, 1.09, 61959, 372
28786, 0, 16, 33, 28, 5, 26.82%, 0, 11, 3, 1.09, 61965, 372
28791, 0, 16, 33, 28, 5, 26.82%, 0, 11, 3, 1.09, 61971, 372
28797, 0, 16, 33, 28, 5, 26.82%, 0, 11, 3, 1.09, 61977, 372
28802, 0, 16, 33, 28, 5, 26.82%, 0, 11, 3, 1.09, 61983, 372
28808, 0, 16, 33, 28, 5, 26.82%, 0, 11, 3, 1.09, 61989, 372
28813, 0, 16, 33, 28, 5, 26.82%, 0, 11, 3, 1.09, 61995, 372
28819, 0, 16, 33, 28, 5, 26.82%, 0, 11, 3, 1.09, 62001, 372
28824, 0, 16, 33, 28, 5, 26.82%, 0, 11, 3, 1.09, 62007, 372
28830, 0, 16, 33, 28, 5, 26.82%, 0, 11, 3, 1.09, 62013, 372
28835, 0, 16, 33, 28, 5, 26.82%, 0, 11, 3, 1.09, 62019, 372
28841, 0, 16, 33, 28, 5, 26.82%, 0, 11, 3, 1.09, 62025, 372
28846, 0, 16, 33, 28, 5, 26.82%, 0, 11, 3, 1.09, 62031, 372
28852, 0, 16, 33, 28, 5, 26.82%, 0, 11, 3, 1.09, 62037, 372
28857, 0, 16, 33, 28, 5, 26.82%, 0, 11, 3, 1.09, 62043, 372
28863, 0, 16, 33, 28, 5, 26.82%, 0, 11, 3, 1.09, 62049, 372
28868, 0, 16, 33, 28, 5, 26.82%, 0, 11, 3, 1.09, 62055, 372
28874, 0, 16, 33, 28, 5, 26.82%, 0, 11, 3, 1.09, 62061, 372
28879, 0, 16, 33, 28, 5, 26.82%, 0, 11, 3, 1.09, 62067, 372
28885, 0, 16, 33, 28, 5, 26.82%, 0, 11, 3, 1.09, 62073, 372
28890, 0, 16, 33, 28, 5, 26.82%, 0, 11, 3, 1.09, 62079, 372
28896, 0, 16, 33, 28, 5, 26.82%, 0, 11, 3, 1.09, 62085, 372
28901, 0, 16, 33, 28, 5, 26.82%, 0, 11, 3, 1.09, 62091, 372
28907, 0, 16, 33, 28, 5, 26.82%, 0, 11, 3, 1.09, 62097, 372
28912, 0, 16, 33, 28, 5, 26.82%, 0, 11, 3, 1.09, 62103, 372
28917, 0, 16, 33, 28, 5, 26.82%, 0, 11, 3, 1.09, 62109, 372
28923, 0, 16, 33, 28, 5, 26.82%, 0, 11, 3, 1.09, 62115, 372
28928, 0, 16, 33, 28, 5, 26.82%, 0, 11, 3, 1.09, 62121, 372
28934, 0, 16, 33, 28, 5, 26.82%, 0, 11, 3, 1.09, 62127, 372
28939, 0, 16, 33, 28, 5, 26.82%, 0, 11, 3, 1.09, 62133, 372
28945, 0, 16, 33, 28, 5, 26.82%, 0, 11, 3, 1.09, 62139, 372
28950, 0, 16, 33, 28, 5, 26.82%, 0, 11, 3, 1.09, 62145, 372
28956, 0, 16, 33, 28, 5, 26.82%, 0, 11, 3, 1.09, 62151, 372
28961, 0, 16, 33, 28, 5, 26.82%, 0, 11, 3, 1.09, 62157, 372
28967, 0, 16, 33, 28, 5, 26.82%, 0, 11, 3, 1.09, 62163, 372
28972, 0, 16, 33, 28, 5, 26.82%, 0, 11, 3, 1.09, 62169, 372
28978, 0, 16, 33, 28, 5, 26.82%, 0, 11, 3, 1.09, 62175, 372
28983, 0, 16, 33, 28, 5, 26.82%, 0, 11, 3, 1.09, 62181, 372
28989, 0, 16, 33, 28, 5, 26.82%, 0, 11, 3, 1.09, 62187, 372
28994, 0, 16, 33, 28, 5, 26.82%, 0, 11, 3, 1.09, 62193, 372
29000, 0, 16, 33, 28, 5, 26.82%, 0, 11, 3, 1.09, 62199, 372
29005, 0, 16, 33, 28, 5, 26.82%, 0, 11, 3, 1.09, 62205, 372
29011, 0, 16, 33, 28, 5, 26.82%, 0, 11, 3, 1.09, 62211, 372
29016, 0, 16, 33, 28, 5, 26.82%, 0, 11, 3, 1.09, 62217, 372
29022, 0, 16, 33, 28, 5, 26.82%, 0, 11, 3, 1.09, 62223, 372
29027, 0, 16, 33, 28, 5, 26.82%, 0, 11, 3, 1.09, 62229, 372
29033, 0, 16, 33, 28, 5, 26.82%, 0, 11, 3, 1.09, 62235, 372
29038, 0, 16, 33, 28, 5, 26.82%, 0, 11, 3, 1.09, 62241, 372
29044, 0, 16, 33, 28, 5, 26.82%, 0, 11, 3, 1.09, 62247, 372
29049, 0, 16, 33, 28, 5, 26.82%, 0, 11, 3, 1.09, 62253, 372
29055, 0, 16, 33, 28, 5, 26.82%, 0, 11, 3, 1.09, 62259, 372
29060, 0, 16, 33, 28, 5, 26.82%, 0, 11, 3, 1.09, 62265, 372
29066, 0, 16, 33, 28, 5, 26.82%, 0, 11, 3, 1.09, 62271, 372
29071, 0, 16, 33, 28, 5, 26.82%, 0, 11, 3, 1.09, 62277, 372
29076, 0, 16, 33, 28, 5, 26.82%, 0, 11, 3, 1.09, 62283, 372
29082, 0, 16, 33, 28, 5, 26.82%, 0, 11, 3, 1.09, 62289, 372
29087, 0, 16, 33, 28, 5, 26.82%, 0, 11, 3, 1.09, 62295, 372
29093, 0, 16, 33, 28, 5, 26.82%, 0, 11, 3, 1.09, 62301, 372
29098, 0, 16, 33, 28, 5, 26.82%, 0, 11, 3, 1.09, 62307, 372
29104, 0, 16, 33, 28, 5, 26.82%, 0, 11, 3, 1.09, 62313, 372
29109, 0, 16, 33, 28, 5, 26.82%, 0, 11, 3, 1.09, 62319, 372
29115, 0, 16, 33, 28, 5, 26.82%, 0, 11, 3, 1.09, 62325, 372
29120, 0, 16, 33, 28, 5, 26.82%, 0, 11, 3, 1.09, 62331, 372
29126, 0, 16, 33, 28, 5, 26.82%, 0, 11, 3, 1.09, 62337, 372
29131, 0, 16, 33, 28, 5, 26.82%, 0, 11, 3, 1.09, 62343, 372
29137, 0, 16, 33, 28, 5, 26.82%, 0, 11, 3, 1.09, 62349, 372
29142, 0, 16, 33, 28, 5, 26.82%, 0, 11, 3, 1.09, 62355, 372
29148, 0, 16, 33, 28, 5, 26.82%, 0, 11, 3, 1.09, 62361, 372
29153, 0, 16, 33, 28, 5, 26.82%, 0, 11, 3, 1.09, 62367, 372
29159, 0, 16, 33, 28, 5, 26.82%, 0, 11, 3, 1.09, 62373, 372
29164, 0, 16, 33, 28, 5, 26.82%, 0, 11, 3, 1.09, 62379, 372
29170, 0, 16, 33, 28, 5, 26.82%, 0, 11, 3, 1.09, 62385, 372
29175, 0, 16, 33, 28, 5, 26.82%, 0, 11, 3, 1.09, 62391, 372
29181, 0, 16, 33, 28, 5, 26.82%, 0, 11, 3, 1.09, 62397, 372
29186, 0, 16, 33, 28, 5, 26.82%, 0, 11, 3, 1.09, 62403, 372
29192, 0, 16, 33, 28, 5, 26.82%, 0, 11, 3, 1.09, 62409, 372
29197, 0, 16, 33, 28, 5, 26.82%, 0, 11, 3, 1.09, 62415, 372
29203, 0, 16, 33, 28, 5, 26.82%, 0, 11, 3, 1.09, 62421, 372
29208, 0, 16, 33, 28, 5, 26.82%, 0, 11, 3, 1.09, 62427, 372
29214, 0, 16, 33, 28, 5, 26.82%, 0, 11, 3, 1.09, 62433, 372
29219, 0, 16, 33, 28, 5, 26.82%, 0, 11, 3, 1.09, 62439, 372
29225, 0, 16, 33, 28, 5, 26.82%, 0, 11, 3, 1.09, 62445, 372
29230, 0, 16, 33, 28, 5, 26.82%, 0, 11, 3, 1.09, 62451, 372
29235, 0, 16, 33, 28, 5, 26.82%, 0, 11, 3, 1.09, 62457, 372
29241, 0, 16, 33, 28, 5, 26.82%, 0, 11, 3, 1.09, 62463, 372
29246, 0, 16, 33, 28, 5, 26.82%, 0, 11, 3, 1.09, 62469, 372
29252, 0, 16, 33, 28, 5, 26.82%, 0, 11, 3, 1.09, 62475, 372
29257, 0, 16, 33, 28, 5, 26.82%, 0, 11, 3, 1.09, 62481, 372
29263, 0, 16, 33, 28, 5, 26.82%, 0, 11, 3, 1.09, 62487, 372
29268, 0, 16, 33, 28, 5, 26.82%, 0, 11, 3, 1.09, 62493, 372
29274, 0, 16, 33, 28, 5, 26.82%, 0, 11, 3, 1.09, 62499, 372
29279, 0, 16, 33, 28, 5, 26.82%, 0, 11, 3, 1.09, 62505, 372
29285, 0, 16, 33, 28, 5, 26.82%, 0, 11, 3, 1.09, 62511, 372
29290, 0, 16, 33, 28, 5, 26.82%, 0, 11, 3, 1.09, 62517, 372
29296, 0, 16, 33, 28, 5, 26.82%, 0, 11, 3, 1.09, 62523, 372
29301, 0, 16, 33, 28, 5, 26.82%, 0, 11, 3, 1.09, 62529, 372
29307, 0, 16, 33, 28, 5, 26.82%, 0, 11, 3, 1.09, 62535, 372
29312, 0, 16, 33, 28, 5, 26.82%, 0, 11, 3, 1.09, 62541, 372
29318, 0, 16, 33, 28, 5, 26.82%, 0, 11, 3, 1.09, 62547, 372
29323, 0, 16, 33, 28, 5, 26.82%, 0, 11, 3, 1.09, 62553, 372
29329, 0, 16, 33, 28, 5, 26.82%, 0, 11, 3, 1.09, 62559, 372
29334, 0, 16, 33, 28, 5, 26.82%, 0, 11, 3, 1.09, 62565, 372
29340, 0, 16, 33, 28, 5, 26.82%, 0, 11, 3, 1.09, 62571, 372
29345, 0, 16, 33, 28, 5, 26.82%, 0, 11, 3, 1.09, 62577, 372
29351, 0, 16, 33, 28, 5, 26.82%, 0, 11, 3, 1.09, 62583, 372
29356, 0, 16, 33, 28, 5, 26.82%, 0, 11, 3, 1.09, 62589, 372
29362, 0, 16, 33, 28, 5, 26.82%, 0, 11, 3, 1.09, 62595, 372
29367, 0, 16, 33, 28, 5, 26.82%, 0, 11, 3, 1.09, 62601, 372
29373, 0, 16, 33, 28, 5, 26.82%, 0, 11, 3, 1.09, 62607, 372
29378, 0, 16, 33, 28, 5, 26.82%, 0, 11, 3, 1.09, 62613, 372
29384, 0, 16, 33, 28, 5, 26.82%, 0, 11, 3, 1.09, 62619, 372
29389, 0, 16, 33, 28, 5, 26.82%, 0, 11, 3, 1.09, 62625, 372
29394, 0, 16, 33, 28, 5, 26.82%, 0, 11, 3, 1.09, 62631, 372
29400, 0, 16, 33, 28, 5, 26.82%, 0, 11, 3, 1.09, 62637, 372
29405, 0, 16, 33, 28, 5, 26.82%, 0, 11, 3, 1.09, 62643, 372
29411, 0, 16, 33, 28, 5, 26.82%, 0, 11, 3, 1.09, 62649, 372
29416, 0, 16, 33, 28, 5, 26.82%, 0, 11, 3, 1.09, 62655, 372
29422, 0, 16, 33, 28, 5, 26.82%, 0, 11, 3, 1.09, 62661, 372
29427, 0, 16, 33, 28, 5, 26.82%, 0, 11, 3, 1.09, 62667, 372
29433, 0, 16, 33, 28, 5, 26.82%, 0, 11, 3, 1.09, 62673, 372
29438, 0, 16, 33, 28, 5, 26.82%, 0, 11, 3, 1.09, 62679, 372
29444, 0, 16, 33, 28, 5, 26.82%, 0, 11, 3, 1.09, 62685, 372
29449, 0, 16, 33, 28, 5, 26.82%, 0, 11, 3, 1.09, 62691, 372
29455, 0, 16, 33, 28, 5, 26.82%, 0, 11, 3, 1.09, 62697, 372
29460, 0, 16, 33, 28, 5, 26.82%, 0, 11, 3, 1.09, 62703, 372
29466, 0, 16, 33, 28, 5, 26.82%, 0, 11, 3, 1.09, 62709, 372
29471, 0, 16, 33, 28, 5, 26.82%, 0, 11, 3, 1.09, 62715, 372
29477, 0, 16, 33, 28, 5, 26.82%, 0, 11, 3, 1.09, 62721, 372
29482, 0, 16, 33, 28, 5, 26.82%, 0, 11, 3, 1.09, 62727, 372
29488, 0, 16, 33, 28, 5, 26.82%, 0, 11, 3, 1.09, 62733, 372
29493, 0, 16, 33, 28, 5, 26.82%, 0, 11, 3, 1.09, 62739, 372
29499, 0, 16, 33, 28, 5, 26.82%, 0, 11, 3, 1.09, 62745, 372
29504, 0, 16, 33, 28, 5, 26.82%, 0, 11, 3, 1.09, 62751, 372
29510, 0, 16, 33, 28, 5, 26.82%, 0, 11, 3, 1.09, 62757, 372
29515, 0, 16, 33, 28, 5, 26.82%, 0, 11, 3, 1.09, 62763, 372
29521, 0, 16, 33, 28, 5, 26.82%, 0, 11, 3, 1.09, 62769, 372
29526, 0, 16, 33, 28, 5, 26.82%, 0, 11, 3, 1.09, 62775, 372
29532, 0, 16, 33, 28, 5, 26.82%, 0, 11, 3, 1.09, 62781, 372
29537, 0, 16, 33, 28, 5, 26.82%, 0, 11, 3, 1.09, 62787, 372
29543, 0, 16, 33, 28, 5, 26.82%, 0, 11, 3, 1.09, 62793, 372
29548, 0, 16, 33, 28, 5, 26.82%, 0, 11, 3, 1.09, 62799, 372
29553, 0, 16, 33, 28, 5, 26.82%, 0, 11, 3, 1.09, 62805, 372
29559, 0, 16, 33, 28, 5, 26.82%, 0, 11, 3, 1.09, 62811, 372
29564, 0, 16, 33, 28, 5, 26.82%, 0, 11, 3, 1.09, 62817, 372
29570, 0, 16, 33, 28, 5, 26.82%, 0, 11, 3, 1.09, 62823, 372
29575, 0, 16, 33, 28, 5, 26.82%, 0, 11, 3, 1.09, 62829, 372
29581, 0, 16, 33, 28, 5, 26.82%, 0, 11, 3, 1.09, 62835, 372
29586, 0, 16, 33, 28, 5, 26.82%, 0, 11, 3, 1.09, 62841, 372
29592, 0, 16, 33, 28, 5, 26.82%, 0, 11, 3, 1.09, 62847, 372
29597, 0, 16, 33, 28, 5, 26.82%, 0, 11, 3, 1.09, 62853, 372
29603, 0, 16, 33, 28, 5, 26.82%, 0, 11, 3, 1.09, 62859, 372
29608, 0, 16, 33, 28, 5, 26.82%, 0, 11, 3, 1.09, 62865, 372
29614, 0, 16, 33, 28, 5, 26.82%, 0, 11, 3, 1.09, 62871, 372
29619, 0, 16, 33, 28, 5, 26.82%, 0, 11, 3, 1.09, 62877, 372
29625, 0, 16, 33, 28, 5, 26.82%, 0, 11, 3, 1.09, 62883, 372
29630, 0, 16, 33, 28, 5, 26.82%, 0, 11, 3, 1.09, 62889, 372
29636, 0, 16, 33, 28, 5, 26.82%, 0, 11, 3, 1.09, 62895, 372
29641, 0, 16, 33, 28, 5, 26.82%, 0, 11, 3, 1.09, 62901, 372
29647, 0, 16, 33, 28, 5, 26.82%, 0, 11, 3, 1.09, 62907, 372
29652, 0, 16, 33, 28, 5, 26.82%, 0, 11, 3, 1.09, 62913, 372
29658, 0, 16, 33, 28, 5, 26.82%, 0, 11, 3, 1.09, 62919, 372
29663, 0, 16, 33, 28, 5, 26.82%, 0, 11, 3, 1.09, 62925, 372
29669, 0, 16, 33, 28, 5, 26.82%, 0, 11, 3, 1.09, 62931, 372
29674, 0, 16, 33, 28, 5, 26.82%, 0, 11, 3, 1.09, 62937, 372
29680, 0, 16, 33, 28, 5, 26.82%, 0, 11, 3, 1.09, 62943, 372
29685, 0, 16, 33, 28, 5, 26.82%, 0, 11, 3, 1.09, 62949, 372
29691, 0, 16, 33, 28, 5, 26.82%, 0, 11, 3, 1.09, 62955, 372
29696, 0, 16, 33, 28, 5, 26.82%, 0, 11, 3, 1.09, 62961, 372
29702, 0, 16, 33, 28, 5, 26.82%, 0, 11, 3, 1.09, 62967, 372
29707, 0, 16, 33, 28, 5, 26.82%, 0, 11, 3, 1.09, 62973, 372
29713, 0, 16, 33, 28, 5, 26.82%, 0, 11, 3, 1.09, 62979, 372
29718, 0, 16, 33, 28, 5, 26.82%, 0, 11, 3, 1.09, 62985, 372
29723, 0, 16, 33, 28, 5, 26.82%, 0, 11, 3, 1.09, 62991, 372
29729, 0, 16, 33, 28, 5, 26.82%, 0, 11, 3, 1.09, 62997, 372
29734, 0, 16, 33, 28, 5, 26.82%, 0, 11, 3, 1.09, 63003, 372
29740, 0, 16, 33, 28, 5, 26.82%, 0, 11, 3, 1.09, 63009, 372
29745, 0, 16, 33, 28, 5, 26.82%, 0, 11, 3, 1.09, 63015, 372
29751, 0, 16, 33, 28, 5, 26.82%, 0, 11, 3, 1.09, 63021, 372
29756, 0, 16, 33, 28, 5, 26.82%, 0, 11, 3, 1.10, 63027, 372
29762, 0, 16, 33, 28, 5, 26.82%, 0, 11, 3, 1.10, 63033, 372
29767, 0, 16, 33, 28, 5, 26.82%, 0, 11, 3, 1.10, 63039, 372
29773, 0, 16, 33, 28, 5, 26.82%, 0, 11, 3, 1.09, 63045, 372
29778, 0, 16, 33, 28, 5, 26.82%, 0, 11, 3, 1.09, 63051, 372
29784, 0, 16, 33, 28, 5, 26.82%, 0, 11, 3, 1.09, 63057, 372
29789, 0, 16, 33, 28, 5, 26.82%, 0, 11, 3, 1.09, 63063, 372
29795, 0, 16, 33, 28, 5, 26.82%, 0, 11, 3, 1.09, 63069, 372
29800, 0, 16, 33, 28, 5, 26.82%, 0, 11, 3, 1.09, 63075, 372
29806, 0, 16, 33, 28, 5, 26.82%, 0, 11, 3, 1.09, 63081, 372
29811, 0, 16, 33, 28, 5, 26.82%, 0, 11, 3, 1.09, 63087, 372
29817, 0, 16, 33, 28, 5, 26.82%, 0, 11, 3, 1.09, 63093, 372
29822, 0, 16, 33, 28, 5, 26.82%, 0, 11, 3, 1.09, 63099, 372
29828, 0, 16, 33, 28, 5, 26.82%, 0, 11, 3, 1.09, 63105, 372
29833, 0, 16, 33, 28, 5, 26.82%, 0, 11, 3, 1.09, 63111, 372
29839, 0, 16, 33, 28, 5, 26.82%, 0, 11, 3, 1.09, 63117, 372
29844, 0, 16, 33, 28, 5, 26.82%, 0, 11, 3, 1.09, 63123, 372
29850, 0, 16, 33, 28, 5, 26.82%, 0, 11, 3, 1.09, 63129, 372
29855, 0, 16, 33, 28, 5, 26.82%, 0, 11, 3, 1.09, 63135, 372
29861, 0, 16, 33, 28, 5, 26.82%, 0, 11, 3, 1.09, 63141, 372
29866, 0, 16, 33, 28, 5, 26.82%, 0, 11, 3, 1.09, 63147, 372
29872, 0, 16, 33, 28, 5, 26.82%, 0, 11, 3, 1.09, 63153, 372
29877, 0, 16, 33, 28, 5, 26.82%, 0, 11, 3, 1.09, 63159, 372
29882, 0, 16, 33, 28, 5, 26.82%, 0, 11, 3, 1.09, 63165, 372
29888, 0, 16, 33, 28, 5, 26.82%, 0, 11, 3, 1.09, 63171, 372
29893, 0, 16, 33, 28, 5, 26.82%, 0, 11, 3, 1.09, 63177, 372
29899, 0, 16, 33, 28, 5, 26.82%, 0, 11, 3, 1.09, 63183, 372
29904, 0, 16, 33, 28, 5, 26.82%, 0, 11, 3, 1.09, 63189, 372
29910, 0, 16, 33, 28, 5, 26.82%, 0, 11, 3, 1.09, 63195, 372
29915, 0, 16, 33, 28, 5, 26.82%, 0, 11, 3, 1.09, 63201, 372
29921, 0, 16, 33, 28, 5, 26.82%, 0, 11, 3, 1.09, 63207, 372
29926, 0, 16, 33, 28, 5, 26.82%, 0, 11, 3, 1.09, 63213, 372
29932, 0, 16, 33, 28, 5, 26.82%, 0, 11, 3, 1.09, 63219, 372
29937, 0, 16, 33, 28, 5, 26.82%, 0, 11, 3, 1.09, 63225, 372
29943, 0, 16, 33, 28, 5, 26.82%, 0, 11, 3, 1.09, 63231, 372
29948, 0, 16, 33, 28, 5, 26.82%, 0, 11, 3, 1.09, 63237, 372
29954, 0, 16, 33, 28, 5, 26.82%, 0, 11, 3, 1.09, 63243, 372
29959, 0, 16, 33, 28, 5, 26.82%, 0, 11, 3, 1.09, 63249, 372
29965, 0, 16, 33, 28, 5, 26.82%, 0, 11, 3, 1.09, 63255, 372
29970, 0, 16, 33, 28, 5, 26.82%, 0, 11, 3, 1.09, 63261, 372
29976, 0, 16, 33, 28, 5, 26.82%, 0, 11, 3, 1.09, 63267, 372
29981, 0, 16, 33, 28, 5, 26.82%, 0, 11, 3, 1.09, 63273, 372
29987, 0, 16, 33, 28, 5, 26.82%, 0, 11, 3, 1.09, 63279, 372
29992, 0, 16, 33, 28, 5, 26.82%, 0, 11, 3, 1.09, 63285, 372
29998, 0, 16, 33, 28, 5, 26.82%, 0, 11, 3, 1.09, 63291, 372
30003, 0, 16, 33, 28, 5, 26.82%, 0, 11, 3, 1.09, 63297, 372
30009, 0, 16, 33, 28, 5, 26.82%, 0, 11, 3, 1.09, 63303, 372
30014, 0, 16, 33, 28, 5, 26.82%, 0, 11, 3, 1.09, 63309, 372
30020, 0, 16, 33, 28, 5, 26.82%, 0, 11, 3, 1.09, 63315, 372
30025, 0, 16, 33, 28, 5, 26.82%, 0, 11, 3, 1.09, 63321, 372
30031, 0, 16, 33, 28, 5, 26.82%, 0, 11, 3, 1.09, 63327, 372
30036, 0, 16, 33, 28, 5, 26.82%, 0, 11, 3, 1.09, 63333, 372
30042, 0, 16, 33, 28, 5, 26.82%, 0, 11, 3, 1.09, 63339, 372
30047, 0, 16, 33, 28, 5, 26.82%, 0, 11, 3, 1.09, 63345, 372
30053, 0, 16, 33, 28, 5, 26.82%, 0, 11, 3, 1.09, 63351, 372
30058, 0, 16, 33, 28, 5, 26.82%, 0, 11, 3, 1.09, 63357, 372
30063, 0, 16, 33, 28, 5, 26.82%, 0, 11, 3, 1.09, 63363, 372
30069, 0, 16, 33, 28, 5, 26.82%, 0, 11, 3, 1.09, 63369, 372
30074, 0, 16, 33, 28, 5, 26.82%, 0, 11, 3, 1.09, 63375, 372
30080, 0, 16, 33, 28, 5, 26.82%, 0, 11, 3, 1.09, 63381, 372
30085, 0, 16, 33, 28, 5, 26.82%, 0, 11, 3, 1.09, 63387, 372
30091, 0, 16, 33, 28, 5, 26.82%, 0, 11, 3, 1.09, 63393, 372
30096, 0, 16, 33, 28, 5, 26.82%, 0, 11, 3, 1.09, 63399, 372
30102, 0, 16, 33, 28, 5, 26.82%, 0, 11, 3, 1.09, 63405, 372
30107, 0, 16, 33, 28, 5, 26.82%, 0, 11, 3, 1.09, 63411, 372
30113, 0, 16, 33, 28, 5, 26.82%, 0, 11, 3, 1.09, 63417, 372
30118, 0, 16, 33, 28, 5, 26.82%, 0, 11, 3, 1.09, 63423, 372
30124, 0, 16, 33, 28, 5, 26.82%, 0, 11, 3, 1.09, 63429, 372
30129, 0, 16, 33, 28, 5, 26.82%, 0, 11, 3, 1.09, 63435, 372
30135, 0, 16, 33, 28, 5, 26.82%, 0, 11, 3, 1.09, 63441, 372
30140, 0, 16, 33, 28, 5, 26.82%, 0, 11, 3, 1.09, 63447, 372
30146, 0, 16, 33, 28, 5, 26.82%, 0, 11, 3, 1.09, 63453, 372
30151, 0, 16, 33, 28, 5, 26.82%, 0, 11, 3, 1.09, 63459, 372
30157, 0, 16, 33, 28, 5, 26.82%, 0, 11, 3, 1.09, 63465, 372
30162, 0, 16, 33, 28, 5, 26.82%, 0, 11, 3, 1.09, 63471, 372
30168, 0, 16, 33, 28, 5, 26.82%, 0, 11, 3, 1.09, 63477, 372
30173, 0, 16, 33, 28, 5, 26.82%, 0, 11, 3, 1.09, 63483, 372
30179, 0, 16, 33, 28, 5, 26.82%, 0, 11, 3, 1.09, 63489, 372
30184, 0, 16, 33, 28, 5, 26.82%, 0, 11, 3, 1.09, 63495, 372
30190, 0, 16, 33, 28, 5, 26.82%, 0, 11, 3, 1.09, 63501, 372
30195, 0, 16, 33, 28, 5, 26.82%, 0, 11, 3, 1.09, 63507, 372
30201, 0, 16, 33, 28, 5, 26.82%, 0, 11, 3, 1.09, 63513, 372
30206, 0, 16, 33, 28, 5, 26.82%, 0, 11, 3, 1.09, 63519, 372
30212, 0, 16, 33, 28, 5, 26.82%, 0, 11, 3, 1.09, 63525, 372
30217, 0, 16, 33, 28, 5, 26.82%, 0, 11, 3, 1.09, 63531, 372
30223, 0, 16, 33, 28, 5, 26.82%, 0, 11, 3, 1.09, 63537, 372
30228, 0, 16, 33, 28, 5, 26.82%, 0, 11, 3, 1.09, 63543, 372
30233, 0, 16, 33, 28, 5, 26.82%, 0, 11, 3, 1.09, 63549, 372
30239, 0, 16, 33, 28, 5, 26.82%, 0, 11, 3, 1.09, 63555, 372
30244, 0, 16, 33, 28, 5, 26.82%, 0, 11, 3, 1.09, 63561, 372
30250, 0, 16, 33, 28, 5, 26.82%, 0, 11, 3, 1.09, 63567, 372
30255, 0, 16, 33, 28, 5, 26.82%, 0, 11, 3, 1.09, 63573, 372
30261, 0, 16, 33, 28, 5, 26.82%, 0, 11, 3, 1.09, 63579, 372
30266, 0, 16, 33, 28, 5, 26.82%, 0, 11, 3, 1.09, 63585, 372
30272, 0, 16, 33, 28, 5, 26.82%, 0, 11, 3, 1.09, 63591, 372
30277, 0, 16, 33, 28, 5, 26.82%, 0, 11, 3, 1.09, 63597, 372
30283, 0, 16, 33, 28, 5, 26.82%, 0, 11, 3, 1.09, 63603, 372
30288, 0, 16, 33, 28, 5, 26.82%, 0, 11, 3, 1.09, 63609, 372
30294, 0, 16, 33, 28, 5, 26.82%, 0, 11, 3, 1.09, 63615, 372
30299, 0, 16, 33, 28, 5, 26.82%, 0, 11, 3, 1.09, 63621, 372
30305, 0, 16, 33, 28, 5, 26.82%, 0, 11, 3, 1.09, 63627, 372
30310, 0, 16, 33, 28, 5, 26.82%, 0, 11, 3, 1.09, 63633, 372
30316, 0, 16, 33, 28, 5, 26.82%, 0, 11, 3, 1.09, 63639, 372
30321, 0, 16, 33, 28, 5, 26.82%, 0, 11, 3, 1.09, 63645, 372
30327, 0, 16, 33, 28, 5, 26.82%, 0, 11, 3, 1.09, 63651, 372
30332, 0, 16, 33, 28, 5, 26.82%, 0, 11, 3, 1.09, 63657, 372
30338, 0, 16, 33, 28, 5, 26.82%, 0, 11, 3, 1.09, 63663, 372
30343, 0, 16, 33, 28, 5, 26.82%, 0, 11, 3, 1.09, 63669, 372
30349, 0, 16, 33, 28, 5, 26.82%, 0, 11, 3, 1.09, 63675, 372
30354, 0, 16, 33, 28, 5, 26.82%, 0, 11, 3, 1.09, 63681, 372
30360, 0, 16, 33, 28, 5, 26.82%, 0, 11, 3, 1.09, 63687, 372
30365, 0, 16, 33, 28, 5, 26.82%, 0, 11, 3, 1.09, 63693, 372
30371, 0, 16, 33, 28, 5, 26.82%, 0, 11, 3, 1.09, 63699, 372
30376, 0, 16, 33, 28, 5, 26.82%, 0, 11, 3, 1.09, 63705, 372
30382, 0, 16, 33, 28, 5, 26.82%, 0, 11, 3, 1.09, 63711, 372
30387, 0, 16, 33, 28, 5, 26.82%, 0, 11, 3, 1.09, 63717, 372
30392, 0, 16, 33, 28, 5, 26.82%, 0, 11, 3, 1.09, 63723, 372
30398, 0, 16, 33, 28, 5, 26.82%, 0, 11, 3, 1.09, 63729, 372
30403, 0, 16, 33, 28, 5, 26.82%, 0, 11, 3, 1.09, 63735, 372
30409, 0, 16, 33, 28, 5, 26.82%, 0, 11, 3, 1.09, 63741, 372
30414, 0, 16, 33, 28, 5, 26.82%, 0, 11, 3, 1.09, 63747, 372
30420, 0, 16, 33, 28, 5, 26.82%, 0, 11, 3, 1.09, 63753, 372
30425, 0, 16, 33, 28, 5, 26.82%, 0, 11, 3, 1.09, 63759, 372
30431, 0, 16, 33, 28, 5, 26.82%, 0, 11, 3, 1.09, 63765, 372
30436, 0, 16, 33, 28, 5, 26.82%, 0, 11, 3, 1.09, 63771, 372
30442, 0, 16, 33, 28, 5, 26.82%, 0, 11, 3, 1.09, 63777, 372
30447, 0, 16, 33, 28, 5, 26.82%, 0, 11, 3, 1.09, 63783, 372
30453, 0, 16, 33, 28, 5, 26.82%, 0, 11, 3, 1.09, 63789, 372
30458, 0, 16, 33, 28, 5, 26.82%, 0, 11, 3, 1.09, 63795, 372
30464, 0, 16, 33, 28, 5, 26.82%, 0, 11, 3, 1.09, 63801, 372
30469, 0, 16, 33, 28, 5, 26.82%, 0, 11, 3, 1.09, 63807, 372
30475, 0, 16, 33, 28, 5, 26.82%, 0, 11, 3, 1.09, 63813, 372
30480, 0, 16, 33, 28, 5, 26.82%, 0, 11, 3, 1.09, 63819, 372
30486, 0, 16, 33, 28, 5, 26.82%, 0, 11, 3, 1.09, 63825, 372
30491, 0, 16, 33, 28, 5, 26.82%, 0, 11, 3, 1.09, 63831, 372
30497, 0, 16, 33, 28, 5, 26.82%, 0, 11, 3, 1.09, 63837, 372
30502, 0, 16, 33, 28, 5, 26.82%, 0, 11, 3, 1.09, 63843, 372
30508, 0, 16, 33, 28, 5, 26.82%, 0, 11, 3, 1.09, 63849, 372
30513, 0, 16, 33, 28, 5, 26.82%, 0, 11, 3, 1.09, 63855, 372
30519, 0, 16, 33, 28, 5, 26.82%, 0, 11, 3, 1.09, 63861, 372
30524, 0, 16, 33, 28, 5, 26.82%, 0, 11, 3, 1.09, 63867, 372
30530, 0, 16, 33, 28, 5, 26.82%, 0, 11, 3, 1.09, 63873, 372
30535, 0, 16, 33, 28, 5, 26.82%, 0, 11, 3, 1.09, 63879, 372
30541, 0, 16, 33, 28, 5, 26.82%, 0, 11, 3, 1.09, 63885, 372
30546, 0, 16, 33, 28, 5, 26.82%, 0, 11, 3, 1.09, 63891, 372
30552, 0, 16, 33, 28, 5, 26.82%, 0, 11, 3, 1.09, 63897, 372
30557, 0, 16, 33, 28, 5, 26.82%, 0, 11, 3, 1.09, 63903, 372
30562, 0, 16, 33, 28, 5, 26.82%, 0, 11, 3, 1.09, 63909, 372
30568, 0, 16, 33, 28, 5, 26.82%, 0, 11, 3, 1.09, 63915, 372
30573, 0, 16, 33, 28, 5, 26.82%, 0, 11, 3, 1.09, 63921, 372
30579, 0, 16, 33, 28, 5, 26.82%, 0, 11, 3, 1.09, 63927, 372
30584, 0, 16, 33, 28, 5, 26.82%, 0, 11, 3, 1.09, 63933, 372
30590, 0, 16, 33, 28, 5, 26.82%, 0, 11, 3, 1.09, 63939, 372
30595, 0, 16, 33, 28, 5, 26.82%, 0, 11, 3, 1.09, 63945, 372
30601, 0, 16, 33, 28, 5, 26.82%, 0, 11, 3, 1.09, 63951, 372
30606, 0, 16, 33, 28, 5, 26.82%, 0, 11, 3, 1.09, 63957, 372
30612, 0, 16, 33, 28, 5, 26.82%, 0, 11, 3, 1.09, 63963, 372
30617, 0, 16, 33, 28, 5, 26.82%, 0, 11, 3, 1.09, 63969, 372
30623, 0, 16, 33, 28, 5, 26.82%, 0, 11, 3, 1.09, 63975, 372
30628, 0, 16, 33, 28, 5, 26.82%, 0, 11, 3, 1.09, 63981, 372
30634, 0, 16, 33, 28, 5, 26.82%, 0, 11, 3, 1.09, 63987, 372
30639, 0, 16, 33, 28, 5, 26.82%, 0, 11, 3, 1.09, 63993, 372
30645, 0, 16, 33, 28, 5, 26.82%, 0, 11, 3, 1.09, 63999, 372
30650, 0, 16, 33, 28, 5, 26.82%, 0, 11, 3, 1.09, 64005, 372
30656, 0, 16, 33, 28, 5, 26.82%, 0, 11, 3, 1.09, 64011, 372
30661, 0, 16, 33, 28, 5, 26.82%, 0, 11, 3, 1.09, 64017, 372
30667, 0, 16, 33, 28, 5, 26.82%, 0, 11, 3, 1.09, 64023, 372
30672, 0, 16, 33, 28, 5, 26.82%, 0, 11, 3, 1.09, 64029, 372
30678, 0, 16, 33, 28, 5, 26.82%, 0, 11, 3, 1.09, 64035, 372
30683, 0, 16, 33, 28, 5, 26.82%, 0, 11, 3, 1.09, 64041, 372
30689, 0, 16, 33, 28, 5, 26.82%, 0, 11, 3, 1.09, 64047, 372
30694, 0, 16, 33, 28, 5, 26.82%, 0, 11, 3, 1.09, 64053, 372
30700, 0, 16, 33, 28, 5, 26.82%, 0, 11, 3, 1.09, 64059, 372
30705, 0, 16, 33, 28, 5, 26.82%, 0, 11, 3, 1.09, 64065, 372
30711, 0, 16, 33, 28, 5, 26.82%, 0, 11, 3, 1.09, 64071, 372
30716, 0, 16, 33, 28, 5, 26.82%, 0, 11, 3, 1.09, 64077, 372
30722, 0, 16, 33, 28, 5, 26.82%, 0, 11, 3, 1.09, 64083, 372
30727, 0, 16, 33, 28, 5, 26.82%, 0, 11, 3, 1.09, 64089, 372
30732, 0, 16, 33, 28, 5, 26.82%, 0, 11, 3, 1.09, 64095, 372
30738, 0, 16, 33, 28, 5, 26.82%, 0, 11, 3, 1.09, 64101, 372
30743, 0, 16, 33, 28, 5, 26.82%, 0, 11, 3, 1.09, 64107, 372
30749, 0, 16, 33, 28, 5, 26.82%, 0, 11, 3, 1.09, 64113, 372
30754, 0, 16, 33, 28, 5, 26.82%, 0, 11, 3, 1.09, 64119, 372
30760, 0, 16, 33, 28, 5, 26.82%, 0, 11, 3, 1.09, 64125, 372
30765, 0, 16, 33, 28, 5, 26.82%, 0, 11, 3, 1.09, 64131, 372
30771, 0, 16, 33, 28, 5, 26.82%, 0, 11, 3, 1.09, 64137, 372
30776, 0, 16, 33, 28, 5, 26.82%, 0, 11, 3, 1.09, 64143, 372
30782, 0, 16, 33, 28, 5, 26.82%, 0, 11, 3, 1.09, 64149, 372
30787, 0, 16, 33, 28, 5, 26.82%, 0, 11, 3, 1.09, 64155, 372
30793, 0, 16, 33, 28, 5, 26.82%, 0, 11, 3, 1.09, 64161, 372
30798, 0, 16, 33, 28, 5, 26.82%, 0, 11, 3, 1.09, 64167, 372
30804, 0, 16, 33, 28, 5, 26.82%, 0, 11, 3, 1.09, 64173, 372
30809, 0, 16, 33, 28, 5, 26.82%, 0, 11, 3, 1.09, 64179, 372
30815, 0, 16, 33, 28, 5, 26.82%, 0, 11, 3, 1.09, 64185, 372
30820, 0, 16, 33, 28, 5, 26.82%, 0, 11, 3, 1.09, 64191, 372
30826, 0, 16, 33, 28, 5, 26.82%, 0, 11, 3, 1.09, 64197, 372
30831, 0, 16, 33, 28, 5, 26.82%, 0, 11, 3, 1.09, 64203, 372
30837, 0, 16, 33, 28, 5, 26.82%, 0, 11, 3, 1.09, 64209, 372
30842, 0, 16, 33, 28, 5, 26.82%, 0, 11, 3, 1.09, 64215, 372
30848, 0, 16, 33, 28, 5, 26.82%, 0, 11, 3, 1.09, 64221, 372
30853, 0, 16, 33, 28, 5, 26.82%, 0, 11, 3, 1.09, 64227, 372
30859, 0, 16, 33, 28, 5, 26.82%, 0, 11, 3, 1.09, 64233, 372
30864, 0, 16, 33, 28, 5, 26.82%, 0, 11, 3, 1.09, 64239, 372
30870, 0, 16, 33, 28, 5, 26.82%, 0, 11, 3, 1.09, 64245, 372
30875, 0, 16, 33, 28, 5, 26.82%, 0, 11, 3, 1.09, 64251, 372
30881, 0, 16, 33, 28, 5, 26.82%, 0, 11, 3, 1.09, 64257, 372
30886, 0, 16, 33, 28, 5, 26.82%, 0, 11, 3, 1.09, 64263, 372
30891, 0, 16, 33, 28, 5, 26.82%, 0, 11, 3, 1.09, 64269, 372
30897, 0, 16, 33, 28, 5, 26.82%, 0, 11, 3, 1.09, 64275, 372
30902, 0, 16, 33, 28, 5, 26.82%, 0, 11, 3, 1.09, 64281, 372
30908, 0, 16, 33, 28, 5, 26.82%, 0, 11, 3, 1.09, 64287, 372
30913, 0, 16, 33, 28, 5, 26.82%, 0, 11, 3, 1.09, 64293, 372
30919, 0, 16, 33, 28, 5, 26.82%, 0, 11, 3, 1.09, 64299, 372
30924, 0, 16, 33, 28, 5, 26.82%, 0, 11, 3, 1.09, 64305, 372
30930, 0, 16, 33, 28, 5, 26.82%, 0, 11, 3, 1.09, 64311, 372
30935, 0, 16, 33, 28, 5, 26.82%, 0, 11, 3, 1.09, 64317, 372
30941, 0, 16, 33, 28, 5, 26.82%, 0, 11, 3, 1.09, 64323, 372
30946, 0, 16, 33, 28, 5, 26.82%, 0, 11, 3, 1.09, 64329, 372
30952, 0, 16, 33, 28, 5, 26.82%, 0, 11, 3, 1.09, 64335, 372
30957, 0, 16, 33, 28, 5, 26.82%, 0, 11, 3, 1.09, 64341, 372
30963, 0, 16, 33, 28, 5, 26.82%, 0, 11, 3, 1.09, 64347, 372
30968, 0, 16, 33, 28, 5, 26.82%, 0, 11, 3, 1.09, 64353, 372
30974, 0, 16, 33, 28, 5, 26.82%, 0, 11, 3, 1.09, 64359, 372
30979, 0, 16, 33, 28, 5, 26.82%, 0, 11, 3, 1.09, 64365, 372
30985, 0, 16, 33, 28, 5, 26.82%, 0, 11, 3, 1.09, 64371, 372
30990, 0, 16, 33, 28, 5, 26.82%, 0, 11, 3, 1.09, 64377, 372
30996, 0, 16, 33, 28, 5, 26.82%, 0, 11, 3, 1.09, 64383, 372
31001, 0, 16, 33, 28, 5, 26.82%, 0, 11, 3, 1.09, 64389, 372
31007, 0, 16, 33, 28, 5, 26.82%, 0, 11, 3, 1.09, 64395, 372
31012, 0, 16, 33, 28, 5, 26.82%, 0, 11, 3, 1.09, 64401, 372
31018, 0, 16, 33, 28, 5, 26.82%, 0, 11, 3, 1.09, 64407, 372
31023, 0, 16, 33, 28, 5, 26.82%, 0, 11, 3, 1.09, 64413, 372
31029, 0, 16, 33, 28, 5, 26.82%, 0, 11, 3, 1.09, 64419, 372
31034, 0, 16, 33, 28, 5, 26.82%, 0, 11, 3, 1.09, 64425, 372
31040, 0, 16, 33, 28, 5, 26.82%, 0, 11, 3, 1.09, 64431, 372
31045, 0, 16, 33, 28, 5, 26.82%, 0, 11, 3, 1.09, 64437, 372
31051, 0, 16, 33, 28, 5, 26.82%, 0, 11, 3, 1.09, 64443, 372
31056, 0, 16, 33, 28, 5, 26.82%, 0, 11, 3, 1.09, 64449, 372
31061, 0, 16, 33, 28, 5, 26.82%, 0, 11, 3, 1.09, 64455, 372
31067, 0, 16, 33, 28, 5, 26.82%, 0, 11, 3, 1.09, 64461, 372
31072, 0, 16, 33, 28, 5, 26.82%, 0, 11, 3, 1.09, 64467, 372
31078, 0, 16, 33, 28, 5, 26.82%, 0, 11, 3, 1.09, 64473, 372
31083, 0, 16, 33, 28, 5, 26.82%, 0, 11, 3, 1.09, 64479, 372
31089, 0, 16, 33, 28, 5, 26.82%, 0, 11, 3, 1.09, 64485, 372
31094, 0, 16, 33, 28, 5, 26.82%, 0, 11, 3, 1.09, 64491, 372
31100, 0, 16, 33, 28, 5, 26.82%, 0, 11, 3, 1.09, 64497, 372
31105, 0, 16, 33, 28, 5, 26.82%, 0, 11, 3, 1.09, 64503, 372
31111, 0, 16, 33, 28, 5, 26.82%, 0, 11, 3, 1.09, 64509, 372
31116, 0, 16, 33, 28, 5, 26.82%, 0, 11, 3, 1.09, 64515, 372
31122, 0, 16, 33, 28, 5, 26.82%, 0, 11, 3, 1.09, 64521, 372
31127, 0, 16, 33, 28, 5, 26.82%, 0, 11, 3, 1.09, 64527, 372
31133, 0, 16, 33, 28, 5, 26.82%, 0, 11, 3, 1.09, 64533, 372
31138, 0, 16, 33, 28, 5, 26.82%, 0, 11, 3, 1.09, 64539, 372
31144, 0, 16, 33, 28, 5, 26.82%, 0, 11, 3, 1.09, 64545, 372
31149, 0, 16, 33, 28, 5, 26.82%, 0, 11, 3, 1.09, 64551, 372
31155, 0, 16, 33, 28, 5, 26.82%, 0, 11, 3, 1.09, 64557, 372
31160, 0, 16, 33, 28, 5, 26.82%, 0, 11, 3, 1.09, 64563, 372
31166, 0, 16, 33, 28, 5, 26.82%, 0, 11, 3, 1.09, 64569, 372
31171, 0, 16, 33, 28, 5, 26.82%, 0, 11, 3, 1.09, 64575, 372
31177, 0, 16, 33, 28, 5, 26.82%, 0, 11, 3, 1.09, 64581, 372
31182, 0, 16, 33, 28, 5, 26.82%, 0, 11, 3, 1.09, 64587, 372
31188, 0, 16, 33, 28, 5, 26.82%, 0, 11, 3, 1.09, 64593, 372
31193, 0, 16, 33, 28, 5, 26.82%, 0, 11, 3, 1.09, 64599, 372
31199, 0, 16, 33, 28, 5, 26.82%, 0, 11, 3, 1.09, 64605, 372
31204, 0, 16, 33, 28, 5, 26.82%, 0, 11, 3, 1.09, 64611, 372
31210, 0, 16, 33, 28, 5, 26.82%, 0, 11, 3, 1.09, 64617, 372
31215, 0, 16, 33, 28, 5, 26.82%, 0, 11, 3, 1.09, 64623, 372
31221, 0, 16, 33, 28, 5, 26.82%, 0, 11, 3, 1.09, 64629, 372
31226, 0, 16, 33, 28, 5, 26.82%, 0, 11, 3, 1.09, 64635, 372
31231, 0, 16, 33, 28, 5, 26.82%, 0, 11, 3, 1.09, 64641, 372
31237, 0, 16, 33, 28, 5, 26.82%, 0, 11, 3, 1.09, 64647, 372
31242, 0, 16, 33, 28, 5, 26.82%, 0, 11, 3, 1.09, 64653, 372
31248, 0, 16, 33, 28, 5, 26.82%, 0, 11, 3, 1.09, 64659, 372
31253, 0, 16, 33, 28, 5, 26.82%, 0, 11, 3, 1.09, 64665, 372
31259, 0, 16, 33, 28, 5, 26.82%, 0, 11, 3, 1.09, 64671, 372
31264, 0, 16, 33, 28, 5, 26.82%, 0, 11, 3, 1.09, 64677, 372
31270, 0, 16, 33, 28, 5, 26.82%, 0, 11, 3, 1.09, 64683, 372
31275, 0, 16, 33, 28, 5, 26.82%, 0, 11, 3, 1.09, 64689, 372
31281, 0, 16, 33, 28, 5, 26.82%, 0, 11, 3, 1.09, 64695, 372
31286, 0, 16, 33, 28, 5, 26.82%, 0, 11, 3, 1.09, 64701, 372
31292, 0, 16, 33, 28, 5, 26.82%, 0, 11, 3, 1.09, 64707, 372
31297, 0, 16, 33, 28, 5, 26.82%, 0, 11, 3, 1.09, 64713, 372
31303, 0, 16, 33, 28, 5, 26.82%, 0, 11, 3, 1.09, 64719, 372
31308, 0, 16, 33, 28, 5, 26.82%, 0, 11, 3, 1.09, 64725, 372
31314, 0, 16, 33, 28, 5, 26.82%, 0, 11, 3, 1.09, 64731, 372
31319, 0, 16, 33, 28, 5, 26.82%, 0, 11, 3, 1.09, 64737, 372
31325, 0, 16, 33, 28, 5, 26.82%, 0, 11, 3, 1.09, 64743, 372
31330, 0, 16, 33, 28, 5, 26.82%, 0, 11, 3, 1.09, 64749, 372
31336, 0, 16, 33, 28, 5, 26.82%, 0, 11, 3, 1.09, 64755, 372
31341, 0, 16, 33, 28, 5, 26.82%, 0, 11, 3, 1.09, 64761, 372
31347, 0, 16, 33, 28, 5, 26.82%, 0, 11, 3, 1.09, 64767, 372
31352, 0, 16, 33, 28, 5, 26.82%, 0, 11, 3, 1.09, 64773, 372
31358, 0, 16, 33, 28, 5, 26.82%, 0, 11, 3, 1.09, 64779, 372
31363, 0, 16, 33, 28, 5, 26.82%, 0, 11, 3, 1.09, 64785, 372
31369, 0, 16, 33, 28, 5, 26.82%, 0, 11, 3, 1.09, 64791, 372
31374, 0, 16, 33, 28, 5, 26.82%, 0, 11, 3, 1.09, 64797, 372
31380, 0, 16, 33, 28, 5, 26.82%, 0, 11, 3, 1.09, 64803, 372
31385, 0, 16, 33, 28, 5, 26.82%, 0, 11, 3, 1.09, 64809, 372
31390, 0, 16, 33, 28, 5, 26.82%, 0, 11, 3, 1.09, 64815, 372
31396, 0, 16, 33, 28, 5, 26.82%, 0, 11, 3, 1.09, 64821, 372
31401, 0, 16, 33, 28, 5, 26.82%, 0, 11, 3, 1.09, 64827, 372
31407, 0, 16, 33, 28, 5, 26.82%, 0, 11, 3, 1.09, 64833, 372
31412, 0, 16, 33, 28, 5, 26.82%, 0, 11, 3, 1.09, 64839, 372
31418, 0, 16, 33, 28, 5, 26.82%, 0, 11, 3, 1.09, 64845, 372
31423, 0, 16, 33, 28, 5, 26.82%, 0, 11, 3, 1.09, 64851, 372
31429, 0, 16, 33, 28, 5, 26.82%, 0, 11, 3, 1.09, 64857, 372
31434, 0, 16, 33, 28, 5, 26.82%, 0, 11, 3, 1.09, 64863, 372
31440, 0, 16, 33, 28, 5, 26.82%, 0, 11, 3, 1.09, 64869, 372
31445, 0, 16, 33, 28, 5, 26.82%, 0, 11, 3, 1.09, 64875, 372
31451, 0, 16, 33, 28, 5, 26.82%, 0, 11, 3, 1.09, 64881, 372
31456, 0, 16, 33, 28, 5, 26.82%, 0, 11, 3, 1.09, 64887, 372
31462, 0, 16, 33, 28, 5, 26.82%, 0, 11, 3, 1.09, 64893, 372
31467, 0, 16, 33, 28, 5, 26.82%, 0, 11, 3, 1.09, 64899, 372
31473, 0, 16, 33, 28, 5, 26.82%, 0, 11, 3, 1.09, 64905, 372
31478, 0, 16, 33, 28, 5, 26.82%, 0, 11, 3, 1.09, 64911, 372
31484, 0, 16, 33, 28, 5, 26.82%, 0, 11, 3, 1.09, 64917, 372
31489, 0, 16, 33, 28, 5, 26.82%, 0, 11, 3, 1.09, 64923, 372
31495, 0, 16, 33, 28, 5, 26.82%, 0, 11, 3, 1.09, 64929, 372
31500, 0, 16, 33, 28, 5, 26.82%, 0, 11, 3, 1.09, 64935, 372
31506, 0, 16, 33, 28, 5, 26.82%, 0, 11, 3, 1.09, 64941, 372
31511, 0, 16, 33, 28, 5, 26.82%, 0, 11, 3, 1.09, 64947, 372
31517, 0, 16, 33, 28, 5, 26.82%, 0, 11, 3, 1.09, 64953, 372
31522, 0, 16, 33, 28, 5, 26.82%, 0, 11, 3, 1.09, 64959, 372
31528, 0, 16, 33, 28, 5, 26.82%, 0, 11, 3, 1.09, 64965, 372
31533, 0, 16, 33, 28, 5, 26.82%, 0, 11, 3, 1.09, 64971, 372
31539, 0, 16, 33, 28, 5, 26.82%, 0, 11, 3, 1.09, 64977, 372
31544, 0, 16, 33, 28, 5, 26.82%, 0, 11, 3, 1.09, 64983, 372
31550, 0, 16, 33, 28, 5, 26.82%, 0, 11, 3, 1.09, 64989, 372
31555, 0, 16, 33, 28, 5, 26.82%, 0, 11, 3, 1.09, 64995, 372
31560, 0, 16, 33, 28, 5, 26.82%, 0, 11, 3, 1.09, 65001, 372
31566, 0, 16, 33, 28, 5, 26.82%, 0, 11, 3, 1.09, 65007, 372
31571, 0, 16, 33, 28, 5, 26.82%, 0, 11, 3, 1.09, 65013, 372
31577, 0, 16, 33, 28, 5, 26.82%, 0, 11, 3, 1.09, 65019, 372
31582, 0, 16, 33, 28, 5, 26.82%, 0, 11, 3, 1.09, 65025, 372
31588, 0, 16, 33, 28, 5, 26.82%, 0, 11, 3, 1.09, 65031, 372
31593, 0, 16, 33, 28, 5, 26.82%, 0, 11, 3, 1.09, 65037, 372
31599, 0, 16, 33, 28, 5, 26.82%, 0, 11, 3, 1.09, 65043, 372
31604, 0, 16, 33, 28, 5, 26.82%, 0, 11, 3, 1.09, 65049, 372
31610, 0, 16, 33, 28, 5, 26.82%, 0, 11, 3, 1.09, 65055, 372
31615, 0, 16, 33, 28, 5, 26.82%, 0, 11, 3, 1.09, 65061, 372
31621, 0, 16, 33, 28, 5, 26.82%, 0, 11, 3, 1.09, 65067, 372
31626, 0, 16, 33, 28, 5, 26.82%, 0, 11, 3, 1.09, 65073, 372
31632, 0, 16, 33, 28, 5, 26.82%, 0, 11, 3, 1.09, 65079, 372
31637, 0, 16, 33, 28, 5, 26.82%, 0, 11, 3, 1.09, 65085, 372
31643, 0, 16, 33, 28, 5, 26.82%, 0, 11, 3, 1.09, 65091, 372
31648, 0, 16, 33, 28, 5, 26.82%, 0, 11, 3, 1.09, 65097, 372
31654, 0, 16, 33, 28, 5, 26.82%, 0, 11, 3, 1.09, 65103, 372
31659, 0, 16, 33, 28, 5, 26.82%, 0, 11, 3, 1.09, 65109, 372
31665, 0, 16, 33, 28, 5, 26.82%, 0, 11, 3, 1.09, 65115, 372
31670, 0, 16, 33, 28, 5, 26.82%, 0, 11, 3, 1.09, 65121, 372
31676, 0, 16, 33, 28, 5, 26.82%, 0, 11, 3, 1.09, 65127, 372
31681, 0, 16, 33, 28, 5, 26.82%, 0, 11, 3, 1.09, 65133, 372
31687, 0, 16, 33, 28, 5, 26.82%, 0, 11, 3, 1.09, 65139, 372
31692, 0, 16, 33, 28, 5, 26.82%, 0, 11, 3, 1.09, 65145, 372
31698, 0, 16, 33, 28, 5, 26.82%, 0, 11, 3, 1.09, 65151, 372
31703, 0, 16, 33, 28, 5, 26.82%, 0, 11, 3, 1.09, 65157, 372
31709, 0, 16, 33, 28, 5, 26.82%, 0, 11, 3, 1.09, 65163, 372
31714, 0, 16, 33, 28, 5, 26.82%, 0, 11, 3, 1.09, 65169, 372
31720, 0, 16, 33, 28, 5, 26.82%, 0, 11, 3, 1.09, 65175, 372
31725, 0, 16, 33, 28, 5, 26.82%, 0, 11, 3, 1.09, 65181, 372
31730, 0, 16, 33, 28, 5, 26.82%, 0, 11, 3, 1.09, 65187, 372
31736, 0, 16, 33, 28, 5, 26.82%, 0, 11, 3, 1.09, 65193, 372
31741, 0, 16, 33, 28, 5, 26.82%, 0, 11, 3, 1.09, 65199, 372
31747, 0, 16, 33, 28, 5, 26.82%, 0, 11, 3, 1.09, 65205, 372
31752, 0, 16, 33, 28, 5, 26.82%, 0, 11, 3, 1.09, 65211, 372
31758, 0, 16, 33, 28, 5, 26.82%, 0, 11, 3, 1.09, 65217, 372
31763, 0, 16, 33, 28, 5, 26.82%, 0, 11, 3, 1.09, 65223, 372
31769, 0, 16, 33, 28, 5, 26.82%, 0, 11, 3, 1.09, 65229, 372
31774, 0, 16, 33, 28, 5, 26.82%, 0, 11, 3, 1.09, 65235, 372
31780, 0, 16, 33, 28, 5, 26.82%, 0, 11, 3, 1.09, 65241, 372
31785, 0, 16, 33, 28, 5, 26.82%, 0, 11, 3, 1.09, 65247, 372
31791, 0, 16, 33, 28, 5, 26.82%, 0, 11, 3, 1.09, 65253, 372
31796, 0, 16, 33, 28, 5, 26.82%, 0, 11, 3, 1.09, 65259, 372
31802, 0, 16, 33, 28, 5, 26.82%, 0, 11, 3, 1.09, 65265, 372
31807, 0, 16, 33, 28, 5, 26.82%, 0, 11, 3, 1.09, 65271, 372
31813, 0, 16, 33, 28, 5, 26.82%, 0, 11, 3, 1.09, 65277, 372
31818, 0, 16, 33, 28, 5, 26.82%, 0, 11, 3, 1.09, 65283, 372
31824, 0, 16, 33, 28, 5, 26.82%, 0, 11, 3, 1.09, 65289, 372
31829, 0, 16, 33, 28, 5, 26.82%, 0, 11, 3, 1.09, 65295, 372
31835, 0, 16, 33, 28, 5, 26.82%, 0, 11, 3, 1.09, 65301, 372
31840, 0, 16, 33, 28, 5, 26.82%, 0, 11, 3, 1.09, 65307, 372
31846, 0, 16, 33, 28, 5, 26.82%, 0, 11, 3, 1.09, 65313, 372
31851, 0, 16, 33, 28, 5, 26.82%, 0, 11, 3, 1.09, 65319, 372
31857, 0, 16, 33, 28, 5, 26.82%, 0, 11, 3, 1.09, 65325, 372
31862, 0, 16, 33, 28, 5, 26.82%, 0, 11, 3, 1.09, 65331, 372
31868, 0, 16, 33, 28, 5, 26.82%, 0, 11, 3, 1.09, 65337, 372
31873, 0, 16, 33, 28, 5, 26.82%, 0, 11, 3, 1.09, 65343, 372
31879, 0, 16, 33, 28, 5, 26.82%, 0, 11, 3, 1.09, 65349, 372
31884, 0, 16, 33, 28, 5, 26.82%, 0, 11, 3, 1.09, 65355, 372
31890, 0, 16, 33, 28, 5, 26.82%, 0, 11, 3, 1.09, 65361, 372
31895, 0, 16, 33, 28, 5, 26.82%, 0, 11, 3, 1.09, 65367, 372
31900, 0, 16, 33, 28, 5, 26.82%, 0, 11, 3, 1.09, 65373, 372
31906, 0, 16, 33, 28, 5, 26.82%, 0, 11, 3, 1.09, 65379, 372
31911, 0, 16, 33, 28, 5, 26.82%, 0, 11, 3, 1.09, 65385, 372
31917, 0, 16, 33, 28, 5, 26.82%, 0, 11, 3, 1.09, 65391, 372
31922, 0, 16, 33, 28, 5, 26.82%, 0, 11, 3, 1.09, 65397, 372
31928, 0, 16, 33, 28, 5, 26.82%, 0, 11, 3, 1.09, 65403, 372
31933, 0, 16, 33, 28, 5, 26.82%, 0, 11, 3, 1.09, 65409, 372
31939, 0, 16, 33, 28, 5, 26.82%, 0, 11, 3, 1.09, 65415, 372
31944, 0, 16, 33, 28, 5, 26.82%, 0, 11, 3, 1.09, 65421, 372
31950, 0, 16, 33, 28, 5, 26.82%, 0, 11, 3, 1.09, 65427, 372
31955, 0, 16, 33, 28, 5, 26.82%, 0, 11, 3, 1.09, 65433, 372
31961, 0, 16, 33, 28, 5, 26.82%, 0, 11, 3, 1.09, 65439, 372
31966, 0, 16, 33, 28, 5, 26.82%, 0, 11, 3, 1.09, 65445, 372
31972, 0, 16, 33, 28, 5, 26.82%, 0, 11, 3, 1.09, 65451, 372
31977, 0, 16, 33, 28, 5, 26.82%, 0, 11, 3, 1.09, 65457, 372
31983, 0, 16, 33, 28, 5, 26.82%, 0, 11, 3, 1.11, 65463, 372
31988, 0, 16, 33, 28, 5, 26.82%, 0, 11, 3, 1.16, 65470, 372
31994, 0, 16, 33, 28, 5, 26.82%, 0, 11, 3, 1.18, 65477, 372
31999, 0, 16, 33, 28, 5, 26.82%, 0, 11, 3, 1.18, 65483, 372
32004, 0, 16, 33, 28, 5, 26.82%, 0, 11, 3, 1.18, 65489, 372
32010, 0, 16, 33, 28, 5, 26.82%, 0, 11, 3, 1.41, 65498, 372
32015, 0, 16, 33, 28, 5, 26.82%, 0, 11, 3, 1.34, 65504, 372
32020, 0, 16, 33, 28, 5, 26.82%, 0, 11, 3, 1.29, 65510, 372
32026, 0, 16, 33, 28, 5, 26.82%, 0, 11, 3, 1.26, 65516, 372
32031, 0, 16, 33, 28, 5, 26.82%, 0, 11, 3, 1.24, 65522, 372
32036, 0, 16, 33, 28, 5, 26.82%, 0, 11, 3, 1.38, 65530, 372
32041, 0, 16, 33, 28, 5, 26.82%, 0, 11, 3, 1.32, 65536, 372
32046, 0, 16, 33, 28, 5, 26.82%, 0, 11, 3, 1.28, 65542, 372
32052, 0, 16, 33, 28, 5, 26.82%, 0, 11, 3, 1.25, 65548, 372
32057, 0, 16, 33, 28, 5, 26.82%, 0, 11, 3, 1.23, 65554, 372
32062, 0, 16, 33, 28, 5, 26.82%, 0, 11, 3, 1.40, 65563, 372
32068, 0, 16, 33, 28, 5, 26.82%, 0, 11, 3, 1.33, 65569, 372
32073, 0, 16, 33, 28, 5, 26.82%, 0, 11, 3, 1.28, 65575, 372
32078, 0, 16, 33, 28, 5, 26.82%, 0, 11, 3, 1.25, 65581, 372
32083, 0, 16, 33, 28, 5, 26.82%, 0, 11, 3, 1.30, 65588, 372
32089, 0, 16, 33, 28, 5, 26.82%, 0, 11, 3, 1.33, 65595, 372
32094, 0, 16, 33, 28, 5, 26.82%, 0, 11, 3, 1.25, 65601, 372
32100, 0, 16, 33, 28, 5, 26.82%, 0, 11, 3, 1.20, 65607, 372
32105, 0, 16, 33, 28, 5, 26.82%, 0, 11, 3, 1.17, 65613, 372
32111, 0, 16, 33, 28, 5, 26.82%, 0, 11, 3, 1.14, 65619, 372
32116, 0, 16, 33, 28, 5, 26.82%, 0, 11, 3, 1.13, 65625, 372
32122, 0, 16, 33, 28, 5, 26.82%, 0, 11, 3, 1.12, 65631, 372
32127, 0, 16, 33, 28, 5, 26.82%, 0, 11, 3, 1.11, 65637, 372
32133, 0, 16, 33, 28, 5, 26.82%, 0, 11, 3, 1.10, 65643, 372
32138, 0, 16, 33, 28, 5, 26.82%, 0, 11, 3, 1.10, 65649, 372
32144, 0, 16, 33, 28, 5, 26.82%, 0, 11, 3, 1.10, 65655, 372
32149, 0, 16, 33, 28, 5, 26.82%, 0, 11, 3, 1.10, 65661, 372
32155, 0, 16, 33, 28, 5, 26.82%, 0, 11, 3, 1.10, 65667, 372
32160, 0, 16, 33, 28, 5, 26.82%, 0, 11, 3, 1.10, 65673, 372
32166, 0, 16, 33, 28, 5, 26.82%, 0, 11, 3, 1.09, 65679, 372
32171, 0, 16, 33, 28, 5, 26.82%, 0, 11, 3, 1.09, 65685, 372
32176, 0, 16, 33, 28, 5, 26.82%, 0, 11, 3, 1.09, 65691, 372
32182, 0, 16, 33, 28, 5, 26.82%, 0, 11, 3, 1.09, 65697, 372
32187, 0, 16, 33, 28, 5, 26.82%, 0, 11, 3, 1.09, 65703, 372
32193, 0, 16, 33, 28, 5, 26.82%, 0, 11, 3, 1.09, 65709, 372
32198, 0, 16, 33, 28, 5, 26.82%, 0, 11, 3, 1.09, 65715, 372
32204, 0, 16, 33, 28, 5, 26.82%, 0, 11, 3, 1.09, 65721, 372
32209, 0, 16, 33, 28, 5, 26.82%, 0, 11, 3, 1.09, 65727, 372
32215, 0, 16, 33, 28, 5, 26.82%, 0, 11, 3, 1.09, 65733, 372
32220, 0, 16, 33, 28, 5, 26.82%, 0, 11, 3, 1.09, 65739, 372
32226, 0, 16, 33, 28, 5, 26.82%, 0, 11, 3, 1.09, 65745, 372
32231, 0, 16, 33, 28, 5, 26.82%, 0, 11, 3, 1.09, 65751, 372
32237, 0, 16, 33, 28, 5, 26.82%, 0, 11, 3, 1.09, 65757, 372
32242, 0, 16, 33, 28, 5, 26.82%, 0, 11, 3, 1.09, 65763, 372
32248, 0, 16, 33, 28, 5, 26.82%, 0, 11, 3, 1.09, 65769, 372
32253, 0, 16, 33, 28, 5, 26.82%, 0, 11, 3, 1.09, 65775, 372
32259, 0, 16, 33, 28, 5, 26.82%, 0, 11, 3, 1.09, 65781, 372
32264, 0, 16, 33, 28, 5, 26.82%, 0, 11, 3, 1.09, 65787, 372
32270, 0, 16, 33, 28, 5, 26.82%, 0, 11, 3, 1.09, 65793, 372
32275, 0, 16, 33, 28, 5, 26.82%, 0, 11, 3, 1.09, 65799, 372
32281, 0, 16, 33, 28, 5, 26.82%, 0, 11, 3, 1.09, 65805, 372
32286, 0, 16, 33, 28, 5, 26.82%, 0, 11, 3, 1.09, 65811, 372
32292, 0, 16, 33, 28, 5, 26.82%, 0, 11, 3, 1.09, 65817, 372
32297, 0, 16, 33, 28, 5, 26.82%, 0, 11, 3, 1.09, 65823, 372
32303, 0, 16, 33, 28, 5, 26.82%, 0, 11, 3, 1.09, 65829, 372
32308, 0, 16, 33, 28, 5, 26.82%, 0, 11, 3, 1.09, 65835, 372
32314, 0, 16, 33, 28, 5, 26.82%, 0, 11, 3, 1.09, 65841, 372
32319, 0, 16, 33, 28, 5, 26.82%, 0, 11, 3, 1.09, 65847, 372
32325, 0, 16, 33, 28, 5, 26.82%, 0, 11, 3, 1.09, 65853, 372
32330, 0, 16, 33, 28, 5, 26.82%, 0, 11, 3, 1.09, 65859, 372
32336, 0, 16, 33, 28, 5, 26.82%, 0, 11, 3, 1.09, 65865, 372
32341, 0, 16, 33, 28, 5, 26.82%, 0, 11, 3, 1.09, 65871, 372
32346, 0, 16, 33, 28, 5, 26.82%, 0, 11, 3, 1.09, 65877, 372
32352, 0, 16, 33, 28, 5, 26.82%, 0, 11, 3, 1.09, 65883, 372
32357, 0, 16, 33, 28, 5, 26.82%, 0, 11, 3, 1.09, 65889, 372
32363, 0, 16, 33, 28, 5, 26.82%, 0, 11, 3, 1.09, 65895, 372
32368, 0, 16, 33, 28, 5, 26.82%, 0, 11, 3, 1.09, 65901, 372
32374, 0, 16, 33, 28, 5, 26.82%, 0, 11, 3, 1.09, 65907, 372
32379, 0, 16, 33, 28, 5, 26.82%, 0, 11, 3, 1.09, 65913, 372
32385, 0, 16, 33, 28, 5, 26.82%, 0, 11, 3, 1.09, 65919, 372
32390, 0, 16, 33, 28, 5, 26.82%, 0, 11, 3, 1.09, 65925, 372
32396, 0, 16, 33, 28, 5, 26.82%, 0, 11, 3, 1.09, 65931, 372
32401, 0, 16, 33, 28, 5, 26.82%, 0, 11, 3, 1.09, 65937, 372
32407, 0, 16, 33, 28, 5, 26.82%, 0, 11, 3, 1.09, 65943, 372
32412, 0, 16, 33, 28, 5, 26.82%, 0, 11, 3, 1.09, 65949, 372
32418, 0, 16, 33, 28, 5, 26.82%, 0, 11, 3, 1.09, 65955, 372
32423, 0, 16, 33, 28, 5, 26.82%, 0, 11, 3, 1.09, 65961, 372
32429, 0, 16, 33, 28, 5, 26.82%, 0, 11, 3, 1.09, 65967, 372
32434, 0, 16, 33, 28, 5, 26.82%, 0, 11, 3, 1.09, 65973, 372
32440, 0, 16, 33, 28, 5, 26.82%, 0, 11, 3, 1.09, 65979, 372
32445, 0, 16, 33, 28, 5, 26.82%, 0, 11, 3, 1.09, 65985, 372
32451, 0, 16, 33, 28, 5, 26.82%, 0, 11, 3, 1.09, 65991, 372
32456, 0, 16, 33, 28, 5, 26.82%, 0, 11, 3, 1.09, 65997, 372
32462, 0, 16, 33, 28, 5, 26.82%, 0, 11, 3, 1.09, 66003, 372
32467, 0, 16, 33, 28, 5, 26.82%, 0, 11, 3, 1.09, 66009, 372
32473, 0, 16, 33, 28, 5, 26.82%, 0, 11, 3, 1.09, 66015, 372
32478, 0, 16, 33, 28, 5, 26.82%, 0, 11, 3, 1.09, 66021, 372
32484, 0, 16, 33, 28, 5, 26.82%, 0, 11, 3, 1.09, 66027, 372
32489, 0, 16, 33, 28, 5, 26.82%, 0, 11, 3, 1.09, 66033, 372
32495, 0, 16, 33, 28, 5, 26.82%, 0, 11, 3, 1.09, 66039, 372
32500, 0, 16, 33, 28, 5, 26.82%, 0, 11, 3, 1.09, 66045, 372
32506, 0, 16, 33, 28, 5, 26.82%, 0, 11, 3, 1.09, 66051, 372
32511, 0, 16, 33, 28, 5, 26.82%, 0, 11, 3, 1.09, 66057, 372
32516, 0, 16, 33, 28, 5, 26.82%, 0, 11, 3, 1.09, 66063, 372
32522, 0, 16, 33, 28, 5, 26.82%, 0, 11, 3, 1.09, 66069, 372
32527, 0, 16, 33, 28, 5, 26.82%, 0, 11, 3, 1.09, 66075, 372
32533, 0, 16, 33, 28, 5, 26.82%, 0, 11, 3, 1.09, 66081, 372
32538, 0, 16, 33, 28, 5, 26.82%, 0, 11, 3, 1.09, 66087, 372
32544, 0, 16, 33, 28, 5, 26.82%, 0, 11, 3, 1.09, 66093, 372
32549, 0, 16, 33, 28, 5, 26.82%, 0, 11, 3, 1.09, 66099, 372
32555, 0, 16, 33, 28, 5, 26.82%, 0, 11, 3, 1.09, 66105, 372
32560, 0, 16, 33, 28, 5, 26.82%, 0, 11, 3, 1.09, 66111, 372
32566, 0, 16, 33, 28, 5, 26.82%, 0, 11, 3, 1.09, 66117, 372
32571, 0, 16, 33, 28, 5, 26.82%, 0, 11, 3, 1.09, 66123, 372
32577, 0, 16, 33, 28, 5, 26.82%, 0, 11, 3, 1.09, 66129, 372
32582, 0, 16, 33, 28, 5, 26.82%, 0, 11, 3, 1.09, 66135, 372
32588, 0, 16, 33, 28, 5, 26.82%, 0, 11, 3, 1.09, 66141, 372
32593, 0, 16, 33, 28, 5, 26.82%, 0, 11, 3, 1.09, 66147, 372
32599, 0, 16, 33, 28, 5, 26.82%, 0, 11, 3, 1.09, 66153, 372
32604, 0, 16, 33, 28, 5, 26.82%, 0, 11, 3, 1.09, 66159, 372
32610, 0, 16, 33, 28, 5, 26.82%, 0, 11, 3, 1.09, 66165, 372
32615, 0, 16, 33, 28, 5, 26.82%, 0, 11, 3, 1.09, 66171, 372
32621, 0, 16, 33, 28, 5, 26.82%, 0, 11, 3, 1.09, 66177, 372
32626, 0, 16, 33, 28, 5, 26.82%, 0, 11, 3, 1.09, 66183, 372
32632, 0, 16, 33, 28, 5, 26.82%, 0, 11, 3, 1.09, 66189, 372
32637, 0, 16, 33, 28, 5, 26.82%, 0, 11, 3, 1.09, 66195, 372
32643, 0, 16, 33, 28, 5, 26.82%, 0, 11, 3, 1.09, 66201, 372
32648, 0, 16, 33, 28, 5, 26.82%, 0, 11, 3, 1.09, 66207, 372
32654, 0, 16, 33, 28, 5, 26.82%, 0, 11, 3, 1.09, 66213, 372
32659, 0, 16, 33, 28, 5, 26.82%, 0, 11, 3, 1.09, 66219, 372
32665, 0, 16, 33, 28, 5, 26.82%, 0, 11, 3, 1.09, 66225, 372
32670, 0, 16, 33, 28, 5, 26.82%, 0, 11, 3, 1.09, 66231, 372
32675, 0, 16, 33, 28, 5, 26.82%, 0, 11, 3, 1.09, 66237, 372
32681, 0, 16, 33, 28, 5, 26.82%, 0, 11, 3, 1.09, 66243, 372
32686, 0, 16, 33, 28, 5, 26.82%, 0, 11, 3, 1.09, 66249, 372
32692, 0, 16, 33, 28, 5, 26.82%, 0, 11, 3, 1.09, 66255, 372
32697, 0, 16, 33, 28, 5, 26.82%, 0, 11, 3, 1.09, 66261, 372
32703, 0, 16, 33, 28, 5, 26.82%, 0, 11, 3, 1.09, 66267, 372
32708, 0, 16, 33, 28, 5, 26.82%, 0, 11, 3, 1.09, 66273, 372
32714, 0, 16, 33, 28, 5, 26.82%, 0, 11, 3, 1.09, 66279, 372
32719, 0, 16, 33, 28, 5, 26.82%, 0, 11, 3, 1.09, 66285, 372
32725, 0, 16, 33, 28, 5, 26.82%, 0, 11, 3, 1.09, 66291, 372
32730, 0, 16, 33, 28, 5, 26.82%, 0, 11, 3, 1.09, 66297, 372
32736, 0, 16, 33, 28, 5, 26.82%, 0, 11, 3, 1.09, 66303, 372
32741, 0, 16, 33, 28, 5, 26.82%, 0, 11, 3, 1.09, 66309, 372
32747, 0, 16, 33, 28, 5, 26.82%, 0, 11, 3, 1.09, 66315, 372
32752, 0, 16, 33, 28, 5, 26.82%, 0, 11, 3, 1.09, 66321, 372
32758, 0, 16, 33, 28, 5, 26.82%, 0, 11, 3, 1.09, 66327, 372
32763, 0, 16, 33, 28, 5, 26.82%, 0, 11, 3, 1.09, 66333, 372
32769, 0, 16, 33, 28, 5, 26.82%, 0, 11, 3, 1.09, 66339, 372
32774, 0, 16, 33, 28, 5, 26.82%, 0, 11, 3, 1.09, 66345, 372
32780, 0, 16, 33, 28, 5, 26.82%, 0, 11, 3, 1.09, 66351, 372
32785, 0, 16, 33, 28, 5, 26.82%, 0, 11, 3, 1.09, 66357, 372
32791, 0, 16, 33, 28, 5, 26.82%, 0, 11, 3, 1.09, 66363, 372
32796, 0, 16, 33, 28, 5, 26.82%, 0, 11, 3, 1.09, 66369, 372
32802, 0, 16, 33, 28, 5, 26.82%, 0, 11, 3, 1.09, 66375, 372
32807, 0, 16, 33, 28, 5, 26.82%, 0, 11, 3, 1.09, 66381, 372
32813, 0, 16, 33, 28, 5, 26.82%, 0, 11, 3, 1.09, 66387, 372
32818, 0, 16, 33, 28, 5, 26.82%, 0, 11, 3, 1.09, 66393, 372
32824, 0, 16, 33, 28, 5, 26.82%, 0, 11, 3, 1.09, 66399, 372
32829, 0, 16, 33, 28, 5, 26.82%, 0, 11, 3, 1.09, 66405, 372
32835, 0, 16, 33, 28, 5, 26.82%, 0, 11, 3, 1.09, 66411, 372
32840, 0, 16, 33, 28, 5, 26.82%, 0, 11, 3, 1.09, 66417, 372
32845, 0, 16, 33, 28, 5, 26.82%, 0, 11, 3, 1.09, 66423, 372
32851, 0, 16, 33, 28, 5, 26.82%, 0, 11, 3, 1.09, 66429, 372
32856, 0, 16, 33, 28, 5, 26.82%, 0, 11, 3, 1.09, 66435, 372
32862, 0, 16, 33, 28, 5, 26.82%, 0, 11, 3, 1.09, 66441, 372
32867, 0, 16, 33, 28, 5, 26.82%, 0, 11, 3, 1.09, 66447, 372
32873, 0, 16, 33, 28, 5, 26.82%, 0, 11, 3, 1.09, 66453, 372
32878, 0, 16, 33, 28, 5, 26.82%, 0, 11, 3, 1.09, 66459, 372
32884, 0, 16, 33, 28, 5, 26.82%, 0, 11, 3, 1.09, 66465, 372
32889, 0, 16, 33, 28, 5, 26.82%, 0, 11, 3, 1.09, 66471, 372
32895, 0, 16, 33, 28, 5, 26.82%, 0, 11, 3, 1.09, 66477, 372
32900, 0, 16, 33, 28, 5, 26.82%, 0, 11, 3, 1.09, 66483, 372
32906, 0, 16, 33, 28, 5, 26.82%, 0, 11, 3, 1.09, 66489, 372
32911, 0, 16, 33, 28, 5, 26.82%, 0, 11, 3, 1.09, 66495, 372
32917, 0, 16, 33, 28, 5, 26.82%, 0, 11, 3, 1.09, 66501, 372
32922, 0, 16, 33, 28, 5, 26.82%, 0, 11, 3, 1.09, 66507, 372
32928, 0, 16, 33, 28, 5, 26.82%, 0, 11, 3, 1.09, 66513, 372
32933, 0, 16, 33, 28, 5, 26.82%, 0, 11, 3, 1.09, 66519, 372
32939, 0, 16, 33, 28, 5, 26.82%, 0, 11, 3, 1.09, 66525, 372
32944, 0, 16, 33, 28, 5, 26.82%, 0, 11, 3, 1.09, 66531, 372
32950, 0, 16, 33, 28, 5, 26.82%, 0, 11, 3, 1.09, 66537, 372
32955, 0, 16, 33, 28, 5, 26.82%, 0, 11, 3, 1.09, 66543, 372
32961, 0, 16, 33, 28, 5, 26.82%, 0, 11, 3, 1.09, 66549, 372
32966, 0, 16, 33, 28, 5, 26.82%, 0, 11, 3, 1.09, 66555, 372
32972, 0, 16, 33, 28, 5, 26.82%, 0, 11, 3, 1.09, 66561, 372
32977, 0, 16, 33, 28, 5, 26.82%, 0, 11, 3, 1.09, 66567, 372
32983, 0, 16, 33, 28, 5, 26.82%, 0, 11, 3, 1.09, 66573, 372
32988, 0, 16, 33, 28, 5, 26.82%, 0, 11, 3, 1.09, 66579, 372
32994, 0, 16, 33, 28, 5, 26.82%, 0, 11, 3, 1.09, 66585, 372
32999, 0, 16, 33, 28, 5, 26.82%, 0, 11, 3, 1.09, 66591, 372
33005, 0, 16, 33, 28, 5, 26.82%, 0, 11, 3, 1.09, 66597, 372
33010, 0, 16, 33, 28, 5, 26.82%, 0, 11, 3, 1.09, 66603, 372
33016, 0, 16, 33, 28, 5, 26.82%, 0, 11, 3, 1.09, 66609, 372
33021, 0, 16, 33, 28, 5, 26.82%, 0, 11, 3, 1.09, 66615, 372
33026, 0, 16, 33, 28, 5, 26.82%, 0, 11, 3, 1.09, 66621, 372
33032, 0, 16, 33, 28, 5, 26.82%, 0, 11, 3, 1.09, 66627, 372
33037, 0, 16, 33, 28, 5, 26.82%, 0, 11, 3, 1.09, 66633, 372
33043, 0, 16, 33, 28, 5, 26.82%, 0, 11, 3, 1.09, 66639, 372
33048, 0, 16, 33, 28, 5, 26.82%, 0, 11, 3, 1.09, 66645, 372
33054, 0, 16, 33, 28, 5, 26.82%, 0, 11, 3, 1.09, 66651, 372
33059, 0, 16, 33, 28, 5, 26.82%, 0, 11, 3, 1.09, 66657, 372
33065, 0, 16, 33, 28, 5, 26.82%, 0, 11, 3, 1.09, 66663, 372
33070, 0, 16, 33, 28, 5, 26.82%, 0, 11, 3, 1.09, 66669, 372
33076, 0, 16, 33, 28, 5, 26.82%, 0, 11, 3, 1.09, 66675, 372
33081, 0, 16, 33, 28, 5, 26.82%, 0, 11, 3, 1.09, 66681, 372
33087, 0, 16, 33, 28, 5, 26.82%, 0, 11, 3, 1.09, 66687, 372
33092, 0, 16, 33, 28, 5, 26.82%, 0, 11, 3, 1.09, 66693, 372
33098, 0, 16, 33, 28, 5, 26.82%, 0, 11, 3, 1.09, 66699, 372
33103, 0, 16, 33, 28, 5, 26.82%, 0, 11, 3, 1.09, 66705, 372
33109, 0, 16, 33, 28, 5, 26.82%, 0, 11, 3, 1.09, 66711, 372
33114, 0, 16, 33, 28, 5, 26.82%, 0, 11, 3, 1.09, 66717, 372
33120, 0, 16, 33, 28, 5, 26.82%, 0, 11, 3, 1.09, 66723, 372
33125, 0, 16, 33, 28, 5, 26.82%, 0, 11, 3, 1.09, 66729, 372
33131, 0, 16, 33, 28, 5, 26.82%, 0, 11, 3, 1.09, 66735, 372
33136, 0, 16, 33, 28, 5, 26.82%, 0, 11, 3, 1.09, 66741, 372
33142, 0, 16, 33, 28, 5, 26.82%, 0, 11, 3, 1.09, 66747, 372
33147, 0, 16, 33, 28, 5, 26.82%, 0, 11, 3, 1.09, 66753, 372
33153, 0, 16, 33, 28, 5, 26.82%, 0, 11, 3, 1.09, 66759, 372
33158, 0, 16, 33, 28, 5, 26.82%, 0, 11, 3, 1.09, 66765, 372
33164, 0, 16, 33, 28, 5, 26.82%, 0, 11, 3, 1.09, 66771, 372
33169, 0, 16, 33, 28, 5, 26.82%, 0, 11, 3, 1.09, 66777, 372
33175, 0, 16, 33, 28, 5, 26.82%, 0, 11, 3, 1.09, 66783, 372
33180, 0, 16, 33, 28, 5, 26.82%, 0, 11, 3, 1.09, 66789, 372
33185, 0, 16, 33, 28, 5, 26.82%, 0, 11, 3, 1.09, 66795, 372
33191, 0, 16, 33, 28, 5, 26.82%, 0, 11, 3, 1.09, 66801, 372
33196, 0, 16, 33, 28, 5, 26.82%, 0, 11, 3, 1.09, 66807, 372
33202, 0, 16, 33, 28, 5, 26.82%, 0, 11, 3, 1.09, 66813, 372
33207, 0, 16, 33, 28, 5, 26.82%, 0, 11, 3, 1.09, 66819, 372
33213, 0, 16, 33, 28, 5, 26.82%, 0, 11, 3, 1.09, 66825, 372
33218, 0, 16, 33, 28, 5, 26.82%, 0, 11, 3, 1.09, 66831, 372
33224, 0, 16, 33, 28, 5, 26.82%, 0, 11, 3, 1.09, 66837, 372
33229, 0, 16, 33, 28, 5, 26.82%, 0, 11, 3, 1.09, 66843, 372
33235, 0, 16, 33, 28, 5, 26.82%, 0, 11, 3, 1.09, 66849, 372
33240, 0, 16, 33, 28, 5, 26.82%, 0, 11, 3, 1.09, 66855, 372
33246, 0, 16, 33, 28, 5, 26.82%, 0, 11, 3, 1.09, 66861, 372
33251, 0, 16, 33, 28, 5, 26.82%, 0, 11, 3, 1.09, 66867, 372
33257, 0, 16, 33, 28, 5, 26.82%, 0, 11, 3, 1.09, 66873, 372
33262, 0, 16, 33, 28, 5, 26.82%, 0, 11, 3, 1.09, 66879, 372
33268, 0, 16, 33, 28, 5, 26.82%, 0, 11, 3, 1.09, 66885, 372
33273, 0, 16, 33, 28, 5, 26.82%, 0, 11, 3, 1.09, 66891, 372
33279, 0, 16, 33, 28, 5, 26.82%, 0, 11, 3, 1.09, 66897, 372
33284, 0, 16, 33, 28, 5, 26.82%, 0, 11, 3, 1.09, 66903, 372
33290, 0, 16, 33, 28, 5, 26.82%, 0, 11, 3, 1.09, 66909, 372
33295, 0, 16, 33, 28, 5, 26.82%, 0, 11, 3, 1.09, 66915, 372
33301, 0, 16, 33, 28, 5, 26.82%, 0, 11, 3, 1.09, 66921, 372
33306, 0, 16, 33, 28, 5, 26.82%, 0, 11, 3, 1.09, 66927, 372
33312, 0, 16, 33, 28, 5, 26.82%, 0, 11, 3, 1.09, 66933, 372
33317, 0, 16, 33, 28, 5, 26.82%, 0, 11, 3, 1.09, 66939, 372
33323, 0, 16, 33, 28, 5, 26.82%, 0, 11, 3, 1.09, 66945, 372
33328, 0, 16, 33, 28, 5, 26.82%, 0, 11, 3, 1.09, 66951, 372
33334, 0, 16, 33, 28, 5, 26.82%, 0, 11, 3, 1.09, 66957, 372
33339, 0, 16, 33, 28, 5, 26.82%, 0, 11, 3, 1.09, 66963, 372
33344, 0, 16, 33, 28, 5, 26.82%, 0, 11, 3, 1.09, 66969, 372
33350, 0, 16, 33, 28, 5, 26.82%, 0, 11, 3, 1.09, 66975, 372
33355, 0, 16, 33, 28, 5, 26.82%, 0, 11, 3, 1.09, 66981, 372
33361, 0, 16, 33, 28, 5, 26.82%, 0, 11, 3, 1.09, 66987, 372
33366, 0, 16, 33, 28, 5, 26.82%, 0, 11, 3, 1.09, 66993, 372
33372, 0, 16, 33, 28, 5, 26.82%, 0, 11, 3, 1.09, 66999, 372
33377, 0, 16, 33, 28, 5, 26.82%, 0, 11, 3, 1.09, 67005, 372
33383, 0, 16, 33, 28, 5, 26.82%, 0, 11, 3, 1.09, 67011, 372
33388, 0, 16, 33, 28, 5, 26.82%, 0, 11, 3, 1.09, 67017, 372
33394, 0, 16, 33, 28, 5, 26.82%, 0, 11, 3, 1.09, 67023, 372
33399, 0, 16, 33, 28, 5, 26.82%, 0, 11, 3, 1.09, 67029, 372
33405, 0, 16, 33, 28, 5, 26.82%, 0, 11, 3, 1.09, 67035, 372
33410, 0, 16, 33, 28, 5, 26.82%, 0, 11, 3, 1.09, 67041, 372
33416, 0, 16, 33, 28, 5, 26.82%, 0, 11, 3, 1.09, 67047, 372
33421, 0, 16, 33, 28, 5, 26.82%, 0, 11, 3, 1.09, 67053, 372
33427, 0, 16, 33, 28, 5, 26.82%, 0, 11, 3, 1.09, 67059, 372
33432, 0, 16, 33, 28, 5, 26.82%, 0, 11, 3, 1.09, 67065, 372
33438, 0, 16, 33, 28, 5, 26.82%, 0, 11, 3, 1.09, 67071, 372
33443, 0, 16, 33, 28, 5, 26.82%, 0, 11, 3, 1.09, 67077, 372
33449, 0, 16, 33, 28, 5, 26.82%, 0, 11, 3, 1.09, 67083, 372
33454, 0, 16, 33, 28, 5, 26.82%, 0, 11, 3, 1.09, 67089, 372
33460, 0, 16, 33, 28, 5, 26.82%, 0, 11, 3, 1.09, 67095, 372
33465, 0, 16, 33, 28, 5, 26.82%, 0, 11, 3, 1.09, 67101, 372
33471, 0, 16, 33, 28, 5, 26.82%, 0, 11, 3, 1.09, 67107, 372
33476, 0, 16, 33, 28, 5, 26.82%, 0, 11, 3, 1.09, 67113, 372
33482, 0, 16, 33, 28, 5, 26.82%, 0, 11, 3, 1.09, 67119, 372
33487, 0, 16, 33, 28, 5, 26.82%, 0, 11, 3, 1.09, 67125, 372
33493, 0, 16, 33, 28, 5, 26.82%, 0, 11, 3, 1.09, 67131, 372
33498, 0, 16, 33, 28, 5, 26.82%, 0, 11, 3, 1.09, 67137, 372
33504, 0, 16, 33, 28, 5, 26.82%, 0, 11, 3, 1.09, 67143, 372
33509, 0, 16, 33, 28, 5, 26.82%, 0, 11, 3, 1.09, 67149, 372
33514, 0, 16, 33, 28, 5, 26.82%, 0, 11, 3, 1.09, 67155, 372
33520, 0, 16, 33, 28, 5, 26.82%, 0, 11, 3, 1.09, 67161, 372
33525, 0, 16, 33, 28, 5, 26.82%, 0, 11, 3, 1.09, 67167, 372
33531, 0, 16, 33, 28, 5, 26.82%, 0, 11, 3, 1.09, 67173, 372
33536, 0, 16, 33, 28, 5, 26.82%, 0, 11, 3, 1.09, 67179, 372
33542, 0, 16, 33, 28, 5, 26.82%, 0, 11, 3, 1.09, 67185, 372
33547, 0, 16, 33, 28, 5, 26.82%, 0, 11, 3, 1.09, 67191, 372
33553, 0, 16, 33, 28, 5, 26.82%, 0, 11, 3, 1.09, 67197, 372
33558, 0, 16, 33, 28, 5, 26.82%, 0, 11, 3, 1.09, 67203, 372
33564, 0, 16, 33, 28, 5, 26.82%, 0, 11, 3, 1.09, 67209, 372
33569, 0, 16, 33, 28, 5, 26.82%, 0, 11, 3, 1.09, 67215, 372
33575, 0, 16, 33, 28, 5, 26.82%, 0, 11, 3, 1.09, 67221, 372
33580, 0, 16, 33, 28, 5, 26.82%, 0, 11, 3, 1.09, 67227, 372
33586, 0, 16, 33, 28, 5, 26.82%, 0, 11, 3, 1.09, 67233, 372
33591, 0, 16, 33, 28, 5, 26.82%, 0, 11, 3, 1.09, 67239, 372
33597, 0, 16, 33, 28, 5, 26.82%, 0, 11, 3, 1.09, 67245, 372
33602, 0, 16, 33, 28, 5, 26.82%, 0, 11, 3, 1.09, 67251, 372
33608, 0, 16, 33, 28, 5, 26.82%, 0, 11, 3, 1.09, 67257, 372
33613, 0, 16, 33, 28, 5, 26.82%, 0, 11, 3, 1.09, 67263, 372
33619, 0, 16, 33, 28, 5, 26.82%, 0, 11, 3, 1.09, 67269, 372
33624, 0, 16, 33, 28, 5, 26.82%, 0, 11, 3, 1.09, 67275, 372
33630, 0, 16, 33, 28, 5, 26.82%, 0, 11, 3, 1.09, 67281, 372
33635, 0, 16, 33, 28, 5, 26.82%, 0, 11, 3, 1.09, 67287, 372
33641, 0, 16, 33, 28, 5, 26.82%, 0, 11, 3, 1.09, 67293, 372
33646, 0, 16, 33, 28, 5, 26.82%, 0, 11, 3, 1.09, 67299, 372
33652, 0, 16, 33, 28, 5, 26.82%, 0, 11, 3, 1.09, 67305, 372
33657, 0, 16, 33, 28, 5, 26.82%, 0, 11, 3, 1.09, 67311, 372
33663, 0, 16, 33, 28, 5, 26.82%, 0, 11, 3, 1.09, 67317, 372
33668, 0, 16, 33, 28, 5, 26.82%, 0, 11, 3, 1.09, 67323, 372
33674, 0, 16, 33, 28, 5, 26.82%, 0, 11, 3, 1.09, 67329, 372
33679, 0, 16, 33, 28, 5, 26.82%, 0, 11, 3, 1.09, 67335, 372
33684, 0, 16, 33, 28, 5, 26.82%, 0, 11, 3, 1.09, 67341, 372
33690, 0, 16, 33, 28, 5, 26.82%, 0, 11, 3, 1.09, 67347, 372
33695, 0, 16, 33, 28, 5, 26.82%, 0, 11, 3, 1.09, 67353, 372
33701, 0, 16, 33, 28, 5, 26.82%, 0, 11, 3, 1.09, 67359, 372
33706, 0, 16, 33, 28, 5, 26.82%, 0, 11, 3, 1.09, 67365, 372
33712, 0, 16, 33, 28, 5, 26.82%, 0, 11, 3, 1.09, 67371, 372
33717, 0, 16, 33, 28, 5, 26.82%, 0, 11, 3, 1.09, 67377, 372
33723, 0, 16, 33, 28, 5, 26.82%, 0, 11, 3, 1.09, 67383, 372
33728, 0, 16, 33, 28, 5, 26.82%, 0, 11, 3, 1.09, 67389, 372
33734, 0, 16, 33, 28, 5, 26.82%, 0, 11, 3, 1.09, 67395, 372
33739, 0, 16, 33, 28, 5, 26.82%, 0, 11, 3, 1.09, 67401, 372
33745, 0, 16, 33, 28, 5, 26.82%, 0, 11, 3, 1.09, 67407, 372
33750, 0, 16, 33, 28, 5, 26.82%, 0, 11, 3, 1.09, 67413, 372
33756, 0, 16, 33, 28, 5, 26.82%, 0, 11, 3, 1.09, 67419, 372
33761, 0, 16, 33, 28, 5, 26.82%, 0, 11, 3, 1.09, 67425, 372
33767, 0, 16, 33, 28, 5, 26.82%, 0, 11, 3, 1.09, 67431, 372
33772, 0, 16, 33, 28, 5, 26.82%, 0, 11, 3, 1.09, 67437, 372
33778, 0, 16, 33, 28, 5, 26.82%, 0, 11, 3, 1.09, 67443, 372
33783, 0, 16, 33, 28, 5, 26.82%, 0, 11, 3, 1.09, 67449, 372
33789, 0, 16, 33, 28, 5, 26.82%, 0, 11, 3, 1.09, 67455, 372
33794, 0, 16, 33, 28, 5, 26.82%, 0, 11, 3, 1.09, 67461, 372
33800, 0, 16, 33, 28, 5, 26.82%, 0, 11, 3, 1.09, 67467, 372
33805, 0, 16, 33, 28, 5, 26.82%, 0, 11, 3, 1.09, 67473, 372
33811, 0, 16, 33, 28, 5, 26.82%, 0, 11, 3, 1.09, 67479, 372
33816, 0, 16, 33, 28, 5, 26.82%, 0, 11, 3, 1.09, 67485, 372
33822, 0, 16, 33, 28, 5, 26.82%, 0, 11, 3, 1.09, 67491, 372
33827, 0, 16, 33, 28, 5, 26.82%, 0, 11, 3, 1.09, 67497, 372
33833, 0, 16, 33, 28, 5, 26.82%, 0, 11, 3, 1.09, 67503, 372
33838, 0, 16, 33, 28, 5, 26.82%, 0, 11, 3, 1.09, 67509, 372
33844, 0, 16, 33, 28, 5, 26.82%, 0, 11, 3, 1.09, 67515, 372
33849, 0, 16, 33, 28, 5, 26.82%, 0, 11, 3, 1.09, 67521, 372
33854, 0, 16, 33, 28, 5, 26.82%, 0, 11, 3, 1.09, 67527, 372
33860, 0, 16, 33, 28, 5, 26.82%, 0, 11, 3, 1.09, 67533, 372
33865, 0, 16, 33, 28, 5, 26.82%, 0, 11, 3, 1.09, 67539, 372
33871, 0, 16, 33, 28, 5, 26.82%, 0, 11, 3, 1.09, 67545, 372
33876, 0, 16, 33, 28, 5, 26.82%, 0, 11, 3, 1.09, 67551, 372
33882, 0, 16, 33, 28, 5, 26.82%, 0, 11, 3, 1.09, 67557, 372
33887, 0, 16, 33, 28, 5, 26.82%, 0, 11, 3, 1.09, 67563, 372
33893, 0, 16, 33, 28, 5, 26.82%, 0, 11, 3, 1.09, 67569, 372
33898, 0, 16, 33, 28, 5, 26.82%, 0, 11, 3, 1.09, 67575, 372
33904, 0, 16, 33, 28, 5, 26.82%, 0, 11, 3, 1.09, 67581, 372
33909, 0, 16, 33, 28, 5, 26.82%, 0, 11, 3, 1.09, 67587, 372
33915, 0, 16, 33, 28, 5, 26.82%, 0, 11, 3, 1.09, 67593, 372
33920, 0, 16, 33, 28, 5, 26.82%, 0, 11, 3, 1.09, 67599, 372
33926, 0, 16, 33, 28, 5, 26.82%, 0, 11, 3, 1.09, 67605, 372
33931, 0, 16, 33, 28, 5, 26.82%, 0, 11, 3, 1.09, 67611, 372
33937, 0, 16, 33, 28, 5, 26.82%, 0, 11, 3, 1.09, 67617, 372
33942, 0, 16, 33, 28, 5, 26.82%, 0, 11, 3, 1.09, 67623, 372
33948, 0, 16, 33, 28, 5, 26.82%, 0, 11, 3, 1.09, 67629, 372
33953, 0, 16, 33, 28, 5, 26.82%, 0, 11, 3, 1.09, 67635, 372
33959, 0, 16, 33, 28, 5, 26.82%, 0, 11, 3, 1.09, 67641, 372
33964, 0, 16, 33, 28, 5, 26.82%, 0, 11, 3, 1.09, 67647, 372
33970, 0, 16, 33, 28, 5, 26.82%, 0, 11, 3, 1.09, 67653, 372
33975, 0, 16, 33, 28, 5, 26.82%, 0, 11, 3, 1.09, 67659, 372
33981, 0, 16, 33, 28, 5, 26.82%, 0, 11, 3, 1.09, 67665, 372
33986, 0, 16, 33, 28, 5, 26.82%, 0, 11, 3, 1.09, 67671, 372
33992, 0, 16, 33, 28, 5, 26.82%, 0, 11, 3, 1.09, 67677, 372
33997, 0, 16, 33, 28, 5, 26.82%, 0, 11, 3, 1.09, 67683, 372
34003, 0, 16, 33, 28, 5, 26.82%, 0, 11, 3, 1.09, 67689, 372
34008, 0, 16, 33, 28, 5, 26.82%, 0, 11, 3, 1.09, 67695, 372
34014, 0, 16, 33, 28, 5, 26.82%, 0, 11, 3, 1.09, 67701, 372
34019, 0, 16, 33, 28, 5, 26.82%, 0, 11, 3, 1.09, 67707, 372
34024, 0, 16, 33, 28, 5, 26.82%, 0, 11, 3, 1.09, 67713, 372
34030, 0, 16, 33, 28, 5, 26.82%, 0, 11, 3, 1.09, 67719, 372
34035, 0, 16, 33, 28, 5, 26.82%, 0, 11, 3, 1.09, 67725, 372
34041, 0, 16, 33, 28, 5, 26.82%, 0, 11, 3, 1.09, 67731, 372
34046, 0, 16, 33, 28, 5, 26.82%, 0, 11, 3, 1.09, 67737, 372
34052, 0, 16, 33, 28, 5, 26.82%, 0, 11, 3, 1.09, 67743, 372
34057, 0, 16, 33, 28, 5, 26.82%, 0, 11, 3, 1.09, 67749, 372
34063, 0, 16, 33, 28, 5, 26.82%, 0, 11, 3, 1.09, 67755, 372
34068, 0, 16, 33, 28, 5, 26.82%, 0, 11, 3, 1.09, 67761, 372
34074, 0, 16, 33, 28, 5, 26.82%, 0, 11, 3, 1.09, 67767, 372
34079, 0, 16, 33, 28, 5, 26.82%, 0, 11, 3, 1.09, 67773, 372
34085, 0, 16, 33, 28, 5, 26.82%, 0, 11, 3, 1.09, 67779, 372
34090, 0, 16, 33, 28, 5, 26.82%, 0, 11, 3, 1.09, 67785, 372
34096, 0, 16, 33, 28, 5, 26.82%, 0, 11, 3, 1.09, 67791, 372
34101, 0, 16, 33, 28, 5, 26.82%, 0, 11, 3, 1.09, 67797, 372
34107, 0, 16, 33, 28, 5, 26.82%, 0, 11, 3, 1.09, 67803, 372
34112, 0, 16, 33, 28, 5, 26.82%, 0, 11, 3, 1.09, 67809, 372
34118, 0, 16, 33, 28, 5, 26.82%, 0, 11, 3, 1.09, 67815, 372
34123, 0, 16, 33, 28, 5, 26.82%, 0, 11, 3, 1.09, 67821, 372
34129, 0, 16, 33, 28, 5, 26.82%, 0, 11, 3, 1.09, 67827, 372
34134, 0, 16, 33, 28, 5, 26.82%, 0, 11, 3, 1.09, 67833, 372
34140, 0, 16, 33, 28, 5, 26.82%, 0, 11, 3, 1.09, 67839, 372
34145, 0, 16, 33, 28, 5, 26.82%, 0, 11, 3, 1.09, 67845, 372
34151, 0, 16, 33, 28, 5, 26.82%, 0, 11, 3, 1.09, 67851, 372
34156, 0, 16, 33, 28, 5, 26.82%, 0, 11, 3, 1.09, 67857, 372
34162, 0, 16, 33, 28, 5, 26.82%, 0, 11, 3, 1.09, 67863, 372
34167, 0, 16, 33, 28, 5, 26.82%, 0, 11, 3, 1.09, 67869, 372
34173, 0, 16, 33, 28, 5, 26.82%, 0, 11, 3, 1.09, 67875, 372
34178, 0, 16, 33, 28, 5, 26.82%, 0, 11, 3, 1.09, 67881, 372
34184, 0, 16, 33, 28, 5, 26.82%, 0, 11, 3, 1.09, 67887, 372
34189, 0, 16, 33, 28, 5, 26.82%, 0, 11, 3, 1.09, 67893, 372
34194, 0, 16, 33, 28, 5, 26.82%, 0, 11, 3, 1.09, 67899, 372
34200, 0, 16, 33, 28, 5, 26.82%, 0, 11, 3, 1.09, 67905, 372
34205, 0, 16, 33, 28, 5, 26.82%, 0, 11, 3, 1.09, 67911, 372
34211, 0, 16, 33, 28, 5, 26.82%, 0, 11, 3, 1.09, 67917, 372
34216, 0, 16, 33, 28, 5, 26.82%, 0, 11, 3, 1.09, 67923, 372
34222, 0, 16, 33, 28, 5, 26.82%, 0, 11, 3, 1.09, 67929, 372
34227, 0, 16, 33, 28, 5, 26.82%, 0, 11, 3, 1.09, 67935, 372
34233, 0, 16, 33, 28, 5, 26.82%, 0, 11, 3, 1.09, 67941, 372
34238, 0, 16, 33, 28, 5, 26.82%, 0, 11, 3, 1.09, 67947, 372
34244, 0, 16, 33, 28, 5, 26.82%, 0, 11, 3, 1.09, 67953, 372
34249, 0, 16, 33, 28, 5, 26.82%, 0, 11, 3, 1.09, 67959, 372
34255, 0, 16, 33, 28, 5, 26.82%, 0, 11, 3, 1.09, 67965, 372
34260, 0, 16, 33, 28, 5, 26.82%, 0, 11, 3, 1.09, 67971, 372
34266, 0, 16, 33, 28, 5, 26.82%, 0, 11, 3, 1.09, 67977, 372
34271, 0, 16, 33, 28, 5, 26.82%, 0, 11, 3, 1.09, 67983, 372
34277, 0, 16, 33, 28, 5, 26.82%, 0, 11, 3, 1.09, 67989, 372
34282, 0, 16, 33, 28, 5, 26.82%, 0, 11, 3, 1.09, 67995, 372
34288, 0, 16, 33, 28, 5, 26.82%, 0, 11, 3, 1.09, 68001, 372
34293, 0, 16, 33, 28, 5, 26.82%, 0, 11, 3, 1.09, 68007, 372
34299, 0, 16, 33, 28, 5, 26.82%, 0, 11, 3, 1.09, 68013, 372
34304, 0, 16, 33, 28, 5, 26.82%, 0, 11, 3, 1.09, 68019, 372
34310, 0, 16, 33, 28, 5, 26.82%, 0, 11, 3, 1.09, 68025, 372
34315, 0, 16, 33, 28, 5, 26.82%, 0, 11, 3, 1.09, 68031, 372
34321, 0, 16, 33, 28, 5, 26.82%, 0, 11, 3, 1.09, 68037, 372
34326, 0, 16, 33, 28, 5, 26.82%, 0, 11, 3, 1.09, 68043, 372
34332, 0, 16, 33, 28, 5, 26.82%, 0, 11, 3, 1.09, 68049, 372
34337, 0, 16, 33, 28, 5, 26.82%, 0, 11, 3, 1.09, 68055, 372
34343, 0, 16, 33, 28, 5, 26.82%, 0, 11, 3, 1.09, 68061, 372
34348, 0, 16, 33, 28, 5, 26.82%, 0, 11, 3, 1.09, 68067, 372
34354, 0, 16, 33, 28, 5, 26.82%, 0, 11, 3, 1.09, 68073, 372
34359, 0, 16, 33, 28, 5, 26.82%, 0, 11, 3, 1.09, 68079, 372
34364, 0, 16, 33, 28, 5, 26.82%, 0, 11, 3, 1.09, 68085, 372
34370, 0, 16, 33, 28, 5, 26.82%, 0, 11, 3, 1.09, 68091, 372
34375, 0, 16, 33, 28, 5, 26.82%, 0, 11, 3, 1.09, 68097, 372
34381, 0, 16, 33, 28, 5, 26.82%, 0, 11, 3, 1.09, 68103, 372
34386, 0, 16, 33, 28, 5, 26.82%, 0, 11, 3, 1.09, 68109, 372
34392, 0, 16, 33, 28, 5, 26.82%, 0, 11, 3, 1.09, 68115, 372
34397, 0, 16, 33, 28, 5, 26.82%, 0, 11, 3, 1.09, 68121, 372
34403, 0, 16, 33, 28, 5, 26.82%, 0, 11, 3, 1.09, 68127, 372
34408, 0, 16, 33, 28, 5, 26.82%, 0, 11, 3, 1.09, 68133, 372
34414, 0, 16, 33, 28, 5, 26.82%, 0, 11, 3, 1.09, 68139, 372
34419, 0, 16, 33, 28, 5, 26.82%, 0, 11, 3, 1.09, 68145, 372
34425, 0, 16, 33, 28, 5, 26.82%, 0, 11, 3, 1.09, 68151, 372
34430, 0, 16, 33, 28, 5, 26.82%, 0, 11, 3, 1.09, 68157, 372
34436, 0, 16, 33, 28, 5, 26.82%, 0, 11, 3, 1.09, 68163, 372
34441, 0, 16, 33, 28, 5, 26.82%, 0, 11, 3, 1.09, 68169, 372
34447, 0, 16, 33, 28, 5, 26.82%, 0, 11, 3, 1.09, 68175, 372
34452, 0, 16, 33, 28, 5, 26.82%, 0, 11, 3, 1.09, 68181, 372
34458, 0, 16, 33, 28, 5, 26.82%, 0, 11, 3, 1.09, 68187, 372
34463, 0, 16, 33, 28, 5, 26.82%, 0, 11, 3, 1.09, 68193, 372
34469, 0, 16, 33, 28, 5, 26.82%, 0, 11, 3, 1.09, 68199, 372
34474, 0, 16, 33, 28, 5, 26.82%, 0, 11, 3, 1.09, 68205, 372
34480, 0, 16, 33, 28, 5, 26.82%, 0, 11, 3, 1.09, 68211, 372
34485, 0, 16, 33, 28, 5, 26.82%, 0, 11, 3, 1.09, 68217, 372
34491, 0, 16, 33, 28, 5, 26.82%, 0, 11, 3, 1.09, 68223, 372
34496, 0, 16, 33, 28, 5, 26.82%, 0, 11, 3, 1.09, 68229, 372
34502, 0, 16, 33, 28, 5, 26.82%, 0, 11, 3, 1.09, 68235, 372
34507, 0, 16, 33, 28, 5, 26.82%, 0, 11, 3, 1.09, 68241, 372
34513, 0, 16, 33, 28, 5, 26.82%, 0, 11, 3, 1.09, 68247, 372
34518, 0, 16, 33, 28, 5, 26.82%, 0, 11, 3, 1.09, 68253, 372
34524, 0, 16, 33, 28, 5, 26.82%, 0, 11, 3, 1.09, 68259, 372
34529, 0, 16, 33, 28, 5, 26.82%, 0, 11, 3, 1.09, 68265, 372
34534, 0, 16, 33, 28, 5, 26.82%, 0, 11, 3, 1.09, 68271, 372
34540, 0, 16, 33, 28, 5, 26.82%, 0, 11, 3, 1.09, 68277, 372
34545, 0, 16, 33, 28, 5, 26.82%, 0, 11, 3, 1.09, 68283, 372
34551, 0, 16, 33, 28, 5, 26.82%, 0, 11, 3, 1.09, 68289, 372
34556, 0, 16, 33, 28, 5, 26.82%, 0, 11, 3, 1.09, 68295, 372
34562, 0, 16, 33, 28, 5, 26.82%, 0, 11, 3, 1.09, 68301, 372
34567, 0, 16, 33, 28, 5, 26.82%, 0, 11, 3, 1.09, 68307, 372
34573, 0, 16, 33, 28, 5, 26.82%, 0, 11, 3, 1.09, 68313, 372
34578, 0, 16, 33, 28, 5, 26.82%, 0, 11, 3, 1.09, 68319, 372
34584, 0, 16, 33, 28, 5, 26.82%, 0, 11, 3, 1.09, 68325, 372
34589, 0, 16, 33, 28, 5, 26.82%, 0, 11, 3, 1.09, 68331, 372
34595, 0, 16, 33, 28, 5, 26.82%, 0, 11, 3, 1.09, 68337, 372
34600, 0, 16, 33, 28, 5, 26.82%, 0, 11, 3, 1.09, 68343, 372
34606, 0, 16, 33, 28, 5, 26.82%, 0, 11, 3, 1.09, 68349, 372
34611, 0, 16, 33, 28, 5, 26.82%, 0, 11, 3, 1.09, 68355, 372
34617, 0, 16, 33, 28, 5, 26.82%, 0, 11, 3, 1.09, 68361, 372
34622, 0, 16, 33, 28, 5, 26.82%, 0, 11, 3, 1.09, 68367, 372
34628, 0, 16, 33, 28, 5, 26.82%, 0, 11, 3, 1.09, 68373, 372
34633, 0, 16, 33, 28, 5, 26.82%, 0, 11, 3, 1.09, 68379, 372
34639, 0, 16, 33, 28, 5, 26.82%, 0, 11, 3, 1.09, 68385, 372
34644, 0, 16, 33, 28, 5, 26.82%, 0, 11, 3, 1.09, 68391, 372
34650, 0, 16, 33, 28, 5, 26.82%, 0, 11, 3, 1.09, 68397, 372
34655, 0, 16, 33, 28, 5, 26.82%, 0, 11, 3, 1.09, 68403, 372
34661, 0, 16, 33, 28, 5, 26.82%, 0, 11, 3, 1.09, 68409, 372
34666, 0, 16, 33, 28, 5, 26.82%, 0, 11, 3, 1.09, 68415, 372
34672, 0, 16, 33, 28, 5, 26.82%, 0, 11, 3, 1.09, 68421, 372
34677, 0, 16, 33, 28, 5, 26.82%, 0, 11, 3, 1.09, 68427, 372
34683, 0, 16, 33, 28, 5, 26.82%, 0, 11, 3, 1.09, 68433, 372
34688, 0, 16, 33, 28, 5, 26.82%, 0, 11, 3, 1.09, 68439, 372
34694, 0, 16, 33, 28, 5, 26.82%, 0, 11, 3, 1.09, 68445, 372
34699, 0, 16, 33, 28, 5, 26.82%, 0, 11, 3, 1.09, 68451, 372
34704, 0, 16, 33, 28, 5, 26.82%, 0, 11, 3, 1.09, 68457, 372
34710, 0, 16, 33, 28, 5, 26.82%, 0, 11, 3, 1.09, 68463, 372
34715, 0, 16, 33, 28, 5, 26.82%, 0, 11, 3, 1.09, 68469, 372
34721, 0, 16, 33, 28, 5, 26.82%, 0, 11, 3, 1.09, 68475, 372
34726, 0, 16, 33, 28, 5, 26.82%, 0, 11, 3, 1.09, 68481, 372
34732, 0, 16, 33, 28, 5, 26.82%, 0, 11, 3, 1.09, 68487, 372
34737, 0, 16, 33, 28, 5, 26.82%, 0, 11, 3, 1.09, 68493, 372
34743, 0, 16, 33, 28, 5, 26.82%, 0, 11, 3, 1.09, 68499, 372
34748, 0, 16, 33, 28, 5, 26.82%, 0, 11, 3, 1.09, 68505, 372
34754, 0, 16, 33, 28, 5, 26.82%, 0, 11, 3, 1.09, 68511, 372
34759, 0, 16, 33, 28, 5, 26.82%, 0, 11, 3, 1.09, 68517, 372
34765, 0, 16, 33, 28, 5, 26.82%, 0, 11, 3, 1.09, 68523, 372
34770, 0, 16, 33, 28, 5, 26.82%, 0, 11, 3, 1.09, 68529, 372
34776, 0, 16, 33, 28, 5, 26.82%, 0, 11, 3, 1.09, 68535, 372
34781, 0, 16, 33, 28, 5, 26.82%, 0, 11, 3, 1.09, 68541, 372
34787, 0, 16, 33, 28, 5, 26.82%, 0, 11, 3, 1.09, 68547, 372
34792, 0, 16, 33, 28, 5, 26.82%, 0, 11, 3, 1.09, 68553, 372
34798, 0, 16, 33, 28, 5, 26.82%, 0, 11, 3, 1.09, 68559, 372
34803, 0, 16, 33, 28, 5, 26.82%, 0, 11, 3, 1.09, 68565, 372
34809, 0, 16, 33, 28, 5, 26.82%, 0, 11, 3, 1.09, 68571, 372
34814, 0, 16, 33, 28, 5, 26.82%, 0, 11, 3, 1.09, 68577, 372
34820, 0, 16, 33, 28, 5, 26.82%, 0, 11, 3, 1.09, 68583, 372
34825, 0, 16, 33, 28, 5, 26.82%, 0, 11, 3, 1.09, 68589, 372
34831, 0, 16, 33, 28, 5, 26.82%, 0, 11, 3, 1.09, 68595, 372
34836, 0, 16, 33, 28, 5, 26.82%, 0, 11, 3, 1.09, 68601, 372
34842, 0, 16, 33, 28, 5, 26.82%, 0, 11, 3, 1.09, 68607, 372
34847, 0, 16, 33, 28, 5, 26.82%, 0, 11, 3, 1.09, 68613, 372
34853, 0, 16, 33, 28, 5, 26.82%, 0, 11, 3, 1.09, 68619, 372
34858, 0, 16, 33, 28, 5, 26.82%, 0, 11, 3, 1.09, 68625, 372
34864, 0, 16, 33, 28, 5, 26.82%, 0, 11, 3, 1.09, 68631, 372
34869, 0, 16, 33, 28, 5, 26.82%, 0, 11, 3, 1.09, 68637, 372
34874, 0, 16, 33, 28, 5, 26.82%, 0, 11, 3, 1.09, 68643, 372
34880, 0, 16, 33, 28, 5, 26.82%, 0, 11, 3, 1.09, 68649, 372
34885, 0, 16, 33, 28, 5, 26.82%, 0, 11, 3, 1.09, 68655, 372
34891, 0, 16, 33, 28, 5, 26.82%, 0, 11, 3, 1.09, 68661, 372
34896, 0, 16, 33, 28, 5, 26.82%, 0, 11, 3, 1.09, 68667, 372
34902, 0, 16, 33, 28, 5, 26.82%, 0, 11, 3, 1.09, 68673, 372
34907, 0, 16, 33, 28, 5, 26.82%, 0, 11, 3, 1.09, 68679, 372
34913, 0, 16, 33, 28, 5, 26.82%, 0, 11, 3, 1.09, 68685, 372
34918, 0, 16, 33, 28, 5, 26.82%, 0, 11, 3, 1.09, 68691, 372
34924, 0, 16, 33, 28, 5, 26.82%, 0, 11, 3, 1.09, 68697, 372
34929, 0, 16, 33, 28, 5, 26.82%, 0, 11, 3, 1.09, 68703, 372
34935, 0, 16, 33, 28, 5, 26.82%, 0, 11, 3, 1.09, 68709, 372
34940, 0, 16, 33, 28, 5, 26.82%, 0, 11, 3, 1.09, 68715, 372
34946, 0, 16, 33, 28, 5, 26.82%, 0, 11, 3, 1.09, 68721, 372
34951, 0, 16, 33, 28, 5, 26.82%, 0, 11, 3, 1.09, 68727, 372
34957, 0, 16, 33, 28, 5, 26.82%, 0, 11, 3, 1.09, 68733, 372
34962, 0, 16, 33, 28, 5, 26.82%, 0, 11, 3, 1.09, 68739, 372
34968, 0, 16, 33, 28, 5, 26.82%, 0, 11, 3, 1.09, 68745, 372
34973, 0, 16, 33, 28, 5, 26.82%, 0, 11, 3, 1.09, 68751, 372
34979, 0, 16, 33, 28, 5, 26.82%, 0, 11, 3, 1.09, 68757, 372
34984, 0, 16, 33, 28, 5, 26.82%, 0, 11, 3, 1.09, 68763, 372
34990, 0, 16, 33, 28, 5, 26.82%, 0, 11, 3, 1.09, 68769, 372
34995, 0, 16, 33, 28, 5, 26.82%, 0, 11, 3, 1.09, 68775, 372
35001, 0, 16, 33, 28, 5, 26.82%, 0, 11, 3, 1.09, 68781, 372
35006, 0, 16, 33, 28, 5, 26.82%, 0, 11, 3, 1.09, 68787, 372
35012, 0, 16, 33, 28, 5, 26.82%, 0, 11, 3, 1.09, 68793, 372
35017, 0, 16, 33, 28, 5, 26.82%, 0, 11, 3, 1.09, 68799, 372
35023, 0, 16, 33, 28, 5, 26.82%, 0, 11, 3, 1.09, 68805, 372
35028, 0, 16, 33, 28, 5, 26.82%, 0, 11, 3, 1.09, 68811, 372
35034, 0, 16, 33, 28, 5, 26.82%, 0, 11, 3, 1.09, 68817, 372
35039, 0, 16, 33, 28, 5, 26.82%, 0, 11, 3, 1.09, 68823, 372
35044, 0, 16, 33, 28, 5, 26.82%, 0, 11, 3, 1.09, 68829, 372
35050, 0, 16, 33, 28, 5, 26.82%, 0, 11, 3, 1.09, 68835, 372
35055, 0, 16, 33, 28, 5, 26.82%, 0, 11, 3, 1.09, 68841, 372
35061, 0, 16, 33, 28, 5, 26.82%, 0, 11, 3, 1.09, 68847, 372
35066, 0, 16, 33, 28, 5, 26.82%, 0, 11, 3, 1.09, 68853, 372
35072, 0, 16, 33, 28, 5, 26.82%, 0, 11, 3, 1.09, 68859, 372
35077, 0, 16, 33, 28, 5, 26.82%, 0, 11, 3, 1.09, 68865, 372
35083, 0, 16, 33, 28, 5, 26.82%, 0, 11, 3, 1.09, 68871, 372
35088, 0, 16, 33, 28, 5, 26.82%, 0, 11, 3, 1.09, 68877, 372
35094, 0, 16, 33, 28, 5, 26.82%, 0, 11, 3, 1.09, 68883, 372
35099, 0, 16, 33, 28, 5, 26.82%, 0, 11, 3, 1.09, 68889, 372
35105, 0, 16, 33, 28, 5, 26.82%, 0, 11, 3, 1.09, 68895, 372
35110, 0, 16, 33, 28, 5, 26.82%, 0, 11, 3, 1.09, 68901, 372
35116, 0, 16, 33, 28, 5, 26.82%, 0, 11, 3, 1.09, 68907, 372
35121, 0, 16, 33, 28, 5, 26.82%, 0, 11, 3, 1.09, 68913, 372
35127, 0, 16, 33, 28, 5, 26.82%, 0, 11, 3, 1.09, 68919, 372
35132, 0, 16, 33, 28, 5, 26.82%, 0, 11, 3, 1.09, 68925, 372
35138, 0, 16, 33, 28, 5, 26.82%, 0, 11, 3, 1.09, 68931, 372
35143, 0, 16, 33, 28, 5, 26.82%, 0, 11, 3, 1.09, 68937, 372
35149, 0, 16, 33, 28, 5, 26.82%, 0, 11, 3, 1.09, 68943, 372
35154, 0, 16, 33, 28, 5, 26.82%, 0, 11, 3, 1.09, 68949, 372
35160, 0, 16, 33, 28, 5, 26.82%, 0, 11, 3, 1.09, 68955, 372
35165, 0, 16, 33, 28, 5, 26.82%, 0, 11, 3, 1.09, 68961, 372
35171, 0, 16, 33, 28, 5, 26.82%, 0, 11, 3, 1.09, 68967, 372
35176, 0, 16, 33, 28, 5, 26.82%, 0, 11, 3, 1.09, 68973, 372
35182, 0, 16, 33, 28, 5, 26.82%, 0, 11, 3, 1.09, 68979, 372
35187, 0, 16, 33, 28, 5, 26.82%, 0, 11, 3, 1.09, 68985, 372
35193, 0, 16, 33, 28, 5, 26.82%, 0, 11, 3, 1.09, 68991, 372
35198, 0, 16, 33, 28, 5, 26.82%, 0, 11, 3, 1.09, 68997, 372
35204, 0, 16, 33, 28, 5, 26.82%, 0, 11, 3, 1.09, 69003, 372
35209, 0, 16, 33, 28, 5, 26.82%, 0, 11, 3, 1.09, 69009, 372
35214, 0, 16, 33, 28, 5, 26.82%, 0, 11, 3, 1.09, 69015, 372
35220, 0, 16, 33, 28, 5, 26.82%, 0, 11, 3, 1.09, 69021, 372
35225, 0, 16, 33, 28, 5, 26.82%, 0, 11, 3, 1.09, 69027, 372
35231, 0, 16, 33, 28, 5, 26.82%, 0, 11, 3, 1.09, 69033, 372
35236, 0, 16, 33, 28, 5, 26.82%, 0, 11, 3, 1.09, 69039, 372
35242, 0, 16, 33, 28, 5, 26.82%, 0, 11, 3, 1.09, 69045, 372
35247, 0, 16, 33, 28, 5, 26.82%, 0, 11, 3, 1.09, 69051, 372
35253, 0, 16, 33, 28, 5, 26.82%, 0, 11, 3, 1.09, 69057, 372
35258, 0, 16, 33, 28, 5, 26.82%, 0, 11, 3, 1.09, 69063, 372
35264, 0, 16, 33, 28, 5, 26.82%, 0, 11, 3, 1.09, 69069, 372
35269, 0, 16, 33, 28, 5, 26.82%, 0, 11, 3, 1.09, 69075, 372
35275, 0, 16, 33, 28, 5, 26.82%, 0, 11, 3, 1.09, 69081, 372
35280, 0, 16, 33, 28, 5, 26.82%, 0, 11, 3, 1.09, 69087, 372
35286, 0, 16, 33, 28, 5, 26.82%, 0, 11, 3, 1.09, 69093, 372
35291, 0, 16, 33, 28, 5, 26.82%, 0, 11, 3, 1.09, 69099, 372
35297, 0, 16, 33, 28, 5, 26.82%, 0, 11, 3, 1.09, 69105, 372
35302, 0, 16, 33, 28, 5, 26.82%, 0, 11, 3, 1.09, 69111, 372
35308, 0, 16, 33, 28, 5, 26.82%, 0, 11, 3, 1.09, 69117, 372
35313, 0, 16, 33, 28, 5, 26.82%, 0, 11, 3, 1.09, 69123, 372
35319, 0, 16, 33, 28, 5, 26.82%, 0, 11, 3, 1.09, 69129, 372
35324, 0, 16, 33, 28, 5, 26.82%, 0, 11, 3, 1.09, 69135, 372
35330, 0, 16, 33, 28, 5, 26.82%, 0, 11, 3, 1.09, 69141, 372
35335, 0, 16, 33, 28, 5, 26.82%, 0, 11, 3, 1.09, 69147, 372
35341, 0, 16, 33, 28, 5, 26.82%, 0, 11, 3, 1.09, 69153, 372
35346, 0, 16, 33, 28, 5, 26.82%, 0, 11, 3, 1.09, 69159, 372
35352, 0, 16, 33, 28, 5, 26.82%, 0, 11, 3, 1.09, 69165, 372
35357, 0, 16, 33, 28, 5, 26.82%, 0, 11, 3, 1.09, 69171, 372
35363, 0, 16, 33, 28, 5, 26.82%, 0, 11, 3, 1.09, 69177, 372
35368, 0, 16, 33, 28, 5, 26.82%, 0, 11, 3, 1.09, 69183, 372
35373, 0, 16, 33, 28, 5, 26.82%, 0, 11, 3, 1.09, 69189, 372
35379, 0, 16, 33, 28, 5, 26.82%, 0, 11, 3, 1.09, 69195, 372
35384, 0, 16, 33, 28, 5, 26.82%, 0, 11, 3, 1.09, 69201, 372
35390, 0, 16, 33, 28, 5, 26.82%, 0, 11, 3, 1.09, 69207, 372
35395, 0, 16, 33, 28, 5, 26.82%, 0, 11, 3, 1.09, 69213, 372
35401, 0, 16, 33, 28, 5, 26.82%, 0, 11, 3, 1.09, 69219, 372
35406, 0, 16, 33, 28, 5, 26.82%, 0, 11, 3, 1.09, 69225, 372
35412, 0, 16, 33, 28, 5, 26.82%, 0, 11, 3, 1.09, 69231, 372
35417, 0, 16, 33, 28, 5, 26.82%, 0, 11, 3, 1.09, 69237, 372
35423, 0, 16, 33, 28, 5, 26.82%, 0, 11, 3, 1.09, 69243, 372
35428, 0, 16, 33, 28, 5, 26.82%, 0, 11, 3, 1.09, 69249, 372
35434, 0, 16, 33, 28, 5, 26.82%, 0, 11, 3, 1.09, 69255, 372
35439, 0, 16, 33, 28, 5, 26.82%, 0, 11, 3, 1.09, 69261, 372
35445, 0, 16, 33, 28, 5, 26.82%, 0, 11, 3, 1.09, 69267, 372
35450, 0, 16, 33, 28, 5, 26.82%, 0, 11, 3, 1.09, 69273, 372
35456, 0, 16, 33, 28, 5, 26.82%, 0, 11, 3, 1.09, 69279, 372
35461, 0, 16, 33, 28, 5, 26.82%, 0, 11, 3, 1.09, 69285, 372
35467, 0, 16, 33, 28, 5, 26.82%, 0, 11, 3, 1.09, 69291, 372
35472, 0, 16, 33, 28, 5, 26.82%, 0, 11, 3, 1.09, 69297, 372
35478, 0, 16, 33, 28, 5, 26.82%, 0, 11, 3, 1.09, 69303, 372
35483, 0, 16, 33, 28, 5, 26.82%, 0, 11, 3, 1.09, 69309, 372
35489, 0, 16, 33, 28, 5, 26.82%, 0, 11, 3, 1.09, 69315, 372
35494, 0, 16, 33, 28, 5, 26.82%, 0, 11, 3, 1.09, 69321, 372
35500, 0, 16, 33, 28, 5, 26.82%, 0, 11, 3, 1.09, 69327, 372
35505, 0, 16, 33, 28, 5, 26.82%, 0, 11, 3, 1.09, 69333, 372
35511, 0, 16, 33, 28, 5, 26.82%, 0, 11, 3, 1.09, 69339, 372
35516, 0, 16, 33, 28, 5, 26.82%, 0, 11, 3, 1.09, 69345, 372
35522, 0, 16, 33, 28, 5, 26.82%, 0, 11, 3, 1.09, 69351, 372
35527, 0, 16, 33, 28, 5, 26.82%, 0, 11, 3, 1.09, 69357, 372
35533, 0, 16, 33, 28, 5, 26.82%, 0, 11, 3, 1.09, 69363, 372
35538, 0, 16, 33, 28, 5, 26.82%, 0, 11, 3, 1.09, 69369, 372
35544, 0, 16, 33, 28, 5, 26.82%, 0, 11, 3, 1.09, 69375, 372
35549, 0, 16, 33, 28, 5, 26.82%, 0, 11, 3, 1.09, 69381, 372
35555, 0, 16, 33, 28, 5, 26.82%, 0, 11, 3, 1.09, 69387, 372
35560, 0, 16, 33, 28, 5, 26.82%, 0, 11, 3, 1.09, 69393, 372
35565, 0, 16, 33, 28, 5, 26.82%, 0, 11, 3, 1.09, 69399, 372
35571, 0, 16, 33, 28, 5, 26.82%, 0, 11, 3, 1.09, 69405, 372
35576, 0, 16, 33, 28, 5, 26.82%, 0, 11, 3, 1.09, 69411, 372
35582, 0, 16, 33, 28, 5, 26.82%, 0, 11, 3, 1.09, 69417, 372
35587, 0, 16, 33, 28, 5, 26.82%, 0, 11, 3, 1.09, 69423, 372
35593, 0, 16, 33, 28, 5, 26.82%, 0, 11, 3, 1.09, 69429, 372
35598, 0, 16, 33, 28, 5, 26.82%, 0, 11, 3, 1.09, 69435, 372
35604, 0, 16, 33, 28, 5, 26.82%, 0, 11, 3, 1.09, 69441, 372
35609, 0, 16, 33, 28, 5, 26.82%, 0, 11, 3, 1.09, 69447, 372
35615, 0, 16, 33, 28, 5, 26.82%, 0, 11, 3, 1.09, 69453, 372
35620, 0, 16, 33, 28, 5, 26.82%, 0, 11, 3, 1.09, 69459, 372
35626, 0, 16, 33, 28, 5, 26.82%, 0, 11, 3, 1.09, 69465, 372
35631, 0, 16, 33, 28, 5, 26.82%, 0, 11, 3, 1.09, 69471, 372
35637, 0, 16, 33, 28, 5, 26.82%, 0, 11, 3, 1.09, 69477, 372
35642, 0, 16, 33, 28, 5, 26.82%, 0, 11, 3, 1.09, 69483, 372
35648, 0, 16, 33, 28, 5, 26.82%, 0, 11, 3, 1.09, 69489, 372
35653, 0, 16, 33, 28, 5, 26.82%, 0, 11, 3, 1.09, 69495, 372
35659, 0, 16, 33, 28, 5, 26.82%, 0, 11, 3, 1.09, 69501, 372
35664, 0, 16, 33, 28, 5, 26.82%, 0, 11, 3, 1.09, 69507, 372
35670, 0, 16, 33, 28, 5, 26.82%, 0, 11, 3, 1.09, 69513, 372
35675, 0, 16, 33, 28, 5, 26.82%, 0, 11, 3, 1.09, 69519, 372
35681, 0, 16, 33, 28, 5, 26.82%, 0, 11, 3, 1.09, 69525, 372
35686, 0, 16, 33, 28, 5, 26.82%, 0, 11, 3, 1.09, 69531, 372
35692, 0, 16, 33, 28, 5, 26.82%, 0, 11, 3, 1.09, 69537, 372
35697, 0, 16, 33, 28, 5, 26.82%, 0, 11, 3, 1.09, 69543, 372
35703, 0, 16, 33, 28, 5, 26.82%, 0, 11, 3, 1.09, 69549, 372
35708, 0, 16, 33, 28, 5, 26.82%, 0, 11, 3, 1.09, 69555, 372
35714, 0, 16, 33, 28, 5, 26.82%, 0, 11, 3, 1.09, 69561, 372
35719, 0, 16, 33, 28, 5, 26.82%, 0, 11, 3, 1.09, 69567, 372
35725, 0, 16, 33, 28, 5, 26.82%, 0, 11, 3, 1.09, 69573, 372
35730, 0, 16, 33, 28, 5, 26.82%, 0, 11, 3, 1.09, 69579, 372
35736, 0, 16, 33, 28, 5, 26.82%, 0, 11, 3, 1.09, 69585, 372
35741, 0, 16, 33, 28, 5, 26.82%, 0, 11, 3, 1.09, 69591, 372
35746, 0, 16, 33, 28, 5, 26.82%, 0, 11, 3, 1.09, 69597, 372
35752, 0, 16, 33, 28, 5, 26.82%, 0, 11, 3, 1.09, 69603, 372
35757, 0, 16, 33, 28, 5, 26.82%, 0, 11, 3, 1.09, 69609, 372
35763, 0, 16, 33, 28, 5, 26.82%, 0, 11, 3, 1.09, 69615, 372
35768, 0, 16, 33, 28, 5, 26.82%, 0, 11, 3, 1.09, 69621, 372
35774, 0, 16, 33, 28, 5, 26.82%, 0, 11, 3, 1.09, 69627, 372
35779, 0, 16, 33, 28, 5, 26.82%, 0, 11, 3, 1.09, 69633, 372
35785, 0, 16, 33, 28, 5, 26.82%, 0, 11, 3, 1.09, 69639, 372
35790, 0, 16, 33, 28, 5, 26.82%, 0, 11, 3, 1.09, 69645, 372
35796, 0, 16, 33, 28, 5, 26.82%, 0, 11, 3, 1.09, 69651, 372
35801, 0, 16, 33, 28, 5, 26.82%, 0, 11, 3, 1.09, 69657, 372
35807, 0, 16, 33, 28, 5, 26.82%, 0, 11, 3, 1.09, 69663, 372
35812, 0, 16, 33, 28, 5, 26.82%, 0, 11, 3, 1.09, 69669, 372
35818, 0, 16, 33, 28, 5, 26.82%, 0, 11, 3, 1.09, 69675, 372
35823, 0, 16, 33, 28, 5, 26.82%, 0, 11, 3, 1.09, 69681, 372
35829, 0, 16, 33, 28, 5, 26.82%, 0, 11, 3, 1.09, 69687, 372
35834, 0, 16, 33, 28, 5, 26.82%, 0, 11, 3, 1.09, 69693, 372
35840, 0, 16, 33, 28, 5, 26.82%, 0, 11, 3, 1.09, 69699, 372
35845, 0, 16, 33, 28, 5, 26.82%, 0, 11, 3, 1.09, 69705, 372
35851, 0, 16, 33, 28, 5, 26.82%, 0, 11, 3, 1.09, 69711, 372
35856, 0, 16, 33, 28, 5, 26.82%, 0, 11, 3, 1.09, 69717, 372
35862, 0, 16, 33, 28, 5, 26.82%, 0, 11, 3, 1.09, 69723, 372
35867, 0, 16, 33, 28, 5, 26.82%, 0, 11, 3, 1.09, 69729, 372
35873, 0, 16, 33, 28, 5, 26.82%, 0, 11, 3, 1.09, 69735, 372
35878, 0, 16, 33, 28, 5, 26.82%, 0, 11, 3, 1.09, 69741, 372
35884, 0, 16, 33, 28, 5, 26.82%, 0, 11, 3, 1.09, 69747, 372
35889, 0, 16, 33, 28, 5, 26.82%, 0, 11, 3, 1.09, 69753, 372
35895, 0, 16, 33, 28, 5, 26.82%, 0, 11, 3, 1.09, 69759, 372
35900, 0, 16, 33, 28, 5, 26.82%, 0, 11, 3, 1.09, 69765, 372
35906, 0, 16, 33, 28, 5, 26.82%, 0, 11, 3, 1.09, 69771, 372
35911, 0, 16, 33, 28, 5, 26.82%, 0, 11, 3, 1.09, 69777, 372
35916, 0, 16, 33, 28, 5, 26.82%, 0, 11, 3, 1.09, 69783, 372
35922, 0, 16, 33, 28, 5, 26.82%, 0, 11, 3, 1.09, 69789, 372
35927, 0, 16, 33, 28, 5, 26.82%, 0, 11, 3, 1.09, 69795, 372
35933, 0, 16, 33, 28, 5, 26.82%, 0, 11, 3, 1.09, 69801, 372
35938, 0, 16, 33, 28, 5, 26.82%, 0, 11, 3, 1.09, 69807, 372
35944, 0, 16, 33, 28, 5, 26.82%, 0, 11, 3, 1.09, 69813, 372
35949, 0, 16, 33, 28, 5, 26.82%, 0, 11, 3, 1.09, 69819, 372
35955, 0, 16, 33, 28, 5, 26.82%, 0, 11, 3, 1.09, 69825, 372
35960, 0, 16, 33, 28, 5, 26.82%, 0, 11, 3, 1.09, 69831, 372
35966, 0, 16, 33, 28, 5, 26.82%, 0, 11, 3, 1.09, 69837, 372
35971, 0, 16, 33, 28, 5, 26.82%, 0, 11, 3, 1.09, 69843, 372
35977, 0, 16, 33, 28, 5, 26.82%, 0, 11, 3, 1.09, 69849, 372
35982, 0, 16, 33, 28, 5, 26.82%, 0, 11, 3, 1.09, 69855, 372
35988, 0, 16, 33, 28, 5, 26.82%, 0, 11, 3, 1.09, 69861, 372
35993, 0, 16, 33, 28, 5, 26.82%, 0, 11, 3, 1.09, 69867, 372
35999, 0, 16, 33, 28, 5, 26.82%, 0, 11, 3, 1.09, 69873, 372
36004, 0, 16, 33, 28, 5, 26.82%, 0, 11, 3, 1.09, 69879, 372
36010, 0, 16, 33, 28, 5, 26.82%, 0, 11, 3, 1.09, 69885, 372
36015, 0, 16, 33, 28, 5, 26.82%, 0, 11, 3, 1.09, 69891, 372
36021, 0, 16, 33, 28, 5, 26.82%, 0, 11, 3, 1.09, 69897, 372
36026, 0, 16, 33, 28, 5, 26.82%, 0, 11, 3, 1.09, 69903, 372
36032, 0, 16, 33, 28, 5, 26.82%, 0, 11, 3, 1.09, 69909, 372
36037, 0, 16, 33, 28, 5, 26.82%, 0, 11, 3, 1.09, 69915, 372
36043, 0, 16, 33, 28, 5, 26.82%, 0, 11, 3, 1.09, 69921, 372
36048, 0, 16, 33, 28, 5, 26.82%, 0, 11, 3, 1.09, 69927, 372
36054, 0, 16, 33, 28, 5, 26.82%, 0, 11, 3, 1.09, 69933, 372
36059, 0, 16, 33, 28, 5, 26.82%, 0, 11, 3, 1.09, 69939, 372
36065, 0, 16, 33, 28, 5, 26.82%, 0, 11, 3, 1.09, 69945, 372
36070, 0, 16, 33, 28, 5, 26.82%, 0, 11, 3, 1.09, 69951, 372
36076, 0, 16, 33, 28, 5, 26.82%, 0, 11, 3, 1.09, 69957, 372
36081, 0, 16, 33, 28, 5, 26.82%, 0, 11, 3, 1.09, 69963, 372
36086, 0, 16, 33, 28, 5, 26.82%, 0, 11, 3, 1.09, 69969, 372
36092, 0, 16, 33, 28, 5, 26.82%, 0, 11, 3, 1.09, 69975, 372
36097, 0, 16, 33, 28, 5, 26.82%, 0, 11, 3, 1.09, 69981, 372
36103, 0, 16, 33, 28, 5, 26.82%, 0, 11, 3, 1.09, 69987, 372
36108, 0, 16, 33, 28, 5, 26.82%, 0, 11, 3, 1.09, 69993, 372
36114, 0, 16, 33, 28, 5, 26.82%, 0, 11, 3, 1.09, 69999, 372
36119, 0, 16, 33, 28, 5, 26.82%, 0, 11, 3, 1.09, 70005, 372
36125, 0, 16, 33, 28, 5, 26.82%, 0, 11, 3, 1.09, 70011, 372
36130, 0, 16, 33, 28, 5, 26.82%, 0, 11, 3, 1.09, 70017, 372
36136, 0, 16, 33, 28, 5, 26.82%, 0, 11, 3, 1.09, 70023, 372
36141, 0, 16, 33, 28, 5, 26.82%, 0, 11, 3, 1.09, 70029, 372
36147, 0, 16, 33, 28, 5, 26.82%, 0, 11, 3, 1.09, 70035, 372
36152, 0, 16, 33, 28, 5, 26.82%, 0, 11, 3, 1.09, 70041, 372
36158, 0, 16, 33, 28, 5, 26.82%, 0, 11, 3, 1.09, 70047, 372
36163, 0, 16, 33, 28, 5, 26.82%, 0, 11, 3, 1.09, 70053, 372
36169, 0, 16, 33, 28, 5, 26.82%, 0, 11, 3, 1.09, 70059, 372
36174, 0, 16, 33, 28, 5, 26.82%, 0, 11, 3, 1.09, 70065, 372
36180, 0, 16, 33, 28, 5, 26.82%, 0, 11, 3, 1.09, 70071, 372
36185, 0, 16, 33, 28, 5, 26.82%, 0, 11, 3, 1.09, 70077, 372
36191, 0, 16, 33, 28, 5, 26.82%, 0, 11, 3, 1.09, 70083, 372
36196, 0, 16, 33, 28, 5, 26.82%, 0, 11, 3, 1.09, 70089, 372
36202, 0, 16, 33, 28, 5, 26.82%, 0, 11, 3, 1.09, 70095, 372
36207, 0, 16, 33, 28, 5, 26.82%, 0, 11, 3, 1.09, 70101, 372
36213, 0, 16, 33, 28, 5, 26.82%, 0, 11, 3, 1.09, 70107, 372
36218, 0, 16, 33, 28, 5, 26.82%, 0, 11, 3, 1.09, 70113, 372
36224, 0, 16, 33, 28, 5, 26.82%, 0, 11, 3, 1.09, 70119, 372
36229, 0, 16, 33, 28, 5, 26.82%, 0, 11, 3, 1.09, 70125, 372
36235, 0, 16, 33, 28, 5, 26.82%, 0, 11, 3, 1.09, 70131, 372
36240, 0, 16, 33, 28, 5, 26.82%, 0, 11, 3, 1.09, 70137, 372
36246, 0, 16, 33, 28, 5, 26.82%, 0, 11, 3, 1.09, 70143, 372
36251, 0, 16, 33, 28, 5, 26.82%, 0, 11, 3, 1.09, 70149, 372
36256, 0, 16, 33, 28, 5, 26.82%, 0, 11, 3, 1.09, 70155, 372
36262, 0, 16, 33, 28, 5, 26.82%, 0, 11, 3, 1.09, 70161, 372
36267, 0, 16, 33, 28, 5, 26.82%, 0, 11, 3, 1.09, 70167, 372
36273, 0, 16, 33, 28, 5, 26.82%, 0, 11, 3, 1.09, 70173, 372
36278, 0, 16, 33, 28, 5, 26.82%, 0, 11, 3, 1.09, 70179, 372
36284, 0, 16, 33, 28, 5, 26.82%, 0, 11, 3, 1.09, 70185, 372
36289, 0, 16, 33, 28, 5, 26.82%, 0, 11, 3, 1.09, 70191, 372
36295, 0, 16, 33, 28, 5, 26.82%, 0, 11, 3, 1.09, 70197, 372
36300, 0, 16, 33, 28, 5, 26.82%, 0, 11, 3, 1.09, 70203, 372
36306, 0, 16, 33, 28, 5, 26.82%, 0, 11, 3, 1.09, 70209, 372
36311, 0, 16, 33, 28, 5, 26.82%, 0, 11, 3, 1.17, 70216, 372
36317, 0, 16, 33, 28, 5, 26.82%, 0, 11, 3, 1.18, 70222, 372
36322, 0, 16, 33, 28, 5, 26.82%, 0, 11, 3, 1.18, 70228, 372
36327, 0, 16, 33, 28, 5, 26.82%, 0, 11, 3, 1.18, 70234, 372
36332, 0, 16, 33, 28, 5, 26.82%, 0, 11, 3, 1.22, 70241, 372
36338, 0, 16, 33, 28, 5, 26.82%, 0, 11, 3, 1.38, 70249, 372
36343, 0, 16, 33, 28, 5, 26.82%, 0, 11, 3, 1.32, 70255, 372
36348, 0, 16, 33, 28, 5, 26.82%, 0, 11, 3, 1.28, 70261, 372
36353, 0, 16, 33, 28, 5, 26.82%, 0, 11, 3, 1.25, 70267, 372
36359, 0, 16, 33, 28, 5, 26.82%, 0, 11, 3, 1.29, 70274, 372
36364, 0, 16, 33, 28, 5, 26.82%, 0, 11, 3, 1.38, 70282, 372
36369, 0, 16, 33, 28, 5, 26.82%, 0, 11, 3, 1.38, 70289, 372
36374, 0, 16, 33, 28, 5, 26.82%, 0, 11, 3, 1.37, 70296, 372
36379, 0, 16, 33, 28, 5, 26.82%, 0, 11, 3, 1.37, 70303, 372
36384, 0, 16, 33, 28, 5, 26.82%, 0, 11, 3, 1.37, 70310, 372
36390, 0, 16, 33, 28, 5, 26.82%, 0, 11, 3, 1.29, 70316, 372
36395, 0, 16, 33, 28, 5, 26.82%, 0, 11, 3, 1.23, 70322, 372
36401, 0, 16, 33, 28, 5, 26.82%, 0, 11, 3, 1.19, 70328, 372
36406, 0, 16, 33, 28, 5, 26.82%, 0, 11, 3, 1.16, 70334, 372
36412, 0, 16, 33, 28, 5, 26.82%, 0, 11, 3, 1.14, 70340, 372
36417, 0, 16, 33, 28, 5, 26.82%, 0, 11, 3, 1.12, 70346, 372
36423, 0, 16, 33, 28, 5, 26.82%, 0, 11, 3, 1.11, 70352, 372
36428, 0, 16, 33, 28, 5, 26.82%, 0, 11, 3, 1.11, 70358, 372
36434, 0, 16, 33, 28, 5, 26.82%, 0, 11, 3, 1.10, 70364, 372
36439, 0, 16, 33, 28, 5, 26.82%, 0, 11, 3, 1.10, 70370, 372
36445, 0, 16, 33, 28, 5, 26.82%, 0, 11, 3, 1.10, 70376, 372
36450, 0, 16, 33, 28, 5, 26.82%, 0, 11, 3, 1.10, 70382, 372
36456, 0, 16, 33, 28, 5, 26.82%, 0, 11, 3, 1.10, 70388, 372
36461, 0, 16, 33, 28, 5, 26.82%, 0, 11, 3, 1.10, 70394, 372
36467, 0, 16, 33, 28, 5, 26.82%, 0, 11, 3, 1.10, 70400, 372
36472, 0, 16, 33, 28, 5, 26.82%, 0, 11, 3, 1.09, 70406, 372
36477, 0, 16, 33, 28, 5, 26.82%, 0, 11, 3, 1.09, 70412, 372
36483, 0, 16, 33, 28, 5, 26.82%, 0, 11, 3, 1.09, 70418, 372
36488, 0, 16, 33, 28, 5, 26.82%, 0, 11, 3, 1.09, 70424, 372
36494, 0, 16, 33, 28, 5, 26.82%, 0, 11, 3, 1.09, 70430, 372
36499, 0, 16, 33, 28, 5, 26.82%, 0, 11, 3, 1.09, 70436, 372
36505, 0, 16, 33, 28, 5, 26.82%, 0, 11, 3, 1.09, 70442, 372
36510, 0, 16, 33, 28, 5, 26.82%, 0, 11, 3, 1.09, 70448, 372
36516, 0, 16, 33, 28, 5, 26.82%, 0, 11, 3, 1.09, 70454, 372
36521, 0, 16, 33, 28, 5, 26.82%, 0, 11, 3, 1.09, 70460, 372
36527, 0, 16, 33, 28, 5, 26.82%, 0, 11, 3, 1.09, 70466, 372
36532, 0, 16, 33, 28, 5, 26.82%, 0, 11, 3, 1.09, 70472, 372
36538, 0, 16, 33, 28, 5, 26.82%, 0, 11, 3, 1.09, 70478, 372
36543, 0, 16, 33, 28, 5, 26.82%, 0, 11, 3, 1.09, 70484, 372
36549, 0, 16, 33, 28, 5, 26.82%, 0, 11, 3, 1.09, 70490, 372
36554, 0, 16, 33, 28, 5, 26.82%, 0, 11, 3, 1.09, 70496, 372
36560, 0, 16, 33, 28, 5, 26.82%, 0, 11, 3, 1.09, 70502, 372
36565, 0, 16, 33, 28, 5, 26.82%, 0, 11, 3, 1.09, 70508, 372
36571, 0, 16, 33, 28, 5, 26.82%, 0, 11, 3, 1.09, 70514, 372
36576, 0, 16, 33, 28, 5, 26.82%, 0, 11, 3, 1.09, 70520, 372
36582, 0, 16, 33, 28, 5, 26.82%, 0, 11, 3, 1.09, 70526, 372
36587, 0, 16, 33, 28, 5, 26.82%, 0, 11, 3, 1.09, 70532, 372
36593, 0, 16, 33, 28, 5, 26.82%, 0, 11, 3, 1.09, 70538, 372
36598, 0, 16, 33, 28, 5, 26.82%, 0, 11, 3, 1.09, 70544, 372
36604, 0, 16, 33, 28, 5, 26.82%, 0, 11, 3, 1.09, 70550, 372
36609, 0, 16, 33, 28, 5, 26.82%, 0, 11, 3, 1.09, 70556, 372
36615, 0, 16, 33, 28, 5, 26.82%, 0, 11, 3, 1.09, 70562, 372
36620, 0, 16, 33, 28, 5, 26.82%, 0, 11, 3, 1.09, 70568, 372
36626, 0, 16, 33, 28, 5, 26.82%, 0, 11, 3, 1.09, 70574, 372
36631, 0, 16, 33, 28, 5, 26.82%, 0, 11, 3, 1.09, 70580, 372
36637, 0, 16, 33, 28, 5, 26.82%, 0, 11, 3, 1.09, 70586, 372
36642, 0, 16, 33, 28, 5, 26.82%, 0, 11, 3, 1.09, 70592, 372
36647, 0, 16, 33, 28, 5, 26.82%, 0, 11, 3, 1.09, 70598, 372
36653, 0, 16, 33, 28, 5, 26.82%, 0, 11, 3, 1.09, 70604, 372
36658, 0, 16, 33, 28, 5, 26.82%, 0, 11, 3, 1.09, 70610, 372
36664, 0, 16, 33, 28, 5, 26.82%, 0, 11, 3, 1.09, 70616, 372
36669, 0, 16, 33, 28, 5, 26.82%, 0, 11, 3, 1.09, 70622, 372
36675, 0, 16, 33, 28, 5, 26.82%, 0, 11, 3, 1.09, 70628, 372
36680, 0, 16, 33, 28, 5, 26.82%, 0, 11, 3, 1.09, 70634, 372
36686, 0, 16, 33, 28, 5, 26.82%, 0, 11, 3, 1.09, 70640, 372
36691, 0, 16, 33, 28, 5, 26.82%, 0, 11, 3, 1.09, 70646, 372
36697, 0, 16, 33, 28, 5, 26.82%, 0, 11, 3, 1.09, 70652, 372
36702, 0, 16, 33, 28, 5, 26.82%, 0, 11, 3, 1.09, 70658, 372
36708, 0, 16, 33, 28, 5, 26.82%, 0, 11, 3, 1.09, 70664, 372
36713, 0, 16, 33, 28, 5, 26.82%, 0, 11, 3, 1.09, 70670, 372
36719, 0, 16, 33, 28, 5, 26.82%, 0, 11, 3, 1.09, 70676, 372
36724, 0, 16, 33, 28, 5, 26.82%, 0, 11, 3, 1.09, 70682, 372
36730, 0, 16, 33, 28, 5, 26.82%, 0, 11, 3, 1.09, 70688, 372
36735, 0, 16, 33, 28, 5, 26.82%, 0, 11, 3, 1.09, 70694, 372
36741, 0, 16, 33, 28, 5, 26.82%, 0, 11, 3, 1.09, 70700, 372
36746, 0, 16, 33, 28, 5, 26.82%, 0, 11, 3, 1.09, 70706, 372
36752, 0, 16, 33, 28, 5, 26.82%, 0, 11, 3, 1.09, 70712, 372
36757, 0, 16, 33, 28, 5, 26.82%, 0, 11, 3, 1.09, 70718, 372
36763, 0, 16, 33, 28, 5, 26.82%, 0, 11, 3, 1.09, 70724, 372
36768, 0, 16, 33, 28, 5, 26.82%, 0, 11, 3, 1.09, 70730, 372
36774, 0, 16, 33, 28, 5, 26.82%, 0, 11, 3, 1.09, 70736, 372
36779, 0, 16, 33, 28, 5, 26.82%, 0, 11, 3, 1.09, 70742, 372
36785, 0, 16, 33, 28, 5, 26.82%, 0, 11, 3, 1.09, 70748, 372
36790, 0, 16, 33, 28, 5, 26.82%, 0, 11, 3, 1.09, 70754, 372
36796, 0, 16, 33, 28, 5, 26.82%, 0, 11, 3, 1.09, 70760, 372
36801, 0, 16, 33, 28, 5, 26.82%, 0, 11, 3, 1.09, 70766, 372
36806, 0, 16, 33, 28, 5, 26.82%, 0, 11, 3, 1.09, 70772, 372
36812, 0, 16, 33, 28, 5, 26.82%, 0, 11, 3, 1.09, 70778, 372
36817, 0, 16, 33, 28, 5, 26.82%, 0, 11, 3, 1.09, 70784, 372
36823, 0, 16, 33, 28, 5, 26.82%, 0, 11, 3, 1.09, 70790, 372
36828, 0, 16, 33, 28, 5, 26.82%, 0, 11, 3, 1.09, 70796, 372
36834, 0, 16, 33, 28, 5, 26.82%, 0, 11, 3, 1.09, 70802, 372
36839, 0, 16, 33, 28, 5, 26.82%, 0, 11, 3, 1.09, 70808, 372
36845, 0, 16, 33, 28, 5, 26.82%, 0, 11, 3, 1.09, 70814, 372
36850, 0, 16, 33, 28, 5, 26.82%, 0, 11, 3, 1.09, 70820, 372
36856, 0, 16, 33, 28, 5, 26.82%, 0, 11, 3, 1.09, 70826, 372
36861, 0, 16, 33, 28, 5, 26.82%, 0, 11, 3, 1.09, 70832, 372
36867, 0, 16, 33, 28, 5, 26.82%, 0, 11, 3, 1.09, 70838, 372
36872, 0, 16, 33, 28, 5, 26.82%, 0, 11, 3, 1.09, 70844, 372
36878, 0, 16, 33, 28, 5, 26.82%, 0, 11, 3, 1.09, 70850, 372
36883, 0, 16, 33, 28, 5, 26.82%, 0, 11, 3, 1.09, 70856, 372
36889, 0, 16, 33, 28, 5, 26.82%, 0, 11, 3, 1.09, 70862, 372
36894, 0, 16, 33, 28, 5, 26.82%, 0, 11, 3, 1.09, 70868, 372
36900, 0, 16, 33, 28, 5, 26.82%, 0, 11, 3, 1.09, 70874, 372
36905, 0, 16, 33, 28, 5, 26.82%, 0, 11, 3, 1.09, 70880, 372
36911, 0, 16, 33, 28, 5, 26.82%, 0, 11, 3, 1.09, 70886, 372
36916, 0, 16, 33, 28, 5, 26.82%, 0, 11, 3, 1.09, 70892, 372
36922, 0, 16, 33, 28, 5, 26.82%, 0, 11, 3, 1.09, 70898, 372
36927, 0, 16, 33, 28, 5, 26.82%, 0, 11, 3, 1.09, 70904, 372
36933, 0, 16, 33, 28, 5, 26.82%, 0, 11, 3, 1.09, 70910, 372
36938, 0, 16, 33, 28, 5, 26.82%, 0, 11, 3, 1.09, 70916, 372
36944, 0, 16, 33, 28, 5, 26.82%, 0, 11, 3, 1.09, 70922, 372
36949, 0, 16, 33, 28, 5, 26.82%, 0, 11, 3, 1.09, 70928, 372
36955, 0, 16, 33, 28, 5, 26.82%, 0, 11, 3, 1.09, 70934, 372
36960, 0, 16, 33, 28, 5, 26.82%, 0, 11, 3, 1.09, 70940, 372
36966, 0, 16, 33, 28, 5, 26.82%, 0, 11, 3, 1.09, 70946, 372
36971, 0, 16, 33, 28, 5, 26.82%, 0, 11, 3, 1.09, 70952, 372
36976, 0, 16, 33, 28, 5, 26.82%, 0, 11, 3, 1.09, 70958, 372
36982, 0, 16, 33, 28, 5, 26.82%, 0, 11, 3, 1.09, 70964, 372
36987, 0, 16, 33, 28, 5, 26.82%, 0, 11, 3, 1.09, 70970, 372
36993, 0, 16, 33, 28, 5, 26.82%, 0, 11, 3, 1.09, 70976, 372
36998, 0, 16, 33, 28, 5, 26.82%, 0, 11, 3, 1.09, 70982, 372
37004, 0, 16, 33, 28, 5, 26.82%, 0, 11, 3, 1.09, 70988, 372
37009, 0, 16, 33, 28, 5, 26.82%, 0, 11, 3, 1.09, 70994, 372
37015, 0, 16, 33, 28, 5, 26.82%, 0, 11, 3, 1.09, 71000, 372
37020, 0, 16, 33, 28, 5, 26.82%, 0, 11, 3, 1.09, 71006, 372
37026, 0, 16, 33, 28, 5, 26.82%, 0, 11, 3, 1.09, 71012, 372
37031, 0, 16, 33, 28, 5, 26.82%, 0, 11, 3, 1.09, 71018, 372
37037, 0, 16, 33, 28, 5, 26.82%, 0, 11, 3, 1.09, 71024, 372
37042, 0, 16, 33, 28, 5, 26.82%, 0, 11, 3, 1.09, 71030, 372
37048, 0, 16, 33, 28, 5, 26.82%, 0, 11, 3, 1.09, 71036, 372
37053, 0, 16, 33, 28, 5, 26.82%, 0, 11, 3, 1.09, 71042, 372
37059, 0, 16, 33, 28, 5, 26.82%, 0, 11, 3, 1.09, 71048, 372
37064, 0, 16, 33, 28, 5, 26.82%, 0, 11, 3, 1.09, 71054, 372
37070, 0, 16, 33, 28, 5, 26.82%, 0, 11, 3, 1.09, 71060, 372
37075, 0, 16, 33, 28, 5, 26.82%, 0, 11, 3, 1.09, 71066, 372
37081, 0, 16, 33, 28, 5, 26.82%, 0, 11, 3, 1.09, 71072, 372
37086, 0, 16, 33, 28, 5, 26.82%, 0, 11, 3, 1.09, 71078, 372
37092, 0, 16, 33, 28, 5, 26.82%, 0, 11, 3, 1.09, 71084, 372
37097, 0, 16, 33, 28, 5, 26.82%, 0, 11, 3, 1.09, 71090, 372
37103, 0, 16, 33, 28, 5, 26.82%, 0, 11, 3, 1.09, 71096, 372
37108, 0, 16, 33, 28, 5, 26.82%, 0, 11, 3, 1.09, 71102, 372
37114, 0, 16, 33, 28, 5, 26.82%, 0, 11, 3, 1.09, 71108, 372
37119, 0, 16, 33, 28, 5, 26.82%, 0, 11, 3, 1.09, 71114, 372
37125, 0, 16, 33, 28, 5, 26.82%, 0, 11, 3, 1.09, 71120, 372
37130, 0, 16, 33, 28, 5, 26.82%, 0, 11, 3, 1.09, 71126, 372
37135, 0, 16, 33, 28, 5, 26.82%, 0, 11, 3, 1.09, 71132, 372
37141, 0, 16, 33, 28, 5, 26.82%, 0, 11, 3, 1.09, 71138, 372
37146, 0, 16, 33, 28, 5, 26.82%, 0, 11, 3, 1.09, 71144, 372
37152, 0, 16, 33, 28, 5, 26.82%, 0, 11, 3, 1.09, 71150, 372
37157, 0, 16, 33, 28, 5, 26.82%, 0, 11, 3, 1.09, 71156, 372
37163, 0, 16, 33, 28, 5, 26.82%, 0, 11, 3, 1.09, 71162, 372
37168, 0, 16, 33, 28, 5, 26.82%, 0, 11, 3, 1.09, 71168, 372
37174, 0, 16, 33, 28, 5, 26.82%, 0, 11, 3, 1.09, 71174, 372
37179, 0, 16, 33, 28, 5, 26.82%, 0, 11, 3, 1.09, 71180, 372
37185, 0, 16, 33, 28, 5, 26.82%, 0, 11, 3, 1.09, 71186, 372
37190, 0, 16, 33, 28, 5, 26.82%, 0, 11, 3, 1.09, 71192, 372
37196, 0, 16, 33, 28, 5, 26.82%, 0, 11, 3, 1.09, 71198, 372
37201, 0, 16, 33, 28, 5, 26.82%, 0, 11, 3, 1.09, 71204, 372
37207, 0, 16, 33, 28, 5, 26.82%, 0, 11, 3, 1.09, 71210, 372
37212, 0, 16, 33, 28, 5, 26.82%, 0, 11, 3, 1.09, 71216, 372
37218, 0, 16, 33, 28, 5, 26.82%, 0, 11, 3, 1.09, 71222, 372
37223, 0, 16, 33, 28, 5, 26.82%, 0, 11, 3, 1.09, 71228, 372
37229, 0, 16, 33, 28, 5, 26.82%, 0, 11, 3, 1.09, 71234, 372
37234, 0, 16, 33, 28, 5, 26.82%, 0, 11, 3, 1.09, 71240, 372
37240, 0, 16, 33, 28, 5, 26.82%, 0, 11, 3, 1.09, 71246, 372
37245, 0, 16, 33, 28, 5, 26.82%, 0, 11, 3, 1.09, 71252, 372
37251, 0, 16, 33, 28, 5, 26.82%, 0, 11, 3, 1.09, 71258, 372
37256, 0, 16, 33, 28, 5, 26.82%, 0, 11, 3, 1.09, 71264, 372
37262, 0, 16, 33, 28, 5, 26.82%, 0, 11, 3, 1.09, 71270, 372
37267, 0, 16, 33, 28, 5, 26.82%, 0, 11, 3, 1.09, 71276, 372
37273, 0, 16, 33, 28, 5, 26.82%, 0, 11, 3, 1.09, 71282, 372
37278, 0, 16, 33, 28, 5, 26.82%, 0, 11, 3, 1.09, 71288, 372
37284, 0, 16, 33, 28, 5, 26.82%, 0, 11, 3, 1.09, 71294, 372
37289, 0, 16, 33, 28, 5, 26.82%, 0, 11, 3, 1.09, 71300, 372
37295, 0, 16, 33, 28, 5, 26.82%, 0, 11, 3, 1.09, 71306, 372
37300, 0, 16, 33, 28, 5, 26.82%, 0, 11, 3, 1.09, 71312, 372
37306, 0, 16, 33, 28, 5, 26.82%, 0, 11, 3, 1.09, 71318, 372
37311, 0, 16, 33, 28, 5, 26.82%, 0, 11, 3, 1.09, 71324, 372
37316, 0, 16, 33, 28, 5, 26.82%, 0, 11, 3, 1.09, 71330, 372
37322, 0, 16, 33, 28, 5, 26.82%, 0, 11, 3, 1.09, 71336, 372
37327, 0, 16, 33, 28, 5, 26.82%, 0, 11, 3, 1.09, 71342, 372
37333, 0, 16, 33, 28, 5, 26.82%, 0, 11, 3, 1.09, 71348, 372
37338, 0, 16, 33, 28, 5, 26.82%, 0, 11, 3, 1.09, 71354, 372
37344, 0, 16, 33, 28, 5, 26.82%, 0, 11, 3, 1.09, 71360, 372
37349, 0, 16, 33, 28, 5, 26.82%, 0, 11, 3, 1.09, 71366, 372
37355, 0, 16, 33, 28, 5, 26.82%, 0, 11, 3, 1.09, 71372, 372
37360, 0, 16, 33, 28, 5, 26.82%, 0, 11, 3, 1.09, 71378, 372
37366, 0, 16, 33, 28, 5, 26.82%, 0, 11, 3, 1.09, 71384, 372
37371, 0, 16, 33, 28, 5, 26.82%, 0, 11, 3, 1.09, 71390, 372
37377, 0, 16, 33, 28, 5, 26.82%, 0, 11, 3, 1.09, 71396, 372
37382, 0, 16, 33, 28, 5, 26.82%, 0, 11, 3, 1.09, 71402, 372
37388, 0, 16, 33, 28, 5, 26.82%, 0, 11, 3, 1.09, 71408, 372
37393, 0, 16, 33, 28, 5, 26.82%, 0, 11, 3, 1.09, 71414, 372
37399, 0, 16, 33, 28, 5, 26.82%, 0, 11, 3, 1.09, 71420, 372
37404, 0, 16, 33, 28, 5, 26.82%, 0, 11, 3, 1.09, 71426, 372
37410, 0, 16, 33, 28, 5, 26.82%, 0, 11, 3, 1.09, 71432, 372
37415, 0, 16, 33, 28, 5, 26.82%, 0, 11, 3, 1.09, 71438, 372
37421, 0, 16, 33, 28, 5, 26.82%, 0, 11, 3, 1.09, 71444, 372
37426, 0, 16, 33, 28, 5, 26.82%, 0, 11, 3, 1.09, 71450, 372
37432, 0, 16, 33, 28, 5, 26.82%, 0, 11, 3, 1.09, 71456, 372
37437, 0, 16, 33, 28, 5, 26.82%, 0, 11, 3, 1.09, 71462, 372
37443, 0, 16, 33, 28, 5, 26.82%, 0, 11, 3, 1.09, 71468, 372
37448, 0, 16, 33, 28, 5, 26.82%, 0, 11, 3, 1.09, 71474, 372
37454, 0, 16, 33, 28, 5, 26.82%, 0, 11, 3, 1.09, 71480, 372
37459, 0, 16, 33, 28, 5, 26.82%, 0, 11, 3, 1.09, 71486, 372
37465, 0, 16, 33, 28, 5, 26.82%, 0, 11, 3, 1.09, 71492, 372
37470, 0, 16, 33, 28, 5, 26.82%, 0, 11, 3, 1.09, 71498, 372
37475, 0, 16, 33, 28, 5, 26.82%, 0, 11, 3, 1.09, 71504, 372
37481, 0, 16, 33, 28, 5, 26.82%, 0, 11, 3, 1.09, 71510, 372
37486, 0, 16, 33, 28, 5, 26.82%, 0, 11, 3, 1.09, 71516, 372
37492, 0, 16, 33, 28, 5, 26.82%, 0, 11, 3, 1.09, 71522, 372
37497, 0, 16, 33, 28, 5, 26.82%, 0, 11, 3, 1.09, 71528, 372
37503, 0, 16, 33, 28, 5, 26.82%, 0, 11, 3, 1.09, 71534, 372
37508, 0, 16, 33, 28, 5, 26.82%, 0, 11, 3, 1.09, 71540, 372
37514, 0, 16, 33, 28, 5, 26.82%, 0, 11, 3, 1.09, 71546, 372
37519, 0, 16, 33, 28, 5, 26.82%, 0, 11, 3, 1.09, 71552, 372
37525, 0, 16, 33, 28, 5, 26.82%, 0, 11, 3, 1.09, 71558, 372
37530, 0, 16, 33, 28, 5, 26.82%, 0, 11, 3, 1.09, 71564, 372
37536, 0, 16, 33, 28, 5, 26.82%, 0, 11, 3, 1.09, 71570, 372
37541, 0, 16, 33, 28, 5, 26.82%, 0, 11, 3, 1.09, 71576, 372
37547, 0, 16, 33, 28, 5, 26.82%, 0, 11, 3, 1.09, 71582, 372
37552, 0, 16, 33, 28, 5, 26.82%, 0, 11, 3, 1.09, 71588, 372
37558, 0, 16, 33, 28, 5, 26.82%, 0, 11, 3, 1.09, 71594, 372
37563, 0, 16, 33, 28, 5, 26.82%, 0, 11, 3, 1.09, 71600, 372
37569, 0, 16, 33, 28, 5, 26.82%, 0, 11, 3, 1.09, 71606, 372
37574, 0, 16, 33, 28, 5, 26.82%, 0, 11, 3, 1.09, 71612, 372
37580, 0, 16, 33, 28, 5, 26.82%, 0, 11, 3, 1.09, 71618, 372
37585, 0, 16, 33, 28, 5, 26.82%, 0, 11, 3, 1.09, 71624, 372
37591, 0, 16, 33, 28, 5, 26.82%, 0, 11, 3, 1.09, 71630, 372
37596, 0, 16, 33, 28, 5, 26.82%, 0, 11, 3, 1.09, 71636, 372
37602, 0, 16, 33, 28, 5, 26.82%, 0, 11, 3, 1.09, 71642, 372
37607, 0, 16, 33, 28, 5, 26.82%, 0, 11, 3, 1.09, 71648, 372
37613, 0, 16, 33, 28, 5, 26.82%, 0, 11, 3, 1.09, 71654, 372
37618, 0, 16, 33, 28, 5, 26.82%, 0, 11, 3, 1.09, 71660, 372
37624, 0, 16, 33, 28, 5, 26.82%, 0, 11, 3, 1.09, 71666, 372
37629, 0, 16, 33, 28, 5, 26.82%, 0, 11, 3, 1.09, 71672, 372
37635, 0, 16, 33, 28, 5, 26.82%, 0, 11, 3, 1.09, 71678, 372
37640, 0, 16, 33, 28, 5, 26.82%, 0, 11, 3, 1.09, 71684, 372
37645, 0, 16, 33, 28, 5, 26.82%, 0, 11, 3, 1.09, 71690, 372
37651, 0, 16, 33, 28, 5, 26.82%, 0, 11, 3, 1.09, 71696, 372
37656, 0, 16, 33, 28, 5, 26.82%, 0, 11, 3, 1.09, 71702, 372
37662, 0, 16, 33, 28, 5, 26.82%, 0, 11, 3, 1.09, 71708, 372
37667, 0, 16, 33, 28, 5, 26.82%, 0, 11, 3, 1.09, 71714, 372
37673, 0, 16, 33, 28, 5, 26.82%, 0, 11, 3, 1.09, 71720, 372
37678, 0, 16, 33, 28, 5, 26.82%, 0, 11, 3, 1.09, 71726, 372
37684, 0, 16, 33, 28, 5, 26.82%, 0, 11, 3, 1.09, 71732, 372
37689, 0, 16, 33, 28, 5, 26.82%, 0, 11, 3, 1.09, 71738, 372
37695, 0, 16, 33, 28, 5, 26.82%, 0, 11, 3, 1.09, 71744, 372
37700, 0, 16, 33, 28, 5, 26.82%, 0, 11, 3, 1.09, 71750, 372
37706, 0, 16, 33, 28, 5, 26.82%, 0, 11, 3, 1.09, 71756, 372
37711, 0, 16, 33, 28, 5, 26.82%, 0, 11, 3, 1.09, 71762, 372
37717, 0, 16, 33, 28, 5, 26.82%, 0, 11, 3, 1.09, 71768, 372
37722, 0, 16, 33, 28, 5, 26.82%, 0, 11, 3, 1.09, 71774, 372
37728, 0, 16, 33, 28, 5, 26.82%, 0, 11, 3, 1.09, 71780, 372
37733, 0, 16, 33, 28, 5, 26.82%, 0, 11, 3, 1.09, 71786, 372
37739, 0, 16, 33, 28, 5, 26.82%, 0, 11, 3, 1.09, 71792, 372
37744, 0, 16, 33, 28, 5, 26.82%, 0, 11, 3, 1.09, 71798, 372
37750, 0, 16, 33, 28, 5, 26.82%, 0, 11, 3, 1.09, 71804, 372
37755, 0, 16, 33, 28, 5, 26.82%, 0, 11, 3, 1.09, 71810, 372
37761, 0, 16, 33, 28, 5, 26.82%, 0, 11, 3, 1.09, 71816, 372
37766, 0, 16, 33, 28, 5, 26.82%, 0, 11, 3, 1.09, 71822, 372
37772, 0, 16, 33, 28, 5, 26.82%, 0, 11, 3, 1.09, 71828, 372
37777, 0, 16, 33, 28, 5, 26.82%, 0, 11, 3, 1.09, 71834, 372
37783, 0, 16, 33, 28, 5, 26.82%, 0, 11, 3, 1.09, 71840, 372
37788, 0, 16, 33, 28, 5, 26.82%, 0, 11, 3, 1.09, 71846, 372
37794, 0, 16, 33, 28, 5, 26.82%, 0, 11, 3, 1.09, 71852, 372
37799, 0, 16, 33, 28, 5, 26.82%, 0, 11, 3, 1.09, 71858, 372
37804, 0, 16, 33, 28, 5, 26.82%, 0, 11, 3, 1.09, 71864, 372
37810, 0, 16, 33, 28, 5, 26.82%, 0, 11, 3, 1.09, 71870, 372
37815, 0, 16, 33, 28, 5, 26.82%, 0, 11, 3, 1.09, 71876, 372
37821, 0, 16, 33, 28, 5, 26.82%, 0, 11, 3, 1.09, 71882, 372
37826, 0, 16, 33, 28, 5, 26.82%, 0, 11, 3, 1.09, 71888, 372
37832, 0, 16, 33, 28, 5, 26.82%, 0, 11, 3, 1.09, 71894, 372
37837, 0, 16, 33, 28, 5, 26.82%, 0, 11, 3, 1.09, 71900, 372
37843, 0, 16, 33, 28, 5, 26.82%, 0, 11, 3, 1.09, 71906, 372
37848, 0, 16, 33, 28, 5, 26.82%, 0, 11, 3, 1.09, 71912, 372
37854, 0, 16, 33, 28, 5, 26.82%, 0, 11, 3, 1.09, 71918, 372
37859, 0, 16, 33, 28, 5, 26.82%, 0, 11, 3, 1.09, 71924, 372
37865, 0, 16, 33, 28, 5, 26.82%, 0, 11, 3, 1.09, 71930, 372
37870, 0, 16, 33, 28, 5, 26.82%, 0, 11, 3, 1.09, 71936, 372
37876, 0, 16, 33, 28, 5, 26.82%, 0, 11, 3, 1.09, 71942, 372
37881, 0, 16, 33, 28, 5, 26.82%, 0, 11, 3, 1.09, 71948, 372
37887, 0, 16, 33, 28, 5, 26.82%, 0, 11, 3, 1.09, 71954, 372
37892, 0, 16, 33, 28, 5, 26.82%, 0, 11, 3, 1.09, 71960, 372
37898, 0, 16, 33, 28, 5, 26.82%, 0, 11, 3, 1.09, 71966, 372
37903, 0, 16, 33, 28, 5, 26.82%, 0, 11, 3, 1.09, 71972, 372
37909, 0, 16, 33, 28, 5, 26.82%, 0, 11, 3, 1.09, 71978, 372
37914, 0, 16, 33, 28, 5, 26.82%, 0, 11, 3, 1.09, 71984, 372
37920, 0, 16, 33, 28, 5, 26.82%, 0, 11, 3, 1.09, 71990, 372
37925, 0, 16, 33, 28, 5, 26.82%, 0, 11, 3, 1.09, 71996, 372
37931, 0, 16, 33, 28, 5, 26.82%, 0, 11, 3, 1.09, 72002, 372
37936, 0, 16, 33, 28, 5, 26.82%, 0, 11, 3, 1.09, 72008, 372
37942, 0, 16, 33, 28, 5, 26.82%, 0, 11, 3, 1.09, 72014, 372
37947, 0, 16, 33, 28, 5, 26.82%, 0, 11, 3, 1.09, 72020, 372
37953, 0, 16, 33, 28, 5, 26.82%, 0, 11, 3, 1.09, 72026, 372
37958, 0, 16, 33, 28, 5, 26.82%, 0, 11, 3, 1.09, 72032, 372
37964, 0, 16, 33, 28, 5, 26.82%, 0, 11, 3, 1.09, 72038, 372
37969, 0, 16, 33, 28, 5, 26.82%, 0, 11, 3, 1.09, 72044, 372
37974, 0, 16, 33, 28, 5, 26.82%, 0, 11, 3, 1.09, 72050, 372
37980, 0, 16, 33, 28, 5, 26.82%, 0, 11, 3, 1.09, 72056, 372
37985, 0, 16, 33, 28, 5, 26.82%, 0, 11, 3, 1.09, 72062, 372
37991, 0, 16, 33, 28, 5, 26.82%, 0, 11, 3, 1.09, 72068, 372
37996, 0, 16, 33, 28, 5, 26.82%, 0, 11, 3, 1.09, 72074, 372
38002, 0, 16, 33, 28, 5, 26.82%, 0, 11, 3, 1.09, 72080, 372
38007, 0, 16, 33, 28, 5, 26.82%, 0, 11, 3, 1.09, 72086, 372
38013, 0, 16, 33, 28, 5, 26.82%, 0, 11, 3, 1.09, 72092, 372
38018, 0, 16, 33, 28, 5, 26.82%, 0, 11, 3, 1.09, 72098, 372
38024, 0, 16, 33, 28, 5, 26.82%, 0, 11, 3, 1.09, 72104, 372
38029, 0, 16, 33, 28, 5, 26.82%, 0, 11, 3, 1.09, 72110, 372
38035, 0, 16, 33, 28, 5, 26.82%, 0, 11, 3, 1.09, 72116, 372
38040, 0, 16, 33, 28, 5, 26.82%, 0, 11, 3, 1.09, 72122, 372
38046, 0, 16, 33, 28, 5, 26.82%, 0, 11, 3, 1.09, 72128, 372
38051, 0, 16, 33, 28, 5, 26.82%, 0, 11, 3, 1.09, 72134, 372
38057, 0, 16, 33, 28, 5, 26.82%, 0, 11, 3, 1.09, 72140, 372
38062, 0, 16, 33, 28, 5, 26.82%, 0, 11, 3, 1.09, 72146, 372
38068, 0, 16, 33, 28, 5, 26.82%, 0, 11, 3, 1.09, 72152, 372
38073, 0, 16, 33, 28, 5, 26.82%, 0, 11, 3, 1.09, 72158, 372
38079, 0, 16, 33, 28, 5, 26.82%, 0, 11, 3, 1.09, 72164, 372
38084, 0, 16, 33, 28, 5, 26.82%, 0, 11, 3, 1.09, 72170, 372
38090, 0, 16, 33, 28, 5, 26.82%, 0, 11, 3, 1.09, 72176, 372
38095, 0, 16, 33, 28, 5, 26.82%, 0, 11, 3, 1.09, 72182, 372
38101, 0, 16, 33, 28, 5, 26.82%, 0, 11, 3, 1.09, 72188, 372
38106, 0, 16, 33, 28, 5, 26.82%, 0, 11, 3, 1.09, 72194, 372
38112, 0, 16, 33, 28, 5, 26.82%, 0, 11, 3, 1.09, 72200, 372
38117, 0, 16, 33, 28, 5, 26.82%, 0, 11, 3, 1.09, 72206, 372
38123, 0, 16, 33, 28, 5, 26.82%, 0, 11, 3, 1.09, 72212, 372
38128, 0, 16, 33, 28, 5, 26.82%, 0, 11, 3, 1.09, 72218, 372
38134, 0, 16, 33, 28, 5, 26.82%, 0, 11, 3, 1.09, 72224, 372
38139, 0, 16, 33, 28, 5, 26.82%, 0, 11, 3, 1.09, 72230, 372
38144, 0, 16, 33, 28, 5, 26.82%, 0, 11, 3, 1.09, 72236, 372
38150, 0, 16, 33, 28, 5, 26.82%, 0, 11, 3, 1.09, 72242, 372
38155, 0, 16, 33, 28, 5, 26.82%, 0, 11, 3, 1.09, 72248, 372
38161, 0, 16, 33, 28, 5, 26.82%, 0, 11, 3, 1.09, 72254, 372
38166, 0, 16, 33, 28, 5, 26.82%, 0, 11, 3, 1.09, 72260, 372
38172, 0, 16, 33, 28, 5, 26.82%, 0, 11, 3, 1.09, 72266, 372
38177, 0, 16, 33, 28, 5, 26.82%, 0, 11, 3, 1.09, 72272, 372
38183, 0, 16, 33, 28, 5, 26.82%, 0, 11, 3, 1.09, 72278, 372
38188, 0, 16, 33, 28, 5, 26.82%, 0, 11, 3, 1.09, 72284, 372
38194, 0, 16, 33, 28, 5, 26.82%, 0, 11, 3, 1.09, 72290, 372
38199, 0, 16, 33, 28, 5, 26.82%, 0, 11, 3, 1.09, 72296, 372
38205, 0, 16, 33, 28, 5, 26.82%, 0, 11, 3, 1.09, 72302, 372
38210, 0, 16, 33, 28, 5, 26.82%, 0, 11, 3, 1.09, 72308, 372
38216, 0, 16, 33, 28, 5, 26.82%, 0, 11, 3, 1.09, 72314, 372
38221, 0, 16, 33, 28, 5, 26.82%, 0, 11, 3, 1.09, 72320, 372
38227, 0, 16, 33, 28, 5, 26.82%, 0, 11, 3, 1.09, 72326, 372
38232, 0, 16, 33, 28, 5, 26.82%, 0, 11, 3, 1.09, 72332, 372
38238, 0, 16, 33, 28, 5, 26.82%, 0, 11, 3, 1.09, 72338, 372
38243, 0, 16, 33, 28, 5, 26.82%, 0, 11, 3, 1.09, 72344, 372
38249, 0, 16, 33, 28, 5, 26.82%, 0, 11, 3, 1.09, 72350, 372
38254, 0, 16, 33, 28, 5, 26.82%, 0, 11, 3, 1.09, 72356, 372
38260, 0, 16, 33, 28, 5, 26.82%, 0, 11, 3, 1.09, 72362, 372
38265, 0, 16, 33, 28, 5, 26.82%, 0, 11, 3, 1.09, 72368, 372
38271, 0, 16, 33, 28, 5, 26.82%, 0, 11, 3, 1.09, 72374, 372
38276, 0, 16, 33, 28, 5, 26.82%, 0, 11, 3, 1.09, 72380, 372
38282, 0, 16, 33, 28, 5, 26.82%, 0, 11, 3, 1.09, 72386, 372
38287, 0, 16, 33, 28, 5, 26.82%, 0, 11, 3, 1.09, 72392, 372
38293, 0, 16, 33, 28, 5, 26.82%, 0, 11, 3, 1.09, 72398, 372
38298, 0, 16, 33, 28, 5, 26.82%, 0, 11, 3, 1.09, 72404, 372
38304, 0, 16, 33, 28, 5, 26.82%, 0, 11, 3, 1.09, 72410, 372
38309, 0, 16, 33, 28, 5, 26.82%, 0, 11, 3, 1.09, 72416, 372
38314, 0, 16, 33, 28, 5, 26.82%, 0, 11, 3, 1.09, 72422, 372
38320, 0, 16, 33, 28, 5, 26.82%, 0, 11, 3, 1.09, 72428, 372
38325, 0, 16, 33, 28, 5, 26.82%, 0, 11, 3, 1.09, 72434, 372
38331, 0, 16, 33, 28, 5, 26.82%, 0, 11, 3, 1.09, 72440, 372
38336, 0, 16, 33, 28, 5, 26.82%, 0, 11, 3, 1.09, 72446, 372
38342, 0, 16, 33, 28, 5, 26.82%, 0, 11, 3, 1.09, 72452, 372
38347, 0, 16, 33, 28, 5, 26.82%, 0, 11, 3, 1.09, 72458, 372
38353, 0, 16, 33, 28, 5, 26.82%, 0, 11, 3, 1.09, 72464, 372
38358, 0, 16, 33, 28, 5, 26.82%, 0, 11, 3, 1.09, 72470, 372
38364, 0, 16, 33, 28, 5, 26.82%, 0, 11, 3, 1.09, 72476, 372
38369, 0, 16, 33, 28, 5, 26.82%, 0, 11, 3, 1.09, 72482, 372
38375, 0, 16, 33, 28, 5, 26.82%, 0, 11, 3, 1.09, 72488, 372
38380, 0, 16, 33, 28, 5, 26.82%, 0, 11, 3, 1.09, 72494, 372
38386, 0, 16, 33, 28, 5, 26.82%, 0, 11, 3, 1.09, 72500, 372
38391, 0, 16, 33, 28, 5, 26.82%, 0, 11, 3, 1.09, 72506, 372
38397, 0, 16, 33, 28, 5, 26.82%, 0, 11, 3, 1.09, 72512, 372
38402, 0, 16, 33, 28, 5, 26.82%, 0, 11, 3, 1.09, 72518, 372
38408, 0, 16, 33, 28, 5, 26.82%, 0, 11, 3, 1.09, 72524, 372
38413, 0, 16, 33, 28, 5, 26.82%, 0, 11, 3, 1.09, 72530, 372
38419, 0, 16, 33, 28, 5, 26.82%, 0, 11, 3, 1.09, 72536, 372
38424, 0, 16, 33, 28, 5, 26.82%, 0, 11, 3, 1.09, 72542, 372
38430, 0, 16, 33, 28, 5, 26.82%, 0, 11, 3, 1.09, 72548, 372
38435, 0, 16, 33, 28, 5, 26.82%, 0, 11, 3, 1.09, 72554, 372
38441, 0, 16, 33, 28, 5, 26.82%, 0, 11, 3, 1.09, 72560, 372
38446, 0, 16, 33, 28, 5, 26.82%, 0, 11, 3, 1.09, 72566, 372
38452, 0, 16, 33, 28, 5, 26.82%, 0, 11, 3, 1.09, 72572, 372
38457, 0, 16, 33, 28, 5, 26.82%, 0, 11, 3, 1.09, 72578, 372
38463, 0, 16, 33, 28, 5, 26.82%, 0, 11, 3, 1.09, 72584, 372
38468, 0, 16, 33, 28, 5, 26.82%, 0, 11, 3, 1.09, 72590, 372
38474, 0, 16, 33, 28, 5, 26.82%, 0, 11, 3, 1.09, 72596, 372
38479, 0, 16, 33, 28, 5, 26.82%, 0, 11, 3, 1.09, 72602, 372
38484, 0, 16, 33, 28, 5, 26.82%, 0, 11, 3, 1.09, 72608, 372
38490, 0, 16, 33, 28, 5, 26.82%, 0, 11, 3, 1.09, 72614, 372
38495, 0, 16, 33, 28, 5, 26.82%, 0, 11, 3, 1.09, 72620, 372
38501, 0, 16, 33, 28, 5, 26.82%, 0, 11, 3, 1.09, 72626, 372
38506, 0, 16, 33, 28, 5, 26.82%, 0, 11, 3, 1.09, 72632, 372
38512, 0, 16, 33, 28, 5, 26.82%, 0, 11, 3, 1.09, 72638, 372
38517, 0, 16, 33, 28, 5, 26.82%, 0, 11, 3, 1.09, 72644, 372
38523, 0, 16, 33, 28, 5, 26.82%, 0, 11, 3, 1.09, 72650, 372
38528, 0, 16, 33, 28, 5, 26.82%, 0, 11, 3, 1.09, 72656, 372
38534, 0, 16, 33, 28, 5, 26.82%, 0, 11, 3, 1.09, 72662, 372
38539, 0, 16, 33, 28, 5, 26.82%, 0, 11, 3, 1.09, 72668, 372
38545, 0, 16, 33, 28, 5, 26.82%, 0, 11, 3, 1.09, 72674, 372
38550, 0, 16, 33, 28, 5, 26.82%, 0, 11, 3, 1.09, 72680, 372
38556, 0, 16, 33, 28, 5, 26.82%, 0, 11, 3, 1.09, 72686, 372
38561, 0, 16, 33, 28, 5, 26.82%, 0, 11, 3, 1.09, 72692, 372
38567, 0, 16, 33, 28, 5, 26.82%, 0, 11, 3, 1.09, 72698, 372
38572, 0, 16, 33, 28, 5, 26.82%, 0, 11, 3, 1.09, 72704, 372
38578, 0, 16, 33, 28, 5, 26.82%, 0, 11, 3, 1.09, 72710, 372
38583, 0, 16, 33, 28, 5, 26.82%, 0, 11, 3, 1.09, 72716, 372
38589, 0, 16, 33, 28, 5, 26.82%, 0, 11, 3, 1.09, 72722, 372
38594, 0, 16, 33, 28, 5, 26.82%, 0, 11, 3, 1.09, 72728, 372
38600, 0, 16, 33, 28, 5, 26.82%, 0, 11, 3, 1.09, 72734, 372
38605, 0, 16, 33, 28, 5, 26.82%, 0, 11, 3, 1.09, 72740, 372
38611, 0, 16, 33, 28, 5, 26.82%, 0, 11, 3, 1.09, 72746, 372
38616, 0, 16, 33, 28, 5, 26.82%, 0, 11, 3, 1.09, 72752, 372
38622, 0, 16, 33, 28, 5, 26.82%, 0, 11, 3, 1.09, 72758, 372
38627, 0, 16, 33, 28, 5, 26.82%, 0, 11, 3, 1.09, 72764, 372
38633, 0, 16, 33, 28, 5, 26.82%, 0, 11, 3, 1.09, 72770, 372
38638, 0, 16, 33, 28, 5, 26.82%, 0, 11, 3, 1.09, 72776, 372
38643, 0, 16, 33, 28, 5, 26.82%, 0, 11, 3, 1.09, 72782, 372
38649, 0, 16, 33, 28, 5, 26.82%, 0, 11, 3, 1.09, 72788, 372
38654, 0, 16, 33, 28, 5, 26.82%, 0, 11, 3, 1.09, 72794, 372
38660, 0, 16, 33, 28, 5, 26.82%, 0, 11, 3, 1.09, 72800, 372
38665, 0, 16, 33, 28, 5, 26.82%, 0, 11, 3, 1.09, 72806, 372
38671, 0, 16, 33, 28, 5, 26.82%, 0, 11, 3, 1.09, 72812, 372
38676, 0, 16, 33, 28, 5, 26.82%, 0, 11, 3, 1.09, 72818, 372
38682, 0, 16, 33, 28, 5, 26.82%, 0, 11, 3, 1.09, 72824, 372
38687, 0, 16, 33, 28, 5, 26.82%, 0, 11, 3, 1.09, 72830, 372
38693, 0, 16, 33, 28, 5, 26.82%, 0, 11, 3, 1.09, 72836, 372
38698, 0, 16, 33, 28, 5, 26.82%, 0, 11, 3, 1.09, 72842, 372
38704, 0, 16, 33, 28, 5, 26.82%, 0, 11, 3, 1.09, 72848, 372
38709, 0, 16, 33, 28, 5, 26.82%, 0, 11, 3, 1.09, 72854, 372
38715, 0, 16, 33, 28, 5, 26.82%, 0, 11, 3, 1.09, 72860, 372
38720, 0, 16, 33, 28, 5, 26.82%, 0, 11, 3, 1.09, 72866, 372
38726, 0, 16, 33, 28, 5, 26.82%, 0, 11, 3, 1.09, 72872, 372
38731, 0, 16, 33, 28, 5, 26.82%, 0, 11, 3, 1.09, 72878, 372
38737, 0, 16, 33, 28, 5, 26.82%, 0, 11, 3, 1.09, 72884, 372
38742, 0, 16, 33, 28, 5, 26.82%, 0, 11, 3, 1.09, 72890, 372
38748, 0, 16, 33, 28, 5, 26.82%, 0, 11, 3, 1.09, 72896, 372
38753, 0, 16, 33, 28, 5, 26.82%, 0, 11, 3, 1.09, 72902, 372
38759, 0, 16, 33, 28, 5, 26.82%, 0, 11, 3, 1.09, 72908, 372
38764, 0, 16, 33, 28, 5, 26.82%, 0, 11, 3, 1.09, 72914, 372
38770, 0, 16, 33, 28, 5, 26.82%, 0, 11, 3, 1.09, 72920, 372
38775, 0, 16, 33, 28, 5, 26.82%, 0, 11, 3, 1.09, 72926, 372
38781, 0, 16, 33, 28, 5, 26.82%, 0, 11, 3, 1.09, 72932, 372
38786, 0, 16, 33, 28, 5, 26.82%, 0, 11, 3, 1.09, 72938, 372
38792, 0, 16, 33, 28, 5, 26.82%, 0, 11, 3, 1.09, 72944, 372
38797, 0, 16, 33, 28, 5, 26.82%, 0, 11, 3, 1.09, 72950, 372
38803, 0, 16, 33, 28, 5, 26.82%, 0, 11, 3, 1.09, 72956, 372
38808, 0, 16, 33, 28, 5, 26.82%, 0, 11, 3, 1.09, 72962, 372
38813, 0, 16, 33, 28, 5, 26.82%, 0, 11, 3, 1.09, 72968, 372
38819, 0, 16, 33, 28, 5, 26.82%, 0, 11, 3, 1.09, 72974, 372
38824, 0, 16, 33, 28, 5, 26.82%, 0, 11, 3, 1.09, 72980, 372
38830, 0, 16, 33, 28, 5, 26.82%, 0, 11, 3, 1.09, 72986, 372
38835, 0, 16, 33, 28, 5, 26.82%, 0, 11, 3, 1.09, 72992, 372
38841, 0, 16, 33, 28, 5, 26.82%, 0, 11, 3, 1.09, 72998, 372
38846, 0, 16, 33, 28, 5, 26.82%, 0, 11, 3, 1.09, 73004, 372
38852, 0, 16, 33, 28, 5, 26.82%, 0, 11, 3, 1.09, 73010, 372
38857, 0, 16, 33, 28, 5, 26.82%, 0, 11, 3, 1.09, 73016, 372
38863, 0, 16, 33, 28, 5, 26.82%, 0, 11, 3, 1.09, 73022, 372
38868, 0, 16, 33, 28, 5, 26.82%, 0, 11, 3, 1.09, 73028, 372
38874, 0, 16, 33, 28, 5, 26.82%, 0, 11, 3, 1.09, 73034, 372
38879, 0, 16, 33, 28, 5, 26.82%, 0, 11, 3, 1.09, 73040, 372
38885, 0, 16, 33, 28, 5, 26.82%, 0, 11, 3, 1.09, 73046, 372
38890, 0, 16, 33, 28, 5, 26.82%, 0, 11, 3, 1.09, 73052, 372
38896, 0, 16, 33, 28, 5, 26.82%, 0, 11, 3, 1.09, 73058, 372
38901, 0, 16, 33, 28, 5, 26.82%, 0, 11, 3, 1.09, 73064, 372
38907, 0, 16, 33, 28, 5, 26.82%, 0, 11, 3, 1.09, 73070, 372
38912, 0, 16, 33, 28, 5, 26.82%, 0, 11, 3, 1.09, 73076, 372
38918, 0, 16, 33, 28, 5, 26.82%, 0, 11, 3, 1.09, 73082, 372
38923, 0, 16, 33, 28, 5, 26.82%, 0, 11, 3, 1.09, 73088, 372
38929, 0, 16, 33, 28, 5, 26.82%, 0, 11, 3, 1.09, 73094, 372
38934, 0, 16, 33, 28, 5, 26.82%, 0, 11, 3, 1.09, 73100, 372
38940, 0, 16, 33, 28, 5, 26.82%, 0, 11, 3, 1.09, 73106, 372
38945, 0, 16, 33, 28, 5, 26.82%, 0, 11, 3, 1.09, 73112, 372
38951, 0, 16, 33, 28, 5, 26.82%, 0, 11, 3, 1.09, 73118, 372
38956, 0, 16, 33, 28, 5, 26.82%, 0, 11, 3, 1.09, 73124, 372
38962, 0, 16, 33, 28, 5, 26.82%, 0, 11, 3, 1.09, 73130, 372
38967, 0, 16, 33, 28, 5, 26.82%, 0, 11, 3, 1.09, 73136, 372
38973, 0, 16, 33, 28, 5, 26.82%, 0, 11, 3, 1.09, 73142, 372
38978, 0, 16, 33, 28, 5, 26.82%, 0, 11, 3, 1.09, 73148, 372
38984, 0, 16, 33, 28, 5, 26.82%, 0, 11, 3, 1.09, 73154, 372
38989, 0, 16, 33, 28, 5, 26.82%, 0, 11, 3, 1.09, 73160, 372
38994, 0, 16, 33, 28, 5, 26.82%, 0, 11, 3, 1.09, 73166, 372
39000, 0, 16, 33, 28, 5, 26.82%, 0, 11, 3, 1.09, 73172, 372
39005, 0, 16, 33, 28, 5, 26.82%, 0, 11, 3, 1.09, 73178, 372
39011, 0, 16, 33, 28, 5, 26.82%, 0, 11, 3, 1.09, 73184, 372
39016, 0, 16, 33, 28, 5, 26.82%, 0, 11, 3, 1.09, 73190, 372
39022, 0, 16, 33, 28, 5, 26.82%, 0, 11, 3, 1.09, 73196, 372
39027, 0, 16, 33, 28, 5, 26.82%, 0, 11, 3, 1.09, 73202, 372
39033, 0, 16, 33, 28, 5, 26.82%, 0, 11, 3, 1.09, 73208, 372
39038, 0, 16, 33, 28, 5, 26.82%, 0, 11, 3, 1.09, 73214, 372
39044, 0, 16, 33, 28, 5, 26.82%, 0, 11, 3, 1.09, 73220, 372
39049, 0, 16, 33, 28, 5, 26.82%, 0, 11, 3, 1.09, 73226, 372
39055, 0, 16, 33, 28, 5, 26.82%, 0, 11, 3, 1.09, 73232, 372
39060, 0, 16, 33, 28, 5, 26.82%, 0, 11, 3, 1.09, 73238, 372
39066, 0, 16, 33, 28, 5, 26.82%, 0, 11, 3, 1.09, 73244, 372
39071, 0, 16, 33, 28, 5, 26.82%, 0, 11, 3, 1.09, 73250, 372
39077, 0, 16, 33, 28, 5, 26.82%, 0, 11, 3, 1.09, 73256, 372
39082, 0, 16, 33, 28, 5, 26.82%, 0, 11, 3, 1.09, 73262, 372
39088, 0, 16, 33, 28, 5, 26.82%, 0, 11, 3, 1.09, 73268, 372
39093, 0, 16, 33, 28, 5, 26.82%, 0, 11, 3, 1.09, 73274, 372
39099, 0, 16, 33, 28, 5, 26.82%, 0, 11, 3, 1.09, 73280, 372
39104, 0, 16, 33, 28, 5, 26.82%, 0, 11, 3, 1.09, 73286, 372
39110, 0, 16, 33, 28, 5, 26.82%, 0, 11, 3, 1.09, 73292, 372
39115, 0, 16, 33, 28, 5, 26.82%, 0, 11, 3, 1.09, 73298, 372
39121, 0, 16, 33, 28, 5, 26.82%, 0, 11, 3, 1.09, 73304, 372
39126, 0, 16, 33, 28, 5, 26.82%, 0, 11, 3, 1.09, 73310, 372
39132, 0, 16, 33, 28, 5, 26.82%, 0, 11, 3, 1.09, 73316, 372
39137, 0, 16, 33, 28, 5, 26.82%, 0, 11, 3, 1.09, 73322, 372
39143, 0, 16, 33, 28, 5, 26.82%, 0, 11, 3, 1.09, 73328, 372
39148, 0, 16, 33, 28, 5, 26.82%, 0, 11, 3, 1.09, 73334, 372
39154, 0, 16, 33, 28, 5, 26.82%, 0, 11, 3, 1.09, 73340, 372
39159, 0, 16, 33, 28, 5, 26.82%, 0, 11, 3, 1.09, 73346, 372
39164, 0, 16, 33, 28, 5, 26.82%, 0, 11, 3, 1.09, 73352, 372
39170, 0, 16, 33, 28, 5, 26.82%, 0, 11, 3, 1.09, 73358, 372
39175, 0, 16, 33, 28, 5, 26.82%, 0, 11, 3, 1.09, 73364, 372
39181, 0, 16, 33, 28, 5, 26.82%, 0, 11, 3, 1.09, 73370, 372
39186, 0, 16, 33, 28, 5, 26.82%, 0, 11, 3, 1.09, 73376, 372
39192, 0, 16, 33, 28, 5, 26.82%, 0, 11, 3, 1.09, 73382, 372
39197, 0, 16, 33, 28, 5, 26.82%, 0, 11, 3, 1.09, 73388, 372
39203, 0, 16, 33, 28, 5, 26.82%, 0, 11, 3, 1.09, 73394, 372
39208, 0, 16, 33, 28, 5, 26.82%, 0, 11, 3, 1.09, 73400, 372
39214, 0, 16, 33, 28, 5, 26.82%, 0, 11, 3, 1.09, 73406, 372
39219, 0, 16, 33, 28, 5, 26.82%, 0, 11, 3, 1.09, 73412, 372
39225, 0, 16, 33, 28, 5, 26.82%, 0, 11, 3, 1.09, 73418, 372
39230, 0, 16, 33, 28, 5, 26.82%, 0, 11, 3, 1.09, 73424, 372
39236, 0, 16, 33, 28, 5, 26.82%, 0, 11, 3, 1.09, 73430, 372
39241, 0, 16, 33, 28, 5, 26.82%, 0, 11, 3, 1.09, 73436, 372
39247, 0, 16, 33, 28, 5, 26.82%, 0, 11, 3, 1.09, 73442, 372
39252, 0, 16, 33, 28, 5, 26.82%, 0, 11, 3, 1.09, 73448, 372
39258, 0, 16, 33, 28, 5, 26.82%, 0, 11, 3, 1.09, 73454, 372
39263, 0, 16, 33, 28, 5, 26.82%, 0, 11, 3, 1.09, 73460, 372
39269, 0, 16, 33, 28, 5, 26.82%, 0, 11, 3, 1.09, 73466, 372
39274, 0, 16, 33, 28, 5, 26.82%, 0, 11, 3, 1.09, 73472, 372
39280, 0, 16, 33, 28, 5, 26.82%, 0, 11, 3, 1.09, 73478, 372
39285, 0, 16, 33, 28, 5, 26.82%, 0, 11, 3, 1.09, 73484, 372
39291, 0, 16, 33, 28, 5, 26.82%, 0, 11, 3, 1.09, 73490, 372
39296, 0, 16, 33, 28, 5, 26.82%, 0, 11, 3, 1.09, 73496, 372
39302, 0, 16, 33, 28, 5, 26.82%, 0, 11, 3, 1.09, 73502, 372
39307, 0, 16, 33, 28, 5, 26.82%, 0, 11, 3, 1.09, 73508, 372
39313, 0, 16, 33, 28, 5, 26.82%, 0, 11, 3, 1.09, 73514, 372
39318, 0, 16, 33, 28, 5, 26.82%, 0, 11, 3, 1.09, 73520, 372
39323, 0, 16, 33, 28, 5, 26.82%, 0, 11, 3, 1.09, 73526, 372
39329, 0, 16, 33, 28, 5, 26.82%, 0, 11, 3, 1.09, 73532, 372
39334, 0, 16, 33, 28, 5, 26.82%, 0, 11, 3, 1.09, 73538, 372
39340, 0, 16, 33, 28, 5, 26.82%, 0, 11, 3, 1.09, 73544, 372
39345, 0, 16, 33, 28, 5, 26.82%, 0, 11, 3, 1.09, 73550, 372
39351, 0, 16, 33, 28, 5, 26.82%, 0, 11, 3, 1.09, 73556, 372
39356, 0, 16, 33, 28, 5, 26.82%, 0, 11, 3, 1.09, 73562, 372
39362, 0, 16, 33, 28, 5, 26.82%, 0, 11, 3, 1.09, 73568, 372
39367, 0, 16, 33, 28, 5, 26.82%, 0, 11, 3, 1.09, 73574, 372
39373, 0, 16, 33, 28, 5, 26.82%, 0, 11, 3, 1.09, 73580, 372
39378, 0, 16, 33, 28, 5, 26.82%, 0, 11, 3, 1.09, 73586, 372
39384, 0, 16, 33, 28, 5, 26.82%, 0, 11, 3, 1.09, 73592, 372
39389, 0, 16, 33, 28, 5, 26.82%, 0, 11, 3, 1.09, 73598, 372
39395, 0, 16, 33, 28, 5, 26.82%, 0, 11, 3, 1.09, 73604, 372
39400, 0, 16, 33, 28, 5, 26.82%, 0, 11, 3, 1.09, 73610, 372
39406, 0, 16, 33, 28, 5, 26.82%, 0, 11, 3, 1.09, 73616, 372
39411, 0, 16, 33, 28, 5, 26.82%, 0, 11, 3, 1.09, 73622, 372
39417, 0, 16, 33, 28, 5, 26.82%, 0, 11, 3, 1.09, 73628, 372
39422, 0, 16, 33, 28, 5, 26.82%, 0, 11, 3, 1.09, 73634, 372
39428, 0, 16, 33, 28, 5, 26.82%, 0, 11, 3, 1.09, 73640, 372
39433, 0, 16, 33, 28, 5, 26.82%, 0, 11, 3, 1.09, 73646, 372
39439, 0, 16, 33, 28, 5, 26.82%, 0, 11, 3, 1.09, 73652, 372
39444, 0, 16, 33, 28, 5, 26.82%, 0, 11, 3, 1.09, 73658, 372
39450, 0, 16, 33, 28, 5, 26.82%, 0, 11, 3, 1.09, 73664, 372
39455, 0, 16, 33, 28, 5, 26.82%, 0, 11, 3, 1.09, 73670, 372
39461, 0, 16, 33, 28, 5, 26.82%, 0, 11, 3, 1.09, 73676, 372
39466, 0, 16, 33, 28, 5, 26.82%, 0, 11, 3, 1.09, 73682, 372
39472, 0, 16, 33, 28, 5, 26.82%, 0, 11, 3, 1.09, 73688, 372
39477, 0, 16, 33, 28, 5, 26.82%, 0, 11, 3, 1.09, 73694, 372
39483, 0, 16, 33, 28, 5, 26.82%, 0, 11, 3, 1.09, 73700, 372
39488, 0, 16, 33, 28, 5, 26.82%, 0, 11, 3, 1.09, 73706, 372
39493, 0, 16, 33, 28, 5, 26.82%, 0, 11, 3, 1.09, 73712, 372
39499, 0, 16, 33, 28, 5, 26.82%, 0, 11, 3, 1.09, 73718, 372
39504, 0, 16, 33, 28, 5, 26.82%, 0, 11, 3, 1.09, 73724, 372
39510, 0, 16, 33, 28, 5, 26.82%, 0, 11, 3, 1.09, 73730, 372
39515, 0, 16, 33, 28, 5, 26.82%, 0, 11, 3, 1.09, 73736, 372
39521, 0, 16, 33, 28, 5, 26.82%, 0, 11, 3, 1.09, 73742, 372
39526, 0, 16, 33, 28, 5, 26.82%, 0, 11, 3, 1.09, 73748, 372
39532, 0, 16, 33, 28, 5, 26.82%, 0, 11, 3, 1.09, 73754, 372
39537, 0, 16, 33, 28, 5, 26.82%, 0, 11, 3, 1.09, 73760, 372
39543, 0, 16, 33, 28, 5, 26.82%, 0, 11, 3, 1.09, 73766, 372
39548, 0, 16, 33, 28, 5, 26.82%, 0, 11, 3, 1.09, 73772, 372
39554, 0, 16, 33, 28, 5, 26.82%, 0, 11, 3, 1.09, 73778, 372
39559, 0, 16, 33, 28, 5, 26.82%, 0, 11, 3, 1.30, 73785, 372
39564, 0, 16, 33, 28, 5, 26.82%, 0, 11, 3, 1.23, 73791, 372
39570, 0, 16, 33, 28, 5, 26.82%, 0, 11, 3, 1.19, 73797, 372
39575, 0, 16, 33, 28, 5, 26.82%, 0, 11, 3, 1.16, 73803, 372
39581, 0, 16, 33, 28, 5, 26.82%, 0, 11, 3, 1.14, 73809, 372
39586, 0, 16, 33, 28, 5, 26.82%, 0, 11, 3, 1.12, 73815, 372
39592, 0, 16, 33, 28, 5, 26.82%, 0, 11, 3, 1.11, 73821, 372
39597, 0, 16, 33, 28, 5, 26.82%, 0, 11, 3, 1.11, 73827, 372
39603, 0, 16, 33, 28, 5, 26.82%, 0, 11, 3, 1.10, 73833, 372
39608, 0, 16, 33, 28, 5, 26.82%, 0, 11, 3, 1.10, 73839, 372
39614, 0, 16, 33, 28, 5, 26.82%, 0, 11, 3, 1.10, 73845, 372
39619, 0, 16, 33, 28, 5, 26.82%, 0, 11, 3, 1.10, 73851, 372
39625, 0, 16, 33, 28, 5, 26.82%, 0, 11, 3, 1.10, 73857, 372
39630, 0, 16, 33, 28, 5, 26.82%, 0, 11, 3, 1.10, 73863, 372
39636, 0, 16, 33, 28, 5, 26.82%, 0, 11, 3, 1.10, 73869, 372
39641, 0, 16, 33, 28, 5, 26.82%, 0, 11, 3, 1.10, 73875, 372
39647, 0, 16, 33, 28, 5, 26.82%, 0, 11, 3, 1.09, 73881, 372
39652, 0, 16, 33, 28, 5, 26.82%, 0, 11, 3, 1.09, 73887, 372
39658, 0, 16, 33, 28, 5, 26.82%, 0, 11, 3, 1.09, 73893, 372
39663, 0, 16, 33, 28, 5, 26.82%, 0, 11, 3, 1.09, 73899, 372
39668, 0, 16, 33, 28, 5, 26.82%, 0, 11, 3, 1.09, 73905, 372
39674, 0, 16, 33, 28, 5, 26.82%, 0, 11, 3, 1.09, 73911, 372
39679, 0, 16, 33, 28, 5, 26.82%, 0, 11, 3, 1.09, 73917, 372
39685, 0, 16, 33, 28, 5, 26.82%, 0, 11, 3, 1.09, 73923, 372
39690, 0, 16, 33, 28, 5, 26.82%, 0, 11, 3, 1.09, 73929, 372
39696, 0, 16, 33, 28, 5, 26.82%, 0, 11, 3, 1.09, 73935, 372
39701, 0, 16, 33, 28, 5, 26.82%, 0, 11, 3, 1.09, 73941, 372
39707, 0, 16, 33, 28, 5, 26.82%, 0, 11, 3, 1.09, 73947, 372
39712, 0, 16, 33, 28, 5, 26.82%, 0, 11, 3, 1.09, 73953, 372
39718, 0, 16, 33, 28, 5, 26.82%, 0, 11, 3, 1.09, 73959, 372
39723, 0, 16, 33, 28, 5, 26.82%, 0, 11, 3, 1.09, 73965, 372
39729, 0, 16, 33, 28, 5, 26.82%, 0, 11, 3, 1.09, 73971, 372
39734, 0, 16, 33, 28, 5, 26.82%, 0, 11, 3, 1.09, 73977, 372
39740, 0, 16, 33, 28, 5, 26.82%, 0, 11, 3, 1.09, 73983, 372
39745, 0, 16, 33, 28, 5, 26.82%, 0, 11, 3, 1.09, 73989, 372
39751, 0, 16, 33, 28, 5, 26.82%, 0, 11, 3, 1.09, 73995, 372
39756, 0, 16, 33, 28, 5, 26.82%, 0, 11, 3, 1.09, 74001, 372
39762, 0, 16, 33, 28, 5, 26.82%, 0, 11, 3, 1.09, 74007, 372
39767, 0, 16, 33, 28, 5, 26.82%, 0, 11, 3, 1.09, 74013, 372
39772, 0, 16, 33, 28, 5, 26.82%, 0, 11, 3, 5.23, 74024, 372
39778, 0, 16, 33, 28, 5, 26.82%, 0, 11, 3, 4.34, 74035, 372
39783, 0, 16, 33, 28, 5, 26.82%, 0, 11, 3, 4.03, 74050, 372
39788, 0, 16, 33, 28, 5, 26.82%, 0, 11, 3, 3.29, 74057, 372
39794, 0, 16, 33, 28, 5, 26.82%, 0, 11, 3, 2.59, 74063, 372
39799, 0, 16, 33, 28, 5, 26.82%, 0, 11, 3, 2.11, 74069, 372
39805, 0, 16, 33, 28, 5, 26.82%, 0, 11, 3, 1.78, 74075, 372
39810, 0, 16, 33, 28, 5, 26.82%, 0, 11, 3, 1.56, 74081, 372
39816, 0, 16, 33, 28, 5, 26.82%, 0, 11, 3, 1.41, 74087, 372
39821, 0, 16, 33, 28, 5, 26.82%, 0, 11, 3, 1.31, 74093, 372
39827, 0, 16, 33, 28, 5, 26.82%, 0, 11, 3, 1.24, 74099, 372
39832, 0, 16, 33, 28, 5, 26.82%, 0, 11, 3, 1.19, 74105, 372
39838, 0, 16, 33, 28, 5, 26.82%, 0, 11, 3, 1.16, 74111, 372
39843, 0, 16, 33, 28, 5, 26.82%, 0, 11, 3, 1.14, 74117, 372
39849, 0, 16, 33, 28, 5, 26.82%, 0, 11, 3, 1.13, 74123, 372
39854, 0, 16, 33, 28, 5, 26.82%, 0, 11, 3, 1.12, 74129, 372
39860, 0, 16, 33, 28, 5, 26.82%, 0, 11, 3, 1.11, 74135, 372
39865, 0, 16, 33, 28, 5, 26.82%, 0, 11, 3, 1.10, 74141, 372
39871, 0, 16, 33, 28, 5, 26.82%, 0, 11, 3, 1.10, 74147, 372
39876, 0, 16, 33, 28, 5, 26.82%, 0, 11, 3, 1.10, 74153, 372
39882, 0, 16, 33, 28, 5, 26.82%, 0, 11, 3, 1.10, 74159, 372
39887, 0, 16, 33, 28, 5, 26.82%, 0, 11, 3, 1.10, 74165, 372
39893, 0, 16, 33, 28, 5, 26.82%, 0, 11, 3, 1.10, 74171, 372
39898, 0, 16, 33, 28, 5, 26.82%, 0, 11, 3, 1.10, 74177, 372
39904, 0, 16, 33, 28, 5, 26.82%, 0, 11, 3, 1.09, 74183, 372
39909, 0, 16, 33, 28, 5, 26.82%, 0, 11, 3, 1.09, 74189, 372
39915, 0, 16, 33, 28, 5, 26.82%, 0, 11, 3, 1.09, 74195, 372
39920, 0, 16, 33, 28, 5, 26.82%, 0, 11, 3, 1.09, 74201, 372
39925, 0, 16, 33, 28, 5, 26.82%, 0, 11, 3, 1.09, 74207, 372
39931, 0, 16, 33, 28, 5, 26.82%, 0, 11, 3, 1.09, 74213, 372
39936, 0, 16, 33, 28, 5, 26.82%, 0, 11, 3, 1.09, 74219, 372
39942, 0, 16, 33, 28, 5, 26.82%, 0, 11, 3, 1.09, 74225, 372
39947, 0, 16, 33, 28, 5, 26.82%, 0, 11, 3, 1.09, 74231, 372
39953, 0, 16, 33, 28, 5, 26.82%, 0, 11, 3, 1.09, 74237, 372
39958, 0, 16, 33, 28, 5, 26.82%, 0, 11, 3, 1.09, 74243, 372
39964, 0, 16, 33, 28, 5, 26.82%, 0, 11, 3, 1.09, 74249, 372
39969, 0, 16, 33, 28, 5, 26.82%, 0, 11, 3, 1.09, 74255, 372
39975, 0, 16, 33, 28, 5, 26.82%, 0, 11, 3, 1.09, 74261, 372
39980, 0, 16, 33, 28, 5, 26.82%, 0, 11, 3, 1.09, 74267, 372
39986, 0, 16, 33, 28, 5, 26.82%, 0, 11, 3, 1.09, 74273, 372
39991, 0, 16, 33, 28, 5, 26.82%, 0, 11, 3, 1.09, 74279, 372
39997, 0, 16, 33, 28, 5, 26.82%, 0, 11, 3, 1.09, 74285, 372
40002, 0, 16, 33, 28, 5, 26.82%, 0, 11, 3, 1.09, 74291, 372
40008, 0, 16, 33, 28, 5, 26.82%, 0, 11, 3, 1.09, 74297, 372
40013, 0, 16, 33, 28, 5, 26.82%, 0, 11, 3, 1.09, 74303, 372
40019, 0, 16, 33, 28, 5, 26.82%, 0, 11, 3, 1.09, 74309, 372
40024, 0, 16, 33, 28, 5, 26.82%, 0, 11, 3, 1.09, 74315, 372
40030, 0, 16, 33, 28, 5, 26.82%, 0, 11, 3, 1.09, 74321, 372
40035, 0, 16, 33, 28, 5, 26.82%, 0, 11, 3, 1.09, 74327, 372
40041, 0, 16, 33, 28, 5, 26.82%, 0, 11, 3, 1.09, 74333, 372
40046, 0, 16, 33, 28, 5, 26.82%, 0, 11, 3, 1.09, 74339, 372
40052, 0, 16, 33, 28, 5, 26.82%, 0, 11, 3, 1.09, 74345, 372
40057, 0, 16, 33, 28, 5, 26.82%, 0, 11, 3, 1.09, 74351, 372
40063, 0, 16, 33, 28, 5, 26.82%, 0, 11, 3, 1.09, 74357, 372
40068, 0, 16, 33, 28, 5, 26.82%, 0, 11, 3, 1.09, 74363, 372
40073, 0, 16, 33, 28, 5, 26.82%, 0, 11, 3, 1.09, 74369, 372
40079, 0, 16, 33, 28, 5, 26.82%, 0, 11, 3, 1.09, 74375, 372
40084, 0, 16, 33, 28, 5, 26.82%, 0, 11, 3, 1.09, 74381, 372
40090, 0, 16, 33, 28, 5, 26.82%, 0, 11, 3, 1.09, 74387, 372
40095, 0, 16, 33, 28, 5, 26.82%, 0, 11, 3, 1.09, 74393, 372
40101, 0, 16, 33, 28, 5, 26.82%, 0, 11, 3, 1.09, 74399, 372
40106, 0, 16, 33, 28, 5, 26.82%, 0, 11, 3, 1.09, 74405, 372
40112, 0, 16, 33, 28, 5, 26.82%, 0, 11, 3, 1.09, 74411, 372
40117, 0, 16, 33, 28, 5, 26.82%, 0, 11, 3, 1.09, 74417, 372
40123, 0, 16, 33, 28, 5, 26.82%, 0, 11, 3, 1.09, 74423, 372
40128, 0, 16, 33, 28, 5, 26.82%, 0, 11, 3, 1.09, 74429, 372
40134, 0, 16, 33, 28, 5, 26.82%, 0, 11, 3, 1.09, 74435, 372
40139, 0, 16, 33, 28, 5, 26.82%, 0, 11, 3, 1.09, 74441, 372
40145, 0, 16, 33, 28, 5, 26.82%, 0, 11, 3, 1.09, 74447, 372
40150, 0, 16, 33, 28, 5, 26.82%, 0, 11, 3, 1.09, 74453, 372
40156, 0, 16, 33, 28, 5, 26.82%, 0, 11, 3, 1.09, 74459, 372
40161, 0, 16, 33, 28, 5, 26.82%, 0, 11, 3, 1.09, 74465, 372
40167, 0, 16, 33, 28, 5, 26.82%, 0, 11, 3, 1.09, 74471, 372
40172, 0, 16, 33, 28, 5, 26.82%, 0, 11, 3, 1.09, 74477, 372
40178, 0, 16, 33, 28, 5, 26.82%, 0, 11, 3, 1.09, 74483, 372
40183, 0, 16, 33, 28, 5, 26.82%, 0, 11, 3, 1.09, 74489, 372
40189, 0, 16, 33, 28, 5, 26.82%, 0, 11, 3, 1.09, 74495, 372
40194, 0, 16, 33, 28, 5, 26.82%, 0, 11, 3, 1.09, 74501, 372
40200, 0, 16, 33, 28, 5, 26.82%, 0, 11, 3, 1.09, 74507, 372
40205, 0, 16, 33, 28, 5, 26.82%, 0, 11, 3, 1.09, 74513, 372
40211, 0, 16, 33, 28, 5, 26.82%, 0, 11, 3, 1.09, 74519, 372
40216, 0, 16, 33, 28, 5, 26.82%, 0, 11, 3, 1.09, 74525, 372
40222, 0, 16, 33, 28, 5, 26.82%, 0, 11, 3, 1.09, 74531, 372
40227, 0, 16, 33, 28, 5, 26.82%, 0, 11, 3, 1.09, 74537, 372
40233, 0, 16, 33, 28, 5, 26.82%, 0, 11, 3, 1.09, 74543, 372
40238, 0, 16, 33, 28, 5, 26.82%, 0, 11, 3, 1.09, 74549, 372
40243, 0, 16, 33, 28, 5, 26.82%, 0, 11, 3, 1.09, 74555, 372
40249, 0, 16, 33, 28, 5, 26.82%, 0, 11, 3, 1.09, 74561, 372
40254, 0, 16, 33, 28, 5, 26.82%, 0, 11, 3, 1.09, 74567, 372
40260, 0, 16, 33, 28, 5, 26.82%, 0, 11, 3, 1.09, 74573, 372
40265, 0, 16, 33, 28, 5, 26.82%, 0, 11, 3, 1.09, 74579, 372
40271, 0, 16, 33, 28, 5, 26.82%, 0, 11, 3, 1.09, 74585, 372
40276, 0, 16, 33, 28, 5, 26.82%, 0, 11, 3, 1.09, 74591, 372
40282, 0, 16, 33, 28, 5, 26.82%, 0, 11, 3, 1.09, 74597, 372
40287, 0, 16, 33, 28, 5, 26.82%, 0, 11, 3, 1.09, 74603, 372
40293, 0, 16, 33, 28, 5, 26.82%, 0, 11, 3, 1.09, 74609, 372
40298, 0, 16, 33, 28, 5, 26.82%, 0, 11, 3, 1.09, 74615, 372
40304, 0, 16, 33, 28, 5, 26.82%, 0, 11, 3, 1.09, 74621, 372
40309, 0, 16, 33, 28, 5, 26.82%, 0, 11, 3, 1.09, 74627, 372
40315, 0, 16, 33, 28, 5, 26.82%, 0, 11, 3, 1.09, 74633, 372
40320, 0, 16, 33, 28, 5, 26.82%, 0, 11, 3, 1.09, 74639, 372
40326, 0, 16, 33, 28, 5, 26.82%, 0, 11, 3, 1.09, 74645, 372
40331, 0, 16, 33, 28, 5, 26.82%, 0, 11, 3, 1.09, 74651, 372
40337, 0, 16, 33, 28, 5, 26.82%, 0, 11, 3, 1.09, 74657, 372
40342, 0, 16, 33, 28, 5, 26.82%, 0, 11, 3, 1.09, 74663, 372
40348, 0, 16, 33, 28, 5, 26.82%, 0, 11, 3, 1.09, 74669, 372
40353, 0, 16, 33, 28, 5, 26.82%, 0, 11, 3, 1.09, 74675, 372
40359, 0, 16, 33, 28, 5, 26.82%, 0, 11, 3, 1.09, 74681, 372
40364, 0, 16, 33, 28, 5, 26.82%, 0, 11, 3, 1.09, 74687, 372
40369, 0, 16, 33, 28, 5, 26.82%, 0, 11, 3, 5.21, 74698, 372
40375, 0, 16, 33, 28, 5, 26.82%, 0, 11, 3, 1.00, 74711, 372
40380, 0, 16, 33, 28, 5, 26.82%, 0, 11, 3, 1.04, 74719, 372
40385, 0, 16, 33, 28, 5, 26.82%, 0, 11, 3, 5.47, 74733, 372
40391, 0, 16, 33, 28, 5, 26.82%, 0, 11, 3, 1.00, 74746, 372
40396, 0, 16, 33, 28, 5, 26.82%, 0, 11, 3, 5.47, 74761, 372
40402, 0, 16, 33, 28, 5, 26.82%, 0, 11, 3, 5.01, 74775, 372
40407, 0, 16, 33, 28, 5, 26.82%, 0, 11, 3, 5.45, 74786, 372
40412, 0, 16, 33, 28, 5, 26.82%, 0, 11, 3, 1.20, 74795, 372
40418, 0, 16, 33, 28, 5, 26.82%, 0, 11, 3, 2.01, 74809, 372
40423, 0, 16, 33, 28, 5, 26.82%, 0, 11, 3, 2.82, 74824, 372
40429, 0, 16, 33, 28, 5, 26.82%, 0, 11, 3, 2.65, 74833, 372
40435, 0, 16, 33, 28, 5, 26.82%, 0, 11, 3, 2.17, 74840, 372
40440, 0, 16, 33, 28, 5, 26.82%, 0, 11, 3, 1.83, 74846, 372
40446, 0, 16, 33, 28, 5, 26.82%, 0, 11, 3, 1.59, 74852, 372
40451, 0, 16, 33, 28, 5, 26.82%, 0, 11, 3, 1.43, 74858, 372
40456, 0, 16, 33, 28, 5, 26.82%, 0, 11, 3, 1.32, 74864, 372
40462, 0, 16, 33, 28, 5, 26.82%, 0, 11, 3, 1.25, 74870, 372
40467, 0, 16, 33, 28, 5, 26.82%, 0, 11, 3, 1.20, 74876, 372
40473, 0, 16, 33, 28, 5, 26.82%, 0, 11, 3, 1.17, 74882, 372
40478, 0, 16, 33, 28, 5, 26.82%, 0, 11, 3, 1.14, 74888, 372
40484, 0, 16, 33, 28, 5, 26.82%, 0, 11, 3, 1.13, 74894, 372
40489, 0, 16, 33, 28, 5, 26.82%, 0, 11, 3, 1.12, 74900, 372
40495, 0, 16, 33, 28, 5, 26.82%, 0, 11, 3, 1.11, 74906, 372
40500, 0, 16, 33, 28, 5, 26.82%, 0, 11, 3, 1.10, 74912, 372
40506, 0, 16, 33, 28, 5, 26.82%, 0, 11, 3, 1.10, 74918, 372
40511, 0, 16, 33, 28, 5, 26.82%, 0, 11, 3, 1.10, 74924, 372
40517, 0, 16, 33, 28, 5, 26.82%, 0, 11, 3, 1.10, 74930, 372
40522, 0, 16, 33, 28, 5, 26.82%, 0, 11, 3, 1.10, 74936, 372
40528, 0, 16, 33, 28, 5, 26.82%, 0, 11, 3, 1.10, 74942, 372
40533, 0, 16, 33, 28, 5, 26.82%, 0, 11, 3, 1.09, 74948, 372
40539, 0, 16, 33, 28, 5, 26.82%, 0, 11, 3, 1.09, 74954, 372
40544, 0, 16, 33, 28, 5, 26.82%, 0, 11, 3, 1.09, 74960, 372
40550, 0, 16, 33, 28, 5, 26.82%, 0, 11, 3, 1.09, 74966, 372
40555, 0, 16, 33, 28, 5, 26.82%, 0, 11, 3, 1.09, 74972, 372
40561, 0, 16, 33, 28, 5, 26.82%, 0, 11, 3, 1.09, 74978, 372
40566, 0, 16, 33, 28, 5, 26.82%, 0, 11, 3, 1.09, 74984, 372
40572, 0, 16, 33, 28, 5, 26.82%, 0, 11, 3, 1.09, 74990, 372
40577, 0, 16, 33, 28, 5, 26.82%, 0, 11, 3, 1.09, 74996, 372
40583, 0, 16, 33, 28, 5, 26.82%, 0, 11, 3, 1.09, 75002, 372
40588, 0, 16, 33, 28, 5, 26.82%, 0, 11, 3, 1.09, 75008, 372
40594, 0, 16, 33, 28, 5, 26.82%, 0, 11, 3, 1.09, 75014, 372
40599, 0, 16, 33, 28, 5, 26.82%, 0, 11, 3, 1.09, 75020, 372
40605, 0, 16, 33, 28, 5, 26.82%, 0, 11, 3, 1.09, 75026, 372
40610, 0, 16, 33, 28, 5, 26.82%, 0, 11, 3, 1.09, 75032, 372
40616, 0, 16, 33, 28, 5, 26.82%, 0, 11, 3, 1.09, 75038, 372
40621, 0, 16, 33, 28, 5, 26.82%, 0, 11, 3, 1.09, 75044, 372
40626, 0, 16, 33, 28, 5, 26.82%, 0, 11, 3, 1.09, 75050, 372
40632, 0, 16, 33, 28, 5, 26.82%, 0, 11, 3, 1.09, 75056, 372
40637, 0, 16, 33, 28, 5, 26.82%, 0, 11, 3, 1.09, 75062, 372
40643, 0, 16, 33, 28, 5, 26.82%, 0, 11, 3, 1.09, 75068, 372
40648, 0, 16, 33, 28, 5, 26.82%, 0, 11, 3, 1.09, 75074, 372
40654, 0, 16, 33, 28, 5, 26.82%, 0, 11, 3, 1.09, 75080, 372
40659, 0, 16, 33, 28, 5, 26.82%, 0, 11, 3, 1.09, 75086, 372
40665, 0, 16, 33, 28, 5, 26.82%, 0, 11, 3, 1.09, 75092, 372
40670, 0, 16, 33, 28, 5, 26.82%, 0, 11, 3, 1.09, 75098, 372
40676, 0, 16, 33, 28, 5, 26.82%, 0, 11, 3, 1.09, 75104, 372
40681, 0, 16, 33, 28, 5, 26.82%, 0, 11, 3, 1.09, 75110, 372
40687, 0, 16, 33, 28, 5, 26.82%, 0, 11, 3, 1.09, 75116, 372
40692, 0, 16, 33, 28, 5, 26.82%, 0, 11, 3, 1.09, 75122, 372
40698, 0, 16, 33, 28, 5, 26.82%, 0, 11, 3, 1.09, 75128, 372
40703, 0, 16, 33, 28, 5, 26.82%, 0, 11, 3, 1.09, 75134, 372
40709, 0, 16, 33, 28, 5, 26.82%, 0, 11, 3, 1.09, 75140, 372
40714, 0, 16, 33, 28, 5, 26.82%, 0, 11, 3, 1.09, 75146, 372
40720, 0, 16, 33, 28, 5, 26.82%, 0, 11, 3, 1.09, 75152, 372
40725, 0, 16, 33, 28, 5, 26.82%, 0, 11, 3, 1.09, 75158, 372
40731, 0, 16, 33, 28, 5, 26.82%, 0, 11, 3, 1.09, 75164, 372
40736, 0, 16, 33, 28, 5, 26.82%, 0, 11, 3, 1.09, 75170, 372
40742, 0, 16, 33, 28, 5, 26.82%, 0, 11, 3, 1.09, 75176, 372
40747, 0, 16, 33, 28, 5, 26.82%, 0, 11, 3, 1.09, 75182, 372
40753, 0, 16, 33, 28, 5, 26.82%, 0, 11, 3, 1.09, 75188, 372
40758, 0, 16, 33, 28, 5, 26.82%, 0, 11, 3, 1.09, 75194, 372
40764, 0, 16, 33, 28, 5, 26.82%, 0, 11, 3, 1.09, 75200, 372
40769, 0, 16, 33, 28, 5, 26.82%, 0, 11, 3, 1.09, 75206, 372
40775, 0, 16, 33, 28, 5, 26.82%, 0, 11, 3, 1.09, 75212, 372
40780, 0, 16, 33, 28, 5, 26.82%, 0, 11, 3, 1.09, 75218, 372
40786, 0, 16, 33, 28, 5, 26.82%, 0, 11, 3, 1.09, 75224, 372
40791, 0, 16, 33, 28, 5, 26.82%, 0, 11, 3, 1.09, 75230, 372
40796, 0, 16, 33, 28, 5, 26.82%, 0, 11, 3, 1.09, 75236, 372
40802, 0, 16, 33, 28, 5, 26.82%, 0, 11, 3, 1.09, 75242, 372
40807, 0, 16, 33, 28, 5, 26.82%, 0, 11, 3, 1.09, 75248, 372
40813, 0, 16, 33, 28, 5, 26.82%, 0, 11, 3, 1.09, 75254, 372
40818, 0, 16, 33, 28, 5, 26.82%, 0, 11, 3, 1.09, 75260, 372
40824, 0, 16, 33, 28, 5, 26.82%, 0, 11, 3, 1.09, 75266, 372
40829, 0, 16, 33, 28, 5, 26.82%, 0, 11, 3, 1.09, 75272, 372
40835, 0, 16, 33, 28, 5, 26.82%, 0, 11, 3, 1.09, 75278, 372
40840, 0, 16, 33, 28, 5, 26.82%, 0, 11, 3, 1.09, 75284, 372
40846, 0, 16, 33, 28, 5, 26.82%, 0, 11, 3, 1.09, 75290, 372
40851, 0, 16, 33, 28, 5, 26.82%, 0, 11, 3, 1.09, 75296, 372
40857, 0, 16, 33, 28, 5, 26.82%, 0, 11, 3, 1.09, 75302, 372
40862, 0, 16, 33, 28, 5, 26.82%, 0, 11, 3, 1.09, 75308, 372
40868, 0, 16, 33, 28, 5, 26.82%, 0, 11, 3, 1.09, 75314, 372
40873, 0, 16, 33, 28, 5, 26.82%, 0, 11, 3, 1.09, 75320, 372
40879, 0, 16, 33, 28, 5, 26.82%, 0, 11, 3, 1.09, 75326, 372
40884, 0, 16, 33, 28, 5, 26.82%, 0, 11, 3, 1.09, 75332, 372
40890, 0, 16, 33, 28, 5, 26.82%, 0, 11, 3, 1.09, 75338, 372
40895, 0, 16, 33, 28, 5, 26.82%, 0, 11, 3, 1.09, 75344, 372
40901, 0, 16, 33, 28, 5, 26.82%, 0, 11, 3, 1.09, 75350, 372
40906, 0, 16, 33, 28, 5, 26.82%, 0, 11, 3, 1.09, 75356, 372
40912, 0, 16, 33, 28, 5, 26.82%, 0, 11, 3, 1.09, 75362, 372
40917, 0, 16, 33, 28, 5, 26.82%, 0, 11, 3, 1.09, 75368, 372
40923, 0, 16, 33, 28, 5, 26.82%, 0, 11, 3, 1.09, 75374, 372
40928, 0, 16, 33, 28, 5, 26.82%, 0, 11, 3, 1.09, 75380, 372
40934, 0, 16, 33, 28, 5, 26.82%, 0, 11, 3, 1.09, 75386, 372
40939, 0, 16, 33, 28, 5, 26.82%, 0, 11, 3, 1.09, 75392, 372
40945, 0, 16, 33, 28, 5, 26.82%, 0, 11, 3, 1.09, 75398, 372
40950, 0, 16, 33, 28, 5, 26.82%, 0, 11, 3, 1.09, 75404, 372
40956, 0, 16, 33, 28, 5, 26.82%, 0, 11, 3, 1.09, 75410, 372
40961, 0, 16, 33, 28, 5, 26.82%, 0, 11, 3, 1.09, 75416, 372
40966, 0, 16, 33, 28, 5, 26.82%, 0, 11, 3, 1.09, 75422, 372
40972, 0, 16, 33, 28, 5, 26.82%, 0, 11, 3, 1.09, 75428, 372
40977, 0, 16, 33, 28, 5, 26.82%, 0, 11, 3, 1.09, 75434, 372
40983, 0, 16, 33, 28, 5, 26.82%, 0, 11, 3, 1.09, 75440, 372
40988, 0, 16, 33, 28, 5, 26.82%, 0, 11, 3, 1.09, 75446, 372
40994, 0, 16, 33, 28, 5, 26.82%, 0, 11, 3, 1.09, 75452, 372
40999, 0, 16, 33, 28, 5, 26.82%, 0, 11, 3, 1.09, 75458, 372
41005, 0, 16, 33, 28, 5, 26.82%, 0, 11, 3, 1.09, 75464, 372
41010, 0, 16, 33, 28, 5, 26.82%, 0, 11, 3, 1.09, 75470, 372
41016, 0, 16, 33, 28, 5, 26.82%, 0, 11, 3, 1.09, 75476, 372
41021, 0, 16, 33, 28, 5, 26.82%, 0, 11, 3, 1.09, 75482, 372
41027, 0, 16, 33, 28, 5, 26.82%, 0, 11, 3, 1.09, 75488, 372
41032, 0, 16, 33, 28, 5, 26.82%, 0, 11, 3, 1.09, 75494, 372
41038, 0, 16, 33, 28, 5, 26.82%, 0, 11, 3, 1.09, 75500, 372
41043, 0, 16, 33, 28, 5, 26.82%, 0, 11, 3, 1.09, 75506, 372
41049, 0, 16, 33, 28, 5, 26.82%, 0, 11, 3, 1.09, 75512, 372
41054, 0, 16, 33, 28, 5, 26.82%, 0, 11, 3, 1.09, 75518, 372
41060, 0, 16, 33, 28, 5, 26.82%, 0, 11, 3, 1.09, 75524, 372
41065, 0, 16, 33, 28, 5, 26.82%, 0, 11, 3, 1.09, 75530, 372
41071, 0, 16, 33, 28, 5, 26.82%, 0, 11, 3, 1.09, 75536, 372
41076, 0, 16, 33, 28, 5, 26.82%, 0, 11, 3, 1.09, 75542, 372
41082, 0, 16, 33, 28, 5, 26.82%, 0, 11, 3, 1.09, 75548, 372
41087, 0, 16, 33, 28, 5, 26.82%, 0, 11, 3, 1.09, 75554, 372
41093, 0, 16, 33, 28, 5, 26.82%, 0, 11, 3, 1.09, 75560, 372
41098, 0, 16, 33, 28, 5, 26.82%, 0, 11, 3, 1.09, 75566, 372
41104, 0, 16, 33, 28, 5, 26.82%, 0, 11, 3, 1.09, 75572, 372
41109, 0, 16, 33, 28, 5, 26.82%, 0, 11, 3, 1.09, 75578, 372
41115, 0, 16, 33, 28, 5, 26.82%, 0, 11, 3, 1.09, 75584, 372
41120, 0, 16, 33, 28, 5, 26.82%, 0, 11, 3, 1.09, 75590, 372
41126, 0, 16, 33, 28, 5, 26.82%, 0, 11, 3, 1.09, 75596, 372
41131, 0, 16, 33, 28, 5, 26.82%, 0, 11, 3, 1.09, 75602, 372
41137, 0, 16, 33, 28, 5, 26.82%, 0, 11, 3, 1.09, 75608, 372
41142, 0, 16, 33, 28, 5, 26.82%, 0, 11, 3, 1.09, 75614, 372
41148, 0, 16, 33, 28, 5, 26.82%, 0, 11, 3, 1.09, 75620, 372
41153, 0, 16, 33, 28, 5, 26.82%, 0, 11, 3, 1.09, 75626, 372
41158, 0, 16, 33, 28, 5, 26.82%, 0, 11, 3, 1.09, 75632, 372
41164, 0, 16, 33, 28, 5, 26.82%, 0, 11, 3, 1.09, 75638, 372
41169, 0, 16, 33, 28, 5, 26.82%, 0, 11, 3, 1.09, 75644, 372
41175, 0, 16, 33, 28, 5, 26.82%, 0, 11, 3, 1.09, 75650, 372
41180, 0, 16, 33, 28, 5, 26.82%, 0, 11, 3, 1.09, 75656, 372
41186, 0, 16, 33, 28, 5, 26.82%, 0, 11, 3, 1.37, 75666, 372
41191, 0, 16, 33, 28, 5, 26.82%, 0, 11, 3, 1.40, 75674, 372
41196, 0, 16, 33, 28, 5, 26.82%, 0, 11, 3, 1.55, 75684, 372
41202, 0, 16, 33, 28, 5, 26.82%, 0, 11, 3, 1.25, 75697, 372
41207, 0, 16, 33, 28, 5, 26.82%, 0, 11, 3, 1.09, 75708, 372
41212, 0, 16, 33, 28, 5, 26.82%, 0, 11, 3, 1.16, 75715, 372
41218, 0, 16, 33, 28, 5, 26.82%, 0, 11, 3, 1.14, 75721, 372
41223, 0, 16, 33, 28, 5, 26.82%, 0, 11, 3, 1.12, 75727, 372
41228, 0, 16, 33, 28, 5, 26.82%, 0, 11, 3, 1.37, 75734, 372
41233, 0, 16, 33, 28, 5, 26.82%, 0, 11, 3, 1.10, 75744, 372
41239, 0, 16, 33, 28, 5, 26.82%, 0, 11, 3, 1.43, 75754, 372
41245, 0, 16, 33, 28, 5, 26.82%, 0, 11, 3, 1.37, 75761, 372
41250, 0, 16, 33, 28, 5, 26.82%, 0, 11, 3, 1.35, 75768, 372
41255, 0, 16, 33, 28, 5, 26.82%, 0, 11, 3, 1.41, 75776, 372
41261, 0, 16, 33, 28, 5, 26.82%, 0, 11, 3, 1.49, 75785, 372
41266, 0, 16, 33, 28, 5, 26.82%, 0, 11, 3, 1.43, 75792, 372
41272, 0, 16, 33, 28, 5, 26.82%, 0, 11, 3, 1.32, 75798, 372
41277, 0, 16, 33, 28, 5, 26.82%, 0, 11, 3, 8.05, 75814, 372
41283, 0, 16, 33, 28, 5, 26.82%, 0, 11, 3, 1.20, 75832, 372
41288, 0, 16, 33, 28, 5, 26.82%, 0, 11, 3, 8.05, 75844, 372
41294, 0, 22, 33, 27, 4, 26.82%, 0, 11, 3, 1.09, 75868, 372
41299, 0, 22, 33, 27, 4, 26.82%, 0, 11, 3, 2.13, 75883, 372
41304, 0, 22, 33, 27, 4, 26.82%, 0, 11, 3, 2.23, 75894, 372
41309, 0, 22, 33, 27, 4, 26.82%, 0, 11, 3, 1.96, 75902, 372
41315, 0, 22, 33, 27, 4, 26.82%, 0, 11, 3, 1.90, 75911, 372
41320, 0, 22, 33, 27, 4, 26.82%, 0, 11, 3, 3.40, 75932, 372
41326, 0, 22, 33, 27, 4, 26.82%, 0, 11, 3, 3.58, 75951, 372
41332, 0, 22, 34, 28, 4, 26.82%, 0, 11, 3, 3.09, 75963, 372
41337, 0, 22, 34, 28, 4, 26.82%, 0, 11, 3, 2.98, 75976, 372
41342, 0, 22, 34, 28, 4, 26.82%, 0, 11, 3, 1.00, 76003, 372
41347, 0, 22, 34, 28, 4, 26.82%, 0, 11, 3, 5.52, 76028, 372
41353, 0, 22, 34, 28, 4, 26.82%, 0, 11, 3, 5.19, 76044, 372
41358, 0, 22, 34, 28, 4, 26.82%, 0, 11, 3, 3.88, 76050, 372
41364, 0, 22, 34, 28, 4, 26.82%, 0, 11, 3, 3.70, 76066, 372
41369, 0, 22, 34, 28, 4, 26.82%, 0, 11, 3, 2.89, 76074, 372
41375, 0, 22, 34, 28, 4, 26.82%, 0, 11, 3, 2.43, 76083, 372
41380, 0, 22, 34, 28, 4, 26.82%, 0, 11, 3, 2.05, 76090, 372
41386, 0, 22, 34, 28, 4, 26.82%, 0, 11, 3, 1.95, 76100, 372
41392, 0, 22, 34, 28, 4, 26.82%, 0, 11, 3, 1.76, 76108, 372
41397, 0, 22, 34, 28, 4, 26.82%, 0, 11, 3, 5.23, 76135, 372
41403, 0, 22, 34, 28, 4, 26.82%, 0, 11, 3, 3.90, 76141, 372
41409, 0, 22, 34, 28, 4, 26.82%, 0, 11, 3, 3.03, 76148, 372
41414, 0, 22, 34, 28, 4, 26.82%, 0, 11, 3, 2.55, 76157, 372
41420, 0, 22, 34, 28, 4, 26.82%, 0, 11, 3, 3.97, 76183, 372
41425, 0, 22, 34, 28, 4, 26.82%, 0, 11, 3, 3.04, 76189, 372
41431, 0, 22, 34, 28, 4, 26.82%, 0, 11, 3, 2.48, 76196, 372
41436, 0, 22, 34, 28, 4, 26.82%, 0, 11, 3, 2.06, 76203, 372
41442, 0, 22, 34, 28, 4, 26.82%, 0, 11, 3, 1.75, 76210, 372
41448, 0, 22, 34, 28, 4, 26.82%, 0, 11, 3, 1.59, 76217, 372
41453, 0, 22, 34, 28, 4, 26.82%, 0, 11, 3, 2.34, 76231, 372
41458, 0, 22, 34, 28, 4, 26.82%, 0, 11, 3, 3.04, 76250, 372
41463, 0, 22, 34, 28, 4, 26.82%, 0, 11, 3, 1.37, 76271, 372
41469, 0, 22, 34, 28, 4, 26.82%, 0, 11, 3, 1.44, 76279, 372
41474, 0, 22, 34, 28, 4, 26.82%, 0, 11, 3, 1.45, 76287, 372
41479, 0, 22, 34, 28, 4, 26.82%, 0, 11, 3, 2.73, 76304, 372
41484, 0, 22, 34, 28, 4, 26.82%, 0, 11, 3, 3.01, 76319, 372
41490, 0, 22, 34, 28, 4, 26.82%, 0, 11, 3, 2.43, 76328, 372
41495, 0, 22, 34, 28, 4, 26.82%, 0, 11, 3, 2.00, 76334, 372
41500, 0, 22, 34, 28, 4, 26.82%, 0, 11, 3, 1.37, 76352, 372
41506, 0, 22, 34, 28, 4, 26.82%, 0, 11, 3, 1.39, 76360, 372
41511, 0, 22, 34, 28, 4, 26.82%, 0, 11, 3, 1.00, 76378, 372
41517, 0, 22, 34, 28, 4, 26.82%, 0, 11, 3, 4.87, 76401, 372
41522, 0, 22, 34, 28, 4, 26.82%, 0, 11, 3, 3.64, 76412, 372
41527, 0, 22, 34, 28, 4, 26.82%, 0, 11, 3, 4.49, 76438, 372
41533, 0, 22, 34, 28, 4, 26.82%, 0, 11, 3, 4.69, 76463, 372
41538, 0, 22, 34, 28, 4, 26.82%, 0, 11, 3, 5.64, 76491, 372
41543, 0, 22, 34, 28, 4, 26.82%, 0, 11, 3, 4.60, 76503, 372
41553, 0, 22, 35, 29, 4, 26.82%, 0, 11, 3, 4.06, 76516, 372
41558, 0, 22, 35, 29, 4, 26.82%, 0, 11, 3, 3.15, 76523, 372
41564, 0, 22, 35, 29, 4, 26.82%, 0, 11, 3, 2.55, 76530, 372
41569, 0, 22, 35, 29, 4, 26.82%, 0, 11, 3, 2.13, 76537, 372
41575, 0, 22, 35, 29, 4, 26.82%, 0, 11, 3, 2.31, 76552, 372
41580, 0, 22, 35, 29, 4, 26.82%, 0, 11, 3, 14.15, 76574, 372
41586, 0, 22, 35, 29, 4, 26.82%, 0, 11, 3, 1.13, 76581, 372
41592, 0, 22, 35, 29, 4, 26.82%, 0, 11, 3, 1.15, 76588, 372
41598, 0, 22, 35, 29, 4, 26.82%, 0, 11, 3, 1.17, 76595, 372
41603, 0, 22, 35, 29, 4, 26.82%, 0, 11, 3, 1.18, 76601, 372
41608, 0, 22, 35, 29, 4, 26.82%, 0, 11, 3, 1.25, 76608, 372
41613, 0, 22, 35, 29, 4, 26.82%, 0, 11, 3, 1.74, 76621, 372
41618, 0, 22, 35, 29, 4, 26.82%, 0, 11, 3, 1.92, 76632, 372
41623, 0, 22, 35, 29, 4, 26.82%, 0, 11, 3, 1.73, 76639, 372
41629, 0, 22, 35, 29, 4, 26.82%, 0, 11, 3, 1.57, 76646, 372
41634, 0, 22, 35, 29, 4, 26.82%, 0, 11, 3, 1.54, 76654, 372
41640, 0, 22, 35, 29, 4, 26.82%, 0, 11, 3, 1.41, 76661, 372
41645, 0, 22, 35, 29, 4, 26.82%, 0, 11, 3, 1.68, 76671, 372
41651, 0, 22, 35, 29, 4, 26.82%, 0, 11, 3, 1.63, 76680, 372
41657, 0, 22, 35, 29, 4, 26.82%, 0, 11, 3, 5.36, 76718, 372
41662, 0, 22, 35, 29, 4, 26.82%, 0, 11, 3, 3.91, 76725, 372
41668, 0, 22, 35, 29, 4, 26.82%, 0, 11, 3, 2.94, 76732, 372
41673, 0, 22, 35, 29, 4, 26.82%, 0, 11, 3, 2.39, 76739, 372
41679, 0, 22, 35, 29, 4, 26.82%, 0, 11, 3, 1.97, 76745, 372
41684, 0, 22, 35, 29, 4, 26.82%, 0, 11, 3, 2.03, 76756, 372
41690, 0, 22, 35, 29, 4, 26.82%, 0, 11, 3, 2.63, 76772, 372
41695, 0, 22, 35, 29, 4, 26.82%, 0, 11, 3, 5.63, 76809, 372
41701, 0, 22, 35, 29, 4, 26.82%, 0, 11, 3, 5.25, 76834, 372
41706, 0, 22, 35, 29, 4, 26.82%, 0, 11, 3, 4.04, 76842, 372
41712, 0, 22, 35, 29, 4, 26.82%, 0, 11, 3, 3.09, 76848, 372
41717, 0, 22, 35, 29, 4, 26.82%, 0, 11, 3, 3.40, 76865, 372
41722, 0, 22, 35, 29, 4, 26.82%, 0, 11, 3, 2.86, 76877, 372
41727, 0, 22, 35, 29, 4, 26.82%, 0, 11, 3, 3.25, 76893, 372
41733, 0, 22, 35, 29, 4, 26.82%, 0, 11, 3, 1.09, 76927, 372
41738, 0, 22, 35, 29, 4, 26.82%, 0, 11, 3, 1.62, 76936, 372
41743, 0, 22, 35, 29, 4, 26.82%, 0, 11, 3, 2.89, 76954, 372
41749, 0, 22, 35, 29, 4, 26.82%, 0, 11, 3, 2.46, 76963, 372
41755, 0, 22, 35, 29, 4, 26.82%, 0, 11, 3, 2.44, 76974, 372
41760, 0, 22, 35, 29, 4, 26.82%, 0, 11, 3, 3.56, 76996, 372
41766, 0, 22, 35, 29, 4, 26.82%, 0, 11, 3, 2.77, 77002, 372
41771, 0, 22, 35, 29, 4, 26.82%, 0, 11, 3, 2.27, 77009, 372
41777, 0, 22, 35, 29, 4, 26.82%, 0, 11, 3, 2.07, 77018, 372
41782, 0, 22, 35, 29, 4, 26.82%, 0, 11, 3, 1.92, 77027, 372
41787, 0, 22, 35, 29, 4, 26.82%, 0, 11, 3, 5.77, 77066, 372
41793, 0, 22, 35, 29, 4, 26.82%, 0, 11, 3, 4.38, 77079, 372
41798, 0, 22, 35, 29, 4, 26.82%, 0, 11, 3, 3.91, 77092, 372
41803, 0, 22, 35, 29, 4, 26.82%, 0, 11, 3, 3.19, 77100, 372
41809, 0, 22, 35, 29, 4, 26.82%, 0, 11, 3, 3.32, 77114, 372
41814, 0, 22, 35, 29, 4, 26.82%, 0, 11, 3, 2.60, 77120, 372
41820, 0, 22, 35, 29, 4, 26.82%, 0, 11, 3, 2.12, 77126, 372
41825, 0, 22, 35, 29, 4, 26.82%, 0, 11, 3, 1.93, 77133, 372
41833, 0, 22, 36, 30, 4, 26.82%, 0, 11, 3, 1.82, 77142, 372
41839, 0, 22, 36, 30, 4, 26.82%, 0, 11, 3, 1.75, 77151, 372
41844, 0, 22, 36, 30, 4, 26.82%, 0, 11, 3, 1.02, 77176, 372
41850, 0, 22, 36, 30, 4, 26.82%, 0, 11, 3, 4.92, 77191, 372
41855, 0, 22, 36, 30, 4, 26.82%, 0, 11, 3, 3.73, 77201, 372
41860, 0, 22, 36, 30, 4, 26.82%, 0, 11, 3, 3.73, 77217, 372
41865, 0, 22, 36, 30, 4, 26.82%, 0, 11, 3, 3.04, 77225, 372
41871, 0, 22, 36, 30, 4, 26.82%, 0, 11, 3, 2.60, 77235, 372
41876, 0, 22, 36, 30, 4, 26.82%, 0, 11, 3, 35.52, 77265, 372
41881, 0, 22, 36, 30, 4, 26.82%, 0, 11, 3, 5.35, 77292, 372
41886, 0, 22, 36, 30, 4, 26.82%, 0, 11, 3, 5.13, 77318, 372
41892, 0, 22, 36, 30, 4, 26.82%, 0, 11, 3, 1.09, 77338, 372
41898, 0, 22, 36, 30, 4, 26.82%, 0, 11, 3, 1.09, 77344, 372
41903, 0, 22, 36, 30, 4, 26.82%, 0, 11, 3, 2.09, 77356, 372
41908, 0, 22, 36, 30, 4, 26.82%, 0, 11, 3, 2.05, 77365, 372
41913, 0, 22, 36, 30, 4, 26.82%, 0, 11, 3, 1.73, 77371, 372
41919, 0, 22, 36, 30, 4, 26.82%, 0, 11, 3, 1.82, 77399, 372
41924, 0, 22, 36, 30, 4, 26.82%, 0, 11, 3, 2.57, 77414, 372
41929, 0, 22, 36, 30, 4, 26.82%, 0, 11, 3, 3.73, 77437, 372
41934, 0, 22, 36, 30, 4, 26.82%, 0, 11, 3, 3.14, 77445, 372
41940, 0, 22, 36, 30, 4, 26.82%, 0, 11, 3, 2.62, 77453, 372
41946, 0, 22, 36, 30, 4, 26.82%, 0, 11, 3, 3.19, 77469, 372
41951, 0, 22, 36, 30, 4, 26.82%, 0, 11, 3, 2.58, 77476, 372
41957, 0, 22, 36, 30, 4, 26.82%, 0, 11, 3, 2.15, 77483, 372
41962, 0, 22, 36, 30, 4, 26.82%, 0, 11, 3, 2.08, 77490, 372
41968, 0, 22, 36, 30, 4, 26.82%, 0, 11, 3, 2.07, 77501, 372
41973, 0, 22, 36, 30, 4, 26.82%, 0, 11, 3, 1.00, 77530, 372
41979, 0, 22, 36, 30, 4, 26.82%, 0, 11, 3, 1.07, 77537, 372
41984, 0, 22, 36, 30, 4, 26.82%, 0, 11, 3, 1.12, 77544, 372
41990, 0, 22, 36, 30, 4, 26.82%, 0, 11, 3, 1.18, 77551, 372
41995, 0, 22, 36, 30, 4, 26.82%, 0, 11, 3, 3.03, 77573, 372
42000, 0, 22, 36, 30, 4, 26.82%, 0, 11, 3, 2.60, 77580, 372
42006, 0, 22, 36, 30, 4, 26.82%, 0, 11, 3, 2.16, 77587, 372
42012, 0, 22, 36, 30, 4, 26.82%, 0, 11, 3, 2.07, 77596, 372
42017, 0, 22, 36, 30, 4, 26.82%, 0, 11, 3, 3.15, 77614, 372
42023, 0, 22, 36, 30, 4, 26.82%, 0, 11, 3, 4.66, 77650, 372
42028, 0, 22, 36, 30, 4, 26.82%, 0, 11, 3, 3.62, 77658, 372
42033, 0, 22, 36, 30, 4, 26.82%, 0, 11, 3, 3.82, 77677, 372
42039, 0, 22, 36, 30, 4, 26.82%, 0, 11, 3, 3.00, 77686, 372
42044, 0, 22, 36, 30, 4, 26.82%, 0, 11, 3, 2.39, 77692, 372
42050, 0, 22, 36, 30, 4, 26.82%, 0, 11, 3, 2.72, 77704, 372
42055, 0, 22, 36, 30, 4, 26.82%, 0, 11, 3, 2.60, 77717, 372
42060, 0, 22, 36, 30, 4, 26.82%, 0, 11, 3, 2.53, 77728, 372
42066, 0, 22, 36, 30, 4, 26.82%, 0, 11, 3, 2.50, 77740, 372
42071, 0, 22, 36, 30, 4, 26.82%, 0, 11, 3, 2.26, 77763, 372
42076, 0, 22, 36, 30, 4, 26.82%, 0, 11, 3, 2.22, 77772, 372
42082, 0, 22, 36, 30, 4, 26.82%, 0, 11, 3, 1.93, 77780, 372
42088, 0, 22, 36, 30, 4, 26.82%, 0, 11, 3, 2.27, 77794, 372
42093, 0, 22, 36, 30, 4, 26.82%, 0, 11, 3, 1.98, 77802, 372
42099, 0, 22, 36, 30, 4, 26.82%, 0, 11, 3, 2.01, 77812, 372
42104, 0, 22, 36, 30, 4, 26.82%, 0, 11, 3, 2.98, 77829, 372
42109, 0, 22, 36, 30, 4, 26.82%, 0, 11, 3, 2.62, 77839, 372
42114, 0, 22, 36, 30, 4, 26.82%, 0, 11, 3, 2.23, 77846, 372
42120, 0, 22, 36, 30, 4, 26.82%, 0, 11, 3, 1.95, 77853, 372
42125, 0, 22, 36, 30, 4, 26.82%, 0, 11, 3, 1.90, 77862, 372
42130, 0, 22, 36, 30, 4, 26.82%, 0, 11, 3, 1.71, 77869, 372
42135, 0, 22, 36, 30, 4, 26.82%, 0, 11, 3, 1.59, 77876, 372
42140, 0, 22, 36, 30, 4, 26.82%, 0, 11, 3, 2.41, 77899, 372
42146, 0, 22, 36, 30, 4, 26.82%, 0, 11, 3, 2.06, 77906, 372
42151, 0, 22, 36, 30, 4, 26.82%, 0, 11, 3, 2.04, 77914, 372
42156, 0, 22, 36, 30, 4, 26.82%, 0, 11, 3, 1.86, 77922, 372
42161, 0, 22, 36, 30, 4, 26.82%, 0, 11, 3, 1.79, 77930, 372
42167, 0, 22, 36, 30, 4, 26.82%, 0, 11, 3, 2.38, 77942, 372
42172, 0, 22, 36, 30, 4, 26.82%, 0, 11, 3, 3.28, 77962, 372
42178, 0, 22, 36, 30, 4, 26.82%, 0, 11, 3, 2.58, 77968, 372
42183, 0, 22, 36, 30, 4, 26.82%, 0, 11, 3, 2.17, 77975, 372
42189, 0, 22, 36, 30, 4, 26.82%, 0, 11, 3, 14.21, 77997, 372
42194, 0, 22, 36, 30, 4, 26.82%, 0, 11, 3, 1.18, 78005, 372
42200, 0, 22, 36, 30, 4, 26.82%, 0, 11, 3, 2.54, 78020, 372
42205, 0, 22, 36, 30, 4, 26.82%, 0, 11, 3, 3.78, 78042, 372
42210, 0, 22, 36, 30, 4, 26.82%, 0, 11, 3, 2.99, 78050, 372
42216, 0, 22, 36, 30, 4, 26.82%, 0, 11, 3, 2.38, 78056, 372
42221, 0, 22, 36, 30, 4, 26.82%, 0, 11, 3, 1.97, 78062, 372
42227, 0, 22, 36, 30, 4, 26.82%, 0, 11, 3, 2.47, 78075, 372
42232, 0, 22, 36, 30, 4, 26.82%, 0, 11, 3, 2.46, 78086, 372
42237, 0, 22, 36, 30, 4, 26.82%, 0, 11, 3, 2.87, 78098, 372
42243, 0, 22, 36, 30, 4, 26.82%, 0, 11, 3, 3.80, 78119, 372
42248, 0, 22, 36, 30, 4, 26.82%, 0, 11, 3, 3.65, 78143, 372
42253, 0, 22, 36, 30, 4, 26.82%, 0, 11, 3, 3.30, 78156, 372
42259, 0, 22, 36, 30, 4, 26.82%, 0, 11, 3, 4.08, 78178, 372
42264, 0, 22, 36, 30, 4, 26.82%, 0, 11, 3, 4.07, 78195, 372
42269, 0, 22, 36, 30, 4, 26.82%, 0, 11, 3, 4.33, 78213, 372
42275, 0, 22, 36, 30, 4, 26.82%, 0, 11, 3, 3.38, 78221, 372
42280, 0, 22, 36, 30, 4, 26.82%, 0, 11, 3, 1.92, 78245, 372
42286, 0, 22, 36, 30, 4, 26.82%, 0, 11, 3, 2.87, 78263, 372
42291, 0, 22, 36, 30, 4, 26.82%, 0, 11, 3, 2.30, 78269, 372
42297, 0, 22, 36, 30, 4, 26.82%, 0, 11, 3, 3.62, 78288, 372
42302, 0, 22, 36, 30, 4, 26.82%, 0, 11, 3, 3.31, 78301, 372
42308, 0, 22, 36, 30, 4, 26.82%, 0, 11, 3, 2.59, 78308, 372
42314, 0, 22, 36, 30, 4, 26.82%, 0, 11, 3, 2.93, 78324, 372
42320, 0, 22, 36, 30, 4, 26.82%, 0, 11, 3, 2.48, 78332, 372
42325, 0, 22, 36, 30, 4, 26.82%, 0, 11, 3, 2.41, 78343, 372
42331, 0, 22, 36, 30, 4, 26.82%, 0, 11, 3, 2.87, 78358, 372
42336, 0, 22, 36, 30, 4, 26.82%, 0, 11, 3, 2.36, 78365, 372
42342, 0, 22, 36, 30, 4, 26.82%, 0, 11, 3, 1.20, 78384, 372
42347, 0, 22, 36, 30, 4, 26.82%, 0, 11, 3, 1.41, 78393, 372
42353, 0, 22, 36, 30, 4, 26.82%, 0, 11, 3, 1.61, 78403, 372
42358, 0, 22, 36, 30, 4, 26.82%, 0, 11, 3, 1.57, 78411, 372
42363, 0, 22, 36, 30, 4, 26.82%, 0, 11, 3, 1.41, 78417, 372
42369, 0, 22, 36, 30, 4, 26.82%, 0, 11, 3, 1.32, 78423, 372
42374, 0, 22, 36, 30, 4, 26.82%, 0, 11, 3, 1.78, 78432, 372
42379, 0, 22, 36, 30, 4, 26.82%, 0, 11, 3, 1.75, 78457, 372
42385, 0, 22, 36, 30, 4, 26.82%, 0, 11, 3, 1.64, 78465, 372
42390, 0, 22, 36, 30, 4, 26.82%, 0, 11, 3, 1.64, 78475, 372
42396, 0, 22, 36, 30, 4, 26.82%, 0, 11, 3, 1.56, 78483, 372
42401, 0, 22, 36, 30, 4, 26.82%, 0, 11, 3, 1.46, 78490, 372
42407, 0, 22, 36, 30, 4, 26.82%, 0, 11, 3, 1.38, 78497, 372
42412, 0, 22, 36, 30, 4, 26.82%, 0, 11, 3, 1.44, 78505, 372
42417, 0, 22, 36, 30, 4, 26.82%, 0, 11, 3, 1.42, 78512, 372
42423, 0, 22, 36, 30, 4, 26.82%, 0, 11, 3, 2.52, 78527, 372
42428, 0, 22, 36, 30, 4, 26.82%, 0, 11, 3, 2.47, 78537, 372
42433, 0, 22, 36, 30, 4, 26.82%, 0, 11, 3, 2.13, 78545, 372
42439, 0, 22, 36, 30, 4, 26.82%, 0, 11, 3, 2.30, 78556, 372
42444, 0, 22, 36, 30, 4, 26.82%, 0, 11, 3, 2.17, 78565, 372
42450, 0, 22, 36, 30, 4, 26.82%, 0, 11, 3, 2.00, 78584, 372
42455, 0, 22, 36, 30, 4, 26.82%, 0, 11, 3, 3.02, 78604, 372
42460, 0, 22, 36, 30, 4, 26.82%, 0, 11, 3, 3.29, 78618, 372
42465, 0, 22, 36, 30, 4, 26.82%, 0, 11, 3, 2.72, 78629, 372
42470, 0, 22, 36, 30, 4, 26.82%, 0, 11, 3, 2.23, 78637, 372
42476, 0, 22, 36, 30, 4, 26.82%, 0, 11, 3, 1.94, 78645, 372
42482, 0, 22, 36, 30, 4, 26.82%, 0, 11, 3, 1.75, 78653, 372
42487, 0, 22, 36, 30, 4, 26.82%, 0, 11, 3, 2.96, 78669, 372
42492, 0, 22, 36, 30, 4, 26.82%, 0, 11, 3, 2.38, 78676, 372
42497, 0, 22, 36, 30, 4, 26.82%, 0, 11, 3, 5.48, 78704, 372
42503, 0, 22, 36, 30, 4, 26.82%, 0, 11, 3, 1.09, 78720, 372
42508, 0, 22, 36, 30, 4, 26.82%, 0, 11, 3, 1.09, 78726, 372
42514, 0, 22, 36, 30, 4, 26.82%, 0, 11, 3, 5.44, 78746, 372
42519, 0, 22, 36, 30, 4, 26.82%, 0, 11, 3, 5.18, 78765, 372
42524, 0, 22, 36, 30, 4, 26.82%, 0, 11, 3, 3.87, 78771, 372
42530, 0, 22, 36, 30, 4, 26.82%, 0, 11, 3, 3.92, 78789, 372
42536, 0, 22, 36, 30, 4, 26.82%, 0, 11, 3, 3.05, 78796, 372
42541, 0, 22, 36, 30, 4, 26.82%, 0, 11, 3, 3.62, 78812, 372
42547, 0, 22, 36, 30, 4, 26.82%, 0, 11, 3, 2.88, 78821, 372
42552, 0, 22, 36, 30, 4, 26.82%, 0, 11, 3, 1.09, 78839, 372
42558, 0, 22, 36, 30, 4, 26.82%, 0, 11, 3, 1.21, 78848, 372
42564, 0, 22, 36, 30, 4, 26.82%, 0, 11, 3, 1.37, 78865, 372
42570, 0, 22, 36, 30, 4, 26.82%, 0, 11, 3, 1.41, 78874, 372
42575, 0, 22, 36, 30, 4, 26.82%, 0, 11, 3, 1.31, 78880, 372
42581, 0, 22, 36, 30, 4, 26.82%, 0, 11, 3, 1.29, 78887, 372
42586, 0, 22, 36, 30, 4, 26.82%, 0, 11, 3, 1.30, 78894, 372
42591, 0, 22, 36, 30, 4, 26.82%, 0, 11, 3, 1.48, 78902, 372
42596, 0, 22, 36, 30, 4, 26.82%, 0, 11, 3, 2.55, 78918, 372
42602, 0, 22, 36, 30, 4, 26.82%, 0, 11, 3, 1.15, 78939, 372
42608, 0, 22, 36, 30, 4, 26.82%, 0, 11, 3, 10.96, 78950, 372
42613, 0, 22, 36, 30, 4, 26.82%, 0, 11, 3, 5.47, 78974, 372
42618, 0, 22, 36, 30, 4, 26.82%, 0, 11, 3, 4.16, 78988, 372
42624, 0, 22, 36, 30, 4, 26.82%, 0, 11, 3, 4.07, 79006, 372
42629, 0, 22, 36, 30, 4, 26.82%, 0, 11, 3, 3.46, 79016, 372
42634, 0, 22, 36, 30, 4, 26.82%, 0, 11, 3, 1.37, 79035, 372
42639, 0, 22, 36, 30, 4, 26.82%, 0, 11, 3, 1.45, 79043, 372
42644, 0, 22, 36, 30, 4, 26.82%, 0, 11, 3, 1.61, 79052, 372
42650, 0, 22, 36, 30, 4, 26.82%, 0, 11, 3, 1.51, 79059, 372
42655, 0, 22, 36, 30, 4, 26.82%, 0, 11, 3, 2.06, 79069, 372
42660, 0, 22, 36, 30, 4, 26.82%, 0, 11, 3, 2.86, 79086, 372
42665, 0, 22, 36, 30, 4, 26.82%, 0, 11, 3, 2.58, 79096, 372
42671, 0, 22, 36, 30, 4, 26.82%, 0, 11, 3, 2.09, 79103, 372
42676, 0, 22, 36, 30, 4, 26.82%, 0, 11, 3, 38.36, 79125, 372
42682, 0, 22, 36, 30, 4, 26.82%, 0, 11, 3, 5.08, 79150, 372
42688, 0, 22, 36, 30, 4, 26.82%, 0, 11, 3, 3.61, 79160, 372
42700, 0, 22, 37, 31, 4, 26.82%, 0, 11, 3, 2.84, 79175, 372
42705, 0, 22, 37, 31, 4, 26.82%, 0, 11, 3, 2.42, 79182, 372
42711, 0, 22, 37, 31, 4, 26.82%, 0, 11, 3, 1.99, 79188, 372
42716, 0, 22, 37, 31, 4, 26.82%, 0, 11, 3, 1.83, 79196, 372
42722, 0, 22, 37, 31, 4, 26.82%, 0, 11, 3, 1.83, 79206, 372
42727, 0, 22, 37, 31, 4, 26.82%, 0, 11, 3, 1.59, 79212, 372
42733, 0, 22, 37, 31, 4, 26.82%, 0, 11, 3, 1.48, 79219, 372
42738, 0, 22, 37, 31, 4, 26.82%, 0, 11, 3, 1.41, 79226, 372
42743, 0, 22, 37, 31, 4, 26.82%, 0, 11, 3, 1.55, 79236, 372
42748, 0, 32, 37, 31, 4, 26.82%, 0, 11, 3, 1.83, 79272, 372
42754, 0, 32, 37, 31, 4, 26.82%, 0, 11, 3, 1.83, 79282, 372
42759, 0, 32, 37, 31, 4, 26.82%, 0, 11, 3, 1.82, 79292, 372
42765, 0, 32, 37, 31, 4, 26.82%, 0, 11, 3, 1.82, 79302, 372
42770, 0, 32, 37, 31, 4, 26.82%, 0, 11, 3, 1.82, 79312, 372
42776, 0, 32, 37, 31, 4, 26.82%, 0, 11, 3, 1.82, 79322, 372
42781, 0, 32, 37, 31, 4, 26.82%, 0, 11, 3, 1.82, 79332, 372
42787, 0, 32, 37, 31, 4, 26.82%, 0, 11, 3, 1.82, 79342, 372
42792, 0, 32, 37, 31, 4, 26.82%, 0, 11, 3, 1.82, 79352, 372
42798, 0, 32, 37, 31, 4, 26.82%, 0, 11, 3, 1.82, 79362, 372
42803, 0, 32, 37, 31, 4, 26.82%, 0, 11, 3, 1.82, 79372, 372
42809, 0, 32, 37, 31, 4, 26.82%, 0, 11, 3, 1.82, 79382, 372
42814, 0, 32, 37, 31, 4, 26.82%, 0, 11, 3, 1.82, 79392, 372
42820, 0, 32, 37, 31, 4, 26.82%, 0, 11, 3, 1.72, 79401, 372
42825, 0, 32, 37, 31, 4, 26.82%, 0, 11, 3, 1.78, 79411, 372
42831, 0, 32, 37, 31, 4, 26.82%, 0, 11, 3, 1.80, 79421, 372
42836, 0, 32, 37, 31, 4, 26.82%, 0, 11, 3, 1.81, 79431, 372
42842, 0, 32, 37, 31, 4, 26.82%, 0, 11, 3, 1.82, 79441, 372
42847, 0, 32, 37, 31, 4, 26.82%, 0, 11, 3, 1.82, 79451, 372
42853, 0, 32, 37, 31, 4, 26.82%, 0, 11, 3, 1.82, 79461, 372
42858, 0, 32, 37, 31, 4, 26.82%, 0, 11, 3, 1.82, 79471, 372
42864, 0, 32, 37, 31, 4, 26.82%, 0, 11, 3, 1.82, 79481, 372
42869, 0, 32, 37, 31, 4, 26.82%, 0, 11, 3, 1.82, 79491, 372
42875, 0, 32, 37, 31, 4, 26.82%, 0, 11, 3, 1.82, 79501, 372
42880, 0, 32, 37, 31, 4, 26.82%, 0, 11, 3, 1.82, 79511, 372
42886, 0, 32, 37, 31, 4, 26.82%, 0, 11, 3, 1.82, 79521, 372
42891, 0, 32, 37, 31, 4, 26.82%, 0, 11, 3, 1.82, 79531, 372
42897, 0, 32, 37, 31, 4, 26.82%, 0, 11, 3, 1.82, 79541, 372
42902, 0, 32, 37, 31, 4, 26.82%, 0, 11, 3, 1.82, 79551, 372
42908, 0, 32, 37, 31, 4, 26.82%, 0, 11, 3, 1.82, 79561, 372
42913, 0, 32, 37, 31, 4, 26.82%, 0, 11, 3, 1.82, 79571, 372
42919, 0, 32, 37, 31, 4, 26.82%, 0, 11, 3, 1.82, 79581, 372
42924, 0, 32, 37, 31, 4, 26.82%, 0, 11, 3, 1.82, 79591, 372
42930, 0, 32, 37, 31, 4, 26.82%, 0, 11, 3, 1.82, 79601, 372
42935, 0, 32, 37, 31, 4, 26.82%, 0, 11, 3, 1.82, 79611, 372
42941, 0, 32, 37, 31, 4, 26.82%, 0, 11, 3, 1.82, 79621, 372
42946, 0, 32, 37, 31, 4, 26.82%, 0, 11, 3, 1.82, 79631, 372
42951, 0, 32, 37, 31, 4, 26.82%, 0, 11, 3, 1.82, 79641, 372
42957, 0, 32, 37, 31, 4, 26.82%, 0, 11, 3, 1.82, 79651, 372
42962, 0, 32, 37, 31, 4, 26.82%, 0, 11, 3, 1.82, 79661, 372
42968, 0, 32, 37, 31, 4, 26.82%, 0, 11, 3, 1.82, 79671, 372
42973, 0, 32, 37, 31, 4, 26.82%, 0, 11, 3, 1.82, 79681, 372
42979, 0, 32, 37, 31, 4, 26.82%, 0, 11, 3, 1.82, 79691, 372
42984, 0, 32, 37, 31, 4, 26.82%, 0, 11, 3, 1.82, 79701, 372
42990, 0, 32, 37, 31, 4, 26.82%, 0, 11, 3, 1.82, 79711, 372
42995, 0, 32, 37, 31, 4, 26.82%, 0, 11, 3, 1.82, 79721, 372
43001, 0, 32, 37, 31, 4, 26.82%, 0, 11, 3, 1.82, 79731, 372
43006, 0, 32, 37, 31, 4, 26.82%, 0, 11, 3, 1.82, 79741, 372
43012, 0, 32, 37, 31, 4, 26.82%, 0, 11, 3, 1.82, 79751, 372
43017, 0, 32, 37, 31, 4, 26.82%, 0, 11, 3, 1.82, 79761, 372
43023, 0, 32, 37, 31, 4, 26.82%, 0, 11, 3, 1.82, 79771, 372
43028, 0, 32, 37, 31, 4, 26.82%, 0, 11, 3, 1.82, 79781, 372
43034, 0, 32, 37, 31, 4, 26.82%, 0, 11, 3, 1.82, 79791, 372
43039, 0, 32, 37, 31, 4, 26.82%, 0, 11, 3, 1.82, 79801, 372
43045, 0, 32, 37, 31, 4, 26.82%, 0, 11, 3, 1.82, 79811, 372
43050, 0, 32, 37, 31, 4, 26.82%, 0, 11, 3, 1.82, 79821, 372
43056, 0, 32, 37, 31, 4, 26.82%, 0, 11, 3, 1.82, 79831, 372
43061, 0, 32, 37, 31, 4, 26.82%, 0, 11, 3, 1.82, 79841, 372
43067, 0, 32, 37, 31, 4, 26.82%, 0, 11, 3, 1.82, 79851, 372
43072, 0, 32, 37, 31, 4, 26.82%, 0, 11, 3, 1.82, 79861, 372
43078, 0, 32, 37, 31, 4, 26.82%, 0, 11, 3, 1.82, 79871, 372
43083, 0, 32, 37, 31, 4, 26.82%, 0, 11, 3, 1.82, 79881, 372
43089, 0, 32, 37, 31, 4, 26.82%, 0, 11, 3, 1.82, 79891, 372
43094, 0, 32, 37, 31, 4, 26.82%, 0, 11, 3, 1.82, 79901, 372
43100, 0, 32, 37, 31, 4, 26.82%, 0, 11, 3, 1.82, 79911, 372
43105, 0, 32, 37, 31, 4, 26.82%, 0, 11, 3, 1.82, 79921, 372
43111, 0, 32, 37, 31, 4, 26.82%, 0, 11, 3, 1.82, 79931, 372
43116, 0, 32, 37, 31, 4, 26.82%, 0, 11, 3, 1.82, 79941, 372
43122, 0, 32, 37, 31, 4, 26.82%, 0, 11, 3, 1.82, 79951, 372
43127, 0, 32, 37, 31, 4, 26.82%, 0, 11, 3, 1.82, 79961, 372
43132, 0, 32, 37, 31, 4, 26.82%, 0, 11, 3, 1.82, 79971, 372
43138, 0, 32, 37, 31, 4, 26.82%, 0, 11, 3, 1.82, 79981, 372
43143, 0, 32, 37, 31, 4, 26.82%, 0, 11, 3, 1.82, 79991, 372
43149, 0, 32, 37, 31, 4, 26.82%, 0, 11, 3, 1.72, 80000, 372
43155, 0, 32, 37, 31, 4, 26.82%, 0, 11, 3, 1.76, 80009, 372
43160, 0, 32, 37, 31, 4, 26.82%, 0, 11, 3, 1.79, 80019, 372
43166, 0, 32, 37, 31, 4, 26.82%, 0, 11, 3, 1.81, 80029, 372
43171, 0, 32, 37, 31, 4, 26.82%, 0, 11, 3, 1.82, 80039, 372
43177, 0, 32, 37, 31, 4, 26.82%, 0, 11, 3, 1.82, 80049, 372
43182, 0, 32, 37, 31, 4, 26.82%, 0, 11, 3, 1.82, 80059, 372
43187, 0, 32, 37, 31, 4, 26.82%, 0, 11, 3, 1.82, 80069, 372
43193, 0, 32, 37, 31, 4, 26.82%, 0, 11, 3, 1.82, 80079, 372
43198, 0, 32, 37, 31, 4, 26.82%, 0, 11, 3, 1.82, 80089, 372
43204, 0, 32, 37, 31, 4, 26.82%, 0, 11, 3, 1.82, 80099, 372
43209, 0, 32, 37, 31, 4, 26.82%, 0, 11, 3, 1.82, 80109, 372
43215, 0, 32, 37, 31, 4, 26.82%, 0, 11, 3, 1.82, 80119, 372
43220, 0, 32, 37, 31, 4, 26.82%, 0, 11, 3, 1.82, 80129, 372
43226, 0, 32, 37, 31, 4, 26.82%, 0, 11, 3, 1.82, 80139, 372
43231, 0, 32, 37, 31, 4, 26.82%, 0, 11, 3, 1.82, 80149, 372
43237, 0, 32, 37, 31, 4, 26.82%, 0, 11, 3, 1.82, 80159, 372
43242, 0, 32, 37, 31, 4, 26.82%, 0, 11, 3, 1.82, 80169, 372
43248, 0, 32, 37, 31, 4, 26.82%, 0, 11, 3, 1.82, 80179, 372
43253, 0, 32, 37, 31, 4, 26.82%, 0, 11, 3, 1.82, 80189, 372
43259, 0, 32, 37, 31, 4, 26.82%, 0, 11, 3, 1.82, 80199, 372
43264, 0, 32, 37, 31, 4, 26.82%, 0, 11, 3, 1.82, 80209, 372
43270, 0, 32, 37, 31, 4, 26.82%, 0, 11, 3, 1.82, 80219, 372
43275, 0, 32, 37, 31, 4, 26.82%, 0, 11, 3, 1.82, 80229, 372
43281, 0, 32, 37, 31, 4, 26.82%, 0, 11, 3, 1.82, 80239, 372
43286, 0, 32, 37, 31, 4, 26.82%, 0, 11, 3, 1.82, 80249, 372
43292, 0, 32, 37, 31, 4, 26.82%, 0, 11, 3, 1.82, 80259, 372
43297, 0, 32, 37, 31, 4, 26.82%, 0, 11, 3, 1.82, 80269, 372
43303, 0, 32, 37, 31, 4, 26.82%, 0, 11, 3, 1.82, 80279, 372
43308, 0, 32, 37, 31, 4, 26.82%, 0, 11, 3, 1.82, 80289, 372
43314, 0, 32, 37, 31, 4, 26.82%, 0, 11, 3, 1.82, 80299, 372
43319, 0, 32, 37, 31, 4, 26.82%, 0, 11, 3, 1.82, 80309, 372
43325, 0, 32, 37, 31, 4, 26.82%, 0, 11, 3, 1.82, 80319, 372
43330, 0, 32, 37, 31, 4, 26.82%, 0, 11, 3, 1.82, 80329, 372
43336, 0, 32, 37, 31, 4, 26.82%, 0, 11, 3, 1.82, 80339, 372
43341, 0, 32, 37, 31, 4, 26.82%, 0, 11, 3, 1.82, 80349, 372
43347, 0, 32, 37, 31, 4, 26.82%, 0, 11, 3, 1.82, 80359, 372
43352, 0, 32, 37, 31, 4, 26.82%, 0, 11, 3, 1.82, 80369, 372
43357, 0, 32, 37, 31, 4, 26.82%, 0, 11, 3, 1.82, 80379, 372
43363, 0, 32, 37, 31, 4, 26.82%, 0, 11, 3, 1.82, 80389, 372
43368, 0, 32, 37, 31, 4, 26.82%, 0, 11, 3, 1.82, 80399, 372
43374, 0, 32, 37, 31, 4, 26.82%, 0, 11, 3, 1.82, 80409, 372
43379, 0, 32, 37, 31, 4, 26.82%, 0, 11, 3, 1.82, 80419, 372
43385, 0, 32, 37, 31, 4, 26.82%, 0, 11, 3, 1.82, 80429, 372
43390, 0, 32, 37, 31, 4, 26.82%, 0, 11, 3, 1.82, 80439, 372
43396, 0, 32, 37, 31, 4, 26.82%, 0, 11, 3, 1.82, 80449, 372
43401, 0, 32, 37, 31, 4, 26.82%, 0, 11, 3, 1.82, 80459, 372
43407, 0, 32, 37, 31, 4, 26.82%, 0, 11, 3, 1.82, 80469, 372
43412, 0, 32, 37, 31, 4, 26.82%, 0, 11, 3, 1.82, 80479, 372
43418, 0, 32, 37, 31, 4, 26.82%, 0, 11, 3, 1.82, 80489, 372
43423, 0, 32, 37, 31, 4, 26.82%, 0, 11, 3, 1.82, 80499, 372
43429, 0, 32, 37, 31, 4, 26.82%, 0, 11, 3, 1.82, 80509, 372
43434, 0, 32, 37, 31, 4, 26.82%, 0, 11, 3, 1.82, 80519, 372
43440, 0, 32, 37, 31, 4, 26.82%, 0, 11, 3, 1.82, 80529, 372
43445, 0, 32, 37, 31, 4, 26.82%, 0, 11, 3, 1.82, 80539, 372
43451, 0, 32, 37, 31, 4, 26.82%, 0, 11, 3, 1.82, 80549, 372
43456, 0, 32, 37, 31, 4, 26.82%, 0, 11, 3, 1.82, 80559, 372
43462, 0, 32, 37, 31, 4, 26.82%, 0, 11, 3, 1.82, 80569, 372
43467, 0, 32, 37, 31, 4, 26.82%, 0, 11, 3, 1.82, 80579, 372
43473, 0, 32, 37, 31, 4, 26.82%, 0, 11, 3, 1.82, 80589, 372
43478, 0, 32, 37, 31, 4, 26.82%, 0, 11, 3, 1.72, 80597, 372
43483, 0, 32, 37, 31, 4, 26.82%, 0, 11, 3, 1.67, 80604, 372
43489, 0, 32, 37, 31, 4, 26.82%, 0, 11, 3, 1.74, 80614, 372
43494, 0, 32, 37, 31, 4, 26.82%, 0, 11, 3, 1.78, 80624, 372
43500, 0, 32, 37, 31, 4, 26.82%, 0, 11, 3, 1.80, 80634, 372
43505, 0, 32, 37, 31, 4, 26.82%, 0, 11, 3, 1.81, 80644, 372
43511, 0, 32, 37, 31, 4, 26.82%, 0, 11, 3, 1.82, 80654, 372
43516, 0, 32, 37, 31, 4, 26.82%, 0, 11, 3, 1.82, 80664, 372
43522, 0, 32, 37, 31, 4, 26.82%, 0, 11, 3, 1.82, 80674, 372
43527, 0, 32, 37, 31, 4, 26.82%, 0, 11, 3, 1.82, 80684, 372
43532, 0, 32, 37, 31, 4, 26.82%, 0, 11, 3, 1.82, 80694, 372
43538, 0, 32, 37, 31, 4, 26.82%, 0, 11, 3, 1.82, 80704, 372
43543, 0, 32, 37, 31, 4, 26.82%, 0, 11, 3, 1.82, 80714, 372
43549, 0, 32, 37, 31, 4, 26.82%, 0, 11, 3, 1.82, 80724, 372
43554, 0, 32, 37, 31, 4, 26.82%, 0, 11, 3, 1.82, 80734, 372
43560, 0, 32, 37, 31, 4, 26.82%, 0, 11, 3, 1.82, 80744, 372
43565, 0, 32, 37, 31, 4, 26.82%, 0, 11, 3, 1.82, 80754, 372
43571, 0, 32, 37, 31, 4, 26.82%, 0, 11, 3, 1.82, 80764, 372
43576, 0, 32, 37, 31, 4, 26.82%, 0, 11, 3, 1.82, 80774, 372
43582, 0, 32, 37, 31, 4, 26.82%, 0, 11, 3, 1.82, 80784, 372
43587, 0, 32, 37, 31, 4, 26.82%, 0, 11, 3, 1.82, 80794, 372
43593, 0, 32, 37, 31, 4, 26.82%, 0, 11, 3, 1.82, 80804, 372
43598, 0, 32, 37, 31, 4, 26.82%, 0, 11, 3, 1.82, 80814, 372
43604, 0, 32, 37, 31, 4, 26.82%, 0, 11, 3, 1.82, 80824, 372
43609, 0, 32, 37, 31, 4, 26.82%, 0, 11, 3, 1.82, 80834, 372
43615, 0, 32, 37, 31, 4, 26.82%, 0, 11, 3, 1.82, 80844, 372
43620, 0, 32, 37, 31, 4, 26.82%, 0, 11, 3, 1.82, 80854, 372
43626, 0, 32, 37, 31, 4, 26.82%, 0, 11, 3, 1.82, 80864, 372
43631, 0, 32, 37, 31, 4, 26.82%, 0, 11, 3, 1.82, 80874, 372
43637, 0, 32, 37, 31, 4, 26.82%, 0, 11, 3, 1.82, 80884, 372
43642, 0, 32, 37, 31, 4, 26.82%, 0, 11, 3, 1.82, 80894, 372
43648, 0, 32, 37, 31, 4, 26.82%, 0, 11, 3, 1.82, 80904, 372
43653, 0, 32, 37, 31, 4, 26.82%, 0, 11, 3, 1.82, 80914, 372
43659, 0, 32, 37, 31, 4, 26.82%, 0, 11, 3, 1.82, 80924, 372
43664, 0, 32, 37, 31, 4, 26.82%, 0, 11, 3, 1.82, 80934, 372
43670, 0, 32, 37, 31, 4, 26.82%, 0, 11, 3, 1.82, 80944, 372
43675, 0, 32, 37, 31, 4, 26.82%, 0, 11, 3, 1.82, 80954, 372
43681, 0, 32, 37, 31, 4, 26.82%, 0, 11, 3, 1.82, 80964, 372
43686, 0, 32, 37, 31, 4, 26.82%, 0, 11, 3, 1.82, 80974, 372
43692, 0, 32, 37, 31, 4, 26.82%, 0, 11, 3, 1.82, 80984, 372
43697, 0, 32, 37, 31, 4, 26.82%, 0, 11, 3, 1.82, 80994, 372
43703, 0, 32, 37, 31, 4, 26.82%, 0, 11, 3, 1.82, 81004, 372
43708, 0, 32, 37, 31, 4, 26.82%, 0, 11, 3, 1.82, 81014, 372
43713, 0, 32, 37, 31, 4, 26.82%, 0, 11, 3, 1.82, 81024, 372
43719, 0, 32, 37, 31, 4, 26.82%, 0, 11, 3, 1.82, 81034, 372
43724, 0, 32, 37, 31, 4, 26.82%, 0, 11, 3, 1.82, 81044, 372
43730, 0, 32, 37, 31, 4, 26.82%, 0, 11, 3, 1.82, 81054, 372
43735, 0, 32, 37, 31, 4, 26.82%, 0, 11, 3, 1.82, 81064, 372
43741, 0, 32, 37, 31, 4, 26.82%, 0, 11, 3, 1.82, 81074, 372
43746, 0, 32, 37, 31, 4, 26.82%, 0, 11, 3, 1.78, 81083, 372
43752, 0, 32, 37, 31, 4, 26.82%, 0, 11, 3, 1.80, 81093, 372
43757, 0, 32, 37, 31, 4, 26.82%, 0, 11, 3, 1.81, 81103, 372
43763, 0, 32, 37, 31, 4, 26.82%, 0, 11, 3, 1.82, 81113, 372
43768, 0, 32, 37, 31, 4, 26.82%, 0, 11, 3, 1.82, 81123, 372
43774, 0, 32, 37, 31, 4, 26.82%, 0, 11, 3, 1.82, 81133, 372
43779, 0, 32, 37, 31, 4, 26.82%, 0, 11, 3, 1.82, 81143, 372
43785, 0, 32, 37, 31, 4, 26.82%, 0, 11, 3, 1.82, 81153, 372
43790, 0, 32, 37, 31, 4, 26.82%, 0, 11, 3, 1.76, 81161, 372
43795, 0, 32, 37, 31, 4, 26.82%, 0, 11, 3, 1.79, 81171, 372
43801, 0, 32, 37, 31, 4, 26.82%, 0, 11, 3, 1.81, 81181, 372
43806, 0, 32, 37, 31, 4, 26.82%, 0, 11, 3, 1.81, 81191, 372
43812, 0, 32, 37, 31, 4, 26.82%, 0, 11, 3, 1.82, 81201, 372
43817, 0, 32, 37, 31, 4, 26.82%, 0, 11, 3, 1.82, 81211, 372
43823, 0, 32, 38, 32, 4, 26.82%, 0, 11, 4, 1.82, 81221, 372
43828, 0, 32, 38, 32, 4, 26.82%, 0, 11, 4, 1.82, 81231, 372
43833, 0, 32, 38, 32, 4, 26.82%, 0, 11, 4, 1.65, 81237, 372
43839, 0, 32, 38, 32, 4, 26.82%, 0, 11, 4, 1.73, 81247, 372
43844, 0, 32, 38, 32, 4, 26.82%, 0, 11, 4, 1.77, 81257, 372
43850, 0, 32, 38, 32, 4, 26.82%, 0, 11, 4, 1.80, 81267, 372
43855, 0, 32, 38, 32, 4, 26.82%, 0, 11, 4, 1.81, 81277, 372
43861, 0, 32, 38, 32, 4, 26.82%, 0, 11, 4, 1.82, 81287, 372
43866, 0, 32, 38, 32, 4, 26.82%, 0, 11, 4, 1.82, 81297, 372
43872, 0, 32, 38, 32, 4, 26.82%, 0, 11, 4, 1.82, 81307, 372
43877, 0, 32, 38, 32, 4, 26.82%, 0, 11, 4, 1.82, 81317, 372
43883, 0, 32, 38, 32, 4, 26.82%, 0, 11, 4, 1.82, 81327, 372
43888, 0, 32, 38, 32, 4, 26.82%, 0, 11, 4, 1.82, 81337, 372
43894, 0, 32, 38, 32, 4, 26.82%, 0, 11, 4, 1.82, 81347, 372
43899, 0, 32, 38, 32, 4, 26.82%, 0, 11, 4, 1.82, 81357, 372
43905, 0, 32, 38, 32, 4, 26.82%, 0, 11, 4, 1.82, 81367, 372
43910, 0, 32, 38, 32, 4, 26.82%, 0, 11, 4, 1.82, 81377, 372
43916, 0, 32, 38, 32, 4, 26.82%, 0, 11, 4, 1.82, 81387, 372
43921, 0, 32, 38, 32, 4, 26.82%, 0, 11, 4, 1.82, 81397, 372
43927, 0, 32, 38, 32, 4, 26.82%, 0, 11, 4, 1.82, 81407, 372
43932, 0, 32, 38, 32, 4, 26.82%, 0, 11, 4, 1.82, 81417, 372
43938, 0, 32, 38, 32, 4, 26.82%, 0, 11, 4, 1.82, 81427, 372
43943, 0, 32, 38, 32, 4, 26.82%, 0, 11, 4, 1.82, 81437, 372
43949, 0, 32, 38, 32, 4, 26.82%, 0, 11, 4, 1.82, 81447, 372
43954, 0, 32, 38, 32, 4, 26.82%, 0, 11, 4, 1.82, 81457, 372
43960, 0, 32, 38, 32, 4, 26.82%, 0, 11, 4, 1.82, 81467, 372
43965, 0, 32, 38, 32, 4, 26.82%, 0, 11, 4, 1.82, 81477, 372
43971, 0, 32, 38, 32, 4, 26.82%, 0, 11, 4, 1.82, 81487, 372
43976, 0, 32, 38, 32, 4, 26.82%, 0, 11, 4, 1.82, 81497, 372
43982, 0, 32, 38, 32, 4, 26.82%, 0, 11, 4, 1.82, 81507, 372
43987, 0, 32, 38, 32, 4, 26.82%, 0, 11, 4, 1.82, 81517, 372
43993, 0, 32, 38, 32, 4, 26.82%, 0, 11, 4, 1.82, 81527, 372
43998, 0, 32, 38, 32, 4, 26.82%, 0, 11, 4, 1.82, 81537, 372
44003, 0, 32, 38, 32, 4, 26.82%, 0, 11, 4, 1.82, 81547, 372
44009, 0, 32, 38, 32, 4, 26.82%, 0, 11, 4, 1.82, 81557, 372
44014, 0, 32, 38, 32, 4, 26.82%, 0, 11, 4, 1.82, 81567, 372
44020, 0, 32, 38, 32, 4, 26.82%, 0, 11, 4, 1.82, 81577, 372
44025, 0, 32, 38, 32, 4, 26.82%, 0, 11, 4, 1.82, 81587, 372
44031, 0, 32, 38, 32, 4, 26.82%, 0, 11, 4, 1.82, 81597, 372
44036, 0, 32, 38, 32, 4, 26.82%, 0, 11, 4, 1.82, 81607, 372
44042, 0, 32, 38, 32, 4, 26.82%, 0, 11, 4, 1.82, 81617, 372
44047, 0, 32, 38, 32, 4, 26.82%, 0, 11, 4, 1.82, 81627, 372
44053, 0, 32, 38, 32, 4, 26.82%, 0, 11, 4, 1.82, 81637, 372
44058, 0, 32, 38, 32, 4, 26.82%, 0, 11, 4, 1.82, 81647, 372
44064, 0, 32, 38, 32, 4, 26.82%, 0, 11, 4, 1.82, 81657, 372
44069, 0, 32, 38, 32, 4, 26.82%, 0, 11, 4, 1.82, 81667, 372
44075, 0, 32, 38, 32, 4, 26.82%, 0, 11, 4, 1.82, 81677, 372
44080, 0, 32, 38, 32, 4, 26.82%, 0, 11, 4, 1.82, 81687, 372
44086, 0, 32, 38, 32, 4, 26.82%, 0, 11, 4, 1.82, 81697, 372
44091, 0, 32, 38, 32, 4, 26.82%, 0, 11, 4, 1.82, 81707, 372
44097, 0, 32, 38, 32, 4, 26.82%, 0, 11, 4, 1.82, 81717, 372
44102, 0, 32, 38, 32, 4, 26.82%, 0, 11, 4, 1.82, 81727, 372
44108, 0, 32, 38, 32, 4, 26.82%, 0, 11, 4, 1.82, 81737, 372
44113, 0, 32, 38, 32, 4, 26.82%, 0, 11, 4, 1.82, 81747, 372
44119, 0, 32, 38, 32, 4, 26.82%, 0, 11, 4, 1.82, 81757, 372
44124, 0, 32, 38, 32, 4, 26.82%, 0, 11, 4, 1.82, 81767, 372
44130, 0, 32, 38, 32, 4, 26.82%, 0, 11, 4, 1.82, 81777, 372
44135, 0, 32, 38, 32, 4, 26.82%, 0, 11, 4, 1.82, 81787, 372
44141, 0, 32, 38, 32, 4, 26.82%, 0, 11, 4, 1.82, 81797, 372
44146, 0, 32, 38, 32, 4, 26.82%, 0, 11, 4, 1.82, 81807, 372
44152, 0, 32, 38, 32, 4, 26.82%, 0, 11, 4, 1.82, 81817, 372
44157, 0, 32, 38, 32, 4, 26.82%, 0, 11, 4, 1.82, 81827, 372
44162, 0, 32, 38, 32, 4, 26.82%, 0, 11, 4, 1.82, 81837, 372
44168, 0, 32, 38, 32, 4, 26.82%, 0, 11, 4, 1.82, 81847, 372
44173, 0, 32, 38, 32, 4, 26.82%, 0, 11, 4, 1.82, 81857, 372
44179, 0, 32, 38, 32, 4, 26.82%, 0, 11, 4, 1.82, 81867, 372
44184, 0, 32, 38, 32, 4, 26.82%, 0, 11, 4, 1.82, 81877, 372
44190, 0, 32, 38, 32, 4, 26.82%, 0, 11, 4, 1.82, 81887, 372
44195, 0, 32, 38, 32, 4, 26.82%, 0, 11, 4, 1.82, 81897, 372
44201, 0, 32, 38, 32, 4, 26.82%, 0, 11, 4, 1.82, 81907, 372
44206, 0, 32, 38, 32, 4, 26.82%, 0, 11, 4, 1.82, 81917, 372
44212, 0, 32, 38, 32, 4, 26.82%, 0, 11, 4, 1.82, 81927, 372
44217, 0, 32, 38, 32, 4, 26.82%, 0, 11, 4, 1.82, 81937, 372
44223, 0, 32, 38, 32, 4, 26.82%, 0, 11, 4, 1.82, 81947, 372
44228, 0, 32, 38, 32, 4, 26.82%, 0, 11, 4, 1.82, 81957, 372
44234, 0, 32, 38, 32, 4, 26.82%, 0, 11, 4, 1.82, 81967, 372
44239, 0, 32, 38, 32, 4, 26.82%, 0, 11, 4, 1.82, 81977, 372
44245, 0, 32, 38, 32, 4, 26.82%, 0, 11, 4, 1.82, 81987, 372
44250, 0, 32, 38, 32, 4, 26.82%, 0, 11, 4, 1.82, 81997, 372
44256, 0, 32, 38, 32, 4, 26.82%, 0, 11, 4, 1.82, 82007, 372
44261, 0, 32, 38, 32, 4, 26.82%, 0, 11, 4, 1.82, 82017, 372
44267, 0, 32, 38, 32, 4, 26.82%, 0, 11, 4, 1.82, 82027, 372
44272, 0, 32, 38, 32, 4, 26.82%, 0, 11, 4, 1.82, 82037, 372
44278, 0, 32, 38, 32, 4, 26.82%, 0, 11, 4, 1.82, 82047, 372
44283, 0, 32, 38, 32, 4, 26.82%, 0, 11, 4, 1.82, 82057, 372
44289, 0, 32, 38, 32, 4, 26.82%, 0, 11, 4, 1.82, 82067, 372
44294, 0, 32, 38, 32, 4, 26.82%, 0, 11, 4, 1.82, 82077, 372
44300, 0, 32, 38, 32, 4, 26.82%, 0, 11, 4, 1.82, 82087, 372
44305, 0, 32, 38, 32, 4, 26.82%, 0, 11, 4, 1.82, 82097, 372
44311, 0, 32, 38, 32, 4, 26.82%, 0, 11, 4, 1.82, 82107, 372
44316, 0, 32, 38, 32, 4, 26.82%, 0, 11, 4, 1.82, 82117, 372
44322, 0, 32, 38, 32, 4, 26.82%, 0, 11, 4, 1.82, 82127, 372
44327, 0, 32, 38, 32, 4, 26.82%, 0, 11, 4, 1.82, 82137, 372
44333, 0, 32, 38, 32, 4, 26.82%, 0, 11, 4, 1.82, 82147, 372
44338, 0, 32, 38, 32, 4, 26.82%, 0, 11, 4, 1.82, 82157, 372
44343, 0, 32, 38, 32, 4, 26.82%, 0, 11, 4, 1.82, 82167, 372
44349, 0, 32, 38, 32, 4, 26.82%, 0, 11, 4, 1.68, 82174, 372
44354, 0, 32, 38, 32, 4, 26.82%, 0, 11, 4, 1.49, 82179, 372
44359, 0, 32, 38, 32, 4, 26.82%, 0, 11, 4, 1.36, 82184, 372
44364, 0, 32, 38, 32, 4, 26.82%, 0, 11, 4, 1.41, 82191, 372
44369, 0, 32, 38, 32, 4, 26.82%, 0, 11, 4, 1.42, 82198, 372
44374, 0, 32, 38, 32, 4, 26.82%, 0, 11, 4, 1.30, 82203, 372
44379, 0, 32, 38, 32, 4, 26.82%, 0, 11, 4, 1.22, 82208, 372
44384, 0, 32, 38, 32, 4, 26.82%, 0, 11, 4, 1.16, 82213, 372
44389, 0, 32, 38, 32, 4, 26.82%, 0, 11, 4, 1.28, 82220, 372
44395, 0, 32, 38, 32, 4, 26.82%, 0, 11, 4, 1.41, 82228, 372
44400, 0, 32, 38, 32, 4, 26.82%, 0, 11, 4, 1.61, 82238, 372
44406, 0, 32, 38, 32, 4, 26.82%, 0, 11, 4, 1.71, 82248, 372
44411, 0, 32, 38, 32, 4, 26.82%, 0, 11, 4, 1.76, 82258, 372
44417, 0, 32, 38, 32, 4, 26.82%, 0, 11, 4, 1.79, 82268, 372
44422, 0, 32, 38, 32, 4, 26.82%, 0, 11, 4, 1.81, 82278, 372
44428, 0, 32, 38, 32, 4, 26.82%, 0, 11, 4, 1.81, 82288, 372
44433, 0, 32, 38, 32, 4, 26.82%, 0, 11, 4, 1.82, 82298, 372
44438, 0, 32, 38, 32, 4, 26.82%, 0, 11, 4, 1.82, 82308, 372
44444, 0, 32, 38, 32, 4, 26.82%, 0, 11, 4, 1.82, 82318, 372
44449, 0, 32, 38, 32, 4, 26.82%, 0, 11, 4, 1.82, 82328, 372
44455, 0, 32, 38, 32, 4, 26.82%, 0, 11, 4, 1.82, 82338, 372
44460, 0, 32, 38, 32, 4, 26.82%, 0, 11, 4, 1.82, 82348, 372
44466, 0, 32, 38, 32, 4, 26.82%, 0, 11, 4, 1.82, 82358, 372
44471, 0, 32, 38, 32, 4, 26.82%, 0, 11, 4, 1.82, 82368, 372
44477, 0, 32, 38, 32, 4, 26.82%, 0, 11, 4, 1.82, 82378, 372
44482, 0, 32, 38, 32, 4, 26.82%, 0, 11, 4, 1.82, 82388, 372
44488, 0, 32, 38, 32, 4, 26.82%, 0, 11, 4, 1.82, 82398, 372
44493, 0, 32, 38, 32, 4, 26.82%, 0, 11, 4, 1.82, 82408, 372
44499, 0, 32, 38, 32, 4, 26.82%, 0, 11, 4, 1.82, 82418, 372
44504, 0, 32, 38, 32, 4, 26.82%, 0, 11, 4, 1.82, 82428, 372
44510, 0, 32, 38, 32, 4, 26.82%, 0, 11, 4, 1.82, 82438, 372
44515, 0, 32, 38, 32, 4, 26.82%, 0, 11, 4, 1.82, 82448, 372
44521, 0, 32, 38, 32, 4, 26.82%, 0, 11, 4, 1.82, 82458, 372
44526, 0, 32, 38, 32, 4, 26.82%, 0, 11, 4, 1.82, 82468, 372
44532, 0, 32, 38, 32, 4, 26.82%, 0, 11, 4, 1.82, 82478, 372
44537, 0, 32, 38, 32, 4, 26.82%, 0, 11, 4, 1.82, 82488, 372
44543, 0, 32, 38, 32, 4, 26.82%, 0, 11, 4, 1.82, 82498, 372
44548, 0, 32, 38, 32, 4, 26.82%, 0, 11, 4, 1.82, 82508, 372
44554, 0, 32, 38, 32, 4, 26.82%, 0, 11, 4, 1.82, 82518, 372
44559, 0, 32, 38, 32, 4, 26.82%, 0, 11, 4, 1.82, 82528, 372
44565, 0, 32, 38, 32, 4, 26.82%, 0, 11, 4, 1.82, 82538, 372
44570, 0, 32, 38, 32, 4, 26.82%, 0, 11, 4, 1.82, 82548, 372
44576, 0, 32, 38, 32, 4, 26.82%, 0, 11, 4, 1.82, 82558, 372
44581, 0, 32, 38, 32, 4, 26.82%, 0, 11, 4, 1.82, 82568, 372
44587, 0, 32, 38, 32, 4, 26.82%, 0, 11, 4, 1.82, 82578, 372
44592, 0, 32, 38, 32, 4, 26.82%, 0, 11, 4, 1.82, 82588, 372
44598, 0, 32, 38, 32, 4, 26.82%, 0, 11, 4, 1.82, 82598, 372
44603, 0, 32, 38, 32, 4, 26.82%, 0, 11, 4, 1.82, 82608, 372
44609, 0, 32, 38, 32, 4, 26.82%, 0, 11, 4, 1.82, 82618, 372
44614, 0, 32, 38, 32, 4, 26.82%, 0, 11, 4, 1.82, 82628, 372
44619, 0, 32, 38, 32, 4, 26.82%, 0, 11, 4, 1.82, 82638, 372
44625, 0, 32, 38, 32, 4, 26.82%, 0, 11, 4, 1.82, 82648, 372
44630, 0, 32, 38, 32, 4, 26.82%, 0, 11, 4, 1.82, 82658, 372
44636, 0, 32, 38, 32, 4, 26.82%, 0, 11, 4, 1.82, 82668, 372
44641, 0, 32, 38, 32, 4, 26.82%, 0, 11, 4, 1.82, 82678, 372
44647, 0, 32, 38, 32, 4, 26.82%, 0, 11, 4, 1.82, 82688, 372
44652, 0, 32, 38, 32, 4, 26.82%, 0, 11, 4, 1.82, 82698, 372
44658, 0, 32, 38, 32, 4, 26.82%, 0, 11, 4, 1.82, 82708, 372
44663, 0, 32, 38, 32, 4, 26.82%, 0, 11, 4, 1.82, 82718, 372
44669, 0, 32, 38, 32, 4, 26.82%, 0, 11, 4, 1.82, 82728, 372
44674, 0, 32, 38, 32, 4, 26.82%, 0, 11, 4, 1.82, 82738, 372
44680, 0, 32, 38, 32, 4, 26.82%, 0, 11, 4, 1.82, 82748, 372
44685, 0, 32, 38, 32, 4, 26.82%, 0, 11, 4, 1.82, 82758, 372
44691, 0, 32, 38, 32, 4, 26.82%, 0, 11, 4, 1.82, 82768, 372
44696, 0, 32, 38, 32, 4, 26.82%, 0, 11, 4, 1.82, 82778, 372
44702, 0, 32, 38, 32, 4, 26.82%, 0, 11, 4, 1.82, 82788, 372
44707, 0, 32, 38, 32, 4, 26.82%, 0, 11, 4, 1.82, 82798, 372
44713, 0, 32, 38, 32, 4, 26.82%, 0, 11, 4, 1.82, 82808, 372
44718, 0, 32, 38, 32, 4, 26.82%, 0, 11, 4, 1.82, 82818, 372
44724, 0, 32, 38, 32, 4, 26.82%, 0, 11, 4, 1.82, 82828, 372
44729, 0, 32, 38, 32, 4, 26.82%, 0, 11, 4, 1.82, 82838, 372
44735, 0, 32, 38, 32, 4, 26.82%, 0, 11, 4, 1.82, 82848, 372
44740, 0, 32, 38, 32, 4, 26.82%, 0, 11, 4, 1.82, 82858, 372
44746, 0, 32, 38, 32, 4, 26.82%, 0, 11, 4, 1.82, 82868, 372
44751, 0, 32, 38, 32, 4, 26.82%, 0, 11, 4, 1.82, 82878, 372
44757, 0, 32, 38, 32, 4, 26.82%, 0, 11, 4, 1.82, 82888, 372
44762, 0, 32, 38, 32, 4, 26.82%, 0, 11, 4, 1.82, 82898, 372
44768, 0, 32, 38, 32, 4, 26.82%, 0, 11, 4, 1.82, 82908, 372
44773, 0, 32, 38, 32, 4, 26.82%, 0, 11, 4, 1.82, 82918, 372
44779, 0, 32, 38, 32, 4, 26.82%, 0, 11, 4, 1.82, 82928, 372
44784, 0, 32, 38, 32, 4, 26.82%, 0, 11, 4, 1.82, 82938, 372
44789, 0, 32, 38, 32, 4, 26.82%, 0, 11, 4, 1.82, 82948, 372
44795, 0, 32, 38, 32, 4, 26.82%, 0, 11, 4, 1.82, 82958, 372
44800, 0, 32, 38, 32, 4, 26.82%, 0, 11, 4, 1.82, 82968, 372
44806, 0, 32, 38, 32, 4, 26.82%, 0, 11, 4, 1.82, 82978, 372
44811, 0, 32, 38, 32, 4, 26.82%, 0, 11, 4, 1.82, 82988, 372
44817, 0, 32, 38, 32, 4, 26.82%, 0, 11, 4, 1.82, 82998, 372
44822, 0, 32, 38, 32, 4, 26.82%, 0, 11, 4, 1.82, 83008, 372
44828, 0, 32, 38, 32, 4, 26.82%, 0, 11, 4, 1.82, 83018, 372
44833, 0, 32, 38, 32, 4, 26.82%, 0, 11, 4, 1.82, 83028, 372
44839, 0, 32, 38, 32, 4, 26.82%, 0, 11, 4, 1.82, 83038, 372
44844, 0, 32, 38, 32, 4, 26.82%, 0, 11, 4, 1.82, 83048, 372
44850, 0, 32, 38, 32, 4, 26.82%, 0, 11, 4, 1.82, 83058, 372
44855, 0, 32, 38, 32, 4, 26.82%, 0, 11, 4, 1.82, 83068, 372
44861, 0, 32, 38, 32, 4, 26.82%, 0, 11, 4, 1.82, 83078, 372
44866, 0, 32, 38, 32, 4, 26.82%, 0, 11, 4, 1.82, 83088, 372
44872, 0, 32, 38, 32, 4, 26.82%, 0, 11, 4, 1.82, 83098, 372
44877, 0, 32, 38, 32, 4, 26.82%, 0, 11, 4, 1.82, 83108, 372
44883, 0, 32, 38, 32, 4, 26.82%, 0, 11, 4, 1.82, 83118, 372
44888, 0, 32, 38, 32, 4, 26.82%, 0, 11, 4, 1.82, 83128, 372
44894, 0, 32, 38, 32, 4, 26.82%, 0, 11, 4, 1.82, 83138, 372
44899, 0, 32, 38, 32, 4, 26.82%, 0, 11, 4, 1.82, 83148, 372
44905, 0, 32, 38, 32, 4, 26.82%, 0, 11, 4, 1.82, 83158, 372
44910, 0, 32, 38, 32, 4, 26.82%, 0, 11, 4, 1.82, 83168, 372
44916, 0, 32, 38, 32, 4, 26.82%, 0, 11, 4, 1.82, 83178, 372
44921, 0, 32, 38, 32, 4, 26.82%, 0, 11, 4, 1.82, 83188, 372
44927, 0, 32, 38, 32, 4, 26.82%, 0, 11, 4, 1.82, 83198, 372
44932, 0, 32, 38, 32, 4, 26.82%, 0, 11, 4, 1.82, 83208, 372
44938, 0, 32, 38, 32, 4, 26.82%, 0, 11, 4, 1.82, 83218, 372
44943, 0, 32, 38, 32, 4, 26.82%, 0, 11, 4, 1.82, 83228, 372
44949, 0, 32, 38, 32, 4, 26.82%, 0, 11, 4, 1.82, 83238, 372
44954, 0, 32, 38, 32, 4, 26.82%, 0, 11, 4, 1.82, 83248, 372
44960, 0, 32, 38, 32, 4, 26.82%, 0, 11, 4, 1.82, 83258, 372
44965, 0, 32, 38, 32, 4, 26.82%, 0, 11, 4, 1.82, 83268, 372
44970, 0, 32, 38, 32, 4, 26.82%, 0, 11, 4, 1.82, 83278, 372
44976, 0, 32, 38, 32, 4, 26.82%, 0, 11, 4, 1.82, 83288, 372
44981, 0, 32, 38, 32, 4, 26.82%, 0, 11, 4, 1.82, 83298, 372
44987, 0, 32, 38, 32, 4, 26.82%, 0, 11, 4, 1.82, 83308, 372
44992, 0, 32, 38, 32, 4, 26.82%, 0, 11, 4, 1.82, 83318, 372
44998, 0, 32, 38, 32, 4, 26.82%, 0, 11, 4, 1.82, 83328, 372
45003, 0, 32, 38, 32, 4, 26.82%, 0, 11, 4, 1.82, 83338, 372
45009, 0, 32, 38, 32, 4, 26.82%, 0, 11, 4, 1.82, 83348, 372
45014, 0, 32, 38, 32, 4, 26.82%, 0, 11, 4, 1.82, 83358, 372
45020, 0, 32, 38, 32, 4, 26.82%, 0, 11, 4, 1.82, 83368, 372
45025, 0, 32, 38, 32, 4, 26.82%, 0, 11, 4, 1.82, 83378, 372
45031, 0, 32, 38, 32, 4, 26.82%, 0, 11, 4, 1.82, 83388, 372
45036, 0, 32, 38, 32, 4, 26.82%, 0, 11, 4, 1.82, 83398, 372
45042, 0, 32, 38, 32, 4, 26.82%, 0, 11, 4, 1.82, 83408, 372
45047, 0, 32, 38, 32, 4, 26.82%, 0, 11, 4, 1.82, 83418, 372
45053, 0, 32, 38, 32, 4, 26.82%, 0, 11, 4, 1.82, 83428, 372
45058, 0, 32, 38, 32, 4, 26.82%, 0, 11, 4, 1.82, 83438, 372
45064, 0, 32, 38, 32, 4, 26.82%, 0, 11, 4, 1.82, 83448, 372
45069, 0, 32, 38, 32, 4, 26.82%, 0, 11, 4, 1.82, 83458, 372
45075, 0, 32, 38, 32, 4, 26.82%, 0, 11, 4, 1.82, 83468, 372
45080, 0, 32, 38, 32, 4, 26.82%, 0, 11, 4, 1.82, 83478, 372
45086, 0, 32, 38, 32, 4, 26.82%, 0, 11, 4, 1.82, 83488, 372
45091, 0, 32, 38, 32, 4, 26.82%, 0, 11, 4, 1.82, 83498, 372
45097, 0, 32, 38, 32, 4, 26.82%, 0, 11, 4, 1.82, 83508, 372
45102, 0, 32, 38, 32, 4, 26.82%, 0, 11, 4, 1.82, 83518, 372
45108, 0, 32, 38, 32, 4, 26.82%, 0, 11, 4, 1.82, 83528, 372
45113, 0, 32, 38, 32, 4, 26.82%, 0, 11, 4, 1.82, 83538, 372
45119, 0, 32, 38, 32, 4, 26.82%, 0, 11, 4, 1.82, 83548, 372
45124, 0, 32, 38, 32, 4, 26.82%, 0, 11, 4, 1.82, 83558, 372
45130, 0, 32, 38, 32, 4, 26.82%, 0, 11, 4, 1.82, 83568, 372
45135, 0, 32, 38, 32, 4, 26.82%, 0, 11, 4, 1.82, 83578, 372
45140, 0, 32, 38, 32, 4, 26.82%, 0, 11, 4, 1.82, 83588, 372
45146, 0, 32, 38, 32, 4, 26.82%, 0, 11, 4, 1.82, 83598, 372
45151, 0, 32, 38, 32, 4, 26.82%, 0, 11, 4, 1.82, 83608, 372
45157, 0, 32, 38, 32, 4, 26.82%, 0, 11, 4, 1.82, 83618, 372
45162, 0, 32, 38, 32, 4, 26.82%, 0, 11, 4, 1.82, 83628, 372
45168, 0, 32, 38, 32, 4, 26.82%, 0, 11, 4, 1.82, 83638, 372
45173, 0, 32, 38, 32, 4, 26.82%, 0, 11, 4, 1.82, 83648, 372
45179, 0, 32, 38, 32, 4, 26.82%, 0, 11, 4, 1.82, 83658, 372
45184, 0, 32, 38, 32, 4, 26.82%, 0, 11, 4, 1.82, 83668, 372
45190, 0, 32, 38, 32, 4, 26.82%, 0, 11, 4, 1.82, 83678, 372
45195, 0, 32, 38, 32, 4, 26.82%, 0, 11, 4, 1.82, 83688, 372
45201, 0, 32, 38, 32, 4, 26.82%, 0, 11, 4, 1.82, 83698, 372
45206, 0, 32, 38, 32, 4, 26.82%, 0, 11, 4, 1.82, 83708, 372
45212, 0, 32, 38, 32, 4, 26.82%, 0, 11, 4, 1.82, 83718, 372
45217, 0, 32, 38, 32, 4, 26.82%, 0, 11, 4, 1.82, 83728, 372
45223, 0, 32, 38, 32, 4, 26.82%, 0, 11, 4, 1.82, 83738, 372
45228, 0, 32, 38, 32, 4, 26.82%, 0, 11, 4, 1.82, 83748, 372
45234, 0, 32, 38, 32, 4, 26.82%, 0, 11, 4, 1.82, 83758, 372
45239, 0, 32, 38, 32, 4, 26.82%, 0, 11, 4, 1.82, 83768, 372
45245, 0, 32, 38, 32, 4, 26.82%, 0, 11, 4, 1.82, 83778, 372
45250, 0, 32, 38, 32, 4, 26.82%, 0, 11, 4, 1.82, 83788, 372
45256, 0, 32, 38, 32, 4, 26.82%, 0, 11, 4, 1.82, 83798, 372
45261, 0, 32, 38, 32, 4, 26.82%, 0, 11, 4, 1.82, 83808, 372
45267, 0, 32, 38, 32, 4, 26.82%, 0, 11, 4, 1.82, 83818, 372
45272, 0, 32, 38, 32, 4, 26.82%, 0, 11, 4, 1.82, 83828, 372
45278, 0, 32, 38, 32, 4, 26.82%, 0, 11, 4, 1.82, 83838, 372
45283, 0, 32, 38, 32, 4, 26.82%, 0, 11, 4, 1.82, 83848, 372
45289, 0, 32, 38, 32, 4, 26.82%, 0, 11, 4, 1.82, 83858, 372
45294, 0, 32, 38, 32, 4, 26.82%, 0, 11, 4, 1.82, 83868, 372
45300, 0, 32, 38, 32, 4, 26.82%, 0, 11, 4, 1.82, 83878, 372
45305, 0, 32, 38, 32, 4, 26.82%, 0, 11, 4, 1.82, 83888, 372
45310, 0, 32, 38, 32, 4, 26.82%, 0, 11, 4, 1.82, 83898, 372
45316, 0, 32, 38, 32, 4, 26.82%, 0, 11, 4, 1.82, 83908, 372
45321, 0, 32, 38, 32, 4, 26.82%, 0, 11, 4, 1.82, 83918, 372
45327, 0, 32, 38, 32, 4, 26.82%, 0, 11, 4, 1.82, 83928, 372
45332, 0, 32, 38, 32, 4, 26.82%, 0, 11, 4, 1.82, 83938, 372
45338, 0, 32, 38, 32, 4, 26.82%, 0, 11, 4, 1.82, 83948, 372
45343, 0, 32, 38, 32, 4, 26.82%, 0, 11, 4, 1.82, 83958, 372
45349, 0, 32, 38, 32, 4, 26.82%, 0, 11, 4, 1.82, 83968, 372
45354, 0, 32, 38, 32, 4, 26.82%, 0, 11, 4, 1.82, 83978, 372
45360, 0, 32, 38, 32, 4, 26.82%, 0, 11, 4, 1.82, 83988, 372
45365, 0, 32, 38, 32, 4, 26.82%, 0, 11, 4, 1.82, 83998, 372
45371, 0, 32, 38, 32, 4, 26.82%, 0, 11, 4, 1.82, 84008, 372
45376, 0, 32, 38, 32, 4, 26.82%, 0, 11, 4, 1.82, 84018, 372
45382, 0, 32, 38, 32, 4, 26.82%, 0, 11, 4, 1.82, 84028, 372
45387, 0, 32, 38, 32, 4, 26.82%, 0, 11, 4, 1.82, 84038, 372
45393, 0, 32, 38, 32, 4, 26.82%, 0, 11, 4, 1.82, 84048, 372
45398, 0, 32, 38, 32, 4, 26.82%, 0, 11, 4, 1.82, 84058, 372
45404, 0, 32, 38, 32, 4, 26.82%, 0, 11, 4, 1.82, 84068, 372
45409, 0, 32, 38, 32, 4, 26.82%, 0, 11, 4, 1.82, 84078, 372
45415, 0, 32, 38, 32, 4, 26.82%, 0, 11, 4, 1.82, 84088, 372
45420, 0, 32, 38, 32, 4, 26.82%, 0, 11, 4, 1.82, 84098, 372
45426, 0, 32, 38, 32, 4, 26.82%, 0, 11, 4, 1.82, 84108, 372
45431, 0, 32, 38, 32, 4, 26.82%, 0, 11, 4, 1.82, 84118, 372
45437, 0, 32, 38, 32, 4, 26.82%, 0, 11, 4, 1.82, 84128, 372
45442, 0, 32, 38, 32, 4, 26.82%, 0, 11, 4, 1.82, 84138, 372
45448, 0, 32, 38, 32, 4, 26.82%, 0, 11, 4, 1.82, 84148, 372
45453, 0, 32, 38, 32, 4, 26.82%, 0, 11, 4, 1.82, 84158, 372
45459, 0, 32, 38, 32, 4, 26.82%, 0, 11, 4, 1.82, 84168, 372
45464, 0, 32, 38, 32, 4, 26.82%, 0, 11, 4, 1.82, 84178, 372
45470, 0, 32, 38, 32, 4, 26.82%, 0, 11, 4, 1.82, 84188, 372
45475, 0, 32, 38, 32, 4, 26.82%, 0, 11, 4, 1.82, 84198, 372
45481, 0, 32, 38, 32, 4, 26.82%, 0, 11, 4, 1.82, 84208, 372
45486, 0, 32, 38, 32, 4, 26.82%, 0, 11, 4, 1.82, 84218, 372
45491, 0, 32, 38, 32, 4, 26.82%, 0, 11, 4, 1.82, 84228, 372
45497, 0, 32, 38, 32, 4, 26.82%, 0, 11, 4, 1.82, 84238, 372
45502, 0, 32, 38, 32, 4, 26.82%, 0, 11, 4, 1.82, 84248, 372
45508, 0, 32, 38, 32, 4, 26.82%, 0, 11, 4, 1.82, 84258, 372
45513, 0, 32, 38, 32, 4, 26.82%, 0, 11, 4, 1.82, 84268, 372
45519, 0, 32, 38, 32, 4, 26.82%, 0, 11, 4, 1.82, 84278, 372
45524, 0, 32, 38, 32, 4, 26.82%, 0, 11, 4, 1.82, 84288, 372
45530, 0, 32, 38, 32, 4, 26.82%, 0, 11, 4, 1.82, 84298, 372
45535, 0, 32, 38, 32, 4, 26.82%, 0, 11, 4, 1.82, 84308, 372
45541, 0, 32, 38, 32, 4, 26.82%, 0, 11, 4, 1.82, 84318, 372
45546, 0, 32, 38, 32, 4, 26.82%, 0, 11, 4, 1.82, 84328, 372
45552, 0, 32, 38, 32, 4, 26.82%, 0, 11, 4, 1.82, 84338, 372
45557, 0, 32, 38, 32, 4, 26.82%, 0, 11, 4, 1.82, 84348, 372
45563, 0, 32, 38, 32, 4, 26.82%, 0, 11, 4, 1.82, 84358, 372
45568, 0, 32, 38, 32, 4, 26.82%, 0, 11, 4, 1.82, 84368, 372
45574, 0, 32, 38, 32, 4, 26.82%, 0, 11, 4, 1.82, 84378, 372
45579, 0, 32, 38, 32, 4, 26.82%, 0, 11, 4, 1.82, 84388, 372
45585, 0, 32, 38, 32, 4, 26.82%, 0, 11, 4, 1.82, 84398, 372
45590, 0, 32, 38, 32, 4, 26.82%, 0, 11, 4, 1.82, 84408, 372
45596, 0, 32, 38, 32, 4, 26.82%, 0, 11, 4, 1.82, 84418, 372
45601, 0, 32, 38, 32, 4, 26.82%, 0, 11, 4, 1.82, 84428, 372
45607, 0, 32, 38, 32, 4, 26.82%, 0, 11, 4, 1.82, 84438, 372
45612, 0, 32, 38, 32, 4, 26.82%, 0, 11, 4, 1.82, 84448, 372
45618, 0, 32, 38, 32, 4, 26.82%, 0, 11, 4, 1.82, 84458, 372
45623, 0, 32, 38, 32, 4, 26.82%, 0, 11, 4, 1.82, 84468, 372
45629, 0, 32, 38, 32, 4, 26.82%, 0, 11, 4, 1.82, 84478, 372
45634, 0, 32, 38, 32, 4, 26.82%, 0, 11, 4, 1.82, 84488, 372
45640, 0, 32, 38, 32, 4, 26.82%, 0, 11, 4, 1.82, 84498, 372
45645, 0, 32, 38, 32, 4, 26.82%, 0, 11, 4, 1.82, 84508, 372
45651, 0, 32, 38, 32, 4, 26.82%, 0, 11, 4, 1.82, 84518, 372
45656, 0, 32, 38, 32, 4, 26.82%, 0, 11, 4, 1.82, 84528, 372
45661, 0, 32, 38, 32, 4, 26.82%, 0, 11, 4, 1.82, 84538, 372
45667, 0, 32, 38, 32, 4, 26.82%, 0, 11, 4, 1.82, 84548, 372
45672, 0, 32, 38, 32, 4, 26.82%, 0, 11, 4, 1.82, 84558, 372
45678, 0, 32, 38, 32, 4, 26.82%, 0, 11, 4, 1.82, 84568, 372
45683, 0, 32, 38, 32, 4, 26.82%, 0, 11, 4, 1.82, 84578, 372
45689, 0, 32, 38, 32, 4, 26.82%, 0, 11, 4, 1.82, 84588, 372
45694, 0, 32, 38, 32, 4, 26.82%, 0, 11, 4, 1.82, 84598, 372
45700, 0, 32, 38, 32, 4, 26.82%, 0, 11, 4, 1.82, 84608, 372
45705, 0, 32, 38, 32, 4, 26.82%, 0, 11, 4, 1.82, 84618, 372
45711, 0, 32, 38, 32, 4, 26.82%, 0, 11, 4, 1.82, 84628, 372
45716, 0, 32, 38, 32, 4, 26.82%, 0, 11, 4, 1.82, 84638, 372
45722, 0, 32, 38, 32, 4, 26.82%, 0, 11, 4, 1.82, 84648, 372
45727, 0, 32, 38, 32, 4, 26.82%, 0, 11, 4, 1.82, 84658, 372
45733, 0, 32, 38, 32, 4, 26.82%, 0, 11, 4, 1.82, 84668, 372
45738, 0, 32, 38, 32, 4, 26.82%, 0, 11, 4, 1.82, 84678, 372
45744, 0, 32, 38, 32, 4, 26.82%, 0, 11, 4, 1.82, 84688, 372
45749, 0, 32, 38, 32, 4, 26.82%, 0, 11, 4, 1.82, 84698, 372
45755, 0, 32, 38, 32, 4, 26.82%, 0, 11, 4, 1.82, 84708, 372
45760, 0, 32, 38, 32, 4, 26.82%, 0, 11, 4, 1.82, 84718, 372
45766, 0, 32, 38, 32, 4, 26.82%, 0, 11, 4, 1.82, 84728, 372
45771, 0, 32, 38, 32, 4, 26.82%, 0, 11, 4, 1.82, 84738, 372
45777, 0, 32, 38, 32, 4, 26.82%, 0, 11, 4, 1.82, 84748, 372
45782, 0, 32, 38, 32, 4, 26.82%, 0, 11, 4, 1.82, 84758, 372
45788, 0, 32, 38, 32, 4, 26.82%, 0, 11, 4, 1.82, 84768, 372
45793, 0, 32, 38, 32, 4, 26.82%, 0, 11, 4, 1.82, 84778, 372
45799, 0, 32, 38, 32, 4, 26.82%, 0, 11, 4, 1.82, 84788, 372
45804, 0, 32, 38, 32, 4, 26.82%, 0, 11, 4, 1.82, 84798, 372
45810, 0, 32, 38, 32, 4, 26.82%, 0, 11, 4, 1.82, 84808, 372
45815, 0, 32, 38, 32, 4, 26.82%, 0, 11, 4, 1.82, 84818, 372
45820, 0, 32, 38, 32, 4, 26.82%, 0, 11, 4, 1.82, 84828, 372
45826, 0, 32, 38, 32, 4, 26.82%, 0, 11, 4, 1.82, 84838, 372
45831, 0, 32, 38, 32, 4, 26.82%, 0, 11, 4, 1.82, 84848, 372
45837, 0, 32, 38, 32, 4, 26.82%, 0, 11, 4, 1.82, 84858, 372
45842, 0, 32, 38, 32, 4, 26.82%, 0, 11, 4, 1.82, 84868, 372
45848, 0, 32, 38, 32, 4, 26.82%, 0, 11, 4, 1.82, 84878, 372
45853, 0, 32, 38, 32, 4, 26.82%, 0, 11, 4, 1.82, 84888, 372
45859, 0, 32, 38, 32, 4, 26.82%, 0, 11, 4, 1.82, 84898, 372
45864, 0, 32, 38, 32, 4, 26.82%, 0, 11, 4, 1.82, 84908, 372
45870, 0, 32, 38, 32, 4, 26.82%, 0, 11, 4, 1.82, 84918, 372
45875, 0, 32, 38, 32, 4, 26.82%, 0, 11, 4, 1.82, 84928, 372
45881, 0, 32, 38, 32, 4, 26.82%, 0, 11, 4, 1.82, 84938, 372
45886, 0, 32, 38, 32, 4, 26.82%, 0, 11, 4, 1.82, 84948, 372
45892, 0, 32, 38, 32, 4, 26.82%, 0, 11, 4, 1.82, 84958, 372
45897, 0, 32, 38, 32, 4, 26.82%, 0, 11, 4, 1.82, 84968, 372
45903, 0, 32, 38, 32, 4, 26.82%, 0, 11, 4, 1.82, 84978, 372
45908, 0, 32, 38, 32, 4, 26.82%, 0, 11, 4, 1.82, 84988, 372
45914, 0, 32, 38, 32, 4, 26.82%, 0, 11, 4, 1.82, 84998, 372
45919, 0, 32, 38, 32, 4, 26.82%, 0, 11, 4, 1.82, 85008, 372
45925, 0, 32, 38, 32, 4, 26.82%, 0, 11, 4, 1.82, 85018, 372
45930, 0, 32, 38, 32, 4, 26.82%, 0, 11, 4, 1.82, 85028, 372
45936, 0, 32, 38, 32, 4, 26.82%, 0, 11, 4, 1.82, 85038, 372
45941, 0, 32, 38, 32, 4, 26.82%, 0, 11, 4, 1.82, 85048, 372
45947, 0, 32, 38, 32, 4, 26.82%, 0, 11, 4, 1.82, 85058, 372
45952, 0, 32, 38, 32, 4, 26.82%, 0, 11, 4, 1.82, 85068, 372
45958, 0, 32, 38, 32, 4, 26.82%, 0, 11, 4, 1.82, 85078, 372
45963, 0, 32, 38, 32, 4, 26.82%, 0, 11, 4, 1.82, 85088, 372
45969, 0, 32, 38, 32, 4, 26.82%, 0, 11, 4, 1.82, 85098, 372
45974, 0, 32, 38, 32, 4, 26.82%, 0, 11, 4, 1.82, 85108, 372
45980, 0, 32, 38, 32, 4, 26.82%, 0, 11, 4, 1.82, 85118, 372
45985, 0, 32, 38, 32, 4, 26.82%, 0, 11, 4, 1.82, 85128, 372
45991, 0, 32, 38, 32, 4, 26.82%, 0, 11, 4, 1.82, 85138, 372
45996, 0, 32, 38, 32, 4, 26.82%, 0, 11, 4, 1.82, 85148, 372
46001, 0, 32, 38, 32, 4, 26.82%, 0, 11, 4, 1.82, 85158, 372
46007, 0, 32, 38, 32, 4, 26.82%, 0, 11, 4, 1.82, 85168, 372
46012, 0, 32, 38, 32, 4, 26.82%, 0, 11, 4, 1.82, 85178, 372
46018, 0, 32, 38, 32, 4, 26.82%, 0, 11, 4, 1.82, 85188, 372
46023, 0, 32, 38, 32, 4, 26.82%, 0, 11, 4, 1.82, 85198, 372
46029, 0, 32, 38, 32, 4, 26.82%, 0, 11, 4, 1.82, 85208, 372
46034, 0, 32, 38, 32, 4, 26.82%, 0, 11, 4, 1.82, 85218, 372
46040, 0, 32, 38, 32, 4, 26.82%, 0, 11, 4, 1.82, 85228, 372
46045, 0, 32, 38, 32, 4, 26.82%, 0, 11, 4, 1.82, 85238, 372
46051, 0, 32, 38, 32, 4, 26.82%, 0, 11, 4, 1.82, 85248, 372
46056, 0, 32, 38, 32, 4, 26.82%, 0, 11, 4, 1.82, 85258, 372
46062, 0, 32, 38, 32, 4, 26.82%, 0, 11, 4, 1.82, 85268, 372
46067, 0, 32, 38, 32, 4, 26.82%, 0, 11, 4, 1.82, 85278, 372
46073, 0, 32, 38, 32, 4, 26.82%, 0, 11, 4, 1.82, 85288, 372
46078, 0, 32, 38, 32, 4, 26.82%, 0, 11, 4, 1.82, 85298, 372
46084, 0, 32, 38, 32, 4, 26.82%, 0, 11, 4, 1.82, 85308, 372
46089, 0, 32, 38, 32, 4, 26.82%, 0, 11, 4, 1.82, 85318, 372
46095, 0, 32, 38, 32, 4, 26.82%, 0, 11, 4, 1.82, 85328, 372
46100, 0, 32, 38, 32, 4, 26.82%, 0, 11, 4, 1.82, 85338, 372
46106, 0, 32, 38, 32, 4, 26.82%, 0, 11, 4, 1.82, 85348, 372
46111, 0, 32, 38, 32, 4, 26.82%, 0, 11, 4, 1.82, 85358, 372
46117, 0, 32, 38, 32, 4, 26.82%, 0, 11, 4, 1.82, 85368, 372
46122, 0, 32, 38, 32, 4, 26.82%, 0, 11, 4, 1.82, 85378, 372
46128, 0, 32, 38, 32, 4, 26.82%, 0, 11, 4, 1.82, 85388, 372
46133, 0, 32, 38, 32, 4, 26.82%, 0, 11, 4, 1.82, 85398, 372
46139, 0, 32, 38, 32, 4, 26.82%, 0, 11, 4, 1.82, 85408, 372
46144, 0, 32, 38, 32, 4, 26.82%, 0, 11, 4, 1.82, 85418, 372
46150, 0, 32, 38, 32, 4, 26.82%, 0, 11, 4, 1.82, 85428, 372
46155, 0, 32, 38, 32, 4, 26.82%, 0, 11, 4, 1.82, 85438, 372
46161, 0, 32, 38, 32, 4, 26.82%, 0, 11, 4, 1.82, 85448, 372
46166, 0, 32, 38, 32, 4, 26.82%, 0, 11, 4, 1.82, 85458, 372
46171, 0, 32, 38, 32, 4, 26.82%, 0, 11, 4, 1.82, 85468, 372
46177, 0, 32, 38, 32, 4, 26.82%, 0, 11, 4, 1.82, 85478, 372
46182, 0, 32, 38, 32, 4, 26.82%, 0, 11, 4, 1.82, 85488, 372
46188, 0, 32, 38, 32, 4, 26.82%, 0, 11, 4, 1.82, 85498, 372
46193, 0, 32, 38, 32, 4, 26.82%, 0, 11, 4, 1.82, 85508, 372
46199, 0, 32, 38, 32, 4, 26.82%, 0, 11, 4, 1.82, 85518, 372
46204, 0, 32, 38, 32, 4, 26.82%, 0, 11, 4, 1.82, 85528, 372
46210, 0, 32, 38, 32, 4, 26.82%, 0, 11, 4, 1.82, 85538, 372
46215, 0, 32, 38, 32, 4, 26.82%, 0, 11, 4, 1.82, 85548, 372
46221, 0, 32, 38, 32, 4, 26.82%, 0, 11, 4, 1.82, 85558, 372
46226, 0, 32, 38, 32, 4, 26.82%, 0, 11, 4, 1.82, 85568, 372
46232, 0, 32, 38, 32, 4, 26.82%, 0, 11, 4, 1.82, 85578, 372
46237, 0, 32, 38, 32, 4, 26.82%, 0, 11, 4, 1.82, 85588, 372
46243, 0, 32, 38, 32, 4, 26.82%, 0, 11, 4, 1.82, 85598, 372
46248, 0, 32, 38, 32, 4, 26.82%, 0, 11, 4, 1.82, 85608, 372
46254, 0, 32, 38, 32, 4, 26.82%, 0, 11, 4, 1.82, 85618, 372
46259, 0, 32, 38, 32, 4, 26.82%, 0, 11, 4, 1.82, 85628, 372
46265, 0, 32, 38, 32, 4, 26.82%, 0, 11, 4, 1.82, 85638, 372
46270, 0, 32, 38, 32, 4, 26.82%, 0, 11, 4, 1.82, 85648, 372
46276, 0, 32, 38, 32, 4, 26.82%, 0, 11, 4, 1.82, 85658, 372
46281, 0, 32, 38, 32, 4, 26.82%, 0, 11, 4, 1.82, 85668, 372
46287, 0, 32, 38, 32, 4, 26.82%, 0, 11, 4, 1.82, 85678, 372
46292, 0, 32, 38, 32, 4, 26.82%, 0, 11, 4, 1.82, 85688, 372
46298, 0, 32, 38, 32, 4, 26.82%, 0, 11, 4, 1.82, 85698, 372
46303, 0, 32, 38, 32, 4, 26.82%, 0, 11, 4, 1.82, 85708, 372
46309, 0, 32, 38, 32, 4, 26.82%, 0, 11, 4, 1.82, 85718, 372
46314, 0, 32, 38, 32, 4, 26.82%, 0, 11, 4, 1.82, 85728, 372
46320, 0, 32, 38, 32, 4, 26.82%, 0, 11, 4, 1.82, 85738, 372
46325, 0, 32, 38, 32, 4, 26.82%, 0, 11, 4, 1.82, 85748, 372
46331, 0, 32, 38, 32, 4, 26.82%, 0, 11, 4, 1.82, 85758, 372
46336, 0, 32, 38, 32, 4, 26.82%, 0, 11, 4, 1.82, 85768, 372
46341, 0, 32, 38, 32, 4, 26.82%, 0, 11, 4, 1.82, 85778, 372
46347, 0, 32, 38, 32, 4, 26.82%, 0, 11, 4, 1.82, 85788, 372
46352, 0, 32, 38, 32, 4, 26.82%, 0, 11, 4, 1.82, 85798, 372
46358, 0, 32, 38, 32, 4, 26.82%, 0, 11, 4, 1.82, 85808, 372
46363, 0, 32, 38, 32, 4, 26.82%, 0, 11, 4, 1.82, 85818, 372
46369, 0, 32, 38, 32, 4, 26.82%, 0, 11, 4, 1.82, 85828, 372
46374, 0, 32, 38, 32, 4, 26.82%, 0, 11, 4, 1.82, 85838, 372
46380, 0, 32, 38, 32, 4, 26.82%, 0, 11, 4, 1.82, 85848, 372
46385, 0, 32, 38, 32, 4, 26.82%, 0, 11, 4, 1.82, 85858, 372
46391, 0, 32, 38, 32, 4, 26.82%, 0, 11, 4, 1.82, 85868, 372
46396, 0, 32, 38, 32, 4, 26.82%, 0, 11, 4, 1.82, 85878, 372
46402, 0, 32, 38, 32, 4, 26.82%, 0, 11, 4, 1.82, 85888, 372
46407, 0, 32, 38, 32, 4, 26.82%, 0, 11, 4, 1.82, 85898, 372
46413, 0, 32, 38, 32, 4, 26.82%, 0, 11, 4, 1.82, 85908, 372
46418, 0, 32, 38, 32, 4, 26.82%, 0, 11, 4, 1.82, 85918, 372
46424, 0, 32, 38, 32, 4, 26.82%, 0, 11, 4, 1.82, 85928, 372
46429, 0, 32, 38, 32, 4, 26.82%, 0, 11, 4, 1.82, 85938, 372
46435, 0, 32, 38, 32, 4, 26.82%, 0, 11, 4, 1.82, 85948, 372
46440, 0, 32, 38, 32, 4, 26.82%, 0, 11, 4, 1.82, 85958, 372
46446, 0, 32, 38, 32, 4, 26.82%, 0, 11, 4, 1.82, 85968, 372
46451, 0, 32, 38, 32, 4, 26.82%, 0, 11, 4, 1.82, 85978, 372
46457, 0, 32, 38, 32, 4, 26.82%, 0, 11, 4, 1.82, 85988, 372
46462, 0, 32, 38, 32, 4, 26.82%, 0, 11, 4, 1.82, 85998, 372
46468, 0, 32, 38, 32, 4, 26.82%, 0, 11, 4, 1.82, 86008, 372
46473, 0, 32, 38, 32, 4, 26.82%, 0, 11, 4, 1.82, 86018, 372
46479, 0, 32, 38, 32, 4, 26.82%, 0, 11, 4, 1.82, 86028, 372
46484, 0, 32, 38, 32, 4, 26.82%, 0, 11, 4, 1.82, 86038, 372
46490, 0, 32, 38, 32, 4, 26.82%, 0, 11, 4, 1.82, 86048, 372
46495, 0, 32, 38, 32, 4, 26.82%, 0, 11, 4, 1.82, 86058, 372
46501, 0, 32, 38, 32, 4, 26.82%, 0, 11, 4, 1.82, 86068, 372
46506, 0, 32, 38, 32, 4, 26.82%, 0, 11, 4, 1.82, 86078, 372
46511, 0, 32, 38, 32, 4, 26.82%, 0, 11, 4, 1.82, 86088, 372
46517, 0, 32, 38, 32, 4, 26.82%, 0, 11, 4, 1.82, 86098, 372
46522, 0, 32, 38, 32, 4, 26.82%, 0, 11, 4, 1.82, 86108, 372
46528, 0, 32, 38, 32, 4, 26.82%, 0, 11, 4, 1.82, 86118, 372
46533, 0, 32, 38, 32, 4, 26.82%, 0, 11, 4, 1.82, 86128, 372
46539, 0, 32, 38, 32, 4, 26.82%, 0, 11, 4, 1.82, 86138, 372
46544, 0, 32, 38, 32, 4, 26.82%, 0, 11, 4, 1.82, 86148, 372
46550, 0, 32, 38, 32, 4, 26.82%, 0, 11, 4, 1.82, 86158, 372
46555, 0, 32, 38, 32, 4, 26.82%, 0, 11, 4, 1.82, 86168, 372
46561, 0, 32, 38, 32, 4, 26.82%, 0, 11, 4, 1.82, 86178, 372
46566, 0, 32, 38, 32, 4, 26.82%, 0, 11, 4, 1.82, 86188, 372
46572, 0, 32, 38, 32, 4, 26.82%, 0, 11, 4, 1.82, 86198, 372
46577, 0, 32, 38, 32, 4, 26.82%, 0, 11, 4, 1.82, 86208, 372
46583, 0, 32, 38, 32, 4, 26.82%, 0, 11, 4, 1.82, 86218, 372
46588, 0, 32, 38, 32, 4, 26.82%, 0, 11, 4, 1.82, 86228, 372
46594, 0, 32, 38, 32, 4, 26.82%, 0, 11, 4, 1.82, 86238, 372
46599, 0, 32, 38, 32, 4, 26.82%, 0, 11, 4, 1.82, 86248, 372
46605, 0, 32, 38, 32, 4, 26.82%, 0, 11, 4, 1.82, 86258, 372
46610, 0, 32, 38, 32, 4, 26.82%, 0, 11, 4, 1.82, 86268, 372
46616, 0, 32, 38, 32, 4, 26.82%, 0, 11, 4, 1.82, 86278, 372
46621, 0, 32, 38, 32, 4, 26.82%, 0, 11, 4, 1.82, 86288, 372
46627, 0, 32, 38, 32, 4, 26.82%, 0, 11, 4, 1.82, 86298, 372
46632, 0, 32, 38, 32, 4, 26.82%, 0, 11, 4, 1.82, 86308, 372
46638, 0, 32, 38, 32, 4, 26.82%, 0, 11, 4, 1.82, 86318, 372
46643, 0, 32, 38, 32, 4, 26.82%, 0, 11, 4, 1.82, 86328, 372
46649, 0, 32, 38, 32, 4, 26.82%, 0, 11, 4, 1.82, 86338, 372
46654, 0, 32, 38, 32, 4, 26.82%, 0, 11, 4, 1.82, 86348, 372
46660, 0, 32, 38, 32, 4, 26.82%, 0, 11, 4, 1.82, 86358, 372
46665, 0, 32, 38, 32, 4, 26.82%, 0, 11, 4, 1.82, 86368, 372
46671, 0, 32, 38, 32, 4, 26.82%, 0, 11, 4, 1.82, 86378, 372
46676, 0, 32, 38, 32, 4, 26.82%, 0, 11, 4, 1.82, 86388, 372
46681, 0, 32, 38, 32, 4, 26.82%, 0, 11, 4, 1.82, 86398, 372
46687, 0, 32, 38, 32, 4, 26.82%, 0, 11, 4, 1.82, 86408, 372
46692, 0, 32, 38, 32, 4, 26.82%, 0, 11, 4, 1.82, 86418, 372
46698, 0, 32, 38, 32, 4, 26.82%, 0, 11, 4, 1.82, 86428, 372
46703, 0, 32, 38, 32, 4, 26.82%, 0, 11, 4, 1.82, 86438, 372
46709, 0, 32, 38, 32, 4, 26.82%, 0, 11, 4, 1.82, 86448, 372
46714, 0, 32, 38, 32, 4, 26.82%, 0, 11, 4, 1.82, 86458, 372
46720, 0, 32, 38, 32, 4, 26.82%, 0, 11, 4, 1.82, 86468, 372
46725, 0, 32, 38, 32, 4, 26.82%, 0, 11, 4, 1.82, 86478, 372
46731, 0, 32, 38, 32, 4, 26.82%, 0, 11, 4, 1.82, 86488, 372
46736, 0, 32, 38, 32, 4, 26.82%, 0, 11, 4, 1.82, 86498, 372
46742, 0, 32, 38, 32, 4, 26.82%, 0, 11, 4, 1.82, 86508, 372
46747, 0, 32, 38, 32, 4, 26.82%, 0, 11, 4, 1.82, 86518, 372
46753, 0, 32, 38, 32, 4, 26.82%, 0, 11, 4, 1.82, 86528, 372
46758, 0, 32, 38, 32, 4, 26.82%, 0, 11, 4, 1.82, 86538, 372
46764, 0, 32, 38, 32, 4, 26.82%, 0, 11, 4, 1.82, 86548, 372
46769, 0, 32, 38, 32, 4, 26.82%, 0, 11, 4, 1.82, 86558, 372
46775, 0, 32, 38, 32, 4, 26.82%, 0, 11, 4, 1.82, 86568, 372
46780, 0, 32, 38, 32, 4, 26.82%, 0, 11, 4, 1.82, 86578, 372
46786, 0, 32, 38, 32, 4, 26.82%, 0, 11, 4, 1.82, 86588, 372
46791, 0, 32, 38, 32, 4, 26.82%, 0, 11, 4, 1.82, 86598, 372
46797, 0, 32, 38, 32, 4, 26.82%, 0, 11, 4, 1.82, 86608, 372
46802, 0, 32, 38, 32, 4, 26.82%, 0, 11, 4, 1.82, 86618, 372
46808, 0, 32, 38, 32, 4, 26.82%, 0, 11, 4, 1.82, 86628, 372
46813, 0, 32, 38, 32, 4, 26.82%, 0, 11, 4, 1.82, 86638, 372
46819, 0, 32, 38, 32, 4, 26.82%, 0, 11, 4, 1.82, 86648, 372
46824, 0, 32, 38, 32, 4, 26.82%, 0, 11, 4, 1.82, 86658, 372
46830, 0, 32, 38, 32, 4, 26.82%, 0, 11, 4, 1.82, 86668, 372
46835, 0, 32, 38, 32, 4, 26.82%, 0, 11, 4, 1.82, 86678, 372
46841, 0, 32, 38, 32, 4, 26.82%, 0, 11, 4, 1.82, 86688, 372
46846, 0, 32, 38, 32, 4, 26.82%, 0, 11, 4, 1.82, 86698, 372
46851, 0, 32, 38, 32, 4, 26.82%, 0, 11, 4, 1.82, 86708, 372
46857, 0, 32, 38, 32, 4, 26.82%, 0, 11, 4, 1.82, 86718, 372
46862, 0, 32, 38, 32, 4, 26.82%, 0, 11, 4, 1.82, 86728, 372
46868, 0, 32, 38, 32, 4, 26.82%, 0, 11, 4, 1.82, 86738, 372
46873, 0, 32, 38, 32, 4, 26.82%, 0, 11, 4, 1.82, 86748, 372
46879, 0, 32, 38, 32, 4, 26.82%, 0, 11, 4, 1.82, 86758, 372
46884, 0, 32, 38, 32, 4, 26.82%, 0, 11, 4, 1.82, 86768, 372
46890, 0, 32, 38, 32, 4, 26.82%, 0, 11, 4, 1.82, 86778, 372
46895, 0, 32, 38, 32, 4, 26.82%, 0, 11, 4, 1.82, 86788, 372
46901, 0, 32, 38, 32, 4, 26.82%, 0, 11, 4, 1.82, 86798, 372
46906, 0, 32, 38, 32, 4, 26.82%, 0, 11, 4, 1.82, 86808, 372
46912, 0, 32, 38, 32, 4, 26.82%, 0, 11, 4, 1.82, 86818, 372
46917, 0, 32, 38, 32, 4, 26.82%, 0, 11, 4, 1.82, 86828, 372
46923, 0, 32, 38, 32, 4, 26.82%, 0, 11, 4, 1.82, 86838, 372
46928, 0, 32, 38, 32, 4, 26.82%, 0, 11, 4, 1.82, 86848, 372
46934, 0, 32, 38, 32, 4, 26.82%, 0, 11, 4, 1.82, 86858, 372
46939, 0, 32, 38, 32, 4, 26.82%, 0, 11, 4, 1.82, 86868, 372
46945, 0, 32, 38, 32, 4, 26.82%, 0, 11, 4, 1.82, 86878, 372
46950, 0, 32, 38, 32, 4, 26.82%, 0, 11, 4, 1.82, 86888, 372
46956, 0, 32, 38, 32, 4, 26.82%, 0, 11, 4, 1.82, 86898, 372
46961, 0, 32, 38, 32, 4, 26.82%, 0, 11, 4, 1.82, 86908, 372
46967, 0, 32, 38, 32, 4, 26.82%, 0, 11, 4, 1.82, 86918, 372
46972, 0, 32, 38, 32, 4, 26.82%, 0, 11, 4, 1.82, 86928, 372
46978, 0, 32, 38, 32, 4, 26.82%, 0, 11, 4, 1.82, 86938, 372
46983, 0, 32, 38, 32, 4, 26.82%, 0, 11, 4, 1.82, 86948, 372
46989, 0, 32, 38, 32, 4, 26.82%, 0, 11, 4, 1.82, 86958, 372
46994, 0, 32, 38, 32, 4, 26.82%, 0, 11, 4, 1.82, 86968, 372
47000, 0, 32, 38, 32, 4, 26.82%, 0, 11, 4, 1.82, 86978, 372
47005, 0, 32, 38, 32, 4, 26.82%, 0, 11, 4, 1.82, 86988, 372
47011, 0, 32, 38, 32, 4, 26.82%, 0, 11, 4, 1.82, 86998, 372
47016, 0, 32, 38, 32, 4, 26.82%, 0, 11, 4, 1.82, 87008, 372
47022, 0, 32, 38, 32, 4, 26.82%, 0, 11, 4, 1.82, 87018, 372
47027, 0, 32, 38, 32, 4, 26.82%, 0, 11, 4, 1.82, 87028, 372
47032, 0, 32, 38, 32, 4, 26.82%, 0, 11, 4, 1.82, 87038, 372
47038, 0, 32, 38, 32, 4, 26.82%, 0, 11, 4, 1.82, 87048, 372
47043, 0, 32, 38, 32, 4, 26.82%, 0, 11, 4, 1.82, 87058, 372
47049, 0, 32, 38, 32, 4, 26.82%, 0, 11, 4, 1.82, 87068, 372
47054, 0, 32, 38, 32, 4, 26.82%, 0, 11, 4, 1.82, 87078, 372
47060, 0, 32, 38, 32, 4, 26.82%, 0, 11, 4, 1.82, 87088, 372
47065, 0, 32, 38, 32, 4, 26.82%, 0, 11, 4, 1.82, 87098, 372
47071, 0, 32, 38, 32, 4, 26.82%, 0, 11, 4, 1.82, 87108, 372
47076, 0, 32, 38, 32, 4, 26.82%, 0, 11, 4, 1.82, 87118, 372
47082, 0, 32, 38, 32, 4, 26.82%, 0, 11, 4, 1.82, 87128, 372
47087, 0, 32, 38, 32, 4, 26.82%, 0, 11, 4, 1.82, 87138, 372
47093, 0, 32, 38, 32, 4, 26.82%, 0, 11, 4, 1.82, 87148, 372
47098, 0, 32, 38, 32, 4, 26.82%, 0, 11, 4, 1.82, 87158, 372
47104, 0, 32, 38, 32, 4, 26.82%, 0, 11, 4, 1.82, 87168, 372
47109, 0, 32, 38, 32, 4, 26.82%, 0, 11, 4, 1.82, 87178, 372
47115, 0, 32, 38, 32, 4, 26.82%, 0, 11, 4, 1.82, 87188, 372
47120, 0, 32, 38, 32, 4, 26.82%, 0, 11, 4, 1.82, 87198, 372
47126, 0, 32, 38, 32, 4, 26.82%, 0, 11, 4, 1.82, 87208, 372
47131, 0, 32, 38, 32, 4, 26.82%, 0, 11, 4, 1.82, 87218, 372
47137, 0, 32, 38, 32, 4, 26.82%, 0, 11, 4, 1.82, 87228, 372
47142, 0, 32, 38, 32, 4, 26.82%, 0, 11, 4, 1.82, 87238, 372
47148, 0, 32, 38, 32, 4, 26.82%, 0, 11, 4, 1.82, 87248, 372
47153, 0, 32, 38, 32, 4, 26.82%, 0, 11, 4, 1.82, 87258, 372
47159, 0, 32, 38, 32, 4, 26.82%, 0, 11, 4, 1.82, 87268, 372
47164, 0, 32, 38, 32, 4, 26.82%, 0, 11, 4, 1.82, 87278, 372
47170, 0, 32, 38, 32, 4, 26.82%, 0, 11, 4, 1.82, 87288, 372
47175, 0, 32, 38, 32, 4, 26.82%, 0, 11, 4, 1.82, 87298, 372
47181, 0, 32, 38, 32, 4, 26.82%, 0, 11, 4, 1.82, 87308, 372
47186, 0, 32, 38, 32, 4, 26.82%, 0, 11, 4, 1.82, 87318, 372
47192, 0, 32, 38, 32, 4, 26.82%, 0, 11, 4, 1.82, 87328, 372
47197, 0, 32, 38, 32, 4, 26.82%, 0, 11, 4, 1.82, 87338, 372
47202, 0, 32, 38, 32, 4, 26.82%, 0, 11, 4, 1.82, 87348, 372
47208, 0, 32, 38, 32, 4, 26.82%, 0, 11, 4, 1.82, 87358, 372
47213, 0, 32, 38, 32, 4, 26.82%, 0, 11, 4, 1.82, 87368, 372
47219, 0, 32, 38, 32, 4, 26.82%, 0, 11, 4, 1.82, 87378, 372
47224, 0, 32, 38, 32, 4, 26.82%, 0, 11, 4, 1.82, 87388, 372
47230, 0, 32, 38, 32, 4, 26.82%, 0, 11, 4, 1.82, 87398, 372
47235, 0, 32, 38, 32, 4, 26.82%, 0, 11, 4, 1.82, 87408, 372
47241, 0, 32, 38, 32, 4, 26.82%, 0, 11, 4, 1.82, 87418, 372
47246, 0, 32, 38, 32, 4, 26.82%, 0, 11, 4, 1.82, 87428, 372
47252, 0, 32, 38, 32, 4, 26.82%, 0, 11, 4, 1.82, 87438, 372
47257, 0, 32, 38, 32, 4, 26.82%, 0, 11, 4, 1.82, 87448, 372
47263, 0, 32, 38, 32, 4, 26.82%, 0, 11, 4, 1.82, 87458, 372
47268, 0, 32, 38, 32, 4, 26.82%, 0, 11, 4, 1.82, 87468, 372
47274, 0, 32, 38, 32, 4, 26.82%, 0, 11, 4, 1.82, 87478, 372
47279, 0, 32, 38, 32, 4, 26.82%, 0, 11, 4, 1.82, 87488, 372
47285, 0, 32, 38, 32, 4, 26.82%, 0, 11, 4, 1.82, 87498, 372
47290, 0, 32, 38, 32, 4, 26.82%, 0, 11, 4, 1.82, 87508, 372
47296, 0, 32, 38, 32, 4, 26.82%, 0, 11, 4, 1.82, 87518, 372
47301, 0, 32, 38, 32, 4, 26.82%, 0, 11, 4, 1.82, 87528, 372
47307, 0, 32, 38, 32, 4, 26.82%, 0, 11, 4, 1.82, 87538, 372
47312, 0, 32, 38, 32, 4, 26.82%, 0, 11, 4, 1.82, 87548, 372
47318, 0, 32, 38, 32, 4, 26.82%, 0, 11, 4, 1.82, 87558, 372
47323, 0, 32, 38, 32, 4, 26.82%, 0, 11, 4, 1.82, 87568, 372
47329, 0, 32, 38, 32, 4, 26.82%, 0, 11, 4, 1.82, 87578, 372
47334, 0, 32, 38, 32, 4, 26.82%, 0, 11, 4, 1.82, 87588, 372
47340, 0, 32, 38, 32, 4, 26.82%, 0, 11, 4, 1.82, 87598, 372
47345, 0, 32, 38, 32, 4, 26.82%, 0, 11, 4, 1.82, 87608, 372
47351, 0, 32, 38, 32, 4, 26.82%, 0, 11, 4, 1.82, 87618, 372
47356, 0, 32, 38, 32, 4, 26.82%, 0, 11, 4, 1.82, 87628, 372
47362, 0, 32, 38, 32, 4, 26.82%, 0, 11, 4, 1.82, 87638, 372
47367, 0, 32, 38, 32, 4, 26.82%, 0, 11, 4, 1.82, 87648, 372
47372, 0, 32, 38, 32, 4, 26.82%, 0, 11, 4, 1.82, 87658, 372
47378, 0, 32, 38, 32, 4, 26.82%, 0, 11, 4, 1.82, 87668, 372
47383, 0, 32, 38, 32, 4, 26.82%, 0, 11, 4, 1.82, 87678, 372
47389, 0, 32, 38, 32, 4, 26.82%, 0, 11, 4, 1.82, 87688, 372
47394, 0, 32, 38, 32, 4, 26.82%, 0, 11, 4, 1.82, 87698, 372
47400, 0, 32, 38, 32, 4, 26.82%, 0, 11, 4, 1.82, 87708, 372
47405, 0, 32, 38, 32, 4, 26.82%, 0, 11, 4, 1.82, 87718, 372
47411, 0, 32, 38, 32, 4, 26.82%, 0, 11, 4, 1.82, 87728, 372
47416, 0, 32, 38, 32, 4, 26.82%, 0, 11, 4, 1.82, 87738, 372
47422, 0, 32, 38, 32, 4, 26.82%, 0, 11, 4, 1.82, 87748, 372
47427, 0, 32, 38, 32, 4, 26.82%, 0, 11, 4, 1.82, 87758, 372
47433, 0, 32, 38, 32, 4, 26.82%, 0, 11, 4, 1.82, 87768, 372
47438, 0, 32, 38, 32, 4, 26.82%, 0, 11, 4, 1.82, 87778, 372
47444, 0, 32, 38, 32, 4, 26.82%, 0, 11, 4, 1.82, 87788, 372
47449, 0, 32, 38, 32, 4, 26.82%, 0, 11, 4, 1.82, 87798, 372
47455, 0, 32, 38, 32, 4, 26.82%, 0, 11, 4, 1.82, 87808, 372
47460, 0, 32, 38, 32, 4, 26.82%, 0, 11, 4, 1.82, 87818, 372
47466, 0, 32, 38, 32, 4, 26.82%, 0, 11, 4, 1.82, 87828, 372
47471, 0, 32, 38, 32, 4, 26.82%, 0, 11, 4, 1.82, 87838, 372
47477, 0, 32, 38, 32, 4, 26.82%, 0, 11, 4, 1.82, 87848, 372
47482, 0, 32, 38, 32, 4, 26.82%, 0, 11, 4, 1.82, 87858, 372
47488, 0, 32, 38, 32, 4, 26.82%, 0, 11, 4, 1.82, 87868, 372
47493, 0, 32, 38, 32, 4, 26.82%, 0, 11, 4, 1.82, 87878, 372
47499, 0, 32, 38, 32, 4, 26.82%, 0, 11, 4, 1.82, 87888, 372
47504, 0, 32, 38, 32, 4, 26.82%, 0, 11, 4, 1.82, 87898, 372
47510, 0, 32, 38, 32, 4, 26.82%, 0, 11, 4, 1.82, 87908, 372
47515, 0, 32, 38, 32, 4, 26.82%, 0, 11, 4, 1.82, 87918, 372
47521, 0, 32, 38, 32, 4, 26.82%, 0, 11, 4, 1.82, 87928, 372
47526, 0, 32, 38, 32, 4, 26.82%, 0, 11, 4, 1.82, 87938, 372
47532, 0, 32, 38, 32, 4, 26.82%, 0, 11, 4, 1.82, 87948, 372
47537, 0, 32, 38, 32, 4, 26.82%, 0, 11, 4, 1.82, 87958, 372
47543, 0, 32, 38, 32, 4, 26.82%, 0, 11, 4, 1.82, 87968, 372
47548, 0, 32, 38, 32, 4, 26.82%, 0, 11, 4, 1.82, 87978, 372
47553, 0, 32, 38, 32, 4, 26.82%, 0, 11, 4, 1.82, 87988, 372
47559, 0, 32, 38, 32, 4, 26.82%, 0, 11, 4, 1.82, 87998, 372
47564, 0, 32, 38, 32, 4, 26.82%, 0, 11, 4, 1.82, 88008, 372
47570, 0, 32, 38, 32, 4, 26.82%, 0, 11, 4, 1.82, 88018, 372
47575, 0, 32, 38, 32, 4, 26.82%, 0, 11, 4, 1.82, 88028, 372
47581, 0, 32, 38, 32, 4, 26.82%, 0, 11, 4, 1.82, 88038, 372
47586, 0, 32, 38, 32, 4, 26.82%, 0, 11, 4, 1.82, 88048, 372
47592, 0, 32, 38, 32, 4, 26.82%, 0, 11, 4, 1.82, 88058, 372
47597, 0, 32, 38, 32, 4, 26.82%, 0, 11, 4, 1.82, 88068, 372
47603, 0, 32, 38, 32, 4, 26.82%, 0, 11, 4, 1.82, 88078, 372
47608, 0, 32, 38, 32, 4, 26.82%, 0, 11, 4, 1.82, 88088, 372
47614, 0, 32, 38, 32, 4, 26.82%, 0, 11, 4, 1.82, 88098, 372
47619, 0, 32, 38, 32, 4, 26.82%, 0, 11, 4, 1.82, 88108, 372
47625, 0, 32, 38, 32, 4, 26.82%, 0, 11, 4, 1.82, 88118, 372
47630, 0, 32, 38, 32, 4, 26.82%, 0, 11, 4, 1.82, 88128, 372
47636, 0, 32, 38, 32, 4, 26.82%, 0, 11, 4, 1.82, 88138, 372
47641, 0, 32, 38, 32, 4, 26.82%, 0, 11, 4, 1.82, 88148, 372
47647, 0, 32, 38, 32, 4, 26.82%, 0, 11, 4, 1.82, 88158, 372
47652, 0, 32, 38, 32, 4, 26.82%, 0, 11, 4, 1.82, 88168, 372
47658, 0, 32, 38, 32, 4, 26.82%, 0, 11, 4, 1.82, 88178, 372
47663, 0, 32, 38, 32, 4, 26.82%, 0, 11, 4, 1.82, 88188, 372
47669, 0, 32, 38, 32, 4, 26.82%, 0, 11, 4, 1.82, 88198, 372
47674, 0, 32, 38, 32, 4, 26.82%, 0, 11, 4, 1.82, 88208, 372
47680, 0, 32, 38, 32, 4, 26.82%, 0, 11, 4, 1.82, 88218, 372
47685, 0, 32, 38, 32, 4, 26.82%, 0, 11, 4, 1.82, 88228, 372
47691, 0, 32, 38, 32, 4, 26.82%, 0, 11, 4, 1.82, 88238, 372
47696, 0, 32, 38, 32, 4, 26.82%, 0, 11, 4, 1.82, 88248, 372
47702, 0, 32, 38, 32, 4, 26.82%, 0, 11, 4, 1.82, 88258, 372
47707, 0, 32, 38, 32, 4, 26.82%, 0, 11, 4, 1.82, 88268, 372
47713, 0, 32, 38, 32, 4, 26.82%, 0, 11, 4, 1.82, 88278, 372
47718, 0, 32, 38, 32, 4, 26.82%, 0, 11, 4, 1.82, 88288, 372
47723, 0, 32, 38, 32, 4, 26.82%, 0, 11, 4, 1.82, 88298, 372
47729, 0, 32, 38, 32, 4, 26.82%, 0, 11, 4, 1.82, 88308, 372
47734, 0, 32, 38, 32, 4, 26.82%, 0, 11, 4, 1.82, 88318, 372
47740, 0, 32, 38, 32, 4, 26.82%, 0, 11, 4, 1.82, 88328, 372
47745, 0, 32, 38, 32, 4, 26.82%, 0, 11, 4, 1.82, 88338, 372
47751, 0, 32, 38, 32, 4, 26.82%, 0, 11, 4, 1.82, 88348, 372
47756, 0, 32, 38, 32, 4, 26.82%, 0, 11, 4, 1.82, 88358, 372
47762, 0, 32, 38, 32, 4, 26.82%, 0, 11, 4, 1.82, 88368, 372
47767, 0, 32, 38, 32, 4, 26.82%, 0, 11, 4, 1.82, 88378, 372
47773, 0, 32, 38, 32, 4, 26.82%, 0, 11, 4, 1.82, 88388, 372
47778, 0, 32, 38, 32, 4, 26.82%, 0, 11, 4, 1.82, 88398, 372
47784, 0, 32, 38, 32, 4, 26.82%, 0, 11, 4, 1.82, 88408, 372
47789, 0, 32, 38, 32, 4, 26.82%, 0, 11, 4, 1.82, 88418, 372
47795, 0, 32, 38, 32, 4, 26.82%, 0, 11, 4, 1.82, 88428, 372
47800, 0, 32, 38, 32, 4, 26.82%, 0, 11, 4, 1.82, 88438, 372
47806, 0, 32, 38, 32, 4, 26.82%, 0, 11, 4, 1.82, 88448, 372
47811, 0, 32, 38, 32, 4, 26.82%, 0, 11, 4, 1.82, 88458, 372
47817, 0, 32, 38, 32, 4, 26.82%, 0, 11, 4, 1.82, 88468, 372
47822, 0, 32, 38, 32, 4, 26.82%, 0, 11, 4, 1.82, 88478, 372
47828, 0, 32, 38, 32, 4, 26.82%, 0, 11, 4, 1.82, 88488, 372
47833, 0, 32, 38, 32, 4, 26.82%, 0, 11, 4, 1.82, 88498, 372
47839, 0, 32, 38, 32, 4, 26.82%, 0, 11, 4, 1.82, 88508, 372
47844, 0, 32, 38, 32, 4, 26.82%, 0, 11, 4, 1.82, 88518, 372
47850, 0, 32, 38, 32, 4, 26.82%, 0, 11, 4, 1.82, 88528, 372
47855, 0, 32, 38, 32, 4, 26.82%, 0, 11, 4, 1.82, 88538, 372
47861, 0, 32, 38, 32, 4, 26.82%, 0, 11, 4, 1.82, 88548, 372
47866, 0, 32, 38, 32, 4, 26.82%, 0, 11, 4, 1.82, 88558, 372
47872, 0, 32, 38, 32, 4, 26.82%, 0, 11, 4, 1.82, 88568, 372
47877, 0, 32, 38, 32, 4, 26.82%, 0, 11, 4, 1.82, 88578, 372
47883, 0, 32, 38, 32, 4, 26.82%, 0, 11, 4, 1.82, 88588, 372
47888, 0, 32, 38, 32, 4, 26.82%, 0, 11, 4, 1.82, 88598, 372
47893, 0, 32, 38, 32, 4, 26.82%, 0, 11, 4, 1.82, 88608, 372
47899, 0, 32, 38, 32, 4, 26.82%, 0, 11, 4, 1.82, 88618, 372
47904, 0, 32, 38, 32, 4, 26.82%, 0, 11, 4, 1.82, 88628, 372
47910, 0, 32, 38, 32, 4, 26.82%, 0, 11, 4, 1.82, 88638, 372
47915, 0, 32, 38, 32, 4, 26.82%, 0, 11, 4, 1.82, 88648, 372
47921, 0, 32, 38, 32, 4, 26.82%, 0, 11, 4, 1.82, 88658, 372
47926, 0, 32, 38, 32, 4, 26.82%, 0, 11, 4, 1.82, 88668, 372
47932, 0, 32, 38, 32, 4, 26.82%, 0, 11, 4, 1.82, 88678, 372
47937, 0, 32, 38, 32, 4, 26.82%, 0, 11, 4, 1.82, 88688, 372
47943, 0, 32, 38, 32, 4, 26.82%, 0, 11, 4, 1.82, 88698, 372
47948, 0, 32, 38, 32, 4, 26.82%, 0, 11, 4, 1.82, 88708, 372
47954, 0, 32, 38, 32, 4, 26.82%, 0, 11, 4, 1.82, 88718, 372
47959, 0, 32, 38, 32, 4, 26.82%, 0, 11, 4, 1.82, 88728, 372
47965, 0, 32, 38, 32, 4, 26.82%, 0, 11, 4, 1.82, 88738, 372
47970, 0, 32, 38, 32, 4, 26.82%, 0, 11, 4, 1.82, 88748, 372
47976, 0, 32, 38, 32, 4, 26.82%, 0, 11, 4, 1.82, 88758, 372
47981, 0, 32, 38, 32, 4, 26.82%, 0, 11, 4, 1.82, 88768, 372
47987, 0, 32, 38, 32, 4, 26.82%, 0, 11, 4, 1.82, 88778, 372
47992, 0, 32, 38, 32, 4, 26.82%, 0, 11, 4, 1.82, 88788, 372
47998, 0, 32, 38, 32, 4, 26.82%, 0, 11, 4, 1.82, 88798, 372
48003, 0, 32, 38, 32, 4, 26.82%, 0, 11, 4, 1.82, 88808, 372
48009, 0, 32, 38, 32, 4, 26.82%, 0, 11, 4, 1.82, 88818, 372
48014, 0, 32, 38, 32, 4, 26.82%, 0, 11, 4, 1.82, 88828, 372
48020, 0, 32, 38, 32, 4, 26.82%, 0, 11, 4, 1.82, 88838, 372
48025, 0, 32, 38, 32, 4, 26.82%, 0, 11, 4, 1.82, 88848, 372
48031, 0, 32, 38, 32, 4, 26.82%, 0, 11, 4, 1.82, 88858, 372
48036, 0, 32, 38, 32, 4, 26.82%, 0, 11, 4, 1.82, 88868, 372
48042, 0, 32, 38, 32, 4, 26.82%, 0, 11, 4, 1.82, 88878, 372
48047, 0, 32, 38, 32, 4, 26.82%, 0, 11, 4, 1.82, 88888, 372
48053, 0, 32, 38, 32, 4, 26.82%, 0, 11, 4, 1.82, 88898, 372
48058, 0, 32, 38, 32, 4, 26.82%, 0, 11, 4, 1.82, 88908, 372
48064, 0, 32, 38, 32, 4, 26.82%, 0, 11, 4, 1.82, 88918, 372
48069, 0, 32, 38, 32, 4, 26.82%, 0, 11, 4, 1.82, 88928, 372
48074, 0, 32, 38, 32, 4, 26.82%, 0, 11, 4, 1.82, 88938, 372
48080, 0, 32, 38, 32, 4, 26.82%, 0, 11, 4, 1.82, 88948, 372
48085, 0, 32, 38, 32, 4, 26.82%, 0, 11, 4, 1.82, 88958, 372
48091, 0, 32, 38, 32, 4, 26.82%, 0, 11, 4, 1.82, 88968, 372
48096, 0, 32, 38, 32, 4, 26.82%, 0, 11, 4, 1.82, 88978, 372
48102, 0, 32, 38, 32, 4, 26.82%, 0, 11, 4, 1.82, 88988, 372
48107, 0, 32, 38, 32, 4, 26.82%, 0, 11, 4, 1.82, 88998, 372
48113, 0, 32, 38, 32, 4, 26.82%, 0, 11, 4, 1.82, 89008, 372
48118, 0, 32, 38, 32, 4, 26.82%, 0, 11, 4, 1.82, 89018, 372
48124, 0, 32, 38, 32, 4, 26.82%, 0, 11, 4, 1.82, 89028, 372
48129, 0, 32, 38, 32, 4, 26.82%, 0, 11, 4, 1.82, 89038, 372
48135, 0, 32, 38, 32, 4, 26.82%, 0, 11, 4, 1.82, 89048, 372
48140, 0, 32, 38, 32, 4, 26.82%, 0, 11, 4, 1.82, 89058, 372
48146, 0, 32, 38, 32, 4, 26.82%, 0, 11, 4, 1.82, 89068, 372
48151, 0, 32, 38, 32, 4, 26.82%, 0, 11, 4, 1.82, 89078, 372
48157, 0, 32, 38, 32, 4, 26.82%, 0, 11, 4, 1.82, 89088, 372
48162, 0, 32, 38, 32, 4, 26.82%, 0, 11, 4, 1.82, 89098, 372
48168, 0, 32, 38, 32, 4, 26.82%, 0, 11, 4, 1.82, 89108, 372
48173, 0, 32, 38, 32, 4, 26.82%, 0, 11, 4, 1.82, 89118, 372
48179, 0, 32, 38, 32, 4, 26.82%, 0, 11, 4, 1.82, 89128, 372
48184, 0, 32, 38, 32, 4, 26.82%, 0, 11, 4, 1.82, 89138, 372
48190, 0, 32, 38, 32, 4, 26.82%, 0, 11, 4, 1.82, 89148, 372
48195, 0, 32, 38, 32, 4, 26.82%, 0, 11, 4, 1.82, 89158, 372
48201, 0, 32, 38, 32, 4, 26.82%, 0, 11, 4, 1.82, 89168, 372
48206, 0, 32, 38, 32, 4, 26.82%, 0, 11, 4, 1.82, 89178, 372
48212, 0, 32, 38, 32, 4, 26.82%, 0, 11, 4, 1.82, 89188, 372
48217, 0, 32, 38, 32, 4, 26.82%, 0, 11, 4, 1.82, 89198, 372
48223, 0, 32, 38, 32, 4, 26.82%, 0, 11, 4, 1.82, 89208, 372
48228, 0, 32, 38, 32, 4, 26.82%, 0, 11, 4, 1.82, 89218, 372
48234, 0, 32, 38, 32, 4, 26.82%, 0, 11, 4, 1.82, 89228, 372
48239, 0, 32, 38, 32, 4, 26.82%, 0, 11, 4, 1.82, 89238, 372
48244, 0, 32, 38, 32, 4, 26.82%, 0, 11, 4, 1.82, 89248, 372
48250, 0, 32, 38, 32, 4, 26.82%, 0, 11, 4, 1.82, 89258, 372
48255, 0, 32, 38, 32, 4, 26.82%, 0, 11, 4, 1.82, 89268, 372
48261, 0, 32, 38, 32, 4, 26.82%, 0, 11, 4, 1.82, 89278, 372
48266, 0, 32, 38, 32, 4, 26.82%, 0, 11, 4, 1.82, 89288, 372
48272, 0, 32, 38, 32, 4, 26.82%, 0, 11, 4, 1.82, 89298, 372
48277, 0, 32, 38, 32, 4, 26.82%, 0, 11, 4, 1.82, 89308, 372
48283, 0, 32, 38, 32, 4, 26.82%, 0, 11, 4, 1.82, 89318, 372
48288, 0, 32, 38, 32, 4, 26.82%, 0, 11, 4, 1.82, 89328, 372
48294, 0, 32, 38, 32, 4, 26.82%, 0, 11, 4, 1.82, 89338, 372
48299, 0, 32, 38, 32, 4, 26.82%, 0, 11, 4, 1.82, 89348, 372
48305, 0, 32, 38, 32, 4, 26.82%, 0, 11, 4, 1.82, 89358, 372
48310, 0, 32, 38, 32, 4, 26.82%, 0, 11, 4, 1.82, 89368, 372
48316, 0, 32, 38, 32, 4, 26.82%, 0, 11, 4, 1.82, 89378, 372
48321, 0, 32, 38, 32, 4, 26.82%, 0, 11, 4, 1.82, 89388, 372
48327, 0, 32, 38, 32, 4, 26.82%, 0, 11, 4, 1.82, 89398, 372
48332, 0, 32, 38, 32, 4, 26.82%, 0, 11, 4, 1.82, 89408, 372
48338, 0, 32, 38, 32, 4, 26.82%, 0, 11, 4, 1.82, 89418, 372
48343, 0, 32, 38, 32, 4, 26.82%, 0, 11, 4, 1.82, 89428, 372
48349, 0, 32, 38, 32, 4, 26.82%, 0, 11, 4, 1.82, 89438, 372
48354, 0, 32, 38, 32, 4, 26.82%, 0, 11, 4, 1.82, 89448, 372
48360, 0, 32, 38, 32, 4, 26.82%, 0, 11, 4, 1.82, 89458, 372
48365, 0, 32, 38, 32, 4, 26.82%, 0, 11, 4, 1.82, 89468, 372
48371, 0, 32, 38, 32, 4, 26.82%, 0, 11, 4, 1.82, 89478, 372
48376, 0, 32, 38, 32, 4, 26.82%, 0, 11, 4, 1.82, 89488, 372
48382, 0, 32, 38, 32, 4, 26.82%, 0, 11, 4, 1.82, 89498, 372
48387, 0, 32, 38, 32, 4, 26.82%, 0, 11, 4, 1.82, 89508, 372
48393, 0, 32, 38, 32, 4, 26.82%, 0, 11, 4, 1.82, 89518, 372
48398, 0, 32, 38, 32, 4, 26.82%, 0, 11, 4, 1.82, 89528, 372
48404, 0, 32, 38, 32, 4, 26.82%, 0, 11, 4, 1.82, 89538, 372
48409, 0, 32, 38, 32, 4, 26.82%, 0, 11, 4, 1.82, 89548, 372
48415, 0, 32, 38, 32, 4, 26.82%, 0, 11, 4, 1.82, 89558, 372
48420, 0, 32, 38, 32, 4, 26.82%, 0, 11, 4, 1.82, 89568, 372
48425, 0, 32, 38, 32, 4, 26.82%, 0, 11, 4, 1.82, 89578, 372
48431, 0, 32, 38, 32, 4, 26.82%, 0, 11, 4, 1.82, 89588, 372
48436, 0, 32, 38, 32, 4, 26.82%, 0, 11, 4, 1.82, 89598, 372
48442, 0, 32, 38, 32, 4, 26.82%, 0, 11, 4, 1.82, 89608, 372
48447, 0, 32, 38, 32, 4, 26.82%, 0, 11, 4, 1.82, 89618, 372
48453, 0, 32, 38, 32, 4, 26.82%, 0, 11, 4, 1.82, 89628, 372
48458, 0, 32, 38, 32, 4, 26.82%, 0, 11, 4, 1.82, 89638, 372
48464, 0, 32, 38, 32, 4, 26.82%, 0, 11, 4, 1.82, 89648, 372
48469, 0, 32, 38, 32, 4, 26.82%, 0, 11, 4, 1.82, 89658, 372
48475, 0, 32, 38, 32, 4, 26.82%, 0, 11, 4, 1.82, 89668, 372
48480, 0, 32, 38, 32, 4, 26.82%, 0, 11, 4, 1.82, 89678, 372
48486, 0, 32, 38, 32, 4, 26.82%, 0, 11, 4, 1.82, 89688, 372
48491, 0, 32, 38, 32, 4, 26.82%, 0, 11, 4, 1.82, 89698, 372
48497, 0, 32, 38, 32, 4, 26.82%, 0, 11, 4, 1.82, 89708, 372
48502, 0, 32, 38, 32, 4, 26.82%, 0, 11, 4, 1.82, 89718, 372
48508, 0, 32, 38, 32, 4, 26.82%, 0, 11, 4, 1.82, 89728, 372
48513, 0, 32, 38, 32, 4, 26.82%, 0, 11, 4, 1.82, 89738, 372
48519, 0, 32, 38, 32, 4, 26.82%, 0, 11, 4, 1.82, 89748, 372
48524, 0, 32, 38, 32, 4, 26.82%, 0, 11, 4, 1.82, 89758, 372
48530, 0, 32, 38, 32, 4, 26.82%, 0, 11, 4, 1.82, 89768, 372
48535, 0, 32, 38, 32, 4, 26.82%, 0, 11, 4, 1.82, 89778, 372
48541, 0, 32, 38, 32, 4, 26.82%, 0, 11, 4, 1.82, 89788, 372
48546, 0, 32, 38, 32, 4, 26.82%, 0, 11, 4, 1.82, 89798, 372
48552, 0, 32, 38, 32, 4, 26.82%, 0, 11, 4, 1.82, 89808, 372
48557, 0, 32, 38, 32, 4, 26.82%, 0, 11, 4, 1.82, 89818, 372
48563, 0, 32, 38, 32, 4, 26.82%, 0, 11, 4, 1.82, 89828, 372
48568, 0, 32, 38, 32, 4, 26.82%, 0, 11, 4, 1.82, 89838, 372
48574, 0, 32, 38, 32, 4, 26.82%, 0, 11, 4, 1.82, 89848, 372
48579, 0, 32, 38, 32, 4, 26.82%, 0, 11, 4, 1.82, 89858, 372
48585, 0, 32, 38, 32, 4, 26.82%, 0, 11, 4, 1.82, 89868, 372
48590, 0, 32, 38, 32, 4, 26.82%, 0, 11, 4, 1.82, 89878, 372
48596, 0, 32, 38, 32, 4, 26.82%, 0, 11, 4, 1.82, 89888, 372
48601, 0, 32, 38, 32, 4, 26.82%, 0, 11, 4, 1.82, 89898, 372
48606, 0, 32, 38, 32, 4, 26.82%, 0, 11, 4, 1.82, 89908, 372
48612, 0, 32, 38, 32, 4, 26.82%, 0, 11, 4, 1.82, 89918, 372
48617, 0, 32, 38, 32, 4, 26.82%, 0, 11, 4, 1.82, 89928, 372
48623, 0, 32, 38, 32, 4, 26.82%, 0, 11, 4, 1.82, 89938, 372
48628, 0, 32, 38, 32, 4, 26.82%, 0, 11, 4, 1.82, 89948, 372
48634, 0, 32, 38, 32, 4, 26.82%, 0, 11, 4, 1.82, 89958, 372
48639, 0, 32, 38, 32, 4, 26.82%, 0, 11, 4, 1.82, 89968, 372
48645, 0, 32, 38, 32, 4, 26.82%, 0, 11, 4, 1.82, 89978, 372
48650, 0, 32, 38, 32, 4, 26.82%, 0, 11, 4, 1.82, 89988, 372
48656, 0, 32, 38, 32, 4, 26.82%, 0, 11, 4, 1.82, 89998, 372
48661, 0, 32, 38, 32, 4, 26.82%, 0, 11, 4, 1.82, 90008, 372
48667, 0, 32, 38, 32, 4, 26.82%, 0, 11, 4, 1.82, 90018, 372
48672, 0, 32, 38, 32, 4, 26.82%, 0, 11, 4, 1.82, 90028, 372
48678, 0, 32, 38, 32, 4, 26.82%, 0, 11, 4, 1.82, 90038, 372
48683, 0, 32, 38, 32, 4, 26.82%, 0, 11, 4, 1.82, 90048, 372
48689, 0, 32, 38, 32, 4, 26.82%, 0, 11, 4, 1.82, 90058, 372
48694, 0, 32, 38, 32, 4, 26.82%, 0, 11, 4, 1.82, 90068, 372
48700, 0, 32, 38, 32, 4, 26.82%, 0, 11, 4, 1.82, 90078, 372
48705, 0, 32, 38, 32, 4, 26.82%, 0, 11, 4, 1.82, 90088, 372
48711, 0, 32, 38, 32, 4, 26.82%, 0, 11, 4, 1.82, 90098, 372
48716, 0, 32, 38, 32, 4, 26.82%, 0, 11, 4, 1.82, 90108, 372
48722, 0, 32, 38, 32, 4, 26.82%, 0, 11, 4, 1.82, 90118, 372
48727, 0, 32, 38, 32, 4, 26.82%, 0, 11, 4, 1.82, 90128, 372
48733, 0, 32, 38, 32, 4, 26.82%, 0, 11, 4, 1.82, 90138, 372
48738, 0, 32, 38, 32, 4, 26.82%, 0, 11, 4, 1.82, 90148, 372
48744, 0, 32, 38, 32, 4, 26.82%, 0, 11, 4, 1.82, 90158, 372
48749, 0, 32, 38, 32, 4, 26.82%, 0, 11, 4, 1.82, 90168, 372
48755, 0, 32, 38, 32, 4, 26.82%, 0, 11, 4, 1.82, 90178, 372
48760, 0, 32, 38, 32, 4, 26.82%, 0, 11, 4, 1.82, 90188, 372
48766, 0, 32, 38, 32, 4, 26.82%, 0, 11, 4, 1.82, 90198, 372
48771, 0, 32, 38, 32, 4, 26.82%, 0, 11, 4, 1.82, 90208, 372
48776, 0, 32, 38, 32, 4, 26.82%, 0, 11, 4, 1.82, 90218, 372
48782, 0, 32, 38, 32, 4, 26.82%, 0, 11, 4, 1.82, 90228, 372
48787, 0, 32, 38, 32, 4, 26.82%, 0, 11, 4, 1.82, 90238, 372
48793, 0, 32, 38, 32, 4, 26.82%, 0, 11, 4, 1.82, 90248, 372
48798, 0, 32, 38, 32, 4, 26.82%, 0, 11, 4, 1.82, 90258, 372
48804, 0, 32, 38, 32, 4, 26.82%, 0, 11, 4, 1.82, 90268, 372
48809, 0, 32, 38, 32, 4, 26.82%, 0, 11, 4, 1.82, 90278, 372
48815, 0, 32, 38, 32, 4, 26.82%, 0, 11, 4, 1.82, 90288, 372
48820, 0, 32, 38, 32, 4, 26.82%, 0, 11, 4, 1.82, 90298, 372
48826, 0, 32, 38, 32, 4, 26.82%, 0, 11, 4, 1.82, 90308, 372
48831, 0, 32, 38, 32, 4, 26.82%, 0, 11, 4, 1.82, 90318, 372
48837, 0, 32, 38, 32, 4, 26.82%, 0, 11, 4, 1.82, 90328, 372
48842, 0, 32, 38, 32, 4, 26.82%, 0, 11, 4, 1.82, 90338, 372
48848, 0, 32, 38, 32, 4, 26.82%, 0, 11, 4, 1.82, 90348, 372
48853, 0, 32, 38, 32, 4, 26.82%, 0, 11, 4, 1.82, 90358, 372
48859, 0, 32, 38, 32, 4, 26.82%, 0, 11, 4, 1.82, 90368, 372
48864, 0, 32, 38, 32, 4, 26.82%, 0, 11, 4, 1.82, 90378, 372
48870, 0, 32, 38, 32, 4, 26.82%, 0, 11, 4, 1.82, 90388, 372
48875, 0, 32, 38, 32, 4, 26.82%, 0, 11, 4, 1.82, 90398, 372
48881, 0, 32, 38, 32, 4, 26.82%, 0, 11, 4, 1.82, 90408, 372
48886, 0, 32, 38, 32, 4, 26.82%, 0, 11, 4, 1.82, 90418, 372
48892, 0, 32, 38, 32, 4, 26.82%, 0, 11, 4, 1.82, 90428, 372
48897, 0, 32, 38, 32, 4, 26.82%, 0, 11, 4, 1.82, 90438, 372
48903, 0, 32, 38, 32, 4, 26.82%, 0, 11, 4, 1.82, 90448, 372
48908, 0, 32, 38, 32, 4, 26.82%, 0, 11, 4, 1.82, 90458, 372
48914, 0, 32, 38, 32, 4, 26.82%, 0, 11, 4, 1.82, 90468, 372
48919, 0, 32, 38, 32, 4, 26.82%, 0, 11, 4, 1.82, 90478, 372
48925, 0, 32, 38, 32, 4, 26.82%, 0, 11, 4, 1.82, 90488, 372
48930, 0, 32, 38, 32, 4, 26.82%, 0, 11, 4, 1.82, 90498, 372
48936, 0, 32, 38, 32, 4, 26.82%, 0, 11, 4, 1.82, 90508, 372
48941, 0, 32, 38, 32, 4, 26.82%, 0, 11, 4, 1.82, 90518, 372
48946, 0, 32, 38, 32, 4, 26.82%, 0, 11, 4, 1.82, 90528, 372
48952, 0, 32, 38, 32, 4, 26.82%, 0, 11, 4, 1.82, 90538, 372
48957, 0, 32, 38, 32, 4, 26.82%, 0, 11, 4, 1.82, 90548, 372
48963, 0, 32, 38, 32, 4, 26.82%, 0, 11, 4, 1.82, 90558, 372
48968, 0, 32, 38, 32, 4, 26.82%, 0, 11, 4, 1.82, 90568, 372
48974, 0, 32, 38, 32, 4, 26.82%, 0, 11, 4, 1.82, 90578, 372
48979, 0, 32, 38, 32, 4, 26.82%, 0, 11, 4, 1.82, 90588, 372
48985, 0, 32, 38, 32, 4, 26.82%, 0, 11, 4, 1.82, 90598, 372
48990, 0, 32, 38, 32, 4, 26.82%, 0, 11, 4, 1.82, 90608, 372
48996, 0, 32, 38, 32, 4, 26.82%, 0, 11, 4, 1.82, 90618, 372
49001, 0, 32, 38, 32, 4, 26.82%, 0, 11, 4, 1.82, 90628, 372
49007, 0, 32, 38, 32, 4, 26.82%, 0, 11, 4, 1.82, 90638, 372
49012, 0, 32, 38, 32, 4, 26.82%, 0, 11, 4, 1.82, 90648, 372
49018, 0, 32, 38, 32, 4, 26.82%, 0, 11, 4, 1.82, 90658, 372
49023, 0, 32, 38, 32, 4, 26.82%, 0, 11, 4, 1.82, 90668, 372
49029, 0, 32, 38, 32, 4, 26.82%, 0, 11, 4, 1.82, 90678, 372
49034, 0, 32, 38, 32, 4, 26.82%, 0, 11, 4, 1.82, 90688, 372
49040, 0, 32, 38, 32, 4, 26.82%, 0, 11, 4, 1.82, 90698, 372
49045, 0, 32, 38, 32, 4, 26.82%, 0, 11, 4, 1.82, 90708, 372
49051, 0, 32, 38, 32, 4, 26.82%, 0, 11, 4, 1.82, 90718, 372
49056, 0, 32, 38, 32, 4, 26.82%, 0, 11, 4, 1.82, 90728, 372
49062, 0, 32, 38, 32, 4, 26.82%, 0, 11, 4, 1.82, 90738, 372
49067, 0, 32, 38, 32, 4, 26.82%, 0, 11, 4, 1.82, 90748, 372
49073, 0, 32, 38, 32, 4, 26.82%, 0, 11, 4, 1.82, 90758, 372
49078, 0, 32, 38, 32, 4, 26.82%, 0, 11, 4, 1.82, 90768, 372
49084, 0, 32, 38, 32, 4, 26.82%, 0, 11, 4, 1.82, 90778, 372
49089, 0, 32, 38, 32, 4, 26.82%, 0, 11, 4, 1.82, 90788, 372
49095, 0, 32, 38, 32, 4, 26.82%, 0, 11, 4, 1.82, 90798, 372
49100, 0, 32, 38, 32, 4, 26.82%, 0, 11, 4, 1.82, 90808, 372
49106, 0, 32, 38, 32, 4, 26.82%, 0, 11, 4, 1.82, 90818, 372
49111, 0, 32, 38, 32, 4, 26.82%, 0, 11, 4, 1.82, 90828, 372
49116, 0, 32, 38, 32, 4, 26.82%, 0, 11, 4, 1.82, 90838, 372
49122, 0, 32, 38, 32, 4, 26.82%, 0, 11, 4, 1.82, 90848, 372
49127, 0, 32, 38, 32, 4, 26.82%, 0, 11, 4, 1.82, 90858, 372
49133, 0, 32, 38, 32, 4, 26.82%, 0, 11, 4, 1.82, 90868, 372
49138, 0, 32, 38, 32, 4, 26.82%, 0, 11, 4, 1.82, 90878, 372
49144, 0, 32, 38, 32, 4, 26.82%, 0, 11, 4, 1.82, 90888, 372
49149, 0, 32, 38, 32, 4, 26.82%, 0, 11, 4, 1.82, 90898, 372
49155, 0, 32, 38, 32, 4, 26.82%, 0, 11, 4, 1.82, 90908, 372
49160, 0, 32, 38, 32, 4, 26.82%, 0, 11, 4, 1.82, 90918, 372
49166, 0, 32, 38, 32, 4, 26.82%, 0, 11, 4, 1.82, 90928, 372
49171, 0, 32, 38, 32, 4, 26.82%, 0, 11, 4, 1.82, 90938, 372
49177, 0, 32, 38, 32, 4, 26.82%, 0, 11, 4, 1.82, 90948, 372
49182, 0, 32, 38, 32, 4, 26.82%, 0, 11, 4, 1.82, 90958, 372
49188, 0, 32, 38, 32, 4, 26.82%, 0, 11, 4, 1.82, 90968, 372
49193, 0, 32, 38, 32, 4, 26.82%, 0, 11, 4, 1.82, 90978, 372
49199, 0, 32, 38, 32, 4, 26.82%, 0, 11, 4, 1.82, 90988, 372
49204, 0, 32, 38, 32, 4, 26.82%, 0, 11, 4, 1.82, 90998, 372
49210, 0, 32, 38, 32, 4, 26.82%, 0, 11, 4, 1.82, 91008, 372
49215, 0, 32, 38, 32, 4, 26.82%, 0, 11, 4, 2.02, 91019, 372
49221, 0, 32, 38, 32, 4, 26.82%, 0, 11, 4, 1.93, 91029, 372
49226, 0, 32, 38, 32, 4, 26.82%, 0, 11, 4, 1.88, 91039, 372
49231, 0, 32, 38, 32, 4, 26.82%, 0, 11, 4, 1.85, 91049, 372
49237, 0, 32, 38, 32, 4, 26.82%, 0, 11, 4, 1.84, 91059, 372
49242, 0, 32, 38, 32, 4, 26.82%, 0, 11, 4, 1.83, 91069, 372
49248, 0, 32, 38, 32, 4, 26.82%, 0, 11, 4, 1.83, 91079, 372
49253, 0, 32, 38, 32, 4, 26.82%, 0, 11, 4, 1.83, 91089, 372
49259, 0, 32, 38, 32, 4, 26.82%, 0, 11, 4, 1.82, 91099, 372
49264, 0, 32, 38, 32, 4, 26.82%, 0, 11, 4, 1.82, 91109, 372
49270, 0, 32, 38, 32, 4, 26.82%, 0, 11, 4, 1.82, 91119, 372
49275, 0, 32, 38, 32, 4, 26.82%, 0, 11, 4, 1.82, 91129, 372
49281, 0, 32, 38, 32, 4, 26.82%, 0, 11, 4, 1.82, 91139, 372
49286, 0, 32, 38, 32, 4, 26.82%, 0, 11, 4, 1.82, 91149, 372
49292, 0, 32, 38, 32, 4, 26.82%, 0, 11, 4, 1.82, 91159, 372
49297, 0, 32, 38, 32, 4, 26.82%, 0, 11, 4, 1.82, 91169, 372
49303, 0, 32, 38, 32, 4, 26.82%, 0, 11, 4, 1.82, 91179, 372
49308, 0, 32, 38, 32, 4, 26.82%, 0, 11, 4, 1.82, 91189, 372
49314, 0, 32, 38, 32, 4, 26.82%, 0, 11, 4, 1.82, 91199, 372
49319, 0, 32, 38, 32, 4, 26.82%, 0, 11, 4, 1.82, 91209, 372
49325, 0, 32, 38, 32, 4, 26.82%, 0, 11, 4, 1.82, 91219, 372
49330, 0, 32, 38, 32, 4, 26.82%, 0, 11, 4, 1.82, 91229, 372
49336, 0, 32, 38, 32, 4, 26.82%, 0, 11, 4, 1.82, 91239, 372
49341, 0, 32, 38, 32, 4, 26.82%, 0, 11, 4, 1.82, 91249, 372
49347, 0, 32, 38, 32, 4, 26.82%, 0, 11, 4, 1.82, 91259, 372
49352, 0, 32, 38, 32, 4, 26.82%, 0, 11, 4, 1.82, 91269, 372
49358, 0, 32, 38, 32, 4, 26.82%, 0, 11, 4, 1.82, 91279, 372
49363, 0, 32, 38, 32, 4, 26.82%, 0, 11, 4, 1.82, 91289, 372
49369, 0, 32, 38, 32, 4, 26.82%, 0, 11, 4, 1.82, 91299, 372
49374, 0, 32, 38, 32, 4, 26.82%, 0, 11, 4, 1.82, 91309, 372
49380, 0, 32, 38, 32, 4, 26.82%, 0, 11, 4, 1.82, 91319, 372
49385, 0, 32, 38, 32, 4, 26.82%, 0, 11, 4, 1.82, 91329, 372
49390, 0, 32, 38, 32, 4, 26.82%, 0, 11, 4, 1.82, 91339, 372
49396, 0, 32, 38, 32, 4, 26.82%, 0, 11, 4, 1.82, 91349, 372
49401, 0, 32, 38, 32, 4, 26.82%, 0, 11, 4, 1.82, 91359, 372
49407, 0, 32, 38, 32, 4, 26.82%, 0, 11, 4, 1.82, 91369, 372
49412, 0, 32, 38, 32, 4, 26.82%, 0, 11, 4, 1.82, 91379, 372
49418, 0, 32, 38, 32, 4, 26.82%, 0, 11, 4, 1.82, 91389, 372
49423, 0, 32, 38, 32, 4, 26.82%, 0, 11, 4, 1.82, 91399, 372
49429, 0, 32, 38, 32, 4, 26.82%, 0, 11, 4, 1.82, 91409, 372
49434, 0, 32, 38, 32, 4, 26.82%, 0, 11, 4, 1.82, 91419, 372
49440, 0, 32, 38, 32, 4, 26.82%, 0, 11, 4, 1.82, 91429, 372
49445, 0, 32, 38, 32, 4, 26.82%, 0, 11, 4, 1.82, 91439, 372
49451, 0, 32, 38, 32, 4, 26.82%, 0, 11, 4, 1.82, 91449, 372
49456, 0, 32, 38, 32, 4, 26.82%, 0, 11, 4, 1.82, 91459, 372
49462, 0, 32, 38, 32, 4, 26.82%, 0, 11, 4, 1.82, 91469, 372
49467, 0, 32, 38, 32, 4, 26.82%, 0, 11, 4, 1.82, 91479, 372
49473, 0, 32, 38, 32, 4, 26.82%, 0, 11, 4, 1.82, 91489, 372
49478, 0, 32, 38, 32, 4, 26.82%, 0, 11, 4, 1.82, 91499, 372
49484, 0, 32, 38, 32, 4, 26.82%, 0, 11, 4, 1.82, 91509, 372
49489, 0, 32, 38, 32, 4, 26.82%, 0, 11, 4, 1.82, 91519, 372
49495, 0, 32, 38, 32, 4, 26.82%, 0, 11, 4, 1.82, 91529, 372
49500, 0, 32, 38, 32, 4, 26.82%, 0, 11, 4, 1.82, 91539, 372
49506, 0, 32, 38, 32, 4, 26.82%, 0, 11, 4, 1.82, 91549, 372
49511, 0, 32, 38, 32, 4, 26.82%, 0, 11, 4, 1.82, 91559, 372
49517, 0, 32, 38, 32, 4, 26.82%, 0, 11, 4, 1.82, 91569, 372
49522, 0, 32, 38, 32, 4, 26.82%, 0, 11, 4, 1.82, 91579, 372
49528, 0, 32, 38, 32, 4, 26.82%, 0, 11, 4, 1.82, 91589, 372
49533, 0, 32, 38, 32, 4, 26.82%, 0, 11, 4, 1.82, 91599, 372
49539, 0, 32, 38, 32, 4, 26.82%, 0, 11, 4, 1.82, 91609, 372
49544, 0, 32, 38, 32, 4, 26.82%, 0, 11, 4, 1.82, 91619, 372
49550, 0, 32, 38, 32, 4, 26.82%, 0, 11, 4, 1.82, 91629, 372
49555, 0, 32, 38, 32, 4, 26.82%, 0, 11, 4, 2.51, 91643, 372
49561, 0, 32, 38, 32, 4, 26.82%, 0, 11, 4, 2.46, 91654, 372
49566, 0, 32, 38, 32, 4, 26.82%, 0, 11, 4, 2.26, 91662, 372
49572, 0, 32, 38, 32, 4, 26.82%, 0, 11, 4, 2.61, 91677, 372
49577, 0, 32, 38, 32, 4, 26.82%, 0, 11, 4, 2.49, 91687, 372
49583, 0, 32, 38, 32, 4, 26.82%, 0, 11, 4, 2.17, 91697, 372
49588, 0, 32, 38, 32, 4, 26.82%, 0, 11, 4, 2.01, 91707, 372
49594, 0, 32, 38, 32, 4, 26.82%, 0, 11, 4, 1.92, 91717, 372
49599, 0, 32, 38, 32, 4, 26.82%, 0, 11, 4, 1.87, 91727, 372
49605, 0, 32, 38, 32, 4, 26.82%, 0, 11, 4, 1.85, 91737, 372
49610, 0, 32, 38, 32, 4, 26.82%, 0, 11, 4, 1.84, 91747, 372
49616, 0, 32, 38, 32, 4, 26.82%, 0, 11, 4, 1.83, 91757, 372
49621, 0, 32, 38, 32, 4, 26.82%, 0, 11, 4, 1.83, 91767, 372
49627, 0, 32, 38, 32, 4, 26.82%, 0, 11, 4, 1.83, 91777, 372
49632, 0, 32, 38, 32, 4, 26.82%, 0, 11, 4, 1.82, 91787, 372
49638, 0, 32, 38, 32, 4, 26.82%, 0, 11, 4, 1.82, 91797, 372
49643, 0, 32, 38, 32, 4, 26.82%, 0, 11, 4, 1.82, 91807, 372
49649, 0, 32, 38, 32, 4, 26.82%, 0, 11, 4, 1.82, 91817, 372
49654, 0, 32, 38, 32, 4, 26.82%, 0, 11, 4, 1.82, 91827, 372
49660, 0, 32, 38, 32, 4, 26.82%, 0, 11, 4, 1.82, 91837, 372
49665, 0, 32, 38, 32, 4, 26.82%, 0, 11, 4, 1.82, 91847, 372
49671, 0, 32, 38, 32, 4, 26.82%, 0, 11, 4, 1.82, 91857, 372
49676, 0, 32, 38, 32, 4, 26.82%, 0, 11, 4, 1.82, 91867, 372
49682, 0, 32, 38, 32, 4, 26.82%, 0, 11, 4, 1.82, 91877, 372
49687, 0, 32, 38, 32, 4, 26.82%, 0, 11, 4, 1.82, 91887, 372
49693, 0, 32, 38, 32, 4, 26.82%, 0, 11, 4, 1.82, 91897, 372
49698, 0, 32, 38, 32, 4, 26.82%, 0, 11, 4, 1.82, 91907, 372
49704, 0, 32, 38, 32, 4, 26.82%, 0, 11, 4, 1.82, 91917, 372
49709, 0, 32, 38, 32, 4, 26.82%, 0, 11, 4, 1.82, 91927, 372
49715, 0, 32, 38, 32, 4, 26.82%, 0, 11, 4, 1.82, 91937, 372
49720, 0, 32, 38, 32, 4, 26.82%, 0, 11, 4, 1.82, 91947, 372
49726, 0, 32, 38, 32, 4, 26.82%, 0, 11, 4, 1.82, 91957, 372
49731, 0, 32, 38, 32, 4, 26.82%, 0, 11, 4, 1.82, 91967, 372
49736, 0, 32, 38, 32, 4, 26.82%, 0, 11, 4, 1.82, 91977, 372
49742, 0, 32, 38, 32, 4, 26.82%, 0, 11, 4, 1.82, 91987, 372
49747, 0, 32, 38, 32, 4, 26.82%, 0, 11, 4, 1.82, 91997, 372
49753, 0, 32, 38, 32, 4, 26.82%, 0, 11, 4, 1.82, 92007, 372
49758, 0, 32, 38, 32, 4, 26.82%, 0, 11, 4, 1.82, 92017, 372
49764, 0, 32, 38, 32, 4, 26.82%, 0, 11, 4, 1.82, 92027, 372
49769, 0, 32, 38, 32, 4, 26.82%, 0, 11, 4, 1.82, 92037, 372
49775, 0, 32, 38, 32, 4, 26.82%, 0, 11, 4, 1.82, 92047, 372
49780, 0, 32, 38, 32, 4, 26.82%, 0, 11, 4, 1.82, 92057, 372
49786, 0, 32, 38, 32, 4, 26.82%, 0, 11, 4, 1.82, 92067, 372
49791, 0, 32, 38, 32, 4, 26.82%, 0, 11, 4, 1.82, 92077, 372
49797, 0, 32, 38, 32, 4, 26.82%, 0, 11, 4, 1.82, 92087, 372
49802, 0, 32, 38, 32, 4, 26.82%, 0, 11, 4, 1.82, 92097, 372
49808, 0, 32, 38, 32, 4, 26.82%, 0, 11, 4, 1.82, 92107, 372
49813, 0, 32, 38, 32, 4, 26.82%, 0, 11, 4, 1.82, 92117, 372
49819, 0, 32, 38, 32, 4, 26.82%, 0, 11, 4, 1.82, 92127, 372
49824, 0, 32, 38, 32, 4, 26.82%, 0, 11, 4, 1.82, 92137, 372
49830, 0, 32, 38, 32, 4, 26.82%, 0, 11, 4, 1.82, 92147, 372
49835, 0, 32, 38, 32, 4, 26.82%, 0, 11, 4, 1.82, 92157, 372
49841, 0, 32, 38, 32, 4, 26.82%, 0, 11, 4, 1.82, 92167, 372
49846, 0, 32, 38, 32, 4, 26.82%, 0, 11, 4, 1.82, 92177, 372
49852, 0, 32, 38, 32, 4, 26.82%, 0, 11, 4, 1.82, 92187, 372
49857, 0, 32, 38, 32, 4, 26.82%, 0, 11, 4, 1.82, 92197, 372
49863, 0, 32, 38, 32, 4, 26.82%, 0, 11, 4, 1.82, 92207, 372
49868, 0, 32, 38, 32, 4, 26.82%, 0, 11, 4, 1.82, 92217, 372
49874, 0, 32, 38, 32, 4, 26.82%, 0, 11, 4, 1.82, 92227, 372
49879, 0, 32, 38, 32, 4, 26.82%, 0, 11, 4, 1.82, 92237, 372
49885, 0, 32, 38, 32, 4, 26.82%, 0, 11, 4, 1.82, 92247, 372
49890, 0, 32, 38, 32, 4, 26.82%, 0, 11, 4, 1.82, 92257, 372
49896, 0, 32, 38, 32, 4, 26.82%, 0, 11, 4, 1.82, 92267, 372
49901, 0, 32, 38, 32, 4, 26.82%, 0, 11, 4, 1.82, 92277, 372
49907, 0, 32, 38, 32, 4, 26.82%, 0, 11, 4, 1.82, 92287, 372
49912, 0, 32, 38, 32, 4, 26.82%, 0, 11, 4, 1.82, 92297, 372
49917, 0, 32, 38, 32, 4, 26.82%, 0, 11, 4, 1.82, 92307, 372
49923, 0, 32, 38, 32, 4, 26.82%, 0, 11, 4, 1.82, 92317, 372
49928, 0, 32, 38, 32, 4, 26.82%, 0, 11, 4, 1.82, 92327, 372
49934, 0, 32, 38, 32, 4, 26.82%, 0, 11, 4, 1.82, 92337, 372
49939, 0, 32, 38, 32, 4, 26.82%, 0, 11, 4, 1.82, 92347, 372
49945, 0, 32, 38, 32, 4, 26.82%, 0, 11, 4, 1.82, 92357, 372
49950, 0, 32, 38, 32, 4, 26.82%, 0, 11, 4, 1.82, 92367, 372
49956, 0, 32, 38, 32, 4, 26.82%, 0, 11, 4, 1.82, 92377, 372
49961, 0, 32, 38, 32, 4, 26.82%, 0, 11, 4, 1.82, 92387, 372
49967, 0, 32, 38, 32, 4, 26.82%, 0, 11, 4, 1.82, 92397, 372
49972, 0, 32, 38, 32, 4, 26.82%, 0, 11, 4, 1.82, 92407, 372
49978, 0, 32, 38, 32, 4, 26.82%, 0, 11, 4, 1.82, 92417, 372
49983, 0, 32, 38, 32, 4, 26.82%, 0, 11, 4, 1.82, 92427, 372
49989, 0, 32, 38, 32, 4, 26.82%, 0, 11, 4, 1.82, 92437, 372
49994, 0, 32, 38, 32, 4, 26.82%, 0, 11, 4, 1.82, 92447, 372
50000, 0, 32, 38, 32, 4, 26.82%, 0, 11, 4, 1.82, 92457, 372
50005, 0, 32, 38, 32, 4, 26.82%, 0, 11, 4, 1.82, 92467, 372
50011, 0, 32, 38, 32, 4, 26.82%, 0, 11, 4, 1.82, 92477, 372
50016, 0, 32, 38, 32, 4, 26.82%, 0, 11, 4, 1.82, 92487, 372
50022, 0, 32, 38, 32, 4, 26.82%, 0, 11, 4, 1.82, 92497, 372
50027, 0, 32, 38, 32, 4, 26.82%, 0, 11, 4, 1.82, 92507, 372
50033, 0, 32, 38, 32, 4, 26.82%, 0, 11, 4, 1.82, 92517, 372
50038, 0, 32, 38, 32, 4, 26.82%, 0, 11, 4, 1.82, 92527, 372
50044, 0, 32, 38, 32, 4, 26.82%, 0, 11, 4, 1.82, 92537, 372
50049, 0, 32, 38, 32, 4, 26.82%, 0, 11, 4, 1.82, 92547, 372
50055, 0, 32, 38, 32, 4, 26.82%, 0, 11, 4, 1.82, 92557, 372
50060, 0, 32, 38, 32, 4, 26.82%, 0, 11, 4, 1.82, 92567, 372
50066, 0, 32, 38, 32, 4, 26.82%, 0, 11, 4, 1.82, 92577, 372
50071, 0, 32, 38, 32, 4, 26.82%, 0, 11, 4, 1.82, 92587, 372
50077, 0, 32, 38, 32, 4, 26.82%, 0, 11, 4, 1.82, 92597, 372
50082, 0, 32, 38, 32, 4, 26.82%, 0, 11, 4, 1.82, 92607, 372
50087, 0, 32, 38, 32, 4, 26.82%, 0, 11, 4, 1.82, 92617, 372
50093, 0, 32, 38, 32, 4, 26.82%, 0, 11, 4, 1.82, 92627, 372
50098, 0, 32, 38, 32, 4, 26.82%, 0, 11, 4, 1.82, 92637, 372
50104, 0, 32, 38, 32, 4, 26.82%, 0, 11, 4, 1.82, 92647, 372
50109, 0, 32, 38, 32, 4, 26.82%, 0, 11, 4, 1.82, 92657, 372
50115, 0, 32, 38, 32, 4, 26.82%, 0, 11, 4, 1.82, 92667, 372
50120, 0, 32, 38, 32, 4, 26.82%, 0, 11, 4, 1.82, 92677, 372
50126, 0, 32, 38, 32, 4, 26.82%, 0, 11, 4, 1.82, 92687, 372
50131, 0, 32, 38, 32, 4, 26.82%, 0, 11, 4, 1.82, 92697, 372
50137, 0, 32, 38, 32, 4, 26.82%, 0, 11, 4, 1.82, 92707, 372
50142, 0, 32, 38, 32, 4, 26.82%, 0, 11, 4, 1.82, 92717, 372
50148, 0, 32, 38, 32, 4, 26.82%, 0, 11, 4, 1.82, 92727, 372
50153, 0, 32, 38, 32, 4, 26.82%, 0, 11, 4, 1.82, 92737, 372
50159, 0, 32, 38, 32, 4, 26.82%, 0, 11, 4, 1.82, 92747, 372
50164, 0, 32, 38, 32, 4, 26.82%, 0, 11, 4, 1.82, 92757, 372
50170, 0, 32, 38, 32, 4, 26.82%, 0, 11, 4, 1.82, 92767, 372
50175, 0, 32, 38, 32, 4, 26.82%, 0, 11, 4, 1.82, 92777, 372
50181, 0, 32, 38, 32, 4, 26.82%, 0, 11, 4, 1.82, 92787, 372
50186, 0, 32, 38, 32, 4, 26.82%, 0, 11, 4, 1.82, 92797, 372
50192, 0, 32, 38, 32, 4, 26.82%, 0, 11, 4, 1.82, 92807, 372
50197, 0, 32, 38, 32, 4, 26.82%, 0, 11, 4, 1.82, 92817, 372
50203, 0, 32, 38, 32, 4, 26.82%, 0, 11, 4, 1.82, 92827, 372
50208, 0, 32, 38, 32, 4, 26.82%, 0, 11, 4, 1.82, 92837, 372
50214, 0, 32, 38, 32, 4, 26.82%, 0, 11, 4, 1.82, 92847, 372
50219, 0, 32, 38, 32, 4, 26.82%, 0, 11, 4, 1.82, 92857, 372
50225, 0, 32, 38, 32, 4, 26.82%, 0, 11, 4, 1.82, 92867, 372
50230, 0, 32, 38, 32, 4, 26.82%, 0, 11, 4, 1.82, 92877, 372
50236, 0, 32, 38, 32, 4, 26.82%, 0, 11, 4, 1.82, 92887, 372
50241, 0, 32, 38, 32, 4, 26.82%, 0, 11, 4, 1.82, 92897, 372
50247, 0, 32, 38, 32, 4, 26.82%, 0, 11, 4, 1.82, 92907, 372
50252, 0, 32, 38, 32, 4, 26.82%, 0, 11, 4, 1.82, 92917, 372
50257, 0, 32, 38, 32, 4, 26.82%, 0, 11, 4, 1.82, 92927, 372
50263, 0, 32, 38, 32, 4, 26.82%, 0, 11, 4, 1.82, 92937, 372
50268, 0, 32, 38, 32, 4, 26.82%, 0, 11, 4, 1.82, 92947, 372
50274, 0, 32, 38, 32, 4, 26.82%, 0, 11, 4, 1.82, 92957, 372
50279, 0, 32, 38, 32, 4, 26.82%, 0, 11, 4, 1.82, 92967, 372
50285, 0, 32, 38, 32, 4, 26.82%, 0, 11, 4, 1.82, 92977, 372
50290, 0, 32, 38, 32, 4, 26.82%, 0, 11, 4, 1.82, 92987, 372
50296, 0, 32, 38, 32, 4, 26.82%, 0, 11, 4, 1.82, 92997, 372
50301, 0, 32, 38, 32, 4, 26.82%, 0, 11, 4, 1.82, 93007, 372
50307, 0, 32, 38, 32, 4, 26.82%, 0, 11, 4, 1.82, 93017, 372
50312, 0, 32, 38, 32, 4, 26.82%, 0, 11, 4, 2.60, 93031, 372
50317, 0, 32, 38, 32, 4, 26.82%, 0, 11, 4, 2.67, 93041, 372
50323, 0, 32, 38, 32, 4, 26.82%, 0, 11, 4, 2.78, 93053, 372
50328, 0, 32, 38, 32, 4, 26.82%, 0, 11, 4, 2.54, 93063, 372
50334, 0, 32, 38, 32, 4, 26.82%, 0, 11, 4, 3.30, 93078, 372
50339, 0, 32, 38, 32, 4, 26.82%, 0, 11, 4, 3.18, 93092, 372
50345, 0, 32, 38, 32, 4, 26.82%, 0, 11, 4, 3.13, 93104, 372
50351, 0, 32, 38, 32, 4, 26.82%, 0, 11, 4, 2.64, 93112, 372
50356, 0, 32, 38, 32, 4, 26.82%, 0, 11, 4, 3.49, 93132, 372
50362, 0, 32, 38, 32, 4, 26.82%, 0, 11, 4, 3.29, 93145, 372
50367, 0, 32, 38, 32, 4, 26.82%, 0, 11, 4, 3.15, 93155, 372
50373, 0, 32, 38, 32, 4, 26.82%, 0, 11, 4, 3.21, 93170, 372
50378, 0, 32, 38, 32, 4, 26.82%, 0, 11, 4, 3.14, 93181, 372
50384, 0, 32, 38, 32, 4, 26.82%, 0, 11, 4, 3.01, 93192, 372
50389, 0, 32, 38, 32, 4, 26.82%, 0, 11, 4, 2.78, 93202, 372
50395, 0, 32, 38, 32, 4, 26.82%, 0, 11, 4, 2.32, 93212, 372
50400, 0, 32, 38, 32, 4, 26.82%, 0, 11, 4, 2.09, 93222, 372
50406, 0, 32, 38, 32, 4, 26.82%, 0, 11, 4, 1.96, 93232, 372
50411, 0, 32, 38, 32, 4, 26.82%, 0, 11, 4, 1.90, 93242, 372
50417, 0, 32, 38, 32, 4, 26.82%, 0, 11, 4, 1.86, 93252, 372
50422, 0, 32, 38, 32, 4, 26.82%, 0, 11, 4, 1.84, 93262, 372
50427, 0, 32, 38, 32, 4, 26.82%, 0, 11, 4, 1.83, 93272, 372
50433, 0, 32, 38, 32, 4, 26.82%, 0, 11, 4, 1.83, 93282, 372
50438, 0, 32, 38, 32, 4, 26.82%, 0, 11, 4, 1.83, 93292, 372
50444, 0, 32, 38, 32, 4, 26.82%, 0, 11, 4, 1.83, 93302, 372
50449, 0, 32, 38, 32, 4, 26.82%, 0, 11, 4, 1.82, 93312, 372
50455, 0, 32, 38, 32, 4, 26.82%, 0, 11, 4, 1.82, 93322, 372
50460, 0, 32, 38, 32, 4, 26.82%, 0, 11, 4, 1.82, 93332, 372
50466, 0, 32, 38, 32, 4, 26.82%, 0, 11, 4, 1.82, 93342, 372
50471, 0, 32, 38, 32, 4, 26.82%, 0, 11, 4, 1.82, 93352, 372
50477, 0, 32, 38, 32, 4, 26.82%, 0, 11, 4, 1.82, 93362, 372
50482, 0, 32, 38, 32, 4, 26.82%, 0, 11, 4, 1.82, 93372, 372
50488, 0, 32, 38, 32, 4, 26.82%, 0, 11, 4, 1.82, 93382, 372
50493, 0, 32, 38, 32, 4, 26.82%, 0, 11, 4, 1.82, 93392, 372
50499, 0, 32, 38, 32, 4, 26.82%, 0, 11, 4, 1.82, 93402, 372
50504, 0, 32, 38, 32, 4, 26.82%, 0, 11, 4, 1.82, 93412, 372
50510, 0, 32, 38, 32, 4, 26.82%, 0, 11, 4, 1.82, 93422, 372
50515, 0, 32, 38, 32, 4, 26.82%, 0, 11, 4, 1.82, 93432, 372
50521, 0, 32, 38, 32, 4, 26.82%, 0, 11, 4, 1.82, 93442, 372
50526, 0, 32, 38, 32, 4, 26.82%, 0, 11, 4, 1.82, 93452, 372
50532, 0, 32, 38, 32, 4, 26.82%, 0, 11, 4, 1.82, 93462, 372
50537, 0, 32, 38, 32, 4, 26.82%, 0, 11, 4, 1.82, 93472, 372
50543, 0, 32, 38, 32, 4, 26.82%, 0, 11, 4, 1.82, 93482, 372
50548, 0, 32, 38, 32, 4, 26.82%, 0, 11, 4, 1.82, 93492, 372
50554, 0, 32, 38, 32, 4, 26.82%, 0, 11, 4, 1.82, 93502, 372
50559, 0, 32, 38, 32, 4, 26.82%, 0, 11, 4, 1.82, 93512, 372
50565, 0, 32, 38, 32, 4, 26.82%, 0, 11, 4, 1.82, 93522, 372
50570, 0, 32, 38, 32, 4, 26.82%, 0, 11, 4, 1.82, 93532, 372
50576, 0, 32, 38, 32, 4, 26.82%, 0, 11, 4, 1.82, 93542, 372
50581, 0, 32, 38, 32, 4, 26.82%, 0, 11, 4, 1.82, 93552, 372
50587, 0, 32, 38, 32, 4, 26.82%, 0, 11, 4, 1.82, 93562, 372
50592, 0, 32, 38, 32, 4, 26.82%, 0, 11, 4, 1.82, 93572, 372
50597, 0, 32, 38, 32, 4, 26.82%, 0, 11, 4, 1.82, 93582, 372
50603, 0, 32, 38, 32, 4, 26.82%, 0, 11, 4, 1.82, 93592, 372
50608, 0, 32, 38, 32, 4, 26.82%, 0, 11, 4, 1.82, 93602, 372
50614, 0, 32, 38, 32, 4, 26.82%, 0, 11, 4, 1.82, 93612, 372
50619, 0, 32, 38, 32, 4, 26.82%, 0, 11, 4, 1.82, 93622, 372
50625, 0, 32, 38, 32, 4, 26.82%, 0, 11, 4, 1.82, 93632, 372
50630, 0, 32, 38, 32, 4, 26.82%, 0, 11, 4, 1.82, 93642, 372
50636, 0, 32, 38, 32, 4, 26.82%, 0, 11, 4, 1.82, 93652, 372
50641, 0, 32, 38, 32, 4, 26.82%, 0, 11, 4, 1.82, 93662, 372
50647, 0, 32, 38, 32, 4, 26.82%, 0, 11, 4, 1.82, 93672, 372
50652, 0, 32, 38, 32, 4, 26.82%, 0, 11, 4, 1.82, 93682, 372
50658, 0, 32, 38, 32, 4, 26.82%, 0, 11, 4, 1.82, 93692, 372
50663, 0, 32, 38, 32, 4, 26.82%, 0, 11, 4, 1.82, 93702, 372
50669, 0, 32, 38, 32, 4, 26.82%, 0, 11, 4, 1.82, 93712, 372
50674, 0, 32, 38, 32, 4, 26.82%, 0, 11, 4, 1.82, 93722, 372
50680, 0, 32, 38, 32, 4, 26.82%, 0, 11, 4, 1.82, 93732, 372
50685, 0, 32, 38, 32, 4, 26.82%, 0, 11, 4, 1.82, 93742, 372
50691, 0, 32, 38, 32, 4, 26.82%, 0, 11, 4, 1.82, 93752, 372
50696, 0, 32, 38, 32, 4, 26.82%, 0, 11, 4, 1.82, 93762, 372
50702, 0, 32, 38, 32, 4, 26.82%, 0, 11, 4, 1.82, 93772, 372
50707, 0, 32, 38, 32, 4, 26.82%, 0, 11, 4, 1.82, 93782, 372
50713, 0, 32, 38, 32, 4, 26.82%, 0, 11, 4, 1.82, 93792, 372
50718, 0, 32, 38, 32, 4, 26.82%, 0, 11, 4, 1.82, 93802, 372
50724, 0, 32, 38, 32, 4, 26.82%, 0, 11, 4, 1.82, 93812, 372
50729, 0, 32, 38, 32, 4, 26.82%, 0, 11, 4, 1.82, 93822, 372
50735, 0, 32, 38, 32, 4, 26.82%, 0, 11, 4, 1.82, 93832, 372
50740, 0, 32, 38, 32, 4, 26.82%, 0, 11, 4, 1.82, 93842, 372
50746, 0, 32, 38, 32, 4, 26.82%, 0, 11, 4, 1.82, 93852, 372
50751, 0, 32, 38, 32, 4, 26.82%, 0, 11, 4, 1.82, 93862, 372
50757, 0, 32, 38, 32, 4, 26.82%, 0, 11, 4, 1.82, 93872, 372
50762, 0, 32, 38, 32, 4, 26.82%, 0, 11, 4, 1.82, 93882, 372
50767, 0, 32, 38, 32, 4, 26.82%, 0, 11, 4, 1.82, 93892, 372
50773, 0, 32, 38, 32, 4, 26.82%, 0, 11, 4, 1.82, 93902, 372
50778, 0, 32, 38, 32, 4, 26.82%, 0, 11, 4, 1.82, 93912, 372
50784, 0, 32, 38, 32, 4, 26.82%, 0, 11, 4, 1.82, 93922, 372
50789, 0, 32, 38, 32, 4, 26.82%, 0, 11, 4, 1.82, 93932, 372
50795, 0, 32, 38, 32, 4, 26.82%, 0, 11, 4, 1.82, 93942, 372
50800, 0, 32, 38, 32, 4, 26.82%, 0, 11, 4, 1.82, 93952, 372
50806, 0, 32, 38, 32, 4, 26.82%, 0, 11, 4, 1.82, 93962, 372
50811, 0, 32, 38, 32, 4, 26.82%, 0, 11, 4, 1.82, 93972, 372
50817, 0, 32, 38, 32, 4, 26.82%, 0, 11, 4, 1.82, 93982, 372
50822, 0, 32, 38, 32, 4, 26.82%, 0, 11, 4, 1.82, 93992, 372
50828, 0, 32, 38, 32, 4, 26.82%, 0, 11, 4, 1.82, 94002, 372
50833, 0, 32, 38, 32, 4, 26.82%, 0, 11, 4, 1.82, 94012, 372
50839, 0, 32, 38, 32, 4, 26.82%, 0, 11, 4, 1.82, 94022, 372
50844, 0, 32, 38, 32, 4, 26.82%, 0, 11, 4, 1.82, 94032, 372
50850, 0, 32, 38, 32, 4, 26.82%, 0, 11, 4, 1.82, 94042, 372
50855, 0, 32, 38, 32, 4, 26.82%, 0, 11, 4, 1.82, 94052, 372
50861, 0, 32, 38, 32, 4, 26.82%, 0, 11, 4, 1.82, 94062, 372
50866, 0, 32, 38, 32, 4, 26.82%, 0, 11, 4, 1.82, 94072, 372
50872, 0, 32, 38, 32, 4, 26.82%, 0, 11, 4, 1.82, 94082, 372
50877, 0, 32, 38, 32, 4, 26.82%, 0, 11, 4, 1.82, 94092, 372
50883, 0, 32, 38, 32, 4, 26.82%, 0, 11, 4, 1.82, 94102, 372
50888, 0, 32, 38, 32, 4, 26.82%, 0, 11, 4, 1.82, 94112, 372
50894, 0, 32, 38, 32, 4, 26.82%, 0, 11, 4, 1.82, 94122, 372
50899, 0, 32, 38, 32, 4, 26.82%, 0, 11, 4, 1.82, 94132, 372
50905, 0, 32, 38, 32, 4, 26.82%, 0, 11, 4, 1.82, 94142, 372
50910, 0, 32, 38, 32, 4, 26.82%, 0, 11, 4, 1.82, 94152, 372
50916, 0, 32, 38, 32, 4, 26.82%, 0, 11, 4, 1.82, 94162, 372
50921, 0, 32, 38, 32, 4, 26.82%, 0, 11, 4, 1.82, 94172, 372
50927, 0, 32, 38, 32, 4, 26.82%, 0, 11, 4, 1.82, 94182, 372
50932, 0, 32, 38, 32, 4, 26.82%, 0, 11, 4, 1.82, 94192, 372
50938, 0, 32, 38, 32, 4, 26.82%, 0, 11, 4, 1.82, 94202, 372
50943, 0, 32, 38, 32, 4, 26.82%, 0, 11, 4, 1.82, 94212, 372
50948, 0, 32, 38, 32, 4, 26.82%, 0, 11, 4, 1.82, 94222, 372
50954, 0, 32, 38, 32, 4, 26.82%, 0, 11, 4, 1.82, 94232, 372
50959, 0, 32, 38, 32, 4, 26.82%, 0, 11, 4, 1.82, 94242, 372
50965, 0, 32, 38, 32, 4, 26.82%, 0, 11, 4, 1.82, 94252, 372
50970, 0, 32, 38, 32, 4, 26.82%, 0, 11, 4, 1.82, 94262, 372
50976, 0, 32, 38, 32, 4, 26.82%, 0, 11, 4, 1.82, 94272, 372
50981, 0, 32, 38, 32, 4, 26.82%, 0, 11, 4, 1.82, 94282, 372
50987, 0, 32, 38, 32, 4, 26.82%, 0, 11, 4, 1.82, 94292, 372
50992, 0, 32, 38, 32, 4, 26.82%, 0, 11, 4, 1.82, 94302, 372
50998, 0, 32, 38, 32, 4, 26.82%, 0, 11, 4, 1.82, 94312, 372
51003, 0, 32, 38, 32, 4, 26.82%, 0, 11, 4, 1.82, 94322, 372
51009, 0, 32, 38, 32, 4, 26.82%, 0, 11, 4, 1.82, 94332, 372
51014, 0, 32, 38, 32, 4, 26.82%, 0, 11, 4, 1.82, 94342, 372
51020, 0, 32, 38, 32, 4, 26.82%, 0, 11, 4, 1.82, 94352, 372
51025, 0, 32, 38, 32, 4, 26.82%, 0, 11, 4, 1.82, 94362, 372
51031, 0, 32, 38, 32, 4, 26.82%, 0, 11, 4, 1.82, 94372, 372
51036, 0, 32, 38, 32, 4, 26.82%, 0, 11, 4, 1.82, 94382, 372
51042, 0, 32, 38, 32, 4, 26.82%, 0, 11, 4, 1.82, 94392, 372
51047, 0, 32, 38, 32, 4, 26.82%, 0, 11, 4, 1.82, 94402, 372
51053, 0, 32, 38, 32, 4, 26.82%, 0, 11, 4, 1.82, 94412, 372
51058, 0, 32, 38, 32, 4, 26.82%, 0, 11, 4, 1.82, 94422, 372
51064, 0, 32, 38, 32, 4, 26.82%, 0, 11, 4, 1.82, 94432, 372
51069, 0, 32, 38, 32, 4, 26.82%, 0, 11, 4, 1.82, 94442, 372
51075, 0, 32, 38, 32, 4, 26.82%, 0, 11, 4, 1.82, 94452, 372
51080, 0, 32, 38, 32, 4, 26.82%, 0, 11, 4, 1.82, 94462, 372
51086, 0, 32, 38, 32, 4, 26.82%, 0, 11, 4, 1.82, 94472, 372
51091, 0, 32, 38, 32, 4, 26.82%, 0, 11, 4, 1.82, 94482, 372
51097, 0, 32, 38, 32, 4, 26.82%, 0, 11, 4, 1.82, 94492, 372
51102, 0, 32, 38, 32, 4, 26.82%, 0, 11, 4, 1.82, 94502, 372
51108, 0, 32, 38, 32, 4, 26.82%, 0, 11, 4, 1.82, 94512, 372
51113, 0, 32, 38, 32, 4, 26.82%, 0, 11, 4, 1.82, 94522, 372
51119, 0, 32, 38, 32, 4, 26.82%, 0, 11, 4, 1.91, 94533, 372
51124, 0, 32, 38, 32, 4, 26.82%, 0, 11, 4, 1.96, 94544, 372
51129, 0, 32, 38, 32, 4, 26.82%, 0, 11, 4, 2.10, 94556, 372
51135, 0, 32, 38, 32, 4, 26.82%, 0, 11, 4, 3.49, 94581, 372
51140, 0, 32, 38, 32, 4, 26.82%, 0, 11, 4, 2.99, 94594, 372
51145, 0, 32, 38, 32, 4, 26.82%, 0, 11, 4, 3.57, 94614, 372
51151, 0, 32, 38, 32, 4, 26.82%, 0, 11, 4, 2.81, 94624, 372
51156, 0, 32, 38, 32, 4, 26.82%, 0, 11, 4, 2.42, 94634, 372
51161, 0, 32, 38, 32, 4, 26.82%, 0, 11, 4, 2.27, 94644, 372
51166, 0, 32, 38, 32, 4, 26.82%, 0, 11, 4, 2.05, 94653, 372
51171, 0, 32, 38, 32, 4, 26.82%, 0, 11, 4, 10.59, 94668, 372
51177, 0, 32, 38, 32, 4, 26.82%, 0, 11, 4, 6.93, 94689, 372
51183, 0, 32, 38, 32, 4, 26.82%, 0, 11, 4, 1.00, 94701, 372
51188, 0, 32, 38, 32, 4, 26.82%, 0, 11, 4, 1.36, 94710, 372
51193, 0, 32, 38, 32, 4, 26.82%, 0, 11, 4, 1.87, 94723, 372
51199, 0, 32, 38, 32, 4, 26.82%, 0, 11, 4, 1.85, 94733, 372
51204, 0, 22, 38, 31, 3, 26.82%, 0, 11, 4, 15.33, 94757, 372
51209, 0, 22, 38, 31, 3, 26.82%, 0, 11, 4, 1.02, 94763, 372
51215, 0, 22, 38, 31, 3, 26.82%, 0, 11, 4, 1.17, 94770, 372
51220, 0, 22, 38, 31, 3, 26.82%, 0, 11, 4, 1.71, 94781, 372
51225, 0, 22, 38, 31, 3, 26.82%, 0, 11, 4, 2.37, 94794, 372
51231, 0, 22, 38, 31, 3, 26.82%, 0, 11, 4, 1.96, 94800, 372
51237, 0, 22, 38, 31, 3, 26.82%, 0, 11, 4, 1.71, 94807, 372
51242, 0, 22, 38, 31, 3, 26.82%, 0, 11, 4, 1.55, 94814, 372
51248, 0, 22, 38, 31, 3, 26.82%, 0, 11, 4, 1.41, 94820, 372
51253, 0, 22, 38, 31, 3, 26.82%, 0, 11, 4, 1.31, 94826, 372
51259, 0, 22, 38, 31, 3, 26.82%, 0, 11, 4, 1.55, 94836, 372
51264, 0, 22, 38, 31, 3, 26.82%, 0, 11, 4, 1.71, 94846, 372
51270, 0, 22, 38, 31, 3, 26.82%, 0, 11, 4, 1.52, 94852, 372
51276, 0, 22, 38, 31, 3, 26.82%, 0, 11, 4, 1.52, 94861, 372
51281, 0, 22, 38, 31, 3, 26.82%, 0, 11, 4, 1.47, 94869, 372
51287, 0, 22, 38, 31, 3, 26.82%, 0, 11, 4, 1.35, 94875, 372
51293, 0, 22, 38, 31, 3, 26.82%, 0, 11, 4, 1.90, 94895, 372
51298, 0, 22, 38, 31, 3, 26.82%, 0, 11, 4, 3.31, 94915, 372
51304, 0, 22, 38, 31, 3, 26.82%, 0, 11, 4, 3.36, 94931, 372
51309, 0, 22, 38, 31, 3, 26.82%, 0, 11, 4, 3.89, 94949, 372
51315, 0, 22, 38, 31, 3, 26.82%, 0, 11, 4, 3.07, 94957, 372
51320, 0, 22, 38, 31, 3, 26.82%, 0, 11, 4, 1.15, 94976, 372
51326, 0, 22, 38, 31, 3, 26.82%, 0, 11, 4, 1.31, 94985, 372
51331, 0, 22, 38, 31, 3, 26.82%, 0, 11, 4, 1.33, 94992, 372
51336, 0, 22, 38, 31, 3, 26.82%, 0, 11, 4, 3.00, 95011, 372
51342, 0, 22, 38, 31, 3, 26.82%, 0, 11, 4, 3.81, 95034, 372
51347, 0, 22, 38, 31, 3, 26.82%, 0, 11, 4, 3.13, 95045, 372
51353, 0, 22, 38, 31, 3, 26.82%, 0, 11, 4, 2.47, 95052, 372
51358, 0, 22, 38, 31, 3, 26.82%, 0, 11, 4, 3.06, 95066, 372
51363, 0, 22, 38, 31, 3, 26.82%, 0, 11, 4, 2.46, 95074, 372
51369, 0, 22, 38, 31, 3, 26.82%, 0, 11, 4, 2.03, 95081, 372
51374, 0, 22, 38, 31, 3, 26.82%, 0, 11, 4, 1.77, 95088, 372
51379, 0, 22, 38, 31, 3, 26.82%, 0, 11, 4, 2.87, 95103, 372
51385, 1, 22, 38, 31, 3, 26.82%, 0, 11, 4, 1.44, 95125, 372
51390, 1, 22, 38, 31, 3, 26.82%, 0, 11, 4, 2.43, 95140, 372
51395, 1, 22, 38, 31, 3, 26.82%, 0, 11, 4, 2.04, 95147, 372
51400, 1, 22, 38, 31, 3, 26.82%, 0, 11, 4, 1.99, 95156, 372
51406, 1, 22, 38, 31, 3, 26.82%, 0, 11, 4, 2.05, 95168, 372
51411, 1, 22, 38, 31, 3, 26.82%, 0, 11, 4, 2.83, 95184, 372
51416, 1, 22, 38, 31, 3, 26.82%, 0, 11, 4, 3.32, 95201, 372
51422, 1, 22, 38, 31, 3, 26.82%, 0, 11, 4, 2.66, 95208, 372
51427, 1, 22, 38, 31, 3, 26.82%, 0, 11, 4, 2.50, 95217, 372
51433, 1, 22, 38, 31, 3, 26.82%, 0, 11, 4, 1.70, 95241, 372
51438, 1, 22, 38, 31, 3, 26.82%, 0, 11, 4, 1.60, 95248, 372
51443, 1, 22, 38, 31, 3, 26.82%, 0, 11, 4, 1.92, 95259, 372
51448, 1, 22, 38, 31, 3, 26.82%, 0, 11, 4, 2.45, 95273, 372
51453, 1, 22, 38, 31, 3, 26.82%, 0, 11, 4, 2.73, 95285, 372
51459, 1, 22, 38, 31, 3, 26.82%, 0, 11, 4, 2.38, 95295, 372
51465, 1, 22, 38, 31, 3, 26.82%, 0, 11, 4, 3.92, 95322, 372
51470, 1, 22, 38, 31, 3, 26.82%, 0, 11, 4, 3.98, 95340, 372
51475, 1, 22, 38, 31, 3, 26.82%, 0, 11, 4, 3.83, 95360, 372
51480, 1, 22, 38, 31, 3, 26.82%, 0, 11, 4, 3.11, 95369, 372
51486, 1, 22, 38, 31, 3, 26.82%, 0, 11, 4, 3.33, 95384, 372
51491, 1, 22, 38, 31, 3, 26.82%, 0, 11, 4, 2.98, 95393, 372
51497, 1, 22, 38, 31, 3, 26.82%, 0, 11, 4, 2.52, 95403, 372
51502, 1, 22, 38, 31, 3, 26.82%, 0, 11, 4, 2.86, 95420, 372
51507, 1, 22, 38, 31, 3, 26.82%, 0, 11, 4, 3.16, 95435, 372
51512, 1, 22, 38, 31, 3, 26.82%, 0, 11, 4, 2.96, 95448, 372
51518, 1, 22, 38, 31, 3, 26.82%, 0, 11, 4, 2.47, 95456, 372
51524, 1, 22, 38, 31, 3, 26.82%, 0, 11, 4, 2.07, 95463, 372
51529, 1, 22, 38, 31, 3, 26.82%, 0, 11, 4, 2.94, 95491, 372
51534, 1, 22, 38, 31, 3, 26.82%, 0, 11, 4, 2.57, 95501, 372
51540, 1, 22, 38, 31, 3, 26.82%, 0, 11, 4, 2.14, 95509, 372
51545, 1, 22, 38, 31, 3, 26.82%, 0, 11, 4, 1.89, 95516, 372
51551, 1, 22, 38, 31, 3, 26.82%, 0, 11, 4, 1.66, 95523, 372
51556, 1, 22, 38, 31, 3, 26.82%, 0, 11, 4, 2.70, 95539, 372
51561, 1, 22, 38, 31, 3, 26.82%, 0, 11, 4, 2.99, 95552, 372
51566, 1, 22, 38, 31, 3, 26.82%, 0, 11, 4, 3.88, 95573, 372
51572, 1, 22, 38, 31, 3, 26.82%, 0, 11, 4, 2.98, 95583, 372
51577, 1, 22, 38, 31, 3, 26.82%, 0, 11, 4, 3.35, 95599, 372
51583, 1, 22, 38, 31, 3, 26.82%, 0, 11, 4, 2.65, 95606, 372
51588, 1, 22, 38, 31, 3, 26.82%, 0, 11, 4, 3.87, 95632, 372
51593, 1, 22, 38, 31, 3, 26.82%, 0, 11, 4, 3.08, 95640, 372
51599, 1, 22, 38, 31, 3, 26.82%, 0, 11, 4, 2.51, 95647, 372
51605, 1, 22, 38, 31, 3, 26.82%, 0, 11, 4, 2.43, 95658, 372
51610, 1, 22, 38, 31, 3, 26.82%, 0, 11, 4, 2.09, 95666, 372
51615, 1, 22, 38, 31, 3, 26.82%, 0, 11, 4, 3.47, 95687, 372
51621, 1, 22, 38, 31, 3, 26.82%, 0, 11, 4, 3.28, 95701, 372
51626, 1, 22, 38, 31, 3, 26.82%, 0, 11, 4, 3.36, 95716, 372
51631, 1, 22, 38, 31, 3, 26.82%, 0, 11, 4, 2.73, 95725, 372
51636, 1, 22, 38, 31, 3, 26.82%, 0, 11, 4, 2.39, 95756, 372
51641, 1, 22, 38, 31, 3, 26.82%, 0, 11, 4, 2.57, 95767, 372
51647, 1, 22, 38, 31, 3, 26.82%, 0, 11, 4, 2.13, 95774, 372
51652, 1, 22, 38, 31, 3, 26.82%, 0, 11, 4, 2.94, 95791, 372
51657, 1, 22, 38, 31, 3, 26.82%, 0, 11, 4, 3.00, 95803, 372
51663, 1, 22, 38, 31, 3, 26.82%, 0, 11, 4, 3.06, 95816, 372
51668, 1, 22, 38, 31, 3, 26.82%, 0, 11, 4, 18.97, 95836, 372
51673, 1, 22, 38, 31, 3, 26.82%, 0, 11, 4, 3.03, 95860, 372
51679, 1, 22, 38, 31, 3, 26.82%, 0, 11, 4, 2.41, 95866, 372
51684, 1, 22, 38, 31, 3, 26.82%, 0, 11, 4, 2.65, 95878, 372
51690, 1, 22, 38, 31, 3, 26.82%, 0, 11, 4, 2.38, 95888, 372
51695, 1, 22, 38, 31, 3, 26.82%, 0, 11, 4, 3.00, 95910, 372
51700, 1, 22, 38, 31, 3, 26.82%, 0, 11, 4, 2.46, 95917, 372
51706, 1, 22, 38, 31, 3, 26.82%, 0, 11, 4, 2.06, 95924, 372
51711, 1, 22, 38, 31, 3, 26.82%, 0, 11, 4, 2.42, 95935, 372
51716, 1, 22, 38, 31, 3, 26.82%, 0, 11, 4, 3.63, 95955, 372
51722, 1, 22, 38, 31, 3, 26.82%, 0, 11, 4, 3.79, 95975, 372
51727, 1, 22, 38, 31, 3, 26.82%, 0, 11, 4, 3.01, 95983, 372
51733, 1, 22, 38, 31, 3, 26.82%, 0, 11, 4, 2.43, 95990, 372
51738, 1, 2, 38, 31, 3, 26.82%, 0, 11, 4, 1.82, 96026, 372
51743, 1, 2, 38, 31, 3, 26.82%, 0, 11, 4, 1.82, 96036, 372
51749, 1, 2, 38, 31, 3, 26.82%, 0, 11, 4, 1.82, 96046, 372
51754, 1, 2, 38, 31, 3, 26.82%, 0, 11, 4, 1.82, 96056, 372
51760, 1, 2, 38, 31, 3, 26.82%, 0, 11, 4, 1.82, 96066, 372
51765, 1, 2, 38, 31, 3, 26.82%, 0, 11, 4, 1.82, 96076, 372
51771, 1, 2, 38, 31, 3, 26.82%, 0, 11, 4, 1.82, 96086, 372
51776, 1, 2, 38, 31, 3, 26.82%, 0, 11, 4, 1.82, 96096, 372
51782, 1, 2, 38, 31, 3, 26.82%, 0, 11, 4, 1.82, 96106, 372
51787, 1, 2, 38, 31, 3, 26.82%, 0, 11, 4, 1.82, 96116, 372
51793, 1, 2, 38, 31, 3, 26.82%, 0, 11, 4, 1.82, 96126, 372
51798, 1, 2, 38, 31, 3, 26.82%, 0, 11, 4, 1.82, 96136, 372
51804, 1, 2, 38, 31, 3, 26.82%, 0, 11, 4, 1.82, 96146, 372
51809, 1, 2, 38, 31, 3, 26.82%, 0, 11, 4, 1.75, 96155, 372
51815, 1, 2, 38, 31, 3, 26.82%, 0, 11, 4, 1.79, 96165, 372
51820, 1, 2, 38, 31, 3, 26.82%, 0, 11, 4, 1.80, 96175, 372
51826, 1, 2, 38, 31, 3, 26.82%, 0, 11, 4, 1.81, 96185, 372
51831, 1, 2, 38, 31, 3, 26.82%, 0, 11, 4, 1.82, 96195, 372
51837, 1, 2, 38, 31, 3, 26.82%, 0, 11, 4, 1.82, 96205, 372
51842, 1, 2, 38, 31, 3, 26.82%, 0, 11, 4, 1.82, 96215, 372
51848, 1, 2, 38, 31, 3, 26.82%, 0, 11, 4, 1.82, 96225, 372
51853, 1, 2, 38, 31, 3, 26.82%, 0, 11, 4, 1.82, 96235, 372
51859, 1, 2, 38, 31, 3, 26.82%, 0, 11, 4, 1.82, 96245, 372
51864, 1, 2, 38, 31, 3, 26.82%, 0, 11, 4, 1.82, 96255, 372
51870, 1, 2, 38, 31, 3, 26.82%, 0, 11, 4, 1.82, 96265, 372
51875, 1, 2, 38, 31, 3, 26.82%, 0, 11, 4, 1.82, 96275, 372
51881, 1, 2, 38, 31, 3, 26.82%, 0, 11, 4, 1.82, 96285, 372
51886, 1, 2, 38, 31, 3, 26.82%, 0, 11, 4, 1.82, 96295, 372
51892, 1, 2, 38, 31, 3, 26.82%, 0, 11, 4, 1.82, 96305, 372
51897, 1, 2, 38, 31, 3, 26.82%, 0, 11, 4, 1.82, 96315, 372
51903, 1, 2, 38, 31, 3, 26.82%, 0, 11, 4, 1.82, 96325, 372
51908, 1, 2, 38, 31, 3, 26.82%, 0, 11, 4, 1.82, 96335, 372
51914, 1, 2, 38, 31, 3, 26.82%, 0, 11, 4, 1.82, 96345, 372
51919, 1, 2, 38, 31, 3, 26.82%, 0, 11, 4, 1.82, 96355, 372
51925, 1, 2, 38, 31, 3, 26.82%, 0, 11, 4, 1.82, 96365, 372
51930, 1, 2, 38, 31, 3, 26.82%, 0, 11, 4, 1.82, 96375, 372
51936, 1, 2, 38, 31, 3, 26.82%, 0, 11, 4, 1.82, 96385, 372
51941, 1, 2, 38, 31, 3, 26.82%, 0, 11, 4, 1.82, 96395, 372
51947, 1, 2, 38, 31, 3, 26.82%, 0, 11, 4, 1.82, 96405, 372
51952, 1, 2, 38, 31, 3, 26.82%, 0, 11, 4, 1.82, 96415, 372
51957, 1, 2, 38, 31, 3, 26.82%, 0, 11, 4, 1.82, 96425, 372
51963, 1, 2, 38, 31, 3, 26.82%, 0, 11, 4, 1.82, 96435, 372
51968, 1, 2, 38, 31, 3, 26.82%, 0, 11, 4, 1.82, 96445, 372
51974, 1, 2, 38, 31, 3, 26.82%, 0, 11, 4, 1.82, 96455, 372
51979, 1, 2, 38, 31, 3, 26.82%, 0, 11, 4, 1.82, 96465, 372
51985, 1, 2, 38, 31, 3, 26.82%, 0, 11, 4, 1.82, 96475, 372
51990, 1, 2, 38, 31, 3, 26.82%, 0, 11, 4, 1.82, 96485, 372
51996, 1, 2, 38, 31, 3, 26.82%, 0, 11, 4, 1.82, 96495, 372
52001, 1, 2, 38, 31, 3, 26.82%, 0, 11, 4, 1.82, 96505, 372
52007, 1, 2, 38, 31, 3, 26.82%, 0, 11, 4, 1.82, 96515, 372
52012, 1, 2, 38, 31, 3, 26.82%, 0, 11, 4, 1.82, 96525, 372
52018, 1, 2, 38, 31, 3, 26.82%, 0, 11, 4, 1.82, 96535, 372
52023, 1, 2, 38, 31, 3, 26.82%, 0, 11, 4, 1.82, 96545, 372
52029, 1, 2, 38, 31, 3, 26.82%, 0, 11, 4, 1.82, 96555, 372
52034, 1, 2, 38, 31, 3, 26.82%, 0, 11, 4, 1.82, 96565, 372
52040, 1, 2, 38, 31, 3, 26.82%, 0, 11, 4, 1.82, 96575, 372
52045, 1, 2, 38, 31, 3, 26.82%, 0, 11, 4, 1.82, 96585, 372
52051, 1, 2, 38, 31, 3, 26.82%, 0, 11, 4, 1.82, 96595, 372
52056, 1, 2, 38, 31, 3, 26.82%, 0, 11, 4, 1.82, 96605, 372
52062, 1, 2, 38, 31, 3, 26.82%, 0, 11, 4, 1.82, 96615, 372
52067, 1, 2, 38, 31, 3, 26.82%, 0, 11, 4, 1.82, 96625, 372
52073, 1, 2, 38, 31, 3, 26.82%, 0, 11, 4, 1.82, 96635, 372
52078, 1, 2, 38, 31, 3, 26.82%, 0, 11, 4, 1.82, 96645, 372
52084, 1, 2, 38, 31, 3, 26.82%, 0, 11, 4, 1.82, 96655, 372
52089, 1, 2, 38, 31, 3, 26.82%, 0, 11, 4, 1.82, 96665, 372
52095, 1, 2, 38, 31, 3, 26.82%, 0, 11, 4, 1.82, 96675, 372
52100, 1, 2, 38, 31, 3, 26.82%, 0, 11, 4, 1.82, 96685, 372
52106, 1, 2, 38, 31, 3, 26.82%, 0, 11, 4, 1.82, 96695, 372
52111, 1, 2, 38, 31, 3, 26.82%, 0, 11, 4, 1.82, 96705, 372
52117, 1, 2, 38, 31, 3, 26.82%, 0, 11, 4, 1.82, 96715, 372
52122, 1, 2, 38, 31, 3, 26.82%, 0, 11, 4, 1.82, 96725, 372
52128, 1, 2, 38, 31, 3, 26.82%, 0, 11, 4, 1.82, 96735, 372
52133, 1, 2, 38, 31, 3, 26.82%, 0, 11, 4, 1.72, 96744, 372
52139, 1, 2, 38, 31, 3, 26.82%, 0, 11, 4, 1.76, 96753, 372
52144, 1, 2, 38, 31, 3, 26.82%, 0, 11, 4, 1.79, 96763, 372
52150, 1, 2, 38, 31, 3, 26.82%, 0, 11, 4, 1.81, 96773, 372
52155, 1, 2, 38, 31, 3, 26.82%, 0, 11, 4, 1.81, 96783, 372
52161, 1, 2, 38, 31, 3, 26.82%, 0, 11, 4, 1.82, 96793, 372
52166, 1, 2, 38, 31, 3, 26.82%, 0, 11, 4, 1.82, 96803, 372
52172, 1, 2, 38, 31, 3, 26.82%, 0, 11, 4, 1.82, 96813, 372
52177, 1, 2, 38, 31, 3, 26.82%, 0, 11, 4, 1.82, 96823, 372
52183, 1, 2, 38, 31, 3, 26.82%, 0, 11, 4, 1.82, 96833, 372
52188, 1, 2, 38, 31, 3, 26.82%, 0, 11, 4, 1.82, 96843, 372
52193, 1, 2, 38, 31, 3, 26.82%, 0, 11, 4, 1.82, 96853, 372
52199, 1, 2, 38, 31, 3, 26.82%, 0, 11, 4, 1.82, 96863, 372
52204, 1, 2, 38, 31, 3, 26.82%, 0, 11, 4, 1.82, 96873, 372
52210, 1, 2, 38, 31, 3, 26.82%, 0, 11, 4, 1.82, 96883, 372
52215, 1, 2, 38, 31, 3, 26.82%, 0, 11, 4, 1.82, 96893, 372
52221, 1, 2, 38, 31, 3, 26.82%, 0, 11, 4, 1.82, 96903, 372
52226, 1, 2, 38, 31, 3, 26.82%, 0, 11, 4, 1.82, 96913, 372
52232, 1, 2, 38, 31, 3, 26.82%, 0, 11, 4, 1.82, 96923, 372
52237, 1, 2, 38, 31, 3, 26.82%, 0, 11, 4, 1.82, 96933, 372
52243, 1, 2, 38, 31, 3, 26.82%, 0, 11, 4, 1.82, 96943, 372
52248, 1, 2, 38, 31, 3, 26.82%, 0, 11, 4, 1.82, 96953, 372
52254, 1, 2, 38, 31, 3, 26.82%, 0, 11, 4, 1.82, 96963, 372
52259, 1, 2, 38, 31, 3, 26.82%, 0, 11, 4, 1.82, 96973, 372
52265, 1, 2, 38, 31, 3, 26.82%, 0, 11, 4, 1.82, 96983, 372
52270, 1, 2, 38, 31, 3, 26.82%, 0, 11, 4, 1.82, 96993, 372
52276, 1, 2, 38, 31, 3, 26.82%, 0, 11, 4, 1.82, 97003, 372
52281, 1, 2, 38, 31, 3, 26.82%, 0, 11, 4, 1.82, 97013, 372
52287, 1, 2, 38, 31, 3, 26.82%, 0, 11, 4, 1.82, 97023, 372
52292, 1, 2, 38, 31, 3, 26.82%, 0, 11, 4, 1.82, 97033, 372
52298, 1, 2, 38, 31, 3, 26.82%, 0, 11, 4, 1.82, 97043, 372
52303, 1, 2, 38, 31, 3, 26.82%, 0, 11, 4, 1.82, 97053, 372
52309, 1, 2, 38, 31, 3, 26.82%, 0, 11, 4, 1.82, 97063, 372
52314, 1, 2, 38, 31, 3, 26.82%, 0, 11, 4, 1.82, 97073, 372
52320, 1, 2, 38, 31, 3, 26.82%, 0, 11, 4, 1.82, 97083, 372
52325, 1, 2, 38, 31, 3, 26.82%, 0, 11, 4, 1.82, 97093, 372
52331, 1, 2, 38, 31, 3, 26.82%, 0, 11, 4, 1.82, 97103, 372
52336, 1, 2, 38, 31, 3, 26.82%, 0, 11, 4, 1.82, 97113, 372
52342, 1, 2, 38, 31, 3, 26.82%, 0, 11, 4, 1.82, 97123, 372
52347, 1, 2, 38, 31, 3, 26.82%, 0, 11, 4, 1.82, 97133, 372
52353, 1, 2, 38, 31, 3, 26.82%, 0, 11, 4, 1.82, 97143, 372
52358, 1, 2, 38, 31, 3, 26.82%, 0, 11, 4, 1.82, 97153, 372
52363, 1, 2, 38, 31, 3, 26.82%, 0, 11, 4, 1.82, 97163, 372
52369, 1, 2, 38, 31, 3, 26.82%, 0, 11, 4, 1.82, 97173, 372
52374, 1, 2, 38, 31, 3, 26.82%, 0, 11, 4, 1.82, 97183, 372
52380, 1, 2, 38, 31, 3, 26.82%, 0, 11, 4, 1.82, 97193, 372
52385, 1, 2, 38, 31, 3, 26.82%, 0, 11, 4, 1.82, 97203, 372
52391, 1, 2, 38, 31, 3, 26.82%, 0, 11, 4, 1.82, 97213, 372
52396, 1, 2, 38, 31, 3, 26.82%, 0, 11, 4, 1.82, 97223, 372
52402, 1, 2, 38, 31, 3, 26.82%, 0, 11, 4, 1.82, 97233, 372
52407, 1, 2, 38, 31, 3, 26.82%, 0, 11, 4, 1.82, 97243, 372
52413, 1, 2, 38, 31, 3, 26.82%, 0, 11, 4, 1.82, 97253, 372
52418, 1, 2, 38, 31, 3, 26.82%, 0, 11, 4, 1.82, 97263, 372
52424, 1, 2, 38, 31, 3, 26.82%, 0, 11, 4, 1.82, 97273, 372
52429, 1, 2, 38, 31, 3, 26.82%, 0, 11, 4, 1.82, 97283, 372
52435, 1, 2, 38, 31, 3, 26.82%, 0, 11, 4, 1.82, 97293, 372
52440, 1, 2, 38, 31, 3, 26.82%, 0, 11, 4, 1.82, 97303, 372
52446, 1, 2, 38, 31, 3, 26.82%, 0, 11, 4, 1.82, 97313, 372
52451, 1, 2, 38, 31, 3, 26.82%, 0, 11, 4, 1.82, 97323, 372
52457, 1, 2, 38, 31, 3, 26.82%, 0, 11, 4, 1.77, 97332, 372
52462, 1, 2, 38, 31, 3, 26.82%, 0, 11, 4, 1.65, 97338, 372
52467, 1, 2, 38, 31, 3, 26.82%, 0, 11, 4, 1.73, 97348, 372
52473, 1, 2, 38, 31, 3, 26.82%, 0, 11, 4, 1.78, 97358, 372
52478, 1, 2, 38, 31, 3, 26.82%, 0, 11, 4, 1.80, 97368, 372
52484, 1, 2, 38, 31, 3, 26.82%, 0, 11, 4, 1.81, 97378, 372
52489, 1, 2, 38, 31, 3, 26.82%, 0, 11, 4, 1.82, 97388, 372
52495, 1, 2, 38, 31, 3, 26.82%, 0, 11, 4, 1.82, 97398, 372
52500, 1, 2, 38, 31, 3, 26.82%, 0, 11, 4, 1.82, 97408, 372
52506, 1, 2, 38, 31, 3, 26.82%, 0, 11, 4, 1.82, 97418, 372
52511, 1, 2, 38, 31, 3, 26.82%, 0, 11, 4, 1.82, 97428, 372
52517, 1, 2, 38, 31, 3, 26.82%, 0, 11, 4, 1.82, 97438, 372
52522, 1, 2, 38, 31, 3, 26.82%, 0, 11, 4, 1.82, 97448, 372
52528, 1, 2, 38, 31, 3, 26.82%, 0, 11, 4, 1.82, 97458, 372
52533, 1, 2, 38, 31, 3, 26.82%, 0, 11, 4, 1.82, 97468, 372
52539, 1, 2, 38, 31, 3, 26.82%, 0, 11, 4, 1.82, 97478, 372
52544, 1, 2, 38, 31, 3, 26.82%, 0, 11, 4, 1.82, 97488, 372
52549, 1, 2, 38, 31, 3, 26.82%, 0, 11, 4, 1.82, 97498, 372
52555, 1, 2, 38, 31, 3, 26.82%, 0, 11, 4, 1.82, 97508, 372
52560, 1, 2, 38, 31, 3, 26.82%, 0, 11, 4, 1.82, 97518, 372
52566, 1, 2, 38, 31, 3, 26.82%, 0, 11, 4, 1.82, 97528, 372
52571, 1, 2, 38, 31, 3, 26.82%, 0, 11, 4, 1.82, 97538, 372
52577, 1, 2, 38, 31, 3, 26.82%, 0, 11, 4, 1.82, 97548, 372
52582, 1, 2, 38, 31, 3, 26.82%, 0, 11, 4, 1.82, 97558, 372
52588, 1, 2, 38, 31, 3, 26.82%, 0, 11, 4, 1.82, 97568, 372
52593, 1, 2, 38, 31, 3, 26.82%, 0, 11, 4, 1.82, 97578, 372
52599, 1, 2, 38, 31, 3, 26.82%, 0, 11, 4, 1.82, 97588, 372
52604, 1, 2, 38, 31, 3, 26.82%, 0, 11, 4, 1.82, 97598, 372
52610, 1, 2, 38, 31, 3, 26.82%, 0, 11, 4, 1.82, 97608, 372
52615, 1, 2, 38, 31, 3, 26.82%, 0, 11, 4, 1.82, 97618, 372
52621, 1, 2, 38, 31, 3, 26.82%, 0, 11, 4, 1.82, 97628, 372
52626, 1, 2, 38, 31, 3, 26.82%, 0, 11, 4, 1.82, 97638, 372
52632, 1, 2, 38, 31, 3, 26.82%, 0, 11, 4, 1.82, 97648, 372
52637, 1, 2, 38, 31, 3, 26.82%, 0, 11, 4, 1.82, 97658, 372
52643, 1, 2, 38, 31, 3, 26.82%, 0, 11, 4, 1.82, 97668, 372
52648, 1, 2, 38, 31, 3, 26.82%, 0, 11, 4, 1.82, 97678, 372
52654, 1, 2, 38, 31, 3, 26.82%, 0, 11, 4, 1.82, 97688, 372
52659, 1, 2, 38, 31, 3, 26.82%, 0, 11, 4, 1.82, 97698, 372
52665, 1, 2, 38, 31, 3, 26.82%, 0, 11, 4, 1.82, 97708, 372
52670, 1, 2, 38, 31, 3, 26.82%, 0, 11, 4, 1.82, 97718, 372
52676, 1, 2, 38, 31, 3, 26.82%, 0, 11, 4, 1.82, 97728, 372
52681, 1, 2, 38, 31, 3, 26.82%, 0, 11, 4, 1.82, 97738, 372
52687, 1, 2, 38, 31, 3, 26.82%, 0, 11, 4, 1.82, 97748, 372
52692, 1, 2, 38, 31, 3, 26.82%, 0, 11, 4, 1.82, 97758, 372
52698, 1, 2, 38, 31, 3, 26.82%, 0, 11, 4, 1.82, 97768, 372
52703, 1, 2, 38, 31, 3, 26.82%, 0, 11, 4, 1.82, 97778, 372
52709, 1, 2, 38, 31, 3, 26.82%, 0, 11, 4, 1.82, 97788, 372
52714, 1, 2, 38, 31, 3, 26.82%, 0, 11, 4, 1.82, 97798, 372
52720, 1, 2, 38, 31, 3, 26.82%, 0, 11, 4, 1.77, 97808, 372
52725, 1, 2, 38, 31, 3, 26.82%, 0, 11, 4, 1.80, 97818, 372
52731, 1, 2, 38, 31, 3, 26.82%, 0, 11, 4, 1.81, 97828, 372
52736, 1, 2, 38, 31, 3, 26.82%, 0, 11, 4, 1.82, 97838, 372
52742, 1, 2, 38, 31, 3, 26.82%, 0, 11, 4, 1.82, 97848, 372
52747, 1, 2, 38, 31, 3, 26.82%, 0, 11, 4, 1.82, 97858, 372
52753, 1, 2, 38, 31, 3, 26.82%, 0, 11, 4, 1.82, 97868, 372
52758, 1, 2, 38, 31, 3, 26.82%, 0, 11, 4, 1.82, 97878, 372
52764, 1, 2, 38, 31, 3, 26.82%, 0, 11, 4, 1.75, 97886, 372
52769, 1, 2, 38, 31, 3, 26.82%, 0, 11, 4, 1.78, 97896, 372
52775, 1, 2, 38, 31, 3, 26.82%, 0, 11, 4, 1.80, 97906, 372
52780, 1, 2, 38, 31, 3, 26.82%, 0, 11, 4, 1.81, 97916, 372
52786, 1, 2, 38, 31, 3, 26.82%, 0, 11, 4, 1.82, 97926, 372
52791, 1, 2, 38, 31, 3, 26.82%, 0, 11, 4, 1.82, 97936, 372
52797, 1, 2, 38, 31, 3, 26.82%, 0, 11, 4, 1.82, 97946, 372
52802, 1, 2, 38, 31, 3, 26.82%, 0, 11, 4, 1.68, 97954, 372
52808, 1, 2, 38, 31, 3, 26.82%, 0, 11, 4, 1.71, 97963, 372
52813, 1, 2, 38, 31, 3, 26.82%, 0, 11, 4, 1.76, 97973, 372
52819, 1, 2, 38, 31, 3, 26.82%, 0, 11, 4, 1.79, 97983, 372
52824, 1, 2, 38, 31, 3, 26.82%, 0, 11, 4, 1.81, 97993, 372
52830, 1, 2, 38, 31, 3, 26.82%, 0, 11, 4, 1.82, 98003, 372
52835, 1, 2, 38, 31, 3, 26.82%, 0, 11, 4, 1.82, 98013, 372
52841, 1, 2, 38, 31, 3, 26.82%, 0, 11, 4, 1.82, 98023, 372
52846, 1, 2, 38, 31, 3, 26.82%, 0, 11, 4, 1.82, 98033, 372
52852, 1, 2, 38, 31, 3, 26.82%, 0, 11, 4, 1.82, 98043, 372
52857, 1, 2, 38, 31, 3, 26.82%, 0, 11, 4, 1.82, 98053, 372
52862, 1, 2, 38, 31, 3, 26.82%, 0, 11, 4, 1.82, 98063, 372
52868, 1, 2, 38, 31, 3, 26.82%, 0, 11, 4, 1.82, 98073, 372
52873, 1, 2, 38, 31, 3, 26.82%, 0, 11, 4, 1.82, 98083, 372
52879, 1, 2, 38, 31, 3, 26.82%, 0, 11, 4, 1.82, 98093, 372
52884, 1, 2, 38, 31, 3, 26.82%, 0, 11, 4, 1.82, 98103, 372
52890, 1, 2, 38, 31, 3, 26.82%, 0, 11, 4, 1.82, 98113, 372
52895, 1, 2, 38, 31, 3, 26.82%, 0, 11, 4, 1.82, 98123, 372
52901, 1, 2, 38, 31, 3, 26.82%, 0, 11, 4, 1.82, 98133, 372
52906, 1, 2, 38, 31, 3, 26.82%, 0, 11, 4, 1.82, 98143, 372
52912, 1, 2, 38, 31, 3, 26.82%, 0, 11, 4, 1.82, 98153, 372
52917, 1, 2, 38, 31, 3, 26.82%, 0, 11, 4, 1.82, 98163, 372
52923, 1, 2, 38, 31, 3, 26.82%, 0, 11, 4, 1.82, 98173, 372
52928, 1, 2, 38, 31, 3, 26.82%, 0, 11, 4, 1.82, 98183, 372
52934, 1, 2, 38, 31, 3, 26.82%, 0, 11, 4, 1.82, 98193, 372
52939, 1, 2, 38, 31, 3, 26.82%, 0, 11, 4, 1.82, 98203, 372
52945, 1, 2, 38, 31, 3, 26.82%, 0, 11, 4, 1.82, 98213, 372
52950, 1, 2, 38, 31, 3, 26.82%, 0, 11, 4, 1.82, 98223, 372
52956, 1, 2, 38, 31, 3, 26.82%, 0, 11, 4, 1.82, 98233, 372
52961, 1, 2, 38, 31, 3, 26.82%, 0, 11, 4, 1.82, 98243, 372
52967, 1, 2, 38, 31, 3, 26.82%, 0, 11, 4, 1.82, 98253, 372
52972, 1, 2, 38, 31, 3, 26.82%, 0, 11, 4, 1.82, 98263, 372
52978, 1, 2, 38, 31, 3, 26.82%, 0, 11, 4, 1.82, 98273, 372
52983, 1, 2, 38, 31, 3, 26.82%, 0, 11, 4, 1.82, 98283, 372
52989, 1, 2, 38, 31, 3, 26.82%, 0, 11, 4, 1.82, 98293, 372
52994, 1, 2, 38, 31, 3, 26.82%, 0, 11, 4, 1.82, 98303, 372
53000, 1, 2, 38, 31, 3, 26.82%, 0, 11, 4, 1.82, 98313, 372
53005, 1, 2, 38, 31, 3, 26.82%, 0, 11, 4, 1.82, 98323, 372
53011, 1, 2, 38, 31, 3, 26.82%, 0, 11, 4, 1.82, 98333, 372
53016, 1, 2, 38, 31, 3, 26.82%, 0, 11, 4, 1.82, 98343, 372
53022, 1, 2, 38, 31, 3, 26.82%, 0, 11, 4, 1.82, 98353, 372
53027, 1, 2, 38, 31, 3, 26.82%, 0, 11, 4, 1.82, 98363, 372
53033, 1, 2, 38, 31, 3, 26.82%, 0, 11, 4, 1.82, 98373, 372
53038, 1, 2, 38, 31, 3, 26.82%, 0, 11, 4, 1.82, 98383, 372
53043, 1, 2, 38, 31, 3, 26.82%, 0, 11, 4, 1.82, 98393, 372
53049, 1, 2, 38, 31, 3, 26.82%, 0, 11, 4, 1.82, 98403, 372
53054, 1, 2, 38, 31, 3, 26.82%, 0, 11, 4, 1.82, 98413, 372
53060, 1, 2, 38, 31, 3, 26.82%, 0, 11, 4, 1.82, 98423, 372
53065, 1, 2, 38, 31, 3, 26.82%, 0, 11, 4, 1.82, 98433, 372
53071, 1, 2, 38, 31, 3, 26.82%, 0, 11, 4, 1.82, 98443, 372
53076, 1, 2, 38, 31, 3, 26.82%, 0, 11, 4, 1.82, 98453, 372
53082, 1, 2, 38, 31, 3, 26.82%, 0, 11, 4, 1.82, 98463, 372
53087, 1, 2, 38, 31, 3, 26.82%, 0, 11, 4, 1.82, 98473, 372
53093, 1, 2, 38, 31, 3, 26.82%, 0, 11, 4, 1.82, 98483, 372
53098, 1, 2, 38, 31, 3, 26.82%, 0, 11, 4, 1.82, 98493, 372
53104, 1, 2, 38, 31, 3, 26.82%, 0, 11, 4, 1.82, 98503, 372
53109, 1, 2, 38, 31, 3, 26.82%, 0, 11, 4, 1.82, 98513, 372
53115, 1, 2, 38, 31, 3, 26.82%, 0, 11, 4, 1.82, 98523, 372
53120, 1, 2, 38, 31, 3, 26.82%, 0, 11, 4, 1.82, 98533, 372
53126, 1, 2, 38, 31, 3, 26.82%, 0, 11, 4, 1.82, 98543, 372
53131, 1, 2, 38, 31, 3, 26.82%, 0, 11, 4, 1.82, 98553, 372
53137, 1, 2, 38, 31, 3, 26.82%, 0, 11, 4, 1.82, 98563, 372
53142, 1, 2, 38, 31, 3, 26.82%, 0, 11, 4, 1.82, 98573, 372
53148, 1, 2, 38, 31, 3, 26.82%, 0, 11, 4, 1.82, 98583, 372
53153, 1, 2, 38, 31, 3, 26.82%, 0, 11, 4, 1.82, 98593, 372
53159, 1, 2, 38, 31, 3, 26.82%, 0, 11, 4, 1.82, 98603, 372
53164, 1, 2, 38, 31, 3, 26.82%, 0, 11, 4, 1.82, 98613, 372
53170, 1, 2, 38, 31, 3, 26.82%, 0, 11, 4, 1.82, 98623, 372
53175, 1, 2, 38, 31, 3, 26.82%, 0, 11, 4, 1.82, 98633, 372
53181, 1, 2, 38, 31, 3, 26.82%, 0, 11, 4, 1.82, 98643, 372
53186, 1, 2, 38, 31, 3, 26.82%, 0, 11, 4, 1.82, 98653, 372
53192, 1, 2, 38, 31, 3, 26.82%, 0, 11, 4, 1.82, 98663, 372
53197, 1, 2, 38, 31, 3, 26.82%, 0, 11, 4, 1.82, 98673, 372
53203, 1, 2, 38, 31, 3, 26.82%, 0, 11, 4, 1.82, 98683, 372
53208, 1, 2, 38, 31, 3, 26.82%, 0, 11, 4, 1.82, 98693, 372
53214, 1, 2, 38, 31, 3, 26.82%, 0, 11, 4, 1.82, 98703, 372
53219, 1, 2, 38, 31, 3, 26.82%, 0, 11, 4, 1.82, 98713, 372
53224, 1, 2, 38, 31, 3, 26.82%, 0, 11, 4, 1.82, 98723, 372
53230, 1, 2, 38, 31, 3, 26.82%, 0, 11, 4, 1.82, 98733, 372
53235, 1, 2, 38, 31, 3, 26.82%, 0, 11, 4, 1.82, 98743, 372
53241, 1, 2, 38, 31, 3, 26.82%, 0, 11, 4, 1.82, 98753, 372
53246, 1, 2, 38, 31, 3, 26.82%, 0, 11, 4, 1.82, 98763, 372
53252, 1, 2, 38, 31, 3, 26.82%, 0, 11, 4, 1.82, 98773, 372
53257, 1, 2, 38, 31, 3, 26.82%, 0, 11, 4, 1.82, 98783, 372
53263, 1, 2, 38, 31, 3, 26.82%, 0, 11, 4, 1.82, 98793, 372
53268, 1, 2, 38, 31, 3, 26.82%, 0, 11, 4, 1.82, 98803, 372
53274, 1, 2, 38, 31, 3, 26.82%, 0, 11, 4, 1.82, 98813, 372
53279, 1, 2, 38, 31, 3, 26.82%, 0, 11, 4, 1.82, 98823, 372
53285, 1, 2, 38, 31, 3, 26.82%, 0, 11, 4, 1.82, 98833, 372
53290, 1, 2, 38, 31, 3, 26.82%, 0, 11, 4, 1.82, 98843, 372
53296, 1, 2, 38, 31, 3, 26.82%, 0, 11, 4, 1.82, 98853, 372
53301, 1, 2, 38, 31, 3, 26.82%, 0, 11, 4, 1.82, 98863, 372
53307, 1, 2, 38, 31, 3, 26.82%, 0, 11, 4, 1.82, 98873, 372
53312, 1, 2, 38, 31, 3, 26.82%, 0, 11, 4, 1.82, 98883, 372
53318, 1, 2, 38, 31, 3, 26.82%, 0, 11, 4, 1.82, 98893, 372
53323, 1, 2, 38, 31, 3, 26.82%, 0, 11, 4, 1.82, 98903, 372
53328, 1, 2, 38, 31, 3, 26.82%, 0, 11, 4, 1.63, 98909, 372
53333, 1, 2, 38, 31, 3, 26.82%, 0, 11, 4, 1.46, 98914, 372
53338, 1, 2, 38, 31, 3, 26.82%, 0, 11, 4, 1.33, 98919, 372
53344, 1, 2, 38, 31, 3, 26.82%, 0, 11, 4, 1.40, 98926, 372
53349, 1, 2, 38, 31, 3, 26.82%, 0, 11, 4, 1.41, 98933, 372
53354, 1, 2, 38, 31, 3, 26.82%, 0, 11, 4, 1.30, 98938, 372
53359, 1, 2, 38, 31, 3, 26.82%, 0, 11, 4, 1.21, 98943, 372
53364, 1, 2, 38, 31, 3, 26.82%, 0, 11, 4, 1.16, 98948, 372
53369, 1, 2, 38, 31, 3, 26.82%, 0, 11, 4, 1.32, 98956, 372
53374, 1, 2, 38, 31, 3, 26.82%, 0, 11, 4, 1.46, 98964, 372
53380, 1, 2, 38, 31, 3, 26.82%, 0, 11, 4, 1.63, 98974, 372
53385, 1, 2, 38, 31, 3, 26.82%, 0, 11, 4, 1.72, 98984, 372
53391, 1, 2, 38, 31, 3, 26.82%, 0, 11, 4, 1.77, 98994, 372
53396, 1, 2, 38, 31, 3, 26.82%, 0, 11, 4, 1.80, 99004, 372
53402, 1, 2, 38, 31, 3, 26.82%, 0, 11, 4, 1.81, 99014, 372
53407, 1, 2, 38, 31, 3, 26.82%, 0, 11, 4, 1.81, 99024, 372
53413, 1, 2, 38, 31, 3, 26.82%, 0, 11, 4, 1.82, 99034, 372
53418, 1, 2, 38, 31, 3, 26.82%, 0, 11, 4, 1.82, 99044, 372
53424, 1, 2, 38, 31, 3, 26.82%, 0, 11, 4, 1.82, 99054, 372
53429, 1, 2, 38, 31, 3, 26.82%, 0, 11, 4, 1.82, 99064, 372
53435, 1, 2, 38, 31, 3, 26.82%, 0, 11, 4, 1.82, 99074, 372
53440, 1, 2, 38, 31, 3, 26.82%, 0, 11, 4, 1.82, 99084, 372
53446, 1, 2, 38, 31, 3, 26.82%, 0, 11, 4, 1.82, 99094, 372
53451, 1, 2, 38, 31, 3, 26.82%, 0, 11, 4, 1.82, 99104, 372
53457, 1, 2, 38, 31, 3, 26.82%, 0, 11, 4, 1.82, 99114, 372
53462, 1, 2, 38, 31, 3, 26.82%, 0, 11, 4, 1.82, 99124, 372
53468, 1, 2, 38, 31, 3, 26.82%, 0, 11, 4, 1.82, 99134, 372
53473, 1, 2, 38, 31, 3, 26.82%, 0, 11, 4, 1.82, 99144, 372
53479, 1, 2, 38, 31, 3, 26.82%, 0, 11, 4, 1.82, 99154, 372
53484, 1, 2, 38, 31, 3, 26.82%, 0, 11, 4, 1.82, 99164, 372
53490, 1, 2, 38, 31, 3, 26.82%, 0, 11, 4, 1.82, 99174, 372
53495, 1, 2, 38, 31, 3, 26.82%, 0, 11, 4, 1.82, 99184, 372
53500, 1, 2, 38, 31, 3, 26.82%, 0, 11, 4, 1.82, 99194, 372
53506, 1, 2, 38, 31, 3, 26.82%, 0, 11, 4, 1.82, 99204, 372
53511, 1, 2, 38, 31, 3, 26.82%, 0, 11, 4, 1.82, 99214, 372
53517, 1, 2, 38, 31, 3, 26.82%, 0, 11, 4, 1.82, 99224, 372
53522, 1, 2, 38, 31, 3, 26.82%, 0, 11, 4, 1.82, 99234, 372
53528, 1, 2, 38, 31, 3, 26.82%, 0, 11, 4, 1.82, 99244, 372
53533, 1, 2, 38, 31, 3, 26.82%, 0, 11, 4, 1.82, 99254, 372
53539, 1, 2, 38, 31, 3, 26.82%, 0, 11, 4, 1.82, 99264, 372
53544, 1, 2, 38, 31, 3, 26.82%, 0, 11, 4, 1.82, 99274, 372
53550, 1, 2, 38, 31, 3, 26.82%, 0, 11, 4, 1.82, 99284, 372
53555, 1, 2, 38, 31, 3, 26.82%, 0, 11, 4, 1.82, 99294, 372
53561, 1, 2, 38, 31, 3, 26.82%, 0, 11, 4, 1.82, 99304, 372
53566, 1, 2, 38, 31, 3, 26.82%, 0, 11, 4, 1.82, 99314, 372
53572, 1, 2, 38, 31, 3, 26.82%, 0, 11, 4, 1.82, 99324, 372
53577, 1, 2, 38, 31, 3, 26.82%, 0, 11, 4, 1.82, 99334, 372
53583, 1, 2, 38, 31, 3, 26.82%, 0, 11, 4, 1.82, 99344, 372
53588, 1, 2, 38, 31, 3, 26.82%, 0, 11, 4, 1.82, 99354, 372
53594, 1, 2, 38, 31, 3, 26.82%, 0, 11, 4, 1.82, 99364, 372
53599, 1, 2, 38, 31, 3, 26.82%, 0, 11, 4, 1.82, 99374, 372
53605, 1, 2, 38, 31, 3, 26.82%, 0, 11, 4, 1.82, 99384, 372
53610, 1, 2, 38, 31, 3, 26.82%, 0, 11, 4, 1.82, 99394, 372
53616, 1, 2, 38, 31, 3, 26.82%, 0, 11, 4, 1.82, 99404, 372
53621, 1, 2, 38, 31, 3, 26.82%, 0, 11, 4, 1.82, 99414, 372
53627, 1, 2, 38, 31, 3, 26.82%, 0, 11, 4, 1.82, 99424, 372
53632, 1, 2, 38, 31, 3, 26.82%, 0, 11, 4, 1.82, 99434, 372
53638, 1, 2, 38, 31, 3, 26.82%, 0, 11, 4, 1.82, 99444, 372
53643, 1, 2, 38, 31, 3, 26.82%, 0, 11, 4, 1.82, 99454, 372
53649, 1, 2, 38, 31, 3, 26.82%, 0, 11, 4, 1.82, 99464, 372
53654, 1, 2, 38, 31, 3, 26.82%, 0, 11, 4, 1.82, 99474, 372
53660, 1, 2, 38, 31, 3, 26.82%, 0, 11, 4, 1.82, 99484, 372
53665, 1, 2, 38, 31, 3, 26.82%, 0, 11, 4, 1.82, 99494, 372
53670, 1, 2, 38, 31, 3, 26.82%, 0, 11, 4, 1.82, 99504, 372
53676, 1, 2, 38, 31, 3, 26.82%, 0, 11, 4, 1.82, 99514, 372
53681, 1, 2, 38, 31, 3, 26.82%, 0, 11, 4, 1.82, 99524, 372
53687, 1, 2, 38, 31, 3, 26.82%, 0, 11, 4, 1.82, 99534, 372
53692, 1, 2, 38, 31, 3, 26.82%, 0, 11, 4, 1.82, 99544, 372
53698, 1, 2, 38, 31, 3, 26.82%, 0, 11, 4, 1.82, 99554, 372
53703, 1, 2, 38, 31, 3, 26.82%, 0, 11, 4, 1.82, 99564, 372
53709, 1, 2, 38, 31, 3, 26.82%, 0, 11, 4, 1.82, 99574, 372
53714, 1, 2, 38, 31, 3, 26.82%, 0, 11, 4, 1.82, 99584, 372
53720, 1, 2, 38, 31, 3, 26.82%, 0, 11, 4, 1.82, 99594, 372
53725, 1, 2, 38, 31, 3, 26.82%, 0, 11, 4, 1.82, 99604, 372
53731, 1, 2, 38, 31, 3, 26.82%, 0, 11, 4, 1.82, 99614, 372
53736, 1, 2, 38, 31, 3, 26.82%, 0, 11, 4, 1.82, 99624, 372
53742, 1, 2, 38, 31, 3, 26.82%, 0, 11, 4, 1.82, 99634, 372
53747, 1, 2, 38, 31, 3, 26.82%, 0, 11, 4, 1.82, 99644, 372
53753, 1, 2, 38, 31, 3, 26.82%, 0, 11, 4, 1.82, 99654, 372
53758, 1, 2, 38, 31, 3, 26.82%, 0, 11, 4, 1.82, 99664, 372
53764, 1, 2, 38, 31, 3, 26.82%, 0, 11, 4, 1.82, 99674, 372
53769, 1, 2, 38, 31, 3, 26.82%, 0, 11, 4, 1.82, 99684, 372
53775, 1, 2, 38, 31, 3, 26.82%, 0, 11, 4, 1.82, 99694, 372
53780, 1, 2, 38, 31, 3, 26.82%, 0, 11, 4, 1.82, 99704, 372
53786, 1, 2, 38, 31, 3, 26.82%, 0, 11, 4, 1.82, 99714, 372
53791, 1, 2, 38, 31, 3, 26.82%, 0, 11, 4, 1.82, 99724, 372
53797, 1, 2, 38, 31, 3, 26.82%, 0, 11, 4, 1.82, 99734, 372
53802, 1, 2, 38, 31, 3, 26.82%, 0, 11, 4, 1.82, 99744, 372
53808, 1, 2, 38, 31, 3, 26.82%, 0, 11, 4, 1.82, 99754, 372
53813, 1, 2, 38, 31, 3, 26.82%, 0, 11, 4, 1.82, 99764, 372
53819, 1, 2, 38, 31, 3, 26.82%, 0, 11, 4, 1.82, 99774, 372
53824, 1, 2, 38, 31, 3, 26.82%, 0, 11, 4, 1.82, 99784, 372
53830, 1, 2, 38, 31, 3, 26.82%, 0, 11, 4, 1.82, 99794, 372
53835, 1, 2, 38, 31, 3, 26.82%, 0, 11, 4, 1.82, 99804, 372
53841, 1, 2, 38, 31, 3, 26.82%, 0, 11, 4, 1.82, 99814, 372
53846, 1, 2, 38, 31, 3, 26.82%, 0, 11, 4, 1.82, 99824, 372
53852, 1, 2, 38, 31, 3, 26.82%, 0, 11, 4, 1.82, 99834, 372
53857, 1, 2, 38, 31, 3, 26.82%, 0, 11, 4, 1.82, 99844, 372
53862, 1, 2, 38, 31, 3, 26.82%, 0, 11, 4, 1.82, 99854, 372
53868, 1, 2, 38, 31, 3, 26.82%, 0, 11, 4, 1.82, 99864, 372
53873, 1, 2, 38, 31, 3, 26.82%, 0, 11, 4, 1.82, 99874, 372
53879, 1, 2, 38, 31, 3, 26.82%, 0, 11, 4, 1.82, 99884, 372
53884, 1, 2, 38, 31, 3, 26.82%, 0, 11, 4, 1.82, 99894, 372
53890, 1, 2, 38, 31, 3, 26.82%, 0, 11, 4, 1.82, 99904, 372
53895, 1, 2, 38, 31, 3, 26.82%, 0, 11, 4, 1.82, 99914, 372
53901, 1, 2, 38, 31, 3, 26.82%, 0, 11, 4, 1.82, 99924, 372
53906, 1, 2, 38, 31, 3, 26.82%, 0, 11, 4, 1.82, 99934, 372
53912, 1, 2, 38, 31, 3, 26.82%, 0, 11, 4, 1.82, 99944, 372
53917, 1, 2, 38, 31, 3, 26.82%, 0, 11, 4, 1.82, 99954, 372
53923, 1, 2, 38, 31, 3, 26.82%, 0, 11, 4, 1.82, 99964, 372
53928, 1, 2, 38, 31, 3, 26.82%, 0, 11, 4, 1.82, 99974, 372
53934, 1, 2, 38, 31, 3, 26.82%, 0, 11, 4, 1.82, 99984, 372
53939, 1, 2, 38, 31, 3, 26.82%, 0, 11, 4, 1.82, 99994, 372
53945, 1, 2, 38, 31, 3, 26.82%, 0, 11, 4, 1.82, 100004, 372
53950, 1, 2, 38, 31, 3, 26.82%, 0, 11, 4, 1.82, 100014, 372
53956, 1, 2, 38, 31, 3, 26.82%, 0, 11, 4, 1.82, 100024, 372
53961, 1, 2, 38, 31, 3, 26.82%, 0, 11, 4, 1.82, 100034, 372
53967, 1, 2, 38, 31, 3, 26.82%, 0, 11, 4, 1.82, 100044, 372
53972, 1, 2, 38, 31, 3, 26.82%, 0, 11, 4, 1.82, 100054, 372
53978, 1, 2, 38, 31, 3, 26.82%, 0, 11, 4, 1.82, 100064, 372
53983, 1, 2, 38, 31, 3, 26.82%, 0, 11, 4, 1.82, 100074, 372
53989, 1, 2, 38, 31, 3, 26.82%, 0, 11, 4, 1.82, 100084, 372
53994, 1, 2, 38, 31, 3, 26.82%, 0, 11, 4, 1.82, 100094, 372
54000, 1, 2, 38, 31, 3, 26.82%, 0, 11, 4, 1.82, 100104, 372
54005, 1, 2, 38, 31, 3, 26.82%, 0, 11, 4, 1.82, 100114, 372
54011, 1, 2, 38, 31, 3, 26.82%, 0, 11, 4, 1.82, 100124, 372
54016, 1, 2, 38, 31, 3, 26.82%, 0, 11, 4, 1.82, 100134, 372
54022, 1, 2, 38, 31, 3, 26.82%, 0, 11, 4, 1.82, 100144, 372
54027, 1, 2, 38, 31, 3, 26.82%, 0, 11, 4, 1.82, 100154, 372
54033, 1, 2, 38, 31, 3, 26.82%, 0, 11, 4, 1.82, 100164, 372
54038, 1, 2, 38, 31, 3, 26.82%, 0, 11, 4, 1.82, 100174, 372
54043, 1, 2, 38, 31, 3, 26.82%, 0, 11, 4, 1.82, 100184, 372
54049, 1, 2, 38, 31, 3, 26.82%, 0, 11, 4, 1.82, 100194, 372
54054, 1, 2, 38, 31, 3, 26.82%, 0, 11, 4, 1.82, 100204, 372
54060, 1, 2, 38, 31, 3, 26.82%, 0, 11, 4, 1.82, 100214, 372
54065, 1, 2, 38, 31, 3, 26.82%, 0, 11, 4, 1.82, 100224, 372
54071, 1, 2, 38, 31, 3, 26.82%, 0, 11, 4, 1.82, 100234, 372
54076, 1, 2, 38, 31, 3, 26.82%, 0, 11, 4, 1.82, 100244, 372
54082, 1, 2, 38, 31, 3, 26.82%, 0, 11, 4, 1.82, 100254, 372
54087, 1, 2, 38, 31, 3, 26.82%, 0, 11, 4, 1.82, 100264, 372
54093, 1, 2, 38, 31, 3, 26.82%, 0, 11, 4, 1.82, 100274, 372
54098, 1, 2, 38, 31, 3, 26.82%, 0, 11, 4, 1.82, 100284, 372
54104, 1, 2, 38, 31, 3, 26.82%, 0, 11, 4, 1.82, 100294, 372
54109, 1, 2, 38, 31, 3, 26.82%, 0, 11, 4, 1.82, 100304, 372
54115, 1, 2, 38, 31, 3, 26.82%, 0, 11, 4, 1.82, 100314, 372
54120, 1, 2, 38, 31, 3, 26.82%, 0, 11, 4, 1.82, 100324, 372
54126, 1, 2, 38, 31, 3, 26.82%, 0, 11, 4, 1.82, 100334, 372
54131, 1, 2, 38, 31, 3, 26.82%, 0, 11, 4, 1.82, 100344, 372
54137, 1, 2, 38, 31, 3, 26.82%, 0, 11, 4, 1.82, 100354, 372
54142, 1, 2, 38, 31, 3, 26.82%, 0, 11, 4, 1.82, 100364, 372
54148, 1, 2, 38, 31, 3, 26.82%, 0, 11, 4, 1.82, 100374, 372
54153, 1, 2, 38, 31, 3, 26.82%, 0, 11, 4, 1.82, 100384, 372
54159, 1, 2, 38, 31, 3, 26.82%, 0, 11, 4, 1.82, 100394, 372
54164, 1, 2, 38, 31, 3, 26.82%, 0, 11, 4, 1.82, 100404, 372
54170, 1, 2, 38, 31, 3, 26.82%, 0, 11, 4, 1.82, 100414, 372
54175, 1, 2, 38, 31, 3, 26.82%, 0, 11, 4, 1.82, 100424, 372
54181, 1, 2, 38, 31, 3, 26.82%, 0, 11, 4, 1.82, 100434, 372
54186, 1, 2, 38, 31, 3, 26.82%, 0, 11, 4, 1.82, 100444, 372
54192, 1, 2, 38, 31, 3, 26.82%, 0, 11, 4, 1.82, 100454, 372
54197, 1, 2, 38, 31, 3, 26.82%, 0, 11, 4, 1.82, 100464, 372
54203, 1, 2, 38, 31, 3, 26.82%, 0, 11, 4, 1.82, 100474, 372
54208, 1, 2, 38, 31, 3, 26.82%, 0, 11, 4, 1.82, 100484, 372
54214, 1, 2, 38, 31, 3, 26.82%, 0, 11, 4, 1.82, 100494, 372
54219, 1, 2, 38, 31, 3, 26.82%, 0, 11, 4, 1.82, 100504, 372
54224, 1, 2, 38, 31, 3, 26.82%, 0, 11, 4, 1.82, 100514, 372
54230, 1, 2, 38, 31, 3, 26.82%, 0, 11, 4, 1.82, 100524, 372
54235, 1, 2, 38, 31, 3, 26.82%, 0, 11, 4, 1.82, 100534, 372
54241, 1, 2, 38, 31, 3, 26.82%, 0, 11, 4, 1.82, 100544, 372
54246, 1, 2, 38, 31, 3, 26.82%, 0, 11, 4, 1.82, 100554, 372
54252, 1, 2, 38, 31, 3, 26.82%, 0, 11, 4, 1.82, 100564, 372
54257, 1, 2, 38, 31, 3, 26.82%, 0, 11, 4, 1.82, 100574, 372
54263, 1, 2, 38, 31, 3, 26.82%, 0, 11, 4, 1.82, 100584, 372
54268, 1, 2, 38, 31, 3, 26.82%, 0, 11, 4, 1.82, 100594, 372
54274, 1, 2, 38, 31, 3, 26.82%, 0, 11, 4, 1.82, 100604, 372
54279, 1, 2, 38, 31, 3, 26.82%, 0, 11, 4, 1.82, 100614, 372
54285, 1, 2, 38, 31, 3, 26.82%, 0, 11, 4, 1.82, 100624, 372
54290, 1, 2, 38, 31, 3, 26.82%, 0, 11, 4, 1.82, 100634, 372
54296, 1, 2, 38, 31, 3, 26.82%, 0, 11, 4, 1.82, 100644, 372
54301, 1, 2, 38, 31, 3, 26.82%, 0, 11, 4, 1.82, 100654, 372
54307, 1, 2, 38, 31, 3, 26.82%, 0, 11, 4, 1.82, 100664, 372
54312, 1, 2, 38, 31, 3, 26.82%, 0, 11, 4, 1.82, 100674, 372
54318, 1, 2, 38, 31, 3, 26.82%, 0, 11, 4, 1.82, 100684, 372
54323, 1, 2, 38, 31, 3, 26.82%, 0, 11, 4, 1.82, 100694, 372
54329, 1, 2, 38, 31, 3, 26.82%, 0, 11, 4, 1.82, 100704, 372
54334, 1, 2, 38, 31, 3, 26.82%, 0, 11, 4, 1.82, 100714, 372
54340, 1, 2, 38, 31, 3, 26.82%, 0, 11, 4, 1.82, 100724, 372
54345, 1, 2, 38, 31, 3, 26.82%, 0, 11, 4, 1.82, 100734, 372
54351, 1, 2, 38, 31, 3, 26.82%, 0, 11, 4, 1.82, 100744, 372
54356, 1, 2, 38, 31, 3, 26.82%, 0, 11, 4, 1.82, 100754, 372
54362, 1, 2, 38, 31, 3, 26.82%, 0, 11, 4, 1.82, 100764, 372
54367, 1, 2, 38, 31, 3, 26.82%, 0, 11, 4, 1.82, 100774, 372
54373, 1, 2, 38, 31, 3, 26.82%, 0, 11, 4, 1.82, 100784, 372
54378, 1, 2, 38, 31, 3, 26.82%, 0, 11, 4, 1.82, 100794, 372
54384, 1, 2, 38, 31, 3, 26.82%, 0, 11, 4, 1.82, 100804, 372
54389, 1, 2, 38, 31, 3, 26.82%, 0, 11, 4, 1.82, 100814, 372
54394, 1, 2, 38, 31, 3, 26.82%, 0, 11, 4, 1.82, 100824, 372
54400, 1, 2, 38, 31, 3, 26.82%, 0, 11, 4, 1.82, 100834, 372
54405, 1, 2, 38, 31, 3, 26.82%, 0, 11, 4, 1.82, 100844, 372
54411, 1, 2, 38, 31, 3, 26.82%, 0, 11, 4, 1.82, 100854, 372
54416, 1, 2, 38, 31, 3, 26.82%, 0, 11, 4, 1.82, 100864, 372
54422, 1, 2, 38, 31, 3, 26.82%, 0, 11, 4, 1.82, 100874, 372
54427, 1, 2, 38, 31, 3, 26.82%, 0, 11, 4, 1.82, 100884, 372
54433, 1, 2, 38, 31, 3, 26.82%, 0, 11, 4, 1.82, 100894, 372
54438, 1, 2, 38, 31, 3, 26.82%, 0, 11, 4, 1.82, 100904, 372
54444, 1, 2, 38, 31, 3, 26.82%, 0, 11, 4, 1.82, 100914, 372
54449, 1, 2, 38, 31, 3, 26.82%, 0, 11, 4, 1.82, 100924, 372
54455, 1, 2, 38, 31, 3, 26.82%, 0, 11, 4, 1.82, 100934, 372
54460, 1, 2, 38, 31, 3, 26.82%, 0, 11, 4, 1.82, 100944, 372
54466, 1, 2, 38, 31, 3, 26.82%, 0, 11, 4, 1.82, 100954, 372
54471, 1, 2, 38, 31, 3, 26.82%, 0, 11, 4, 1.82, 100964, 372
54477, 1, 2, 38, 31, 3, 26.82%, 0, 11, 4, 1.82, 100974, 372
54482, 1, 2, 38, 31, 3, 26.82%, 0, 11, 4, 1.82, 100984, 372
54488, 1, 2, 38, 31, 3, 26.82%, 0, 11, 4, 1.82, 100994, 372
54493, 1, 2, 38, 31, 3, 26.82%, 0, 11, 4, 1.82, 101004, 372
54499, 1, 2, 38, 31, 3, 26.82%, 0, 11, 4, 1.82, 101014, 372
54504, 1, 2, 38, 31, 3, 26.82%, 0, 11, 4, 1.82, 101024, 372
54510, 1, 2, 38, 31, 3, 26.82%, 0, 11, 4, 1.82, 101034, 372
54515, 1, 2, 38, 31, 3, 26.82%, 0, 11, 4, 1.82, 101044, 372
54521, 1, 2, 38, 31, 3, 26.82%, 0, 11, 4, 1.82, 101054, 372
54526, 1, 2, 38, 31, 3, 26.82%, 0, 11, 4, 1.82, 101064, 372
54532, 1, 2, 38, 31, 3, 26.82%, 0, 11, 4, 1.82, 101074, 372
54537, 1, 2, 38, 31, 3, 26.82%, 0, 11, 4, 1.82, 101084, 372
54543, 1, 2, 38, 31, 3, 26.82%, 0, 11, 4, 1.82, 101094, 372
54548, 1, 2, 38, 31, 3, 26.82%, 0, 11, 4, 1.82, 101104, 372
54554, 1, 2, 38, 31, 3, 26.82%, 0, 11, 4, 1.82, 101114, 372
54559, 1, 2, 38, 31, 3, 26.82%, 0, 11, 4, 1.82, 101124, 372
54564, 1, 2, 38, 31, 3, 26.82%, 0, 11, 4, 1.82, 101134, 372
54570, 1, 2, 38, 31, 3, 26.82%, 0, 11, 4, 1.82, 101144, 372
54575, 1, 2, 38, 31, 3, 26.82%, 0, 11, 4, 1.82, 101154, 372
54581, 1, 2, 38, 31, 3, 26.82%, 0, 11, 4, 1.82, 101164, 372
54586, 1, 2, 38, 31, 3, 26.82%, 0, 11, 4, 1.82, 101174, 372
54592, 1, 2, 38, 31, 3, 26.82%, 0, 11, 4, 1.82, 101184, 372
54597, 1, 2, 38, 31, 3, 26.82%, 0, 11, 4, 1.82, 101194, 372
54603, 1, 2, 38, 31, 3, 26.82%, 0, 11, 4, 1.82, 101204, 372
54608, 1, 2, 38, 31, 3, 26.82%, 0, 11, 4, 1.82, 101214, 372
54614, 1, 2, 38, 31, 3, 26.82%, 0, 11, 4, 1.82, 101224, 372
54619, 1, 2, 38, 31, 3, 26.82%, 0, 11, 4, 1.82, 101234, 372
54625, 1, 2, 38, 31, 3, 26.82%, 0, 11, 4, 1.82, 101244, 372
54630, 1, 2, 38, 31, 3, 26.82%, 0, 11, 4, 1.82, 101254, 372
54636, 1, 2, 38, 31, 3, 26.82%, 0, 11, 4, 1.82, 101264, 372
54641, 1, 2, 38, 31, 3, 26.82%, 0, 11, 4, 1.82, 101274, 372
54647, 1, 2, 38, 31, 3, 26.82%, 0, 11, 4, 1.82, 101284, 372
54652, 1, 2, 38, 31, 3, 26.82%, 0, 11, 4, 1.82, 101294, 372
54658, 1, 2, 38, 31, 3, 26.82%, 0, 11, 4, 1.82, 101304, 372
54663, 1, 2, 38, 31, 3, 26.82%, 0, 11, 4, 1.82, 101314, 372
54669, 1, 2, 38, 31, 3, 26.82%, 0, 11, 4, 1.82, 101324, 372
54674, 1, 2, 38, 31, 3, 26.82%, 0, 11, 4, 1.82, 101334, 372
54680, 1, 2, 38, 31, 3, 26.82%, 0, 11, 4, 1.82, 101344, 372
54685, 1, 2, 38, 31, 3, 26.82%, 0, 11, 4, 1.82, 101354, 372
54691, 1, 2, 38, 31, 3, 26.82%, 0, 11, 4, 1.82, 101364, 372
54696, 1, 2, 38, 31, 3, 26.82%, 0, 11, 4, 1.82, 101374, 372
54702, 1, 2, 38, 31, 3, 26.82%, 0, 11, 4, 1.82, 101384, 372
54707, 1, 2, 38, 31, 3, 26.82%, 0, 11, 4, 1.82, 101394, 372
54713, 1, 2, 38, 31, 3, 26.82%, 0, 11, 4, 1.82, 101404, 372
54718, 1, 2, 38, 31, 3, 26.82%, 0, 11, 4, 1.82, 101414, 372
54724, 1, 2, 38, 31, 3, 26.82%, 0, 11, 4, 1.82, 101424, 372
54729, 1, 2, 38, 31, 3, 26.82%, 0, 11, 4, 1.82, 101434, 372
54735, 1, 2, 38, 31, 3, 26.82%, 0, 11, 4, 1.82, 101444, 372
54740, 1, 2, 38, 31, 3, 26.82%, 0, 11, 4, 1.82, 101454, 372
54745, 1, 2, 38, 31, 3, 26.82%, 0, 11, 4, 1.82, 101464, 372
54751, 1, 2, 38, 31, 3, 26.82%, 0, 11, 4, 1.82, 101474, 372
54756, 1, 2, 38, 31, 3, 26.82%, 0, 11, 4, 1.82, 101484, 372
54762, 1, 2, 38, 31, 3, 26.82%, 0, 11, 4, 1.82, 101494, 372
54767, 1, 2, 38, 31, 3, 26.82%, 0, 11, 4, 1.82, 101504, 372
54773, 1, 2, 38, 31, 3, 26.82%, 0, 11, 4, 1.82, 101514, 372
54778, 1, 2, 38, 31, 3, 26.82%, 0, 11, 4, 1.82, 101524, 372
54784, 1, 2, 38, 31, 3, 26.82%, 0, 11, 4, 1.82, 101534, 372
54789, 1, 2, 38, 31, 3, 26.82%, 0, 11, 4, 1.82, 101544, 372
54795, 1, 2, 38, 31, 3, 26.82%, 0, 11, 4, 1.82, 101554, 372
54800, 1, 2, 38, 31, 3, 26.82%, 0, 11, 4, 1.82, 101564, 372
54806, 1, 2, 38, 31, 3, 26.82%, 0, 11, 4, 1.82, 101574, 372
54811, 1, 2, 38, 31, 3, 26.82%, 0, 11, 4, 1.82, 101584, 372
54817, 1, 2, 38, 31, 3, 26.82%, 0, 11, 4, 1.82, 101594, 372
54822, 1, 2, 38, 31, 3, 26.82%, 0, 11, 4, 1.82, 101604, 372
54828, 1, 2, 38, 31, 3, 26.82%, 0, 11, 4, 1.82, 101614, 372
54833, 1, 2, 38, 31, 3, 26.82%, 0, 11, 4, 1.82, 101624, 372
54839, 1, 2, 38, 31, 3, 26.82%, 0, 11, 4, 1.82, 101634, 372
54844, 1, 2, 38, 31, 3, 26.82%, 0, 11, 4, 1.82, 101644, 372
54850, 1, 2, 38, 31, 3, 26.82%, 0, 11, 4, 1.82, 101654, 372
54855, 1, 2, 38, 31, 3, 26.82%, 0, 11, 4, 1.82, 101664, 372
54861, 1, 2, 38, 31, 3, 26.82%, 0, 11, 4, 1.82, 101674, 372
54866, 1, 2, 38, 31, 3, 26.82%, 0, 11, 4, 1.82, 101684, 372
54872, 1, 2, 38, 31, 3, 26.82%, 0, 11, 4, 1.82, 101694, 372
54877, 1, 2, 38, 31, 3, 26.82%, 0, 11, 4, 1.82, 101704, 372
54883, 1, 2, 38, 31, 3, 26.82%, 0, 11, 4, 1.82, 101714, 372
54888, 1, 2, 38, 31, 3, 26.82%, 0, 11, 4, 1.82, 101724, 372
54894, 1, 2, 38, 31, 3, 26.82%, 0, 11, 4, 1.82, 101734, 372
54899, 1, 2, 38, 31, 3, 26.82%, 0, 11, 4, 1.82, 101744, 372
54905, 1, 2, 38, 31, 3, 26.82%, 0, 11, 4, 1.82, 101754, 372
54910, 1, 2, 38, 31, 3, 26.82%, 0, 11, 4, 1.82, 101764, 372
54916, 1, 2, 38, 31, 3, 26.82%, 0, 11, 4, 1.82, 101774, 372
54921, 1, 2, 38, 31, 3, 26.82%, 0, 11, 4, 1.82, 101784, 372
54927, 1, 2, 38, 31, 3, 26.82%, 0, 11, 4, 1.82, 101794, 372
54932, 1, 2, 38, 31, 3, 26.82%, 0, 11, 4, 1.82, 101804, 372
54937, 1, 2, 38, 31, 3, 26.82%, 0, 11, 4, 1.82, 101814, 372
54943, 1, 2, 38, 31, 3, 26.82%, 0, 11, 4, 1.82, 101824, 372
54948, 1, 2, 38, 31, 3, 26.82%, 0, 11, 4, 1.82, 101834, 372
54954, 1, 2, 38, 31, 3, 26.82%, 0, 11, 4, 1.82, 101844, 372
54959, 1, 2, 38, 31, 3, 26.82%, 0, 11, 4, 1.82, 101854, 372
54965, 1, 2, 38, 31, 3, 26.82%, 0, 11, 4, 1.82, 101864, 372
54970, 1, 2, 38, 31, 3, 26.82%, 0, 11, 4, 1.82, 101874, 372
54976, 1, 2, 38, 31, 3, 26.82%, 0, 11, 4, 1.82, 101884, 372
54981, 1, 2, 38, 31, 3, 26.82%, 0, 11, 4, 1.82, 101894, 372
54987, 1, 2, 38, 31, 3, 26.82%, 0, 11, 4, 1.82, 101904, 372
54992, 1, 2, 38, 31, 3, 26.82%, 0, 11, 4, 1.82, 101914, 372
54998, 1, 2, 38, 31, 3, 26.82%, 0, 11, 4, 1.82, 101924, 372
55003, 1, 2, 38, 31, 3, 26.82%, 0, 11, 4, 1.82, 101934, 372
55009, 1, 2, 38, 31, 3, 26.82%, 0, 11, 4, 1.82, 101944, 372
55014, 1, 2, 38, 31, 3, 26.82%, 0, 11, 4, 1.82, 101954, 372
55020, 1, 2, 38, 31, 3, 26.82%, 0, 11, 4, 1.82, 101964, 372
55025, 1, 2, 38, 31, 3, 26.82%, 0, 11, 4, 1.82, 101974, 372
55031, 1, 2, 38, 31, 3, 26.82%, 0, 11, 4, 1.82, 101984, 372
55036, 1, 2, 38, 31, 3, 26.82%, 0, 11, 4, 1.82, 101994, 372
55042, 1, 2, 38, 31, 3, 26.82%, 0, 11, 4, 1.82, 102004, 372
55047, 1, 2, 38, 31, 3, 26.82%, 0, 11, 4, 1.82, 102014, 372
55053, 1, 2, 38, 31, 3, 26.82%, 0, 11, 4, 1.82, 102024, 372
55058, 1, 2, 38, 31, 3, 26.82%, 0, 11, 4, 1.82, 102034, 372
55064, 1, 2, 38, 31, 3, 26.82%, 0, 11, 4, 1.82, 102044, 372
55069, 1, 2, 38, 31, 3, 26.82%, 0, 11, 4, 1.82, 102054, 372
55075, 1, 2, 38, 31, 3, 26.82%, 0, 11, 4, 1.82, 102064, 372
55080, 1, 2, 38, 31, 3, 26.82%, 0, 11, 4, 1.82, 102074, 372
55086, 1, 2, 38, 31, 3, 26.82%, 0, 11, 4, 1.82, 102084, 372
55091, 1, 2, 38, 31, 3, 26.82%, 0, 11, 4, 1.82, 102094, 372
55097, 1, 2, 38, 31, 3, 26.82%, 0, 11, 4, 1.82, 102104, 372
55102, 1, 2, 38, 31, 3, 26.82%, 0, 11, 4, 1.82, 102114, 372
55108, 1, 2, 38, 31, 3, 26.82%, 0, 11, 4, 1.82, 102124, 372
55113, 1, 2, 38, 31, 3, 26.82%, 0, 11, 4, 1.82, 102134, 372
55118, 1, 2, 38, 31, 3, 26.82%, 0, 11, 4, 1.82, 102144, 372
55124, 1, 2, 38, 31, 3, 26.82%, 0, 11, 4, 1.82, 102154, 372
55129, 1, 2, 38, 31, 3, 26.82%, 0, 11, 4, 1.82, 102164, 372
55135, 1, 2, 38, 31, 3, 26.82%, 0, 11, 4, 1.82, 102174, 372
55140, 1, 2, 38, 31, 3, 26.82%, 0, 11, 4, 1.82, 102184, 372
55146, 1, 2, 38, 31, 3, 26.82%, 0, 11, 4, 1.82, 102194, 372
55151, 1, 2, 38, 31, 3, 26.82%, 0, 11, 4, 1.82, 102204, 372
55157, 1, 2, 38, 31, 3, 26.82%, 0, 11, 4, 1.82, 102214, 372
55162, 1, 2, 38, 31, 3, 26.82%, 0, 11, 4, 1.82, 102224, 372
55168, 1, 2, 38, 31, 3, 26.82%, 0, 11, 4, 1.82, 102234, 372
55173, 1, 2, 38, 31, 3, 26.82%, 0, 11, 4, 1.82, 102244, 372
55179, 1, 2, 38, 31, 3, 26.82%, 0, 11, 4, 1.82, 102254, 372
55184, 1, 2, 38, 31, 3, 26.82%, 0, 11, 4, 1.82, 102264, 372
55190, 1, 2, 38, 31, 3, 26.82%, 0, 11, 4, 1.82, 102274, 372
55195, 1, 2, 38, 31, 3, 26.82%, 0, 11, 4, 1.82, 102284, 372
55201, 1, 2, 38, 31, 3, 26.82%, 0, 11, 4, 1.82, 102294, 372
55206, 1, 2, 38, 31, 3, 26.82%, 0, 11, 4, 1.82, 102304, 372
55212, 1, 2, 38, 31, 3, 26.82%, 0, 11, 4, 1.82, 102314, 372
55217, 1, 2, 38, 31, 3, 26.82%, 0, 11, 4, 1.82, 102324, 372
55223, 1, 2, 38, 31, 3, 26.82%, 0, 11, 4, 1.82, 102334, 372
55228, 1, 2, 38, 31, 3, 26.82%, 0, 11, 4, 1.82, 102344, 372
55234, 1, 2, 38, 31, 3, 26.82%, 0, 11, 4, 1.82, 102354, 372
55239, 1, 2, 38, 31, 3, 26.82%, 0, 11, 4, 1.82, 102364, 372
55245, 1, 2, 38, 31, 3, 26.82%, 0, 11, 4, 1.82, 102374, 372
55250, 1, 2, 38, 31, 3, 26.82%, 0, 11, 4, 1.82, 102384, 372
55256, 1, 2, 38, 31, 3, 26.82%, 0, 11, 4, 1.82, 102394, 372
55261, 1, 2, 38, 31, 3, 26.82%, 0, 11, 4, 1.82, 102404, 372
55267, 1, 2, 38, 31, 3, 26.82%, 0, 11, 4, 1.82, 102414, 372
55272, 1, 2, 38, 31, 3, 26.82%, 0, 11, 4, 1.82, 102424, 372
55278, 1, 2, 38, 31, 3, 26.82%, 0, 11, 4, 1.82, 102434, 372
55283, 1, 2, 38, 31, 3, 26.82%, 0, 11, 4, 1.82, 102444, 372
55289, 1, 2, 38, 31, 3, 26.82%, 0, 11, 4, 1.82, 102454, 372
55294, 1, 2, 38, 31, 3, 26.82%, 0, 11, 4, 1.82, 102464, 372
55299, 1, 2, 38, 31, 3, 26.82%, 0, 11, 4, 1.82, 102474, 372
55305, 1, 2, 38, 31, 3, 26.82%, 0, 11, 4, 1.82, 102484, 372
55310, 1, 2, 38, 31, 3, 26.82%, 0, 11, 4, 1.82, 102494, 372
55316, 1, 2, 38, 31, 3, 26.82%, 0, 11, 4, 1.82, 102504, 372
55321, 1, 2, 38, 31, 3, 26.82%, 0, 11, 4, 1.82, 102514, 372
55327, 1, 2, 38, 31, 3, 26.82%, 0, 11, 4, 1.82, 102524, 372
55332, 1, 2, 38, 31, 3, 26.82%, 0, 11, 4, 1.82, 102534, 372
55338, 1, 2, 38, 31, 3, 26.82%, 0, 11, 4, 1.82, 102544, 372
55343, 1, 2, 38, 31, 3, 26.82%, 0, 11, 4, 1.82, 102554, 372
55349, 1, 2, 38, 31, 3, 26.82%, 0, 11, 4, 1.82, 102564, 372
55354, 1, 2, 38, 31, 3, 26.82%, 0, 11, 4, 1.82, 102574, 372
55360, 1, 2, 38, 31, 3, 26.82%, 0, 11, 4, 1.82, 102584, 372
55365, 1, 2, 38, 31, 3, 26.82%, 0, 11, 4, 1.82, 102594, 372
55371, 1, 2, 38, 31, 3, 26.82%, 0, 11, 4, 1.82, 102604, 372
55376, 1, 2, 38, 31, 3, 26.82%, 0, 11, 4, 1.82, 102614, 372
55382, 1, 2, 38, 31, 3, 26.82%, 0, 11, 4, 1.82, 102624, 372
55387, 1, 2, 38, 31, 3, 26.82%, 0, 11, 4, 1.82, 102634, 372
55393, 1, 2, 38, 31, 3, 26.82%, 0, 11, 4, 1.82, 102644, 372
55398, 1, 2, 38, 31, 3, 26.82%, 0, 11, 4, 1.82, 102654, 372
55404, 1, 2, 38, 31, 3, 26.82%, 0, 11, 4, 1.82, 102664, 372
55409, 1, 2, 38, 31, 3, 26.82%, 0, 11, 4, 1.82, 102674, 372
55415, 1, 2, 38, 31, 3, 26.82%, 0, 11, 4, 1.82, 102684, 372
55420, 1, 2, 38, 31, 3, 26.82%, 0, 11, 4, 1.82, 102694, 372
55426, 1, 2, 38, 31, 3, 26.82%, 0, 11, 4, 1.82, 102704, 372
55431, 1, 2, 38, 31, 3, 26.82%, 0, 11, 4, 1.82, 102714, 372
55437, 1, 2, 38, 31, 3, 26.82%, 0, 11, 4, 1.82, 102724, 372
55442, 1, 2, 38, 31, 3, 26.82%, 0, 11, 4, 1.82, 102734, 372
55448, 1, 2, 38, 31, 3, 26.82%, 0, 11, 4, 1.82, 102744, 372
55453, 1, 2, 38, 31, 3, 26.82%, 0, 11, 4, 1.82, 102754, 372
55459, 1, 2, 38, 31, 3, 26.82%, 0, 11, 4, 1.82, 102764, 372
55464, 1, 2, 38, 31, 3, 26.82%, 0, 11, 4, 1.82, 102774, 372
55470, 1, 2, 38, 31, 3, 26.82%, 0, 11, 4, 1.82, 102784, 372
55475, 1, 2, 38, 31, 3, 26.82%, 0, 11, 4, 1.82, 102794, 372
55480, 1, 2, 38, 31, 3, 26.82%, 0, 11, 4, 1.82, 102804, 372
55486, 1, 2, 38, 31, 3, 26.82%, 0, 11, 4, 1.82, 102814, 372
55491, 1, 2, 38, 31, 3, 26.82%, 0, 11, 4, 1.82, 102824, 372
55497, 1, 2, 38, 31, 3, 26.82%, 0, 11, 4, 1.82, 102834, 372
55502, 1, 2, 38, 31, 3, 26.82%, 0, 11, 4, 1.82, 102844, 372
55508, 1, 2, 38, 31, 3, 26.82%, 0, 11, 4, 1.82, 102854, 372
55513, 1, 2, 38, 31, 3, 26.82%, 0, 11, 4, 1.82, 102864, 372
55519, 1, 2, 38, 31, 3, 26.82%, 0, 11, 4, 1.82, 102874, 372
55524, 1, 2, 38, 31, 3, 26.82%, 0, 11, 4, 1.82, 102884, 372
55530, 1, 2, 38, 31, 3, 26.82%, 0, 11, 4, 1.82, 102894, 372
55535, 1, 2, 38, 31, 3, 26.82%, 0, 11, 4, 1.82, 102904, 372
55541, 1, 2, 38, 31, 3, 26.82%, 0, 11, 4, 1.82, 102914, 372
55546, 1, 2, 38, 31, 3, 26.82%, 0, 11, 4, 1.82, 102924, 372
55552, 1, 2, 38, 31, 3, 26.82%, 0, 11, 4, 1.82, 102934, 372
55557, 1, 2, 38, 31, 3, 26.82%, 0, 11, 4, 1.82, 102944, 372
55563, 1, 2, 38, 31, 3, 26.82%, 0, 11, 4, 1.82, 102954, 372
55568, 1, 2, 38, 31, 3, 26.82%, 0, 11, 4, 1.82, 102964, 372
55574, 1, 2, 38, 31, 3, 26.82%, 0, 11, 4, 1.82, 102974, 372
55579, 1, 2, 38, 31, 3, 26.82%, 0, 11, 4, 1.82, 102984, 372
55585, 1, 2, 38, 31, 3, 26.82%, 0, 11, 4, 1.82, 102994, 372
55590, 1, 2, 38, 31, 3, 26.82%, 0, 11, 4, 1.82, 103004, 372
55596, 1, 2, 38, 31, 3, 26.82%, 0, 11, 4, 1.82, 103014, 372
55601, 1, 2, 38, 31, 3, 26.82%, 0, 11, 4, 1.82, 103024, 372
55607, 1, 2, 38, 31, 3, 26.82%, 0, 11, 4, 1.82, 103034, 372
55612, 1, 2, 38, 31, 3, 26.82%, 0, 11, 4, 1.82, 103044, 372
55618, 1, 2, 38, 31, 3, 26.82%, 0, 11, 4, 1.82, 103054, 372
55623, 1, 2, 38, 31, 3, 26.82%, 0, 11, 4, 1.82, 103064, 372
55629, 1, 2, 38, 31, 3, 26.82%, 0, 11, 4, 1.82, 103074, 372
55634, 1, 2, 38, 31, 3, 26.82%, 0, 11, 4, 1.82, 103084, 372
55640, 1, 2, 38, 31, 3, 26.82%, 0, 11, 4, 1.82, 103094, 372
55645, 1, 2, 38, 31, 3, 26.82%, 0, 11, 4, 1.82, 103104, 372
55650, 1, 2, 38, 31, 3, 26.82%, 0, 11, 4, 1.82, 103114, 372
55656, 1, 2, 38, 31, 3, 26.82%, 0, 11, 4, 1.82, 103124, 372
55661, 1, 2, 38, 31, 3, 26.82%, 0, 11, 4, 1.82, 103134, 372
55667, 1, 2, 38, 31, 3, 26.82%, 0, 11, 4, 1.82, 103144, 372
55672, 1, 2, 38, 31, 3, 26.82%, 0, 11, 4, 1.82, 103154, 372
55678, 1, 2, 38, 31, 3, 26.82%, 0, 11, 4, 1.92, 103164, 372
55684, 1, 2, 38, 31, 3, 26.82%, 0, 11, 4, 1.92, 103173, 372
55689, 1, 2, 38, 31, 3, 26.82%, 0, 11, 4, 1.89, 103181, 372
55694, 1, 2, 38, 31, 3, 26.82%, 0, 11, 4, 1.99, 103190, 372
55699, 1, 2, 38, 31, 3, 26.82%, 0, 11, 4, 2.05, 103199, 372
55705, 1, 2, 38, 31, 3, 26.82%, 0, 11, 4, 1.96, 103207, 372
55710, 1, 2, 38, 31, 3, 26.82%, 0, 11, 4, 1.91, 103215, 372
55716, 1, 2, 38, 31, 3, 26.82%, 0, 11, 4, 2.12, 103227, 372
55721, 1, 2, 38, 31, 3, 26.82%, 0, 11, 4, 2.13, 103236, 372
55726, 1, 2, 38, 31, 3, 26.82%, 0, 11, 4, 1.99, 103243, 372
55732, 1, 2, 38, 31, 3, 26.82%, 0, 11, 4, 1.93, 103251, 372
55737, 1, 2, 38, 31, 3, 26.82%, 0, 11, 4, 2.17, 103262, 372
55742, 1, 2, 38, 31, 3, 26.82%, 0, 11, 4, 2.01, 103269, 372
55747, 1, 2, 38, 31, 3, 26.82%, 0, 11, 4, 1.94, 103277, 372
55752, 1, 2, 38, 31, 3, 26.82%, 0, 11, 4, 1.93, 103285, 372
55757, 1, 2, 38, 31, 3, 26.82%, 0, 11, 4, 2.12, 103296, 372
55763, 1, 2, 38, 31, 3, 26.82%, 0, 11, 4, 1.98, 103306, 372
55768, 1, 2, 38, 31, 3, 26.82%, 0, 11, 4, 1.91, 103316, 372
55774, 1, 2, 38, 31, 3, 26.82%, 0, 11, 4, 1.87, 103326, 372
55779, 1, 2, 38, 31, 3, 26.82%, 0, 11, 4, 1.85, 103336, 372
55785, 1, 2, 38, 31, 3, 26.82%, 0, 11, 4, 1.84, 103346, 372
55790, 1, 2, 38, 31, 3, 26.82%, 0, 11, 4, 1.83, 103356, 372
55796, 1, 2, 38, 31, 3, 26.82%, 0, 11, 4, 1.83, 103366, 372
55801, 1, 2, 38, 31, 3, 26.82%, 0, 11, 4, 1.82, 103376, 372
55807, 1, 2, 38, 31, 3, 26.82%, 0, 11, 4, 1.82, 103386, 372
55812, 1, 2, 38, 31, 3, 26.82%, 0, 11, 4, 1.82, 103396, 372
55818, 1, 2, 38, 31, 3, 26.82%, 0, 11, 4, 1.82, 103406, 372
55823, 1, 2, 38, 31, 3, 26.82%, 0, 11, 4, 1.82, 103416, 372
55829, 1, 2, 38, 31, 3, 26.82%, 0, 11, 4, 1.82, 103426, 372
55834, 1, 2, 38, 31, 3, 26.82%, 0, 11, 4, 1.82, 103436, 372
55840, 1, 2, 38, 31, 3, 26.82%, 0, 11, 4, 1.82, 103446, 372
55845, 1, 2, 38, 31, 3, 26.82%, 0, 11, 4, 1.82, 103456, 372
55851, 1, 2, 38, 31, 3, 26.82%, 0, 11, 4, 1.82, 103466, 372
55856, 1, 2, 38, 31, 3, 26.82%, 0, 11, 4, 1.82, 103476, 372
55862, 1, 2, 38, 31, 3, 26.82%, 0, 11, 4, 1.82, 103486, 372
55867, 1, 2, 38, 31, 3, 26.82%, 0, 11, 4, 1.82, 103496, 372
55873, 1, 2, 38, 31, 3, 26.82%, 0, 11, 4, 1.82, 103506, 372
55878, 1, 2, 38, 31, 3, 26.82%, 0, 11, 4, 1.82, 103516, 372
55884, 1, 2, 38, 31, 3, 26.82%, 0, 11, 4, 1.82, 103526, 372
55889, 1, 2, 38, 31, 3, 26.82%, 0, 11, 4, 1.82, 103536, 372
55895, 1, 2, 38, 31, 3, 26.82%, 0, 11, 4, 1.82, 103546, 372
55900, 1, 2, 38, 31, 3, 26.82%, 0, 11, 4, 1.82, 103556, 372
55906, 1, 2, 38, 31, 3, 26.82%, 0, 11, 4, 1.82, 103566, 372
55911, 1, 2, 38, 31, 3, 26.82%, 0, 11, 4, 1.82, 103576, 372
55917, 1, 2, 38, 31, 3, 26.82%, 0, 11, 4, 1.82, 103586, 372
55922, 1, 2, 38, 31, 3, 26.82%, 0, 11, 4, 1.82, 103596, 372
55928, 1, 2, 38, 31, 3, 26.82%, 0, 11, 4, 1.82, 103606, 372
55933, 1, 2, 38, 31, 3, 26.82%, 0, 11, 4, 1.82, 103616, 372
55938, 1, 2, 38, 31, 3, 26.82%, 0, 11, 4, 1.82, 103626, 372
55944, 1, 2, 38, 31, 3, 26.82%, 0, 11, 4, 1.82, 103636, 372
55949, 1, 2, 38, 31, 3, 26.82%, 0, 11, 4, 1.82, 103646, 372
55955, 1, 2, 38, 31, 3, 26.82%, 0, 11, 4, 1.82, 103656, 372
55960, 1, 2, 38, 31, 3, 26.82%, 0, 11, 4, 1.82, 103666, 372
55966, 1, 2, 38, 31, 3, 26.82%, 0, 11, 4, 1.82, 103676, 372
55971, 1, 2, 38, 31, 3, 26.82%, 0, 11, 4, 1.82, 103686, 372
55977, 1, 2, 38, 31, 3, 26.82%, 0, 11, 4, 1.82, 103696, 372
55982, 1, 2, 38, 31, 3, 26.82%, 0, 11, 4, 1.82, 103706, 372
55988, 1, 2, 38, 31, 3, 26.82%, 0, 11, 4, 1.82, 103716, 372
55993, 1, 2, 38, 31, 3, 26.82%, 0, 11, 4, 1.82, 103726, 372
55999, 1, 2, 38, 31, 3, 26.82%, 0, 11, 4, 1.82, 103736, 372
56004, 1, 2, 38, 31, 3, 26.82%, 0, 11, 4, 1.82, 103746, 372
56010, 1, 2, 38, 31, 3, 26.82%, 0, 11, 4, 1.82, 103756, 372
56015, 1, 2, 38, 31, 3, 26.82%, 0, 11, 4, 1.82, 103766, 372
56021, 1, 2, 38, 31, 3, 26.82%, 0, 11, 4, 1.82, 103776, 372
56026, 1, 2, 38, 31, 3, 26.82%, 0, 11, 4, 1.82, 103786, 372
56032, 1, 2, 38, 31, 3, 26.82%, 0, 11, 4, 1.82, 103796, 372
56037, 1, 2, 38, 31, 3, 26.82%, 0, 11, 4, 1.82, 103806, 372
56043, 1, 2, 38, 31, 3, 26.82%, 0, 11, 4, 1.82, 103816, 372
56048, 1, 2, 38, 31, 3, 26.82%, 0, 11, 4, 1.82, 103826, 372
56054, 1, 2, 38, 31, 3, 26.82%, 0, 11, 4, 1.82, 103836, 372
56059, 1, 2, 38, 31, 3, 26.82%, 0, 11, 4, 1.82, 103846, 372
56065, 1, 2, 38, 31, 3, 26.82%, 0, 11, 4, 1.82, 103856, 372
56070, 1, 2, 38, 31, 3, 26.82%, 0, 11, 4, 1.82, 103866, 372
56076, 1, 2, 38, 31, 3, 26.82%, 0, 11, 4, 1.82, 103876, 372
56081, 1, 2, 38, 31, 3, 26.82%, 0, 11, 4, 1.82, 103886, 372
56087, 1, 2, 38, 31, 3, 26.82%, 0, 11, 4, 1.82, 103896, 372
56092, 1, 2, 38, 31, 3, 26.82%, 0, 11, 4, 1.82, 103906, 372
56098, 1, 2, 38, 31, 3, 26.82%, 0, 11, 4, 1.82, 103916, 372
56103, 1, 2, 38, 31, 3, 26.82%, 0, 11, 4, 1.82, 103926, 372
56109, 1, 2, 38, 31, 3, 26.82%, 0, 11, 4, 1.82, 103936, 372
56114, 1, 2, 38, 31, 3, 26.82%, 0, 11, 4, 1.82, 103946, 372
56119, 1, 2, 38, 31, 3, 26.82%, 0, 11, 4, 1.82, 103956, 372
56125, 1, 2, 38, 31, 3, 26.82%, 0, 11, 4, 1.82, 103966, 372
56130, 1, 2, 38, 31, 3, 26.82%, 0, 11, 4, 1.82, 103976, 372
56136, 1, 2, 38, 31, 3, 26.82%, 0, 11, 4, 1.82, 103986, 372
56141, 1, 2, 38, 31, 3, 26.82%, 0, 11, 4, 1.82, 103996, 372
56147, 1, 2, 38, 31, 3, 26.82%, 0, 11, 4, 1.82, 104006, 372
56152, 1, 2, 38, 31, 3, 26.82%, 0, 11, 4, 1.82, 104016, 372
56158, 1, 2, 38, 31, 3, 26.82%, 0, 11, 4, 1.82, 104026, 372
56163, 1, 2, 38, 31, 3, 26.82%, 0, 11, 4, 1.82, 104036, 372
56169, 1, 2, 38, 31, 3, 26.82%, 0, 11, 4, 1.82, 104046, 372
56174, 1, 2, 38, 31, 3, 26.82%, 0, 11, 4, 1.82, 104056, 372
56180, 1, 2, 38, 31, 3, 26.82%, 0, 11, 4, 1.82, 104066, 372
56185, 1, 2, 38, 31, 3, 26.82%, 0, 11, 4, 1.82, 104076, 372
56191, 1, 2, 38, 31, 3, 26.82%, 0, 11, 4, 1.82, 104086, 372
56196, 1, 2, 38, 31, 3, 26.82%, 0, 11, 4, 1.82, 104096, 372
56202, 1, 2, 38, 31, 3, 26.82%, 0, 11, 4, 1.82, 104106, 372
56207, 1, 2, 38, 31, 3, 26.82%, 0, 11, 4, 1.82, 104116, 372
56213, 1, 2, 38, 31, 3, 26.82%, 0, 11, 4, 1.82, 104126, 372
56218, 1, 2, 38, 31, 3, 26.82%, 0, 11, 4, 1.82, 104136, 372
56224, 1, 2, 38, 31, 3, 26.82%, 0, 11, 4, 1.82, 104146, 372
56229, 1, 2, 38, 31, 3, 26.82%, 0, 11, 4, 1.82, 104156, 372
56235, 1, 2, 38, 31, 3, 26.82%, 0, 11, 4, 1.82, 104166, 372
56240, 1, 2, 38, 31, 3, 26.82%, 0, 11, 4, 1.82, 104176, 372
56246, 1, 2, 38, 31, 3, 26.82%, 0, 11, 4, 1.82, 104186, 372
56251, 1, 2, 38, 31, 3, 26.82%, 0, 11, 4, 1.82, 104196, 372
56257, 1, 2, 38, 31, 3, 26.82%, 0, 11, 4, 1.82, 104206, 372
56262, 1, 2, 38, 31, 3, 26.82%, 0, 11, 4, 1.82, 104216, 372
56268, 1, 2, 38, 31, 3, 26.82%, 0, 11, 4, 1.82, 104226, 372
56273, 1, 2, 38, 31, 3, 26.82%, 0, 11, 4, 1.82, 104236, 372
56279, 1, 2, 38, 31, 3, 26.82%, 0, 11, 4, 1.82, 104246, 372
56284, 1, 2, 38, 31, 3, 26.82%, 0, 11, 4, 1.82, 104256, 372
56290, 1, 2, 38, 31, 3, 26.82%, 0, 11, 4, 1.82, 104266, 372
56295, 1, 2, 38, 31, 3, 26.82%, 0, 11, 4, 1.82, 104276, 372
56301, 1, 2, 38, 31, 3, 26.82%, 0, 11, 4, 1.82, 104286, 372
56306, 1, 2, 38, 31, 3, 26.82%, 0, 11, 4, 1.82, 104296, 372
56311, 1, 2, 38, 31, 3, 26.82%, 0, 11, 4, 1.82, 104306, 372
56317, 1, 2, 38, 31, 3, 26.82%, 0, 11, 4, 1.82, 104316, 372
56322, 1, 2, 38, 31, 3, 26.82%, 0, 11, 4, 1.82, 104326, 372
56328, 1, 2, 38, 31, 3, 26.82%, 0, 11, 4, 1.82, 104336, 372
56333, 1, 2, 38, 31, 3, 26.82%, 0, 11, 4, 1.82, 104346, 372
56339, 1, 2, 38, 31, 3, 26.82%, 0, 11, 4, 1.82, 104356, 372
56344, 1, 2, 38, 31, 3, 26.82%, 0, 11, 4, 1.82, 104366, 372
56350, 1, 2, 38, 31, 3, 26.82%, 0, 11, 4, 1.82, 104376, 372
56355, 1, 2, 38, 31, 3, 26.82%, 0, 11, 4, 1.82, 104386, 372
56361, 1, 2, 38, 31, 3, 26.82%, 0, 11, 4, 1.82, 104396, 372
56366, 1, 2, 38, 31, 3, 26.82%, 0, 11, 4, 1.82, 104406, 372
56372, 1, 2, 38, 31, 3, 26.82%, 0, 11, 4, 1.82, 104416, 372
56377, 1, 2, 38, 31, 3, 26.82%, 0, 11, 4, 1.82, 104426, 372
56383, 1, 2, 38, 31, 3, 26.82%, 0, 11, 4, 1.82, 104436, 372
56388, 1, 2, 38, 31, 3, 26.82%, 0, 11, 4, 1.82, 104446, 372
56394, 1, 2, 38, 31, 3, 26.82%, 0, 11, 4, 1.82, 104456, 372
56399, 1, 2, 38, 31, 3, 26.82%, 0, 11, 4, 1.82, 104466, 372
56405, 1, 2, 38, 31, 3, 26.82%, 0, 11, 4, 1.82, 104476, 372
56410, 1, 2, 38, 31, 3, 26.82%, 0, 11, 4, 1.82, 104486, 372
56416, 1, 2, 38, 31, 3, 26.82%, 0, 11, 4, 1.82, 104496, 372
56421, 1, 2, 38, 31, 3, 26.82%, 0, 11, 4, 1.82, 104506, 372
56427, 1, 2, 38, 31, 3, 26.82%, 0, 11, 4, 1.82, 104516, 372
56432, 1, 2, 38, 31, 3, 26.82%, 0, 11, 4, 1.82, 104526, 372
56438, 1, 2, 38, 31, 3, 26.82%, 0, 11, 4, 1.82, 104536, 372
56443, 1, 2, 38, 31, 3, 26.82%, 0, 11, 4, 1.82, 104546, 372
56449, 1, 2, 38, 31, 3, 26.82%, 0, 11, 4, 1.82, 104556, 372
56454, 1, 2, 38, 31, 3, 26.82%, 0, 11, 4, 1.82, 104566, 372
56460, 1, 2, 38, 31, 3, 26.82%, 0, 11, 4, 1.82, 104576, 372
56465, 1, 2, 38, 31, 3, 26.82%, 0, 11, 4, 1.82, 104586, 372
56471, 1, 2, 38, 31, 3, 26.82%, 0, 11, 4, 1.82, 104596, 372
56476, 1, 2, 38, 31, 3, 26.82%, 0, 11, 4, 1.82, 104606, 372
56481, 1, 2, 38, 31, 3, 26.82%, 0, 11, 4, 1.82, 104616, 372
56487, 1, 2, 38, 31, 3, 26.82%, 0, 11, 4, 1.82, 104626, 372
56492, 1, 2, 38, 31, 3, 26.82%, 0, 11, 4, 1.82, 104636, 372
56498, 1, 2, 38, 31, 3, 26.82%, 0, 11, 4, 1.82, 104646, 372
56503, 1, 2, 38, 31, 3, 26.82%, 0, 11, 4, 1.82, 104656, 372
56509, 1, 2, 38, 31, 3, 26.82%, 0, 11, 4, 1.82, 104666, 372
56514, 1, 2, 38, 31, 3, 26.82%, 0, 11, 4, 1.82, 104676, 372
56520, 1, 2, 38, 31, 3, 26.82%, 0, 11, 4, 1.82, 104686, 372
56525, 1, 2, 38, 31, 3, 26.82%, 0, 11, 4, 1.82, 104696, 372
56531, 1, 2, 38, 31, 3, 26.82%, 0, 11, 4, 1.82, 104706, 372
56536, 1, 2, 38, 31, 3, 26.82%, 0, 11, 4, 1.82, 104716, 372
56542, 1, 2, 38, 31, 3, 26.82%, 0, 11, 4, 1.82, 104726, 372
56547, 1, 2, 38, 31, 3, 26.82%, 0, 11, 4, 1.82, 104736, 372
56553, 1, 2, 38, 31, 3, 26.82%, 0, 11, 4, 1.82, 104746, 372
56558, 1, 2, 38, 31, 3, 26.82%, 0, 11, 4, 1.82, 104756, 372
56564, 1, 2, 38, 31, 3, 26.82%, 0, 11, 4, 1.82, 104766, 372
56569, 1, 2, 38, 31, 3, 26.82%, 0, 11, 4, 1.82, 104776, 372
56575, 1, 2, 38, 31, 3, 26.82%, 0, 11, 4, 1.82, 104786, 372
56580, 1, 2, 38, 31, 3, 26.82%, 0, 11, 4, 1.82, 104796, 372
56586, 1, 2, 38, 31, 3, 26.82%, 0, 11, 4, 1.82, 104806, 372
56591, 1, 2, 38, 31, 3, 26.82%, 0, 11, 4, 1.82, 104816, 372
56597, 1, 2, 38, 31, 3, 26.82%, 0, 11, 4, 1.82, 104826, 372
56602, 1, 2, 38, 31, 3, 26.82%, 0, 11, 4, 1.82, 104836, 372
56608, 1, 2, 38, 31, 3, 26.82%, 0, 11, 4, 1.82, 104846, 372
56613, 1, 2, 38, 31, 3, 26.82%, 0, 11, 4, 1.82, 104856, 372
56619, 1, 2, 38, 31, 3, 26.82%, 0, 11, 4, 1.82, 104866, 372
56624, 1, 2, 38, 31, 3, 26.82%, 0, 11, 4, 1.82, 104876, 372
56630, 1, 2, 38, 31, 3, 26.82%, 0, 11, 4, 1.82, 104886, 372
56635, 1, 2, 38, 31, 3, 26.82%, 0, 11, 4, 1.82, 104896, 372
56641, 1, 2, 38, 31, 3, 26.82%, 0, 11, 4, 1.82, 104906, 372
56646, 1, 2, 38, 31, 3, 26.82%, 0, 11, 4, 1.82, 104916, 372
56652, 1, 2, 38, 31, 3, 26.82%, 0, 11, 4, 1.82, 104926, 372
56657, 1, 2, 38, 31, 3, 26.82%, 0, 11, 4, 1.82, 104936, 372
56662, 1, 2, 38, 31, 3, 26.82%, 0, 11, 4, 1.82, 104946, 372
56668, 1, 2, 38, 31, 3, 26.82%, 0, 11, 4, 1.82, 104956, 372
56673, 1, 2, 38, 31, 3, 26.82%, 0, 11, 4, 1.82, 104966, 372
56679, 1, 2, 38, 31, 3, 26.82%, 0, 11, 4, 1.82, 104976, 372
56684, 1, 2, 38, 31, 3, 26.82%, 0, 11, 4, 1.82, 104986, 372
56690, 1, 2, 38, 31, 3, 26.82%, 0, 11, 4, 1.82, 104996, 372
56695, 1, 2, 38, 31, 3, 26.82%, 0, 11, 4, 1.82, 105006, 372
56701, 1, 2, 38, 31, 3, 26.82%, 0, 11, 4, 1.82, 105016, 372
56706, 1, 2, 38, 31, 3, 26.82%, 0, 11, 4, 1.82, 105026, 372
56712, 1, 2, 38, 31, 3, 26.82%, 0, 11, 4, 1.82, 105036, 372
56717, 1, 2, 38, 31, 3, 26.82%, 0, 11, 4, 1.82, 105046, 372
56723, 1, 2, 38, 31, 3, 26.82%, 0, 11, 4, 1.82, 105056, 372
56728, 1, 2, 38, 31, 3, 26.82%, 0, 11, 4, 1.82, 105066, 372
56734, 1, 2, 38, 31, 3, 26.82%, 0, 11, 4, 1.82, 105076, 372
56739, 1, 2, 38, 31, 3, 26.82%, 0, 11, 4, 1.82, 105086, 372
56745, 1, 2, 38, 31, 3, 26.82%, 0, 11, 4, 1.82, 105096, 372
56750, 1, 2, 38, 31, 3, 26.82%, 0, 11, 4, 1.82, 105106, 372
56756, 1, 2, 38, 31, 3, 26.82%, 0, 11, 4, 1.82, 105116, 372
56761, 1, 2, 38, 31, 3, 26.82%, 0, 11, 4, 1.82, 105126, 372
56767, 1, 2, 38, 31, 3, 26.82%, 0, 11, 4, 1.82, 105136, 372
56772, 1, 2, 38, 31, 3, 26.82%, 0, 11, 4, 1.82, 105146, 372
56778, 1, 2, 38, 31, 3, 26.82%, 0, 11, 4, 1.82, 105156, 372
56783, 1, 2, 38, 31, 3, 26.82%, 0, 11, 4, 1.82, 105166, 372
56789, 1, 2, 38, 31, 3, 26.82%, 0, 11, 4, 1.82, 105176, 372
56794, 1, 2, 38, 31, 3, 26.82%, 0, 11, 4, 1.82, 105186, 372
56800, 1, 2, 38, 31, 3, 26.82%, 0, 11, 4, 1.82, 105196, 372
56805, 1, 2, 38, 31, 3, 26.82%, 0, 11, 4, 1.82, 105206, 372
56811, 1, 2, 38, 31, 3, 26.82%, 0, 11, 4, 1.82, 105216, 372
56816, 1, 2, 38, 31, 3, 26.82%, 0, 11, 4, 1.82, 105226, 372
56822, 1, 2, 38, 31, 3, 26.82%, 0, 11, 4, 1.82, 105236, 372
56827, 1, 2, 38, 31, 3, 26.82%, 0, 11, 4, 1.82, 105246, 372
56832, 1, 2, 38, 31, 3, 26.82%, 0, 11, 4, 1.82, 105256, 372
56838, 1, 2, 38, 31, 3, 26.82%, 0, 11, 4, 1.82, 105266, 372
56843, 1, 2, 38, 31, 3, 26.82%, 0, 11, 4, 1.82, 105276, 372
56849, 1, 2, 38, 31, 3, 26.82%, 0, 11, 4, 1.82, 105286, 372
56854, 1, 2, 38, 31, 3, 26.82%, 0, 11, 4, 1.82, 105296, 372
56860, 1, 2, 38, 31, 3, 26.82%, 0, 11, 4, 1.82, 105306, 372
56865, 1, 2, 38, 31, 3, 26.82%, 0, 11, 4, 1.82, 105316, 372
56871, 1, 2, 38, 31, 3, 26.82%, 0, 11, 4, 1.82, 105326, 372
56876, 1, 2, 38, 31, 3, 26.82%, 0, 11, 4, 1.82, 105336, 372
56882, 1, 2, 38, 31, 3, 26.82%, 0, 11, 4, 1.82, 105346, 372
56887, 1, 2, 38, 31, 3, 26.82%, 0, 11, 4, 1.82, 105356, 372
56893, 1, 2, 38, 31, 3, 26.82%, 0, 11, 4, 1.82, 105366, 372
56898, 1, 2, 38, 31, 3, 26.82%, 0, 11, 4, 1.82, 105376, 372
56904, 1, 2, 38, 31, 3, 26.82%, 0, 11, 4, 1.82, 105386, 372
56909, 1, 2, 38, 31, 3, 26.82%, 0, 11, 4, 1.82, 105396, 372
56915, 1, 2, 38, 31, 3, 26.82%, 0, 11, 4, 1.82, 105406, 372
56920, 1, 2, 38, 31, 3, 26.82%, 0, 11, 4, 1.82, 105416, 372
56926, 1, 2, 38, 31, 3, 26.82%, 0, 11, 4, 1.82, 105426, 372
56931, 1, 2, 38, 31, 3, 26.82%, 0, 11, 4, 1.82, 105436, 372
56937, 1, 2, 38, 31, 3, 26.82%, 0, 11, 4, 1.82, 105446, 372
56942, 1, 2, 38, 31, 3, 26.82%, 0, 11, 4, 1.82, 105456, 372
56948, 1, 2, 38, 31, 3, 26.82%, 0, 11, 4, 1.82, 105466, 372
56953, 1, 2, 38, 31, 3, 26.82%, 0, 11, 4, 1.82, 105476, 372
56959, 1, 2, 38, 31, 3, 26.82%, 0, 11, 4, 1.82, 105486, 372
56964, 1, 2, 38, 31, 3, 26.82%, 0, 11, 4, 1.82, 105496, 372
56970, 1, 2, 38, 31, 3, 26.82%, 0, 11, 4, 1.82, 105506, 372
56975, 1, 2, 38, 31, 3, 26.82%, 0, 11, 4, 1.82, 105516, 372
56981, 1, 2, 38, 31, 3, 26.82%, 0, 11, 4, 1.82, 105526, 372
56986, 1, 2, 38, 31, 3, 26.82%, 0, 11, 4, 1.82, 105536, 372
56992, 1, 2, 38, 31, 3, 26.82%, 0, 11, 4, 1.82, 105546, 372
56997, 1, 2, 38, 31, 3, 26.82%, 0, 11, 4, 1.82, 105556, 372
57002, 1, 2, 38, 31, 3, 26.82%, 0, 11, 4, 1.82, 105566, 372
57008, 1, 2, 38, 31, 3, 26.82%, 0, 11, 4, 1.82, 105576, 372
57013, 1, 2, 38, 31, 3, 26.82%, 0, 11, 4, 1.82, 105586, 372
57019, 1, 2, 38, 31, 3, 26.82%, 0, 11, 4, 1.82, 105596, 372
57024, 1, 2, 38, 31, 3, 26.82%, 0, 11, 4, 1.82, 105606, 372
57030, 1, 2, 38, 31, 3, 26.82%, 0, 11, 4, 1.82, 105616, 372
57035, 1, 2, 38, 31, 3, 26.82%, 0, 11, 4, 1.82, 105626, 372
57041, 1, 2, 38, 31, 3, 26.82%, 0, 11, 4, 1.82, 105636, 372
57046, 1, 2, 38, 31, 3, 26.82%, 0, 11, 4, 1.82, 105646, 372
57052, 1, 2, 38, 31, 3, 26.82%, 0, 11, 4, 1.82, 105656, 372
57057, 1, 2, 38, 31, 3, 26.82%, 0, 11, 4, 1.82, 105666, 372
57063, 1, 2, 38, 31, 3, 26.82%, 0, 11, 4, 1.82, 105676, 372
57068, 1, 2, 38, 31, 3, 26.82%, 0, 11, 4, 1.82, 105686, 372
57074, 1, 2, 38, 31, 3, 26.82%, 0, 11, 4, 1.82, 105696, 372
57079, 1, 2, 38, 31, 3, 26.82%, 0, 11, 4, 1.82, 105706, 372
57085, 1, 2, 38, 31, 3, 26.82%, 0, 11, 4, 1.82, 105716, 372
57090, 1, 2, 38, 31, 3, 26.82%, 0, 11, 4, 1.82, 105726, 372
57096, 1, 2, 38, 31, 3, 26.82%, 0, 11, 4, 1.82, 105736, 372
57101, 1, 2, 38, 31, 3, 26.82%, 0, 11, 4, 1.82, 105746, 372
57107, 1, 2, 38, 31, 3, 26.82%, 0, 11, 4, 1.82, 105756, 372
57112, 1, 2, 38, 31, 3, 26.82%, 0, 11, 4, 1.82, 105766, 372
57118, 1, 2, 38, 31, 3, 26.82%, 0, 11, 4, 1.82, 105776, 372
57123, 1, 2, 38, 31, 3, 26.82%, 0, 11, 4, 1.82, 105786, 372
57129, 1, 2, 38, 31, 3, 26.82%, 0, 11, 4, 1.82, 105796, 372
57134, 1, 2, 38, 31, 3, 26.82%, 0, 11, 4, 1.82, 105806, 372
57140, 1, 2, 38, 31, 3, 26.82%, 0, 11, 4, 1.82, 105816, 372
57145, 1, 2, 38, 31, 3, 26.82%, 0, 11, 4, 1.82, 105826, 372
57151, 1, 2, 38, 31, 3, 26.82%, 0, 11, 4, 1.82, 105836, 372
57156, 1, 2, 38, 31, 3, 26.82%, 0, 11, 4, 1.82, 105846, 372
57162, 1, 2, 38, 31, 3, 26.82%, 0, 11, 4, 1.82, 105856, 372
57167, 1, 2, 38, 31, 3, 26.82%, 0, 11, 4, 1.82, 105866, 372
57172, 1, 2, 38, 31, 3, 26.82%, 0, 11, 4, 1.82, 105876, 372
57178, 1, 2, 38, 31, 3, 26.82%, 0, 11, 4, 1.82, 105886, 372
57183, 1, 2, 38, 31, 3, 26.82%, 0, 11, 4, 1.82, 105896, 372
57189, 1, 2, 38, 31, 3, 26.82%, 0, 11, 4, 1.82, 105906, 372
57194, 1, 2, 38, 31, 3, 26.82%, 0, 11, 4, 1.82, 105916, 372
57200, 1, 2, 38, 31, 3, 26.82%, 0, 11, 4, 1.82, 105926, 372
57205, 1, 2, 38, 31, 3, 26.82%, 0, 11, 4, 1.82, 105936, 372
57211, 1, 2, 38, 31, 3, 26.82%, 0, 11, 4, 1.82, 105946, 372
57216, 1, 2, 38, 31, 3, 26.82%, 0, 11, 4, 1.82, 105956, 372
57222, 1, 2, 38, 31, 3, 26.82%, 0, 11, 4, 1.82, 105966, 372
57227, 1, 2, 38, 31, 3, 26.82%, 0, 11, 4, 1.82, 105976, 372
57233, 1, 2, 38, 31, 3, 26.82%, 0, 11, 4, 1.82, 105986, 372
57238, 1, 2, 38, 31, 3, 26.82%, 0, 11, 4, 1.82, 105996, 372
57244, 1, 2, 38, 31, 3, 26.82%, 0, 11, 4, 1.82, 106006, 372
57249, 1, 2, 38, 31, 3, 26.82%, 0, 11, 4, 1.82, 106016, 372
57255, 1, 2, 38, 31, 3, 26.82%, 0, 11, 4, 1.82, 106026, 372
57260, 1, 2, 38, 31, 3, 26.82%, 0, 11, 4, 1.82, 106036, 372
57266, 1, 2, 38, 31, 3, 26.82%, 0, 11, 4, 1.82, 106046, 372
57271, 1, 2, 38, 31, 3, 26.82%, 0, 11, 4, 1.82, 106056, 372
57277, 1, 2, 38, 31, 3, 26.82%, 0, 11, 4, 1.82, 106066, 372
57282, 1, 2, 38, 31, 3, 26.82%, 0, 11, 4, 1.82, 106076, 372
57288, 1, 2, 38, 31, 3, 26.82%, 0, 11, 4, 1.82, 106086, 372
57293, 1, 2, 38, 31, 3, 26.82%, 0, 11, 4, 1.82, 106096, 372
57299, 1, 2, 38, 31, 3, 26.82%, 0, 11, 4, 1.82, 106106, 372
57304, 1, 2, 38, 31, 3, 26.82%, 0, 11, 4, 1.82, 106116, 372
57310, 1, 2, 38, 31, 3, 26.82%, 0, 11, 4, 1.82, 106126, 372
57315, 1, 2, 38, 31, 3, 26.82%, 0, 11, 4, 1.82, 106136, 372
57321, 1, 2, 38, 31, 3, 26.82%, 0, 11, 4, 1.82, 106146, 372
57326, 1, 2, 38, 31, 3, 26.82%, 0, 11, 4, 1.82, 106156, 372
57332, 1, 2, 38, 31, 3, 26.82%, 0, 11, 4, 1.82, 106166, 372
57337, 1, 2, 38, 31, 3, 26.82%, 0, 11, 4, 1.82, 106176, 372
57343, 1, 2, 38, 31, 3, 26.82%, 0, 11, 4, 1.82, 106186, 372
57348, 1, 2, 38, 31, 3, 26.82%, 0, 11, 4, 1.82, 106196, 372
57353, 1, 2, 38, 31, 3, 26.82%, 0, 11, 4, 1.82, 106206, 372
57359, 1, 2, 38, 31, 3, 26.82%, 0, 11, 4, 1.82, 106216, 372
57364, 1, 2, 38, 31, 3, 26.82%, 0, 11, 4, 1.82, 106226, 372
57370, 1, 2, 38, 31, 3, 26.82%, 0, 11, 4, 1.82, 106236, 372
57375, 1, 2, 38, 31, 3, 26.82%, 0, 11, 4, 1.82, 106246, 372
57381, 1, 2, 38, 31, 3, 26.82%, 0, 11, 4, 1.82, 106256, 372
57386, 1, 2, 38, 31, 3, 26.82%, 0, 11, 4, 1.82, 106266, 372
57392, 1, 2, 38, 31, 3, 26.82%, 0, 11, 4, 1.82, 106276, 372
57397, 1, 2, 38, 31, 3, 26.82%, 0, 11, 4, 1.82, 106286, 372
57403, 1, 2, 38, 31, 3, 26.82%, 0, 11, 4, 1.82, 106296, 372
57408, 1, 2, 38, 31, 3, 26.82%, 0, 11, 4, 1.82, 106306, 372
57414, 1, 2, 38, 31, 3, 26.82%, 0, 11, 4, 1.82, 106316, 372
57419, 1, 2, 38, 31, 3, 26.82%, 0, 11, 4, 1.82, 106326, 372
57425, 1, 2, 38, 31, 3, 26.82%, 0, 11, 4, 1.82, 106336, 372
57430, 1, 2, 38, 31, 3, 26.82%, 0, 11, 4, 1.82, 106346, 372
57436, 1, 2, 38, 31, 3, 26.82%, 0, 11, 4, 1.82, 106356, 372
57441, 1, 2, 38, 31, 3, 26.82%, 0, 11, 4, 1.82, 106366, 372
57447, 1, 2, 38, 31, 3, 26.82%, 0, 11, 4, 1.82, 106376, 372
57452, 1, 2, 38, 31, 3, 26.82%, 0, 11, 4, 1.82, 106386, 372
57458, 1, 2, 38, 31, 3, 26.82%, 0, 11, 4, 1.82, 106396, 372
57463, 1, 2, 38, 31, 3, 26.82%, 0, 11, 4, 1.82, 106406, 372
57469, 1, 2, 38, 31, 3, 26.82%, 0, 11, 4, 1.82, 106416, 372
57474, 1, 2, 38, 31, 3, 26.82%, 0, 11, 4, 1.82, 106426, 372
57480, 1, 2, 38, 31, 3, 26.82%, 0, 11, 4, 1.82, 106436, 372
57485, 1, 2, 38, 31, 3, 26.82%, 0, 11, 4, 1.82, 106446, 372
57491, 1, 2, 38, 31, 3, 26.82%, 0, 11, 4, 1.82, 106456, 372
57496, 1, 2, 38, 31, 3, 26.82%, 0, 11, 4, 1.82, 106466, 372
57502, 1, 2, 38, 31, 3, 26.82%, 0, 11, 4, 1.82, 106476, 372
57507, 1, 2, 38, 31, 3, 26.82%, 0, 11, 4, 1.82, 106486, 372
57513, 1, 2, 38, 31, 3, 26.82%, 0, 11, 4, 1.82, 106496, 372
57518, 1, 2, 38, 31, 3, 26.82%, 0, 11, 4, 1.82, 106506, 372
57523, 1, 2, 38, 31, 3, 26.82%, 0, 11, 4, 1.82, 106516, 372
57529, 1, 2, 38, 31, 3, 26.82%, 0, 11, 4, 1.82, 106526, 372
57534, 1, 2, 38, 31, 3, 26.82%, 0, 11, 4, 1.82, 106536, 372
57540, 1, 2, 38, 31, 3, 26.82%, 0, 11, 4, 1.82, 106546, 372
57545, 1, 2, 38, 31, 3, 26.82%, 0, 11, 4, 1.82, 106556, 372
57551, 1, 2, 38, 31, 3, 26.82%, 0, 11, 4, 1.82, 106566, 372
57556, 1, 2, 38, 31, 3, 26.82%, 0, 11, 4, 1.82, 106576, 372
57562, 1, 2, 38, 31, 3, 26.82%, 0, 11, 4, 1.82, 106586, 372
57567, 1, 2, 38, 31, 3, 26.82%, 0, 11, 4, 1.82, 106596, 372
57573, 1, 2, 38, 31, 3, 26.82%, 0, 11, 4, 1.82, 106606, 372
57578, 1, 2, 38, 31, 3, 26.82%, 0, 11, 4, 1.82, 106616, 372
57584, 1, 2, 38, 31, 3, 26.82%, 0, 11, 4, 1.82, 106626, 372
57589, 1, 2, 38, 31, 3, 26.82%, 0, 11, 4, 1.82, 106636, 372
57595, 1, 2, 38, 31, 3, 26.82%, 0, 11, 4, 1.82, 106646, 372
57600, 1, 2, 38, 31, 3, 26.82%, 0, 11, 4, 1.82, 106656, 372
57606, 1, 2, 38, 31, 3, 26.82%, 0, 11, 4, 1.82, 106666, 372
57611, 1, 2, 38, 31, 3, 26.82%, 0, 11, 4, 1.82, 106676, 372
57617, 1, 2, 38, 31, 3, 26.82%, 0, 11, 4, 1.82, 106686, 372
57622, 1, 2, 38, 31, 3, 26.82%, 0, 11, 4, 1.82, 106696, 372
57628, 1, 2, 38, 31, 3, 26.82%, 0, 11, 4, 1.82, 106706, 372
57633, 1, 2, 38, 31, 3, 26.82%, 0, 11, 4, 1.82, 106716, 372
57639, 1, 2, 38, 31, 3, 26.82%, 0, 11, 4, 1.82, 106726, 372
57644, 1, 2, 38, 31, 3, 26.82%, 0, 11, 4, 1.82, 106736, 372
57650, 1, 2, 38, 31, 3, 26.82%, 0, 11, 4, 1.82, 106746, 372
57655, 1, 2, 38, 31, 3, 26.82%, 0, 11, 4, 1.82, 106756, 372
57661, 1, 2, 38, 31, 3, 26.82%, 0, 11, 4, 1.82, 106766, 372
57666, 1, 2, 38, 31, 3, 26.82%, 0, 11, 4, 1.82, 106776, 372
57672, 1, 2, 38, 31, 3, 26.82%, 0, 11, 4, 1.82, 106786, 372
57677, 1, 2, 38, 31, 3, 26.82%, 0, 11, 4, 1.82, 106796, 372
57683, 1, 2, 38, 31, 3, 26.82%, 0, 11, 4, 1.82, 106806, 372
57688, 1, 2, 38, 31, 3, 26.82%, 0, 11, 4, 1.82, 106816, 372
57693, 1, 2, 38, 31, 3, 26.82%, 0, 11, 4, 1.82, 106826, 372
57699, 1, 2, 38, 31, 3, 26.82%, 0, 11, 4, 1.82, 106836, 372
57704, 1, 2, 38, 31, 3, 26.82%, 0, 11, 4, 1.82, 106846, 372
57710, 1, 2, 38, 31, 3, 26.82%, 0, 11, 4, 1.82, 106856, 372
57715, 1, 2, 38, 31, 3, 26.82%, 0, 11, 4, 1.82, 106866, 372
57721, 1, 2, 38, 31, 3, 26.82%, 0, 11, 4, 1.82, 106876, 372
57726, 1, 2, 38, 31, 3, 26.82%, 0, 11, 4, 1.82, 106886, 372
57732, 1, 2, 38, 31, 3, 26.82%, 0, 11, 4, 1.82, 106896, 372
57737, 1, 2, 38, 31, 3, 26.82%, 0, 11, 4, 1.82, 106906, 372
57743, 1, 2, 38, 31, 3, 26.82%, 0, 11, 4, 1.82, 106916, 372
57748, 1, 2, 38, 31, 3, 26.82%, 0, 11, 4, 1.82, 106926, 372
57754, 1, 2, 38, 31, 3, 26.82%, 0, 11, 4, 1.82, 106936, 372
57759, 1, 2, 38, 31, 3, 26.82%, 0, 11, 4, 1.82, 106946, 372
57765, 1, 2, 38, 31, 3, 26.82%, 0, 11, 4, 1.82, 106956, 372
57770, 1, 2, 38, 31, 3, 26.82%, 0, 11, 4, 1.82, 106966, 372
57776, 1, 2, 38, 31, 3, 26.82%, 0, 11, 4, 1.82, 106976, 372
57781, 1, 2, 38, 31, 3, 26.82%, 0, 11, 4, 1.82, 106986, 372
57787, 1, 2, 38, 31, 3, 26.82%, 0, 11, 4, 1.82, 106996, 372
57792, 1, 2, 38, 31, 3, 26.82%, 0, 11, 4, 1.82, 107006, 372
57798, 1, 2, 38, 31, 3, 26.82%, 0, 11, 4, 1.82, 107016, 372
57803, 1, 2, 38, 31, 3, 26.82%, 0, 11, 4, 1.82, 107026, 372
57809, 1, 2, 38, 31, 3, 26.82%, 0, 11, 4, 1.82, 107036, 372
57814, 1, 2, 38, 31, 3, 26.82%, 0, 11, 4, 1.82, 107046, 372
57820, 1, 2, 38, 31, 3, 26.82%, 0, 11, 4, 1.82, 107056, 372
57825, 1, 2, 38, 31, 3, 26.82%, 0, 11, 4, 1.82, 107066, 372
57831, 1, 2, 38, 31, 3, 26.82%, 0, 11, 4, 1.82, 107076, 372
57836, 1, 2, 38, 31, 3, 26.82%, 0, 11, 4, 1.82, 107086, 372
57842, 1, 2, 38, 31, 3, 26.82%, 0, 11, 4, 1.82, 107096, 372
57847, 1, 2, 38, 31, 3, 26.82%, 0, 11, 4, 1.82, 107106, 372
57852, 1, 2, 38, 31, 3, 26.82%, 0, 11, 4, 1.82, 107116, 372
57858, 1, 2, 38, 31, 3, 26.82%, 0, 11, 4, 1.82, 107126, 372
57863, 1, 2, 38, 31, 3, 26.82%, 0, 11, 4, 1.82, 107136, 372
57869, 1, 2, 38, 31, 3, 26.82%, 0, 11, 4, 1.82, 107146, 372
57874, 1, 2, 38, 31, 3, 26.82%, 0, 11, 4, 1.82, 107156, 372
57880, 1, 2, 38, 31, 3, 26.82%, 0, 11, 4, 1.82, 107166, 372
57885, 1, 2, 38, 31, 3, 26.82%, 0, 11, 4, 1.82, 107176, 372
57891, 1, 2, 38, 31, 3, 26.82%, 0, 11, 4, 1.82, 107186, 372
57896, 1, 2, 38, 31, 3, 26.82%, 0, 11, 4, 1.82, 107196, 372
57902, 1, 2, 38, 31, 3, 26.82%, 0, 11, 4, 1.82, 107206, 372
57907, 1, 2, 38, 31, 3, 26.82%, 0, 11, 4, 1.82, 107216, 372
57913, 1, 2, 38, 31, 3, 26.82%, 0, 11, 4, 1.82, 107226, 372
57918, 1, 2, 38, 31, 3, 26.82%, 0, 11, 4, 1.82, 107236, 372
57924, 1, 2, 38, 31, 3, 26.82%, 0, 11, 4, 1.82, 107246, 372
57929, 1, 2, 38, 31, 3, 26.82%, 0, 11, 4, 1.82, 107256, 372
57935, 1, 2, 38, 31, 3, 26.82%, 0, 11, 4, 1.82, 107266, 372
57940, 1, 2, 38, 31, 3, 26.82%, 0, 11, 4, 1.82, 107276, 372
57946, 1, 2, 38, 31, 3, 26.82%, 0, 11, 4, 1.82, 107286, 372
57951, 1, 2, 38, 31, 3, 26.82%, 0, 11, 4, 1.82, 107296, 372
57957, 1, 2, 38, 31, 3, 26.82%, 0, 11, 4, 1.82, 107306, 372
57962, 1, 2, 38, 31, 3, 26.82%, 0, 11, 4, 1.82, 107316, 372
57968, 1, 2, 38, 31, 3, 26.82%, 0, 11, 4, 1.82, 107326, 372
57973, 1, 2, 38, 31, 3, 26.82%, 0, 11, 4, 1.82, 107336, 372
57979, 1, 2, 38, 31, 3, 26.82%, 0, 11, 4, 1.82, 107346, 372
57984, 1, 2, 38, 31, 3, 26.82%, 0, 11, 4, 1.82, 107356, 372
57990, 1, 2, 38, 31, 3, 26.82%, 0, 11, 4, 1.82, 107366, 372
57995, 1, 2, 38, 31, 3, 26.82%, 0, 11, 4, 1.82, 107376, 372
58001, 1, 2, 38, 31, 3, 26.82%, 0, 11, 4, 1.82, 107386, 372
58006, 1, 2, 38, 31, 3, 26.82%, 0, 11, 4, 1.82, 107396, 372
58012, 1, 2, 38, 31, 3, 26.82%, 0, 11, 4, 1.82, 107406, 372
58017, 1, 2, 38, 31, 3, 26.82%, 0, 11, 4, 1.82, 107416, 372
58023, 1, 2, 38, 31, 3, 26.82%, 0, 11, 4, 1.82, 107426, 372
58028, 1, 2, 38, 31, 3, 26.82%, 0, 11, 4, 1.82, 107436, 372
58033, 1, 2, 38, 31, 3, 26.82%, 0, 11, 4, 1.82, 107446, 372
58039, 1, 2, 38, 31, 3, 26.82%, 0, 11, 4, 1.82, 107456, 372
58044, 1, 2, 38, 31, 3, 26.82%, 0, 11, 4, 1.82, 107466, 372
58050, 1, 2, 38, 31, 3, 26.82%, 0, 11, 4, 1.82, 107476, 372
58055, 1, 2, 38, 31, 3, 26.82%, 0, 11, 4, 1.82, 107486, 372
58061, 1, 2, 38, 31, 3, 26.82%, 0, 11, 4, 1.82, 107496, 372
58066, 1, 2, 38, 31, 3, 26.82%, 0, 11, 4, 1.82, 107506, 372
58072, 1, 2, 38, 31, 3, 26.82%, 0, 11, 4, 1.82, 107516, 372
58077, 1, 2, 38, 31, 3, 26.82%, 0, 11, 4, 1.82, 107526, 372
58083, 1, 2, 38, 31, 3, 26.82%, 0, 11, 4, 1.82, 107536, 372
58088, 1, 2, 38, 31, 3, 26.82%, 0, 11, 4, 1.82, 107546, 372
58094, 1, 2, 38, 31, 3, 26.82%, 0, 11, 4, 1.82, 107556, 372
58099, 1, 2, 38, 31, 3, 26.82%, 0, 11, 4, 1.82, 107566, 372
58105, 1, 2, 38, 31, 3, 26.82%, 0, 11, 4, 1.82, 107576, 372
58110, 1, 2, 38, 31, 3, 26.82%, 0, 11, 4, 1.82, 107586, 372
58116, 1, 2, 38, 31, 3, 26.82%, 0, 11, 4, 1.82, 107596, 372
58121, 1, 2, 38, 31, 3, 26.82%, 0, 11, 4, 1.82, 107606, 372
58127, 1, 2, 38, 31, 3, 26.82%, 0, 11, 4, 1.82, 107616, 372
58132, 1, 2, 38, 31, 3, 26.82%, 0, 11, 4, 1.82, 107626, 372
58138, 1, 2, 38, 31, 3, 26.82%, 0, 11, 4, 1.82, 107636, 372
58143, 1, 2, 38, 31, 3, 26.82%, 0, 11, 4, 1.82, 107646, 372
58149, 1, 2, 38, 31, 3, 26.82%, 0, 11, 4, 1.82, 107656, 372
58154, 1, 2, 38, 31, 3, 26.82%, 0, 11, 4, 1.82, 107666, 372
58160, 1, 2, 38, 31, 3, 26.82%, 0, 11, 4, 1.82, 107676, 372
58165, 1, 2, 38, 31, 3, 26.82%, 0, 11, 4, 1.82, 107686, 372
58171, 1, 2, 38, 31, 3, 26.82%, 0, 11, 4, 1.82, 107696, 372
58176, 1, 2, 38, 31, 3, 26.82%, 0, 11, 4, 1.82, 107706, 372
58182, 1, 2, 38, 31, 3, 26.82%, 0, 11, 4, 1.82, 107716, 372
58187, 1, 2, 38, 31, 3, 26.82%, 0, 11, 4, 1.82, 107726, 372
58193, 1, 2, 38, 31, 3, 26.82%, 0, 11, 4, 1.82, 107736, 372
58198, 1, 2, 38, 31, 3, 26.82%, 0, 11, 4, 1.82, 107746, 372
58203, 1, 2, 38, 31, 3, 26.82%, 0, 11, 4, 1.82, 107756, 372
58209, 1, 2, 38, 31, 3, 26.82%, 0, 11, 4, 1.82, 107766, 372
58214, 1, 2, 38, 31, 3, 26.82%, 0, 11, 4, 1.82, 107776, 372
58220, 1, 2, 38, 31, 3, 26.82%, 0, 11, 4, 1.82, 107786, 372
58225, 1, 2, 38, 31, 3, 26.82%, 0, 11, 4, 1.82, 107796, 372
58231, 1, 2, 38, 31, 3, 26.82%, 0, 11, 4, 1.82, 107806, 372
58236, 1, 2, 38, 31, 3, 26.82%, 0, 11, 4, 1.82, 107816, 372
58242, 1, 2, 38, 31, 3, 26.82%, 0, 11, 4, 1.82, 107826, 372
58247, 1, 2, 38, 31, 3, 26.82%, 0, 11, 4, 1.82, 107836, 372
58253, 1, 2, 38, 31, 3, 26.82%, 0, 11, 4, 1.82, 107846, 372
58258, 1, 2, 38, 31, 3, 26.82%, 0, 11, 4, 1.82, 107856, 372
58264, 1, 2, 38, 31, 3, 26.82%, 0, 11, 4, 1.82, 107866, 372
58269, 1, 2, 38, 31, 3, 26.82%, 0, 11, 4, 1.82, 107876, 372
58275, 1, 2, 38, 31, 3, 26.82%, 0, 11, 4, 1.82, 107886, 372
58280, 1, 2, 38, 31, 3, 26.82%, 0, 11, 4, 1.82, 107896, 372
58286, 1, 2, 38, 31, 3, 26.82%, 0, 11, 4, 1.82, 107906, 372
58291, 1, 2, 38, 31, 3, 26.82%, 0, 11, 4, 1.82, 107916, 372
58297, 1, 2, 38, 31, 3, 26.82%, 0, 11, 4, 1.82, 107926, 372
58302, 1, 2, 38, 31, 3, 26.82%, 0, 11, 4, 1.82, 107936, 372
58307, 1, 2, 38, 31, 3, 26.82%, 0, 11, 4, 1.91, 107945, 372
58313, 1, 2, 38, 31, 3, 26.82%, 0, 11, 4, 1.91, 107954, 372
58319, 1, 2, 38, 31, 3, 26.82%, 0, 11, 4, 1.88, 107962, 372
58325, 1, 2, 38, 31, 3, 26.82%, 0, 11, 4, 2.11, 107974, 372
58330, 1, 2, 38, 31, 3, 26.82%, 0, 11, 4, 2.00, 107982, 372
58336, 1, 2, 38, 31, 3, 26.82%, 0, 11, 4, 1.93, 107990, 372
58341, 1, 2, 38, 31, 3, 26.82%, 0, 11, 4, 1.92, 107998, 372
58346, 1, 2, 38, 31, 3, 26.82%, 0, 11, 4, 2.26, 108010, 372
58351, 1, 2, 38, 31, 3, 26.82%, 0, 11, 4, 2.54, 108024, 372
58356, 1, 2, 38, 31, 3, 26.82%, 0, 11, 4, 2.66, 108038, 372
58361, 1, 2, 38, 31, 3, 26.82%, 0, 11, 4, 2.70, 108052, 372
58366, 1, 2, 38, 31, 3, 26.82%, 0, 11, 4, 2.72, 108066, 372
58372, 1, 2, 38, 31, 3, 26.82%, 0, 11, 4, 2.62, 108079, 372
58377, 1, 2, 38, 31, 3, 26.82%, 0, 11, 4, 2.31, 108088, 372
58383, 1, 2, 38, 31, 3, 26.82%, 0, 11, 4, 2.12, 108096, 372
58388, 1, 2, 38, 31, 3, 26.82%, 0, 11, 4, 2.12, 108105, 372
58393, 1, 2, 38, 31, 3, 26.82%, 0, 11, 4, 2.12, 108114, 372
58398, 1, 2, 38, 31, 3, 26.82%, 0, 11, 4, 2.01, 108122, 372
58404, 1, 2, 38, 31, 3, 26.82%, 0, 11, 4, 1.94, 108130, 372
58410, 1, 2, 38, 31, 3, 26.82%, 0, 11, 4, 2.13, 108142, 372
58415, 1, 2, 38, 31, 3, 26.82%, 0, 11, 4, 2.02, 108152, 372
58421, 1, 2, 38, 31, 3, 26.82%, 0, 11, 4, 1.92, 108162, 372
58426, 1, 2, 38, 31, 3, 26.82%, 0, 11, 4, 1.88, 108172, 372
58432, 1, 2, 38, 31, 3, 26.82%, 0, 11, 4, 1.85, 108182, 372
58437, 1, 2, 38, 31, 3, 26.82%, 0, 11, 4, 1.84, 108192, 372
58442, 1, 2, 38, 31, 3, 26.82%, 0, 11, 4, 1.83, 108202, 372
58448, 1, 2, 38, 31, 3, 26.82%, 0, 11, 4, 1.83, 108212, 372
58453, 1, 2, 38, 31, 3, 26.82%, 0, 11, 4, 1.83, 108222, 372
58459, 1, 2, 38, 31, 3, 26.82%, 0, 11, 4, 1.83, 108232, 372
58464, 1, 2, 38, 31, 3, 26.82%, 0, 11, 4, 1.83, 108242, 372
58470, 1, 2, 38, 31, 3, 26.82%, 0, 11, 4, 1.82, 108252, 372
58475, 1, 2, 38, 31, 3, 26.82%, 0, 11, 4, 1.82, 108262, 372
58481, 1, 2, 38, 31, 3, 26.82%, 0, 11, 4, 1.82, 108272, 372
58486, 1, 2, 38, 31, 3, 26.82%, 0, 11, 4, 1.82, 108282, 372
58492, 1, 2, 38, 31, 3, 26.82%, 0, 11, 4, 1.82, 108292, 372
58497, 1, 2, 38, 31, 3, 26.82%, 0, 11, 4, 1.82, 108302, 372
58503, 1, 2, 38, 31, 3, 26.82%, 0, 11, 4, 1.82, 108312, 372
58508, 1, 2, 38, 31, 3, 26.82%, 0, 11, 4, 1.82, 108322, 372
58514, 1, 2, 38, 31, 3, 26.82%, 0, 11, 4, 1.82, 108332, 372
58519, 1, 2, 38, 31, 3, 26.82%, 0, 11, 4, 1.82, 108342, 372
58525, 1, 2, 38, 31, 3, 26.82%, 0, 11, 4, 1.82, 108352, 372
58530, 1, 2, 38, 31, 3, 26.82%, 0, 11, 4, 1.82, 108362, 372
58536, 1, 2, 38, 31, 3, 26.82%, 0, 11, 4, 1.82, 108372, 372
58541, 1, 2, 38, 31, 3, 26.82%, 0, 11, 4, 1.82, 108382, 372
58547, 1, 2, 38, 31, 3, 26.82%, 0, 11, 4, 1.82, 108392, 372
58552, 1, 2, 38, 31, 3, 26.82%, 0, 11, 4, 1.82, 108402, 372
58558, 1, 2, 38, 31, 3, 26.82%, 0, 11, 4, 1.82, 108412, 372
58563, 1, 2, 38, 31, 3, 26.82%, 0, 11, 4, 1.82, 108422, 372
58569, 1, 2, 38, 31, 3, 26.82%, 0, 11, 4, 1.82, 108432, 372
58574, 1, 2, 38, 31, 3, 26.82%, 0, 11, 4, 1.82, 108442, 372
58580, 1, 2, 38, 31, 3, 26.82%, 0, 11, 4, 1.82, 108452, 372
58585, 1, 2, 38, 31, 3, 26.82%, 0, 11, 4, 1.82, 108462, 372
58591, 1, 2, 38, 31, 3, 26.82%, 0, 11, 4, 1.82, 108472, 372
58596, 1, 2, 38, 31, 3, 26.82%, 0, 11, 4, 1.82, 108482, 372
58602, 1, 2, 38, 31, 3, 26.82%, 0, 11, 4, 1.82, 108492, 372
58607, 1, 2, 38, 31, 3, 26.82%, 0, 11, 4, 1.82, 108502, 372
58612, 1, 2, 38, 31, 3, 26.82%, 0, 11, 4, 1.82, 108512, 372
58618, 1, 2, 38, 31, 3, 26.82%, 0, 11, 4, 1.82, 108522, 372
58623, 1, 2, 38, 31, 3, 26.82%, 0, 11, 4, 1.82, 108532, 372
58629, 1, 2, 38, 31, 3, 26.82%, 0, 11, 4, 1.82, 108542, 372
58634, 1, 2, 38, 31, 3, 26.82%, 0, 11, 4, 1.82, 108552, 372
58640, 1, 2, 38, 31, 3, 26.82%, 0, 11, 4, 1.82, 108562, 372
58645, 1, 2, 38, 31, 3, 26.82%, 0, 11, 4, 1.82, 108572, 372
58651, 1, 2, 38, 31, 3, 26.82%, 0, 11, 4, 1.82, 108582, 372
58656, 1, 2, 38, 31, 3, 26.82%, 0, 11, 4, 1.82, 108592, 372
58662, 1, 2, 38, 31, 3, 26.82%, 0, 11, 4, 1.82, 108602, 372
58667, 1, 2, 38, 31, 3, 26.82%, 0, 11, 4, 1.82, 108612, 372
58673, 1, 2, 38, 31, 3, 26.82%, 0, 11, 4, 1.82, 108622, 372
58678, 1, 2, 38, 31, 3, 26.82%, 0, 11, 4, 1.82, 108632, 372
58684, 1, 2, 38, 31, 3, 26.82%, 0, 11, 4, 1.82, 108642, 372
58689, 1, 2, 38, 31, 3, 26.82%, 0, 11, 4, 1.82, 108652, 372
58695, 1, 2, 38, 31, 3, 26.82%, 0, 11, 4, 1.82, 108662, 372
58700, 1, 2, 38, 31, 3, 26.82%, 0, 11, 4, 1.82, 108672, 372
58706, 1, 2, 38, 31, 3, 26.82%, 0, 11, 4, 1.82, 108682, 372
58711, 1, 2, 38, 31, 3, 26.82%, 0, 11, 4, 1.82, 108692, 372
58717, 1, 2, 38, 31, 3, 26.82%, 0, 11, 4, 1.82, 108702, 372
58722, 1, 2, 38, 31, 3, 26.82%, 0, 11, 4, 1.82, 108712, 372
58728, 1, 2, 38, 31, 3, 26.82%, 0, 11, 4, 1.82, 108722, 372
58733, 1, 2, 38, 31, 3, 26.82%, 0, 11, 4, 1.82, 108732, 372
58739, 1, 2, 38, 31, 3, 26.82%, 0, 11, 4, 1.82, 108742, 372
58744, 1, 2, 38, 31, 3, 26.82%, 0, 11, 4, 1.82, 108752, 372
58750, 1, 2, 38, 31, 3, 26.82%, 0, 11, 4, 1.82, 108762, 372
58755, 1, 2, 38, 31, 3, 26.82%, 0, 11, 4, 1.82, 108772, 372
58761, 1, 2, 38, 31, 3, 26.82%, 0, 11, 4, 1.82, 108782, 372
58766, 1, 2, 38, 31, 3, 26.82%, 0, 11, 4, 1.82, 108792, 372
58772, 1, 2, 38, 31, 3, 26.82%, 0, 11, 4, 1.82, 108802, 372
58777, 1, 2, 38, 31, 3, 26.82%, 0, 11, 4, 1.82, 108812, 372
58782, 1, 2, 38, 31, 3, 26.82%, 0, 11, 4, 1.82, 108822, 372
58788, 1, 2, 38, 31, 3, 26.82%, 0, 11, 4, 1.82, 108832, 372
58793, 1, 2, 38, 31, 3, 26.82%, 0, 11, 4, 1.82, 108842, 372
58799, 1, 2, 38, 31, 3, 26.82%, 0, 11, 4, 1.82, 108852, 372
58804, 1, 2, 38, 31, 3, 26.82%, 0, 11, 4, 1.82, 108862, 372
58810, 1, 2, 38, 31, 3, 26.82%, 0, 11, 4, 1.82, 108872, 372
58815, 1, 2, 38, 31, 3, 26.82%, 0, 11, 4, 1.82, 108882, 372
58821, 1, 2, 38, 31, 3, 26.82%, 0, 11, 4, 1.82, 108892, 372
58826, 1, 2, 38, 31, 3, 26.82%, 0, 11, 4, 1.82, 108902, 372
58832, 1, 2, 38, 31, 3, 26.82%, 0, 11, 4, 1.82, 108912, 372
58837, 1, 2, 38, 31, 3, 26.82%, 0, 11, 4, 1.82, 108922, 372
58843, 1, 2, 38, 31, 3, 26.82%, 0, 11, 4, 1.82, 108932, 372
58848, 1, 2, 38, 31, 3, 26.82%, 0, 11, 4, 1.82, 108942, 372
58854, 1, 2, 38, 31, 3, 26.82%, 0, 11, 4, 1.82, 108952, 372
58859, 1, 2, 38, 31, 3, 26.82%, 0, 11, 4, 1.82, 108962, 372
58865, 1, 2, 38, 31, 3, 26.82%, 0, 11, 4, 1.82, 108972, 372
58870, 1, 2, 38, 31, 3, 26.82%, 0, 11, 4, 1.82, 108982, 372
58876, 1, 2, 38, 31, 3, 26.82%, 0, 11, 4, 1.82, 108992, 372
58881, 1, 2, 38, 31, 3, 26.82%, 0, 11, 4, 1.82, 109002, 372
58887, 1, 2, 38, 31, 3, 26.82%, 0, 11, 4, 1.82, 109012, 372
58892, 1, 2, 38, 31, 3, 26.82%, 0, 11, 4, 1.82, 109022, 372
58898, 1, 2, 38, 31, 3, 26.82%, 0, 11, 4, 1.82, 109032, 372
58903, 1, 2, 38, 31, 3, 26.82%, 0, 11, 4, 1.82, 109042, 372
58909, 1, 2, 38, 31, 3, 26.82%, 0, 11, 4, 1.82, 109052, 372
58914, 1, 2, 38, 31, 3, 26.82%, 0, 11, 4, 1.82, 109062, 372
58920, 1, 2, 38, 31, 3, 26.82%, 0, 11, 4, 1.82, 109072, 372
58925, 1, 2, 38, 31, 3, 26.82%, 0, 11, 4, 1.82, 109082, 372
58931, 1, 2, 38, 31, 3, 26.82%, 0, 11, 4, 1.82, 109092, 372
58936, 1, 2, 38, 31, 3, 26.82%, 0, 11, 4, 1.82, 109102, 372
58942, 1, 2, 38, 31, 3, 26.82%, 0, 11, 4, 1.82, 109112, 372
58947, 1, 2, 38, 31, 3, 26.82%, 0, 11, 4, 1.82, 109122, 372
58953, 1, 2, 38, 31, 3, 26.82%, 0, 11, 4, 1.82, 109132, 372
58958, 1, 2, 38, 31, 3, 26.82%, 0, 11, 4, 1.82, 109142, 372
58963, 1, 2, 38, 31, 3, 26.82%, 0, 11, 4, 1.82, 109152, 372
58969, 1, 2, 38, 31, 3, 26.82%, 0, 11, 4, 1.82, 109162, 372
58974, 1, 2, 38, 31, 3, 26.82%, 0, 11, 4, 1.82, 109172, 372
58980, 1, 2, 38, 31, 3, 26.82%, 0, 11, 4, 1.82, 109182, 372
58985, 1, 2, 38, 31, 3, 26.82%, 0, 11, 4, 1.82, 109192, 372
58991, 1, 2, 38, 31, 3, 26.82%, 0, 11, 4, 1.82, 109202, 372
58996, 1, 2, 38, 31, 3, 26.82%, 0, 11, 4, 1.82, 109212, 372
59002, 1, 2, 38, 31, 3, 26.82%, 0, 11, 4, 1.82, 109222, 372
59007, 1, 2, 38, 31, 3, 26.82%, 0, 11, 4, 1.82, 109232, 372
59013, 1, 2, 38, 31, 3, 26.82%, 0, 11, 4, 1.82, 109242, 372
59018, 1, 2, 38, 31, 3, 26.82%, 0, 11, 4, 1.82, 109252, 372
59024, 1, 2, 38, 31, 3, 26.82%, 0, 11, 4, 1.82, 109262, 372
59029, 1, 2, 38, 31, 3, 26.82%, 0, 11, 4, 1.82, 109272, 372
59035, 1, 2, 38, 31, 3, 26.82%, 0, 11, 4, 1.82, 109282, 372
59040, 1, 2, 38, 31, 3, 26.82%, 0, 11, 4, 1.82, 109292, 372
59046, 1, 2, 38, 31, 3, 26.82%, 0, 11, 4, 1.82, 109302, 372
59051, 1, 2, 38, 31, 3, 26.82%, 0, 11, 4, 1.82, 109312, 372
59057, 1, 2, 38, 31, 3, 26.82%, 0, 11, 4, 1.82, 109322, 372
59062, 1, 2, 38, 31, 3, 26.82%, 0, 11, 4, 1.82, 109332, 372
59068, 1, 2, 38, 31, 3, 26.82%, 0, 11, 4, 1.82, 109342, 372
59073, 1, 2, 38, 31, 3, 26.82%, 0, 11, 4, 1.82, 109352, 372
59079, 1, 2, 38, 31, 3, 26.82%, 0, 11, 4, 1.82, 109362, 372
59084, 1, 2, 38, 31, 3, 26.82%, 0, 11, 4, 1.82, 109372, 372
59090, 1, 2, 38, 31, 3, 26.82%, 0, 11, 4, 1.82, 109382, 372
59095, 1, 2, 38, 31, 3, 26.82%, 0, 11, 4, 1.82, 109392, 372
59101, 1, 2, 38, 31, 3, 26.82%, 0, 11, 4, 1.82, 109402, 372
59106, 1, 2, 38, 31, 3, 26.82%, 0, 11, 4, 1.82, 109412, 372
59112, 1, 2, 38, 31, 3, 26.82%, 0, 11, 4, 1.82, 109422, 372
59117, 1, 2, 38, 31, 3, 26.82%, 0, 11, 4, 1.82, 109432, 372
59123, 1, 2, 38, 31, 3, 26.82%, 0, 11, 4, 1.82, 109442, 372
59128, 1, 2, 38, 31, 3, 26.82%, 0, 11, 4, 1.82, 109452, 372
59133, 1, 2, 38, 31, 3, 26.82%, 0, 11, 4, 1.82, 109462, 372
59139, 1, 2, 38, 31, 3, 26.82%, 0, 11, 4, 1.82, 109472, 372
59144, 1, 2, 38, 31, 3, 26.82%, 0, 11, 4, 1.82, 109482, 372
59150, 1, 2, 38, 31, 3, 26.82%, 0, 11, 4, 1.82, 109492, 372
59155, 1, 2, 38, 31, 3, 26.82%, 0, 11, 4, 1.82, 109502, 372
59161, 1, 2, 38, 31, 3, 26.82%, 0, 11, 4, 1.82, 109512, 372
59166, 1, 2, 38, 31, 3, 26.82%, 0, 11, 4, 1.82, 109522, 372
59172, 1, 2, 38, 31, 3, 26.82%, 0, 11, 4, 1.82, 109532, 372
59177, 1, 2, 38, 31, 3, 26.82%, 0, 11, 4, 1.82, 109542, 372
59183, 1, 2, 38, 31, 3, 26.82%, 0, 11, 4, 1.82, 109552, 372
59188, 1, 2, 38, 31, 3, 26.82%, 0, 11, 4, 1.82, 109562, 372
59194, 1, 2, 38, 31, 3, 26.82%, 0, 11, 4, 1.82, 109572, 372
59199, 1, 2, 38, 31, 3, 26.82%, 0, 11, 4, 1.82, 109582, 372
59205, 1, 2, 38, 31, 3, 26.82%, 0, 11, 4, 1.82, 109592, 372
59210, 1, 2, 38, 31, 3, 26.82%, 0, 11, 4, 1.82, 109602, 372
59216, 1, 2, 38, 31, 3, 26.82%, 0, 11, 4, 1.82, 109612, 372
59221, 1, 2, 38, 31, 3, 26.82%, 0, 11, 4, 1.82, 109622, 372
59227, 1, 2, 38, 31, 3, 26.82%, 0, 11, 4, 1.82, 109632, 372
59232, 1, 2, 38, 31, 3, 26.82%, 0, 11, 4, 1.82, 109642, 372
59238, 1, 2, 38, 31, 3, 26.82%, 0, 11, 4, 1.82, 109652, 372
59243, 1, 2, 38, 31, 3, 26.82%, 0, 11, 4, 1.82, 109662, 372
59249, 1, 2, 38, 31, 3, 26.82%, 0, 11, 4, 1.82, 109672, 372
59254, 1, 2, 38, 31, 3, 26.82%, 0, 11, 4, 1.82, 109682, 372
59260, 1, 2, 38, 31, 3, 26.82%, 0, 11, 4, 1.82, 109692, 372
59265, 1, 2, 38, 31, 3, 26.82%, 0, 11, 4, 1.82, 109702, 372
59271, 1, 2, 38, 31, 3, 26.82%, 0, 11, 4, 1.82, 109712, 372
59276, 1, 2, 38, 31, 3, 26.82%, 0, 11, 4, 1.82, 109722, 372
59282, 1, 2, 38, 31, 3, 26.82%, 0, 11, 4, 1.82, 109732, 372
59287, 1, 2, 38, 31, 3, 26.82%, 0, 11, 4, 1.82, 109742, 372
59293, 1, 2, 38, 31, 3, 26.82%, 0, 11, 4, 1.82, 109752, 372
59298, 1, 2, 38, 31, 3, 26.82%, 0, 11, 4, 1.82, 109762, 372
59304, 1, 2, 38, 31, 3, 26.82%, 0, 11, 4, 1.82, 109772, 372
59309, 1, 2, 38, 31, 3, 26.82%, 0, 11, 4, 1.82, 109782, 372
59315, 1, 2, 38, 31, 3, 26.82%, 0, 11, 4, 1.82, 109792, 372
59320, 1, 2, 38, 31, 3, 26.82%, 0, 11, 4, 1.82, 109802, 372
59325, 1, 2, 38, 31, 3, 26.82%, 0, 11, 4, 1.82, 109812, 372
59331, 1, 2, 38, 31, 3, 26.82%, 0, 11, 4, 1.82, 109822, 372
59336, 1, 2, 38, 31, 3, 26.82%, 0, 11, 4, 1.82, 109832, 372
59342, 1, 2, 38, 31, 3, 26.82%, 0, 11, 4, 1.82, 109842, 372
59347, 1, 2, 38, 31, 3, 26.82%, 0, 11, 4, 1.82, 109852, 372
59353, 1, 2, 38, 31, 3, 26.82%, 0, 11, 4, 1.82, 109862, 372
59358, 1, 2, 38, 31, 3, 26.82%, 0, 11, 4, 1.82, 109872, 372
59364, 1, 2, 38, 31, 3, 26.82%, 0, 11, 4, 1.82, 109882, 372
59369, 1, 2, 38, 31, 3, 26.82%, 0, 11, 4, 1.82, 109892, 372
59375, 1, 2, 38, 31, 3, 26.82%, 0, 11, 4, 1.82, 109902, 372
59380, 1, 2, 38, 31, 3, 26.82%, 0, 11, 4, 1.82, 109912, 372
59386, 1, 2, 38, 31, 3, 26.82%, 0, 11, 4, 1.82, 109922, 372
59391, 1, 2, 38, 31, 3, 26.82%, 0, 11, 4, 1.82, 109932, 372
59397, 1, 2, 38, 31, 3, 26.82%, 0, 11, 4, 1.82, 109942, 372
59402, 1, 2, 38, 31, 3, 26.82%, 0, 11, 4, 1.82, 109952, 372
59408, 1, 2, 38, 31, 3, 26.82%, 0, 11, 4, 1.82, 109962, 372
59413, 1, 2, 38, 31, 3, 26.82%, 0, 11, 4, 1.82, 109972, 372
59419, 1, 2, 38, 31, 3, 26.82%, 0, 11, 4, 1.82, 109982, 372
59424, 1, 2, 38, 31, 3, 26.82%, 0, 11, 4, 1.82, 109992, 372
59430, 1, 2, 38, 31, 3, 26.82%, 0, 11, 4, 1.82, 110002, 372
59435, 1, 2, 38, 31, 3, 26.82%, 0, 11, 4, 1.82, 110012, 372
59441, 1, 2, 38, 31, 3, 26.82%, 0, 11, 4, 1.82, 110022, 372
59446, 1, 2, 38, 31, 3, 26.82%, 0, 11, 4, 1.82, 110032, 372
59452, 1, 2, 38, 31, 3, 26.82%, 0, 11, 4, 1.82, 110042, 372
59457, 1, 2, 38, 31, 3, 26.82%, 0, 11, 4, 1.82, 110052, 372
59463, 1, 2, 38, 31, 3, 26.82%, 0, 11, 4, 1.82, 110062, 372
59468, 1, 2, 38, 31, 3, 26.82%, 0, 11, 4, 1.82, 110072, 372
59474, 1, 2, 38, 31, 3, 26.82%, 0, 11, 4, 1.82, 110082, 372
59479, 1, 2, 38, 31, 3, 26.82%, 0, 11, 4, 1.82, 110092, 372
59485, 1, 2, 38, 31, 3, 26.82%, 0, 11, 4, 1.82, 110102, 372
59490, 1, 2, 38, 31, 3, 26.82%, 0, 11, 4, 1.82, 110112, 372
59496, 1, 2, 38, 31, 3, 26.82%, 0, 11, 4, 1.82, 110122, 372
59501, 1, 2, 38, 31, 3, 26.82%, 0, 11, 4, 1.82, 110132, 372
59506, 1, 2, 38, 31, 3, 26.82%, 0, 11, 4, 1.82, 110142, 372
59512, 1, 2, 38, 31, 3, 26.82%, 0, 11, 4, 1.82, 110152, 372
59517, 1, 2, 38, 31, 3, 26.82%, 0, 11, 4, 1.82, 110162, 372
59523, 1, 2, 38, 31, 3, 26.82%, 0, 11, 4, 1.82, 110172, 372
59528, 1, 2, 38, 31, 3, 26.82%, 0, 11, 4, 1.82, 110182, 372
59534, 1, 2, 38, 31, 3, 26.82%, 0, 11, 4, 1.82, 110192, 372
59539, 1, 2, 38, 31, 3, 26.82%, 0, 11, 4, 1.82, 110202, 372
59545, 1, 2, 38, 31, 3, 26.82%, 0, 11, 4, 1.82, 110212, 372
59550, 1, 2, 38, 31, 3, 26.82%, 0, 11, 4, 1.82, 110222, 372
59556, 1, 2, 38, 31, 3, 26.82%, 0, 11, 4, 1.82, 110232, 372
59561, 1, 2, 38, 31, 3, 26.82%, 0, 11, 4, 1.82, 110242, 372
59567, 1, 2, 38, 31, 3, 26.82%, 0, 11, 4, 1.82, 110252, 372
59572, 1, 2, 38, 31, 3, 26.82%, 0, 11, 4, 1.82, 110262, 372
59578, 1, 2, 38, 31, 3, 26.82%, 0, 11, 4, 1.82, 110272, 372
59583, 1, 2, 38, 31, 3, 26.82%, 0, 11, 4, 1.82, 110282, 372
59589, 1, 2, 38, 31, 3, 26.82%, 0, 11, 4, 1.82, 110292, 372
59594, 1, 2, 38, 31, 3, 26.82%, 0, 11, 4, 1.82, 110302, 372
59600, 1, 2, 38, 31, 3, 26.82%, 0, 11, 4, 1.82, 110312, 372
59605, 1, 2, 38, 31, 3, 26.82%, 0, 11, 4, 1.82, 110322, 372
59611, 1, 2, 38, 31, 3, 26.82%, 0, 11, 4, 1.82, 110332, 372
59616, 1, 2, 38, 31, 3, 26.82%, 0, 11, 4, 1.82, 110342, 372
59622, 1, 2, 38, 31, 3, 26.82%, 0, 11, 4, 1.82, 110352, 372
59627, 1, 2, 38, 31, 3, 26.82%, 0, 11, 4, 1.82, 110362, 372
59633, 1, 2, 38, 31, 3, 26.82%, 0, 11, 4, 1.82, 110372, 372
59638, 1, 2, 38, 31, 3, 26.82%, 0, 11, 4, 1.82, 110382, 372
59644, 1, 2, 38, 31, 3, 26.82%, 0, 11, 4, 1.82, 110392, 372
59649, 1, 2, 38, 31, 3, 26.82%, 0, 11, 4, 1.82, 110402, 372
59655, 1, 2, 38, 31, 3, 26.82%, 0, 11, 4, 1.82, 110412, 372
59660, 1, 2, 38, 31, 3, 26.82%, 0, 11, 4, 1.82, 110422, 372
59666, 1, 2, 38, 31, 3, 26.82%, 0, 11, 4, 1.82, 110432, 372
59671, 1, 2, 38, 31, 3, 26.82%, 0, 11, 4, 1.82, 110442, 372
59677, 1, 2, 38, 31, 3, 26.82%, 0, 11, 4, 1.82, 110452, 372
59682, 1, 2, 38, 31, 3, 26.82%, 0, 11, 4, 1.82, 110462, 372
59687, 1, 2, 38, 31, 3, 26.82%, 0, 11, 4, 1.82, 110472, 372
59693, 1, 2, 38, 31, 3, 26.82%, 0, 11, 4, 1.82, 110482, 372
59698, 1, 2, 38, 31, 3, 26.82%, 0, 11, 4, 1.82, 110492, 372
59704, 1, 2, 38, 31, 3, 26.82%, 0, 11, 4, 1.82, 110502, 372
59709, 1, 2, 38, 31, 3, 26.82%, 0, 11, 4, 1.82, 110512, 372
59715, 1, 2, 38, 31, 3, 26.82%, 0, 11, 4, 1.82, 110522, 372
59720, 1, 2, 38, 31, 3, 26.82%, 0, 11, 4, 1.82, 110532, 372
59726, 1, 2, 38, 31, 3, 26.82%, 0, 11, 4, 1.82, 110542, 372
59731, 1, 2, 38, 31, 3, 26.82%, 0, 11, 4, 1.82, 110552, 372
59737, 1, 2, 38, 31, 3, 26.82%, 0, 11, 4, 1.82, 110562, 372
59742, 1, 2, 38, 31, 3, 26.82%, 0, 11, 4, 1.82, 110572, 372
59748, 1, 2, 38, 31, 3, 26.82%, 0, 11, 4, 1.82, 110582, 372
59753, 1, 2, 38, 31, 3, 26.82%, 0, 11, 4, 1.82, 110592, 372
59759, 1, 2, 38, 31, 3, 26.82%, 0, 11, 4, 1.82, 110602, 372
59764, 1, 2, 38, 31, 3, 26.82%, 0, 11, 4, 1.82, 110612, 372
59770, 1, 2, 38, 31, 3, 26.82%, 0, 11, 4, 1.82, 110622, 372
59775, 1, 2, 38, 31, 3, 26.82%, 0, 11, 4, 1.82, 110632, 372
59781, 1, 2, 38, 31, 3, 26.82%, 0, 11, 4, 1.82, 110642, 372
59786, 1, 2, 38, 31, 3, 26.82%, 0, 11, 4, 1.82, 110652, 372
59792, 1, 2, 38, 31, 3, 26.82%, 0, 11, 4, 1.82, 110662, 372
59797, 1, 2, 38, 31, 3, 26.82%, 0, 11, 4, 1.82, 110672, 372
59803, 1, 2, 38, 31, 3, 26.82%, 0, 11, 4, 1.82, 110682, 372
59808, 1, 2, 38, 31, 3, 26.82%, 0, 11, 4, 1.82, 110692, 372
59814, 1, 2, 38, 31, 3, 26.82%, 0, 11, 4, 1.82, 110702, 372
59819, 1, 2, 38, 31, 3, 26.82%, 0, 11, 4, 1.82, 110712, 372
59825, 1, 2, 38, 31, 3, 26.82%, 0, 11, 4, 1.82, 110722, 372
59830, 1, 2, 38, 31, 3, 26.82%, 0, 11, 4, 1.82, 110732, 372
59836, 1, 2, 38, 31, 3, 26.82%, 0, 11, 4, 1.82, 110742, 372
59841, 1, 2, 38, 31, 3, 26.82%, 0, 11, 4, 1.82, 110752, 372
59847, 1, 2, 38, 31, 3, 26.82%, 0, 11, 4, 1.82, 110762, 372
59852, 1, 2, 38, 31, 3, 26.82%, 0, 11, 4, 1.82, 110772, 372
59858, 1, 2, 38, 31, 3, 26.82%, 0, 11, 4, 1.82, 110782, 372
59863, 1, 2, 38, 31, 3, 26.82%, 0, 11, 4, 1.82, 110792, 372
59868, 1, 2, 38, 31, 3, 26.82%, 0, 11, 4, 1.82, 110802, 372
59874, 1, 2, 38, 31, 3, 26.82%, 0, 11, 4, 1.82, 110812, 372
59879, 1, 2, 38, 31, 3, 26.82%, 0, 11, 4, 1.82, 110822, 372
59885, 1, 2, 38, 31, 3, 26.82%, 0, 11, 4, 1.82, 110832, 372
59890, 1, 2, 38, 31, 3, 26.82%, 0, 11, 4, 1.82, 110842, 372
59896, 1, 2, 38, 31, 3, 26.82%, 0, 11, 4, 1.82, 110852, 372
59901, 1, 2, 38, 31, 3, 26.82%, 0, 11, 4, 1.82, 110862, 372
59907, 1, 2, 38, 31, 3, 26.82%, 0, 11, 4, 1.82, 110872, 372
59912, 1, 2, 38, 31, 3, 26.82%, 0, 11, 4, 1.82, 110882, 372
59918, 1, 2, 38, 31, 3, 26.82%, 0, 11, 4, 1.82, 110892, 372
59923, 1, 2, 38, 31, 3, 26.82%, 0, 11, 4, 1.82, 110902, 372
59929, 1, 2, 38, 31, 3, 26.82%, 0, 11, 4, 1.82, 110912, 372
59934, 1, 2, 38, 31, 3, 26.82%, 0, 11, 4, 1.82, 110922, 372
59940, 1, 2, 38, 31, 3, 26.82%, 0, 11, 4, 1.82, 110932, 372
59945, 1, 2, 38, 31, 3, 26.82%, 0, 11, 4, 1.82, 110942, 372
59951, 1, 2, 38, 31, 3, 26.82%, 0, 11, 4, 1.82, 110952, 372
59956, 1, 2, 38, 31, 3, 26.82%, 0, 11, 4, 1.82, 110962, 372
59962, 1, 2, 38, 31, 3, 26.82%, 0, 11, 4, 1.82, 110972, 372
59967, 1, 2, 38, 31, 3, 26.82%, 0, 11, 4, 1.82, 110982, 372
59973, 1, 2, 38, 31, 3, 26.82%, 0, 11, 4, 1.82, 110992, 372
59978, 1, 2, 38, 31, 3, 26.82%, 0, 11, 4, 1.82, 111002, 372
59984, 1, 2, 38, 31, 3, 26.82%, 0, 11, 4, 1.82, 111012, 372
59989, 1, 2, 38, 31, 3, 26.82%, 0, 11, 4, 1.82, 111022, 372
59995, 1, 2, 38, 31, 3, 26.82%, 0, 11, 4, 1.82, 111032, 372
60000, 1, 2, 38, 31, 3, 26.82%, 0, 11, 4, 1.82, 111042, 372
60006, 1, 2, 38, 31, 3, 26.82%, 0, 11, 4, 1.82, 111052, 372
60011, 1, 2, 38, 31, 3, 26.82%, 0, 11, 4, 1.82, 111062, 372
60017, 1, 2, 38, 31, 3, 26.82%, 0, 11, 4, 1.82, 111072, 372
60022, 1, 2, 38, 31, 3, 26.82%, 0, 11, 4, 1.82, 111082, 372
60028, 1, 2, 38, 31, 3, 26.82%, 0, 11, 4, 1.82, 111092, 372
60033, 1, 2, 38, 31, 3, 26.82%, 0, 11, 4, 1.82, 111102, 372
60039, 1, 2, 38, 31, 3, 26.82%, 0, 11, 4, 1.82, 111112, 372
60044, 1, 2, 38, 31, 3, 26.82%, 0, 11, 4, 1.82, 111122, 372
60049, 1, 2, 38, 31, 3, 26.82%, 0, 11, 4, 1.82, 111132, 372
60055, 1, 2, 38, 31, 3, 26.82%, 0, 11, 4, 1.82, 111142, 372
60060, 1, 2, 38, 31, 3, 26.82%, 0, 11, 4, 1.82, 111152, 372
60066, 1, 2, 38, 31, 3, 26.82%, 0, 11, 4, 1.82, 111162, 372
60071, 1, 2, 38, 31, 3, 26.82%, 0, 11, 4, 1.82, 111172, 372
60077, 1, 2, 38, 31, 3, 26.82%, 0, 11, 4, 1.82, 111182, 372
60082, 1, 2, 38, 31, 3, 26.82%, 0, 11, 4, 1.82, 111192, 372
60088, 1, 2, 38, 31, 3, 26.82%, 0, 11, 4, 1.82, 111202, 372
60093, 1, 2, 38, 31, 3, 26.82%, 0, 11, 4, 1.82, 111212, 372
60099, 1, 2, 38, 31, 3, 26.82%, 0, 11, 4, 1.82, 111222, 372
60104, 1, 2, 38, 31, 3, 26.82%, 0, 11, 4, 1.82, 111232, 372
60110, 1, 2, 38, 31, 3, 26.82%, 0, 11, 4, 1.82, 111242, 372
60115, 1, 2, 38, 31, 3, 26.82%, 0, 11, 4, 1.82, 111252, 372
60121, 1, 2, 38, 31, 3, 26.82%, 0, 11, 4, 1.82, 111262, 372
60126, 1, 2, 38, 31, 3, 26.82%, 0, 11, 4, 1.82, 111272, 372
60132, 1, 2, 38, 31, 3, 26.82%, 0, 11, 4, 1.82, 111282, 372
60137, 1, 2, 38, 31, 3, 26.82%, 0, 11, 4, 1.82, 111292, 372
60143, 1, 2, 38, 31, 3, 26.82%, 0, 11, 4, 1.82, 111302, 372
60148, 1, 2, 38, 31, 3, 26.82%, 0, 11, 4, 1.82, 111312, 372
60154, 1, 2, 38, 31, 3, 26.82%, 0, 11, 4, 1.82, 111322, 372
60159, 1, 2, 38, 31, 3, 26.82%, 0, 11, 4, 1.82, 111332, 372
60165, 1, 2, 38, 31, 3, 26.82%, 0, 11, 4, 1.82, 111342, 372
60170, 1, 2, 38, 31, 3, 26.82%, 0, 11, 4, 1.82, 111352, 372
60176, 1, 2, 38, 31, 3, 26.82%, 0, 11, 4, 1.82, 111362, 372
60181, 1, 2, 38, 31, 3, 26.82%, 0, 11, 4, 1.82, 111372, 372
60187, 1, 2, 38, 31, 3, 26.82%, 0, 11, 4, 1.82, 111382, 372
60192, 1, 2, 38, 31, 3, 26.82%, 0, 11, 4, 1.82, 111392, 372
60198, 1, 2, 38, 31, 3, 26.82%, 0, 11, 4, 1.82, 111402, 372
60203, 1, 2, 38, 31, 3, 26.82%, 0, 11, 4, 1.82, 111412, 372
60209, 1, 2, 38, 31, 3, 26.82%, 0, 11, 4, 1.82, 111422, 372
60214, 1, 2, 38, 31, 3, 26.82%, 0, 11, 4, 1.82, 111432, 372
60219, 1, 2, 38, 31, 3, 26.82%, 0, 11, 4, 1.82, 111442, 372
60225, 1, 2, 38, 31, 3, 26.82%, 0, 11, 4, 1.82, 111452, 372
60230, 1, 2, 38, 31, 3, 26.82%, 0, 11, 4, 1.82, 111462, 372
60236, 1, 2, 38, 31, 3, 26.82%, 0, 11, 4, 1.82, 111472, 372
60241, 1, 2, 38, 31, 3, 26.82%, 0, 11, 4, 1.82, 111482, 372
60247, 1, 2, 38, 31, 3, 26.82%, 0, 11, 4, 1.82, 111492, 372
60252, 1, 2, 38, 31, 3, 26.82%, 0, 11, 4, 1.82, 111502, 372
60258, 1, 2, 38, 31, 3, 26.82%, 0, 11, 4, 1.82, 111512, 372
60263, 1, 2, 38, 31, 3, 26.82%, 0, 11, 4, 1.82, 111522, 372
60269, 1, 2, 38, 31, 3, 26.82%, 0, 11, 4, 1.82, 111532, 372
60274, 1, 2, 38, 31, 3, 26.82%, 0, 11, 4, 1.82, 111542, 372
60280, 1, 2, 38, 31, 3, 26.82%, 0, 11, 4, 1.82, 111552, 372
60285, 1, 2, 38, 31, 3, 26.82%, 0, 11, 4, 1.82, 111562, 372
60291, 1, 2, 38, 31, 3, 26.82%, 0, 11, 4, 1.82, 111572, 372
60296, 1, 2, 38, 31, 3, 26.82%, 0, 11, 4, 1.82, 111582, 372
60302, 1, 2, 38, 31, 3, 26.82%, 0, 11, 4, 1.82, 111592, 372
60307, 1, 2, 38, 31, 3, 26.82%, 0, 11, 4, 1.82, 111602, 372
60313, 1, 2, 38, 31, 3, 26.82%, 0, 11, 4, 1.82, 111612, 372
60318, 1, 2, 38, 31, 3, 26.82%, 0, 11, 4, 1.82, 111622, 372
60324, 1, 2, 38, 31, 3, 26.82%, 0, 11, 4, 1.82, 111632, 372
60329, 1, 2, 38, 31, 3, 26.82%, 0, 11, 4, 1.82, 111642, 372
60335, 1, 2, 38, 31, 3, 26.82%, 0, 11, 4, 1.82, 111652, 372
60340, 1, 2, 38, 31, 3, 26.82%, 0, 11, 4, 1.82, 111662, 372
60346, 1, 2, 38, 31, 3, 26.82%, 0, 11, 4, 1.82, 111672, 372
60351, 1, 2, 38, 31, 3, 26.82%, 0, 11, 4, 1.82, 111682, 372
60357, 1, 2, 38, 31, 3, 26.82%, 0, 11, 4, 1.82, 111692, 372
60362, 1, 2, 38, 31, 3, 26.82%, 0, 11, 4, 1.82, 111702, 372
60368, 1, 2, 38, 31, 3, 26.82%, 0, 11, 4, 1.82, 111712, 372
60373, 1, 2, 38, 31, 3, 26.82%, 0, 11, 4, 1.82, 111722, 372
60379, 1, 2, 38, 31, 3, 26.82%, 0, 11, 4, 1.82, 111732, 372
60384, 1, 2, 38, 31, 3, 26.82%, 0, 11, 4, 1.82, 111742, 372
60389, 1, 2, 38, 31, 3, 26.82%, 0, 11, 4, 1.82, 111752, 372
60395, 1, 2, 38, 31, 3, 26.82%, 0, 11, 4, 1.82, 111762, 372
60400, 1, 2, 38, 31, 3, 26.82%, 0, 11, 4, 1.82, 111772, 372
60406, 1, 2, 38, 31, 3, 26.82%, 0, 11, 4, 1.82, 111782, 372
60411, 1, 2, 38, 31, 3, 26.82%, 0, 11, 4, 1.82, 111792, 372
60417, 1, 2, 38, 31, 3, 26.82%, 0, 11, 4, 1.82, 111802, 372
60422, 1, 2, 38, 31, 3, 26.82%, 0, 11, 4, 1.82, 111812, 372
60428, 1, 2, 38, 31, 3, 26.82%, 0, 11, 4, 1.82, 111822, 372
60433, 1, 2, 38, 31, 3, 26.82%, 0, 11, 4, 1.82, 111832, 372
60439, 1, 2, 38, 31, 3, 26.82%, 0, 11, 4, 2.05, 111843, 372
60444, 1, 2, 38, 31, 3, 26.82%, 0, 11, 4, 1.89, 111851, 372
60449, 1, 2, 38, 31, 3, 26.82%, 0, 11, 4, 1.86, 111861, 372
60455, 1, 2, 38, 31, 3, 26.82%, 0, 11, 4, 1.84, 111871, 372
60460, 1, 2, 38, 31, 3, 26.82%, 0, 11, 4, 1.83, 111881, 372
60466, 1, 2, 38, 31, 3, 26.82%, 0, 11, 4, 1.83, 111891, 372
60471, 1, 2, 38, 31, 3, 26.82%, 0, 11, 4, 1.83, 111901, 372
60477, 1, 2, 38, 31, 3, 26.82%, 0, 11, 4, 1.83, 111911, 372
60482, 1, 2, 38, 31, 3, 26.82%, 0, 11, 4, 1.82, 111921, 372
60488, 1, 2, 38, 31, 3, 26.82%, 0, 11, 4, 1.82, 111931, 372
60493, 1, 2, 38, 31, 3, 26.82%, 0, 11, 4, 1.82, 111941, 372
60499, 1, 2, 38, 31, 3, 26.82%, 0, 11, 4, 1.82, 111951, 372
60504, 1, 2, 38, 31, 3, 26.82%, 0, 11, 4, 1.82, 111961, 372
60510, 1, 2, 38, 31, 3, 26.82%, 0, 11, 4, 1.82, 111971, 372
60515, 1, 2, 38, 31, 3, 26.82%, 0, 11, 4, 1.82, 111981, 372
60521, 1, 2, 38, 31, 3, 26.82%, 0, 11, 4, 1.82, 111991, 372
60526, 1, 2, 38, 31, 3, 26.82%, 0, 11, 4, 1.82, 112001, 372
60532, 1, 2, 38, 31, 3, 26.82%, 0, 11, 4, 1.82, 112011, 372
60537, 1, 2, 38, 31, 3, 26.82%, 0, 11, 4, 1.82, 112021, 372
60543, 1, 2, 38, 31, 3, 26.82%, 0, 11, 4, 1.82, 112031, 372
60548, 1, 2, 38, 31, 3, 26.82%, 0, 11, 4, 1.82, 112041, 372
60554, 1, 2, 38, 31, 3, 26.82%, 0, 11, 4, 1.82, 112051, 372
60559, 1, 2, 38, 31, 3, 26.82%, 0, 11, 4, 1.82, 112061, 372
60565, 1, 2, 38, 31, 3, 26.82%, 0, 11, 4, 1.82, 112071, 372
60570, 1, 2, 38, 31, 3, 26.82%, 0, 11, 4, 1.82, 112081, 372
60576, 1, 2, 38, 31, 3, 26.82%, 0, 11, 4, 2.44, 112095, 372
60581, 1, 2, 38, 31, 3, 26.82%, 0, 11, 4, 2.77, 112109, 372
60587, 1, 2, 38, 31, 3, 26.82%, 0, 11, 4, 2.44, 112119, 372
60592, 1, 2, 38, 31, 3, 26.82%, 0, 11, 4, 2.15, 112129, 372
60598, 1, 2, 38, 31, 3, 26.82%, 0, 11, 4, 1.99, 112139, 372
60603, 1, 2, 38, 31, 3, 26.82%, 0, 11, 4, 1.91, 112149, 372
60609, 1, 2, 38, 31, 3, 26.82%, 0, 11, 4, 1.87, 112159, 372
60614, 1, 2, 38, 31, 3, 26.82%, 0, 11, 4, 1.85, 112169, 372
60620, 1, 2, 38, 31, 3, 26.82%, 0, 11, 4, 1.84, 112179, 372
60625, 1, 2, 38, 31, 3, 26.82%, 0, 11, 4, 1.83, 112189, 372
60631, 1, 2, 38, 31, 3, 26.82%, 0, 11, 4, 1.83, 112199, 372
60636, 1, 2, 38, 31, 3, 26.82%, 0, 11, 4, 1.83, 112209, 372
60642, 1, 2, 38, 31, 3, 26.82%, 0, 11, 4, 1.82, 112219, 372
60647, 1, 2, 38, 31, 3, 26.82%, 0, 11, 4, 1.82, 112229, 372
60653, 1, 2, 38, 31, 3, 26.82%, 0, 11, 4, 1.82, 112239, 372
60658, 1, 2, 38, 31, 3, 26.82%, 0, 11, 4, 1.82, 112249, 372
60664, 1, 2, 38, 31, 3, 26.82%, 0, 11, 4, 1.82, 112259, 372
60669, 1, 2, 38, 31, 3, 26.82%, 0, 11, 4, 1.82, 112269, 372
60675, 1, 2, 38, 31, 3, 26.82%, 0, 11, 4, 1.82, 112279, 372
60680, 1, 2, 38, 31, 3, 26.82%, 0, 11, 4, 1.82, 112289, 372
60686, 1, 2, 38, 31, 3, 26.82%, 0, 11, 4, 1.82, 112299, 372
60691, 1, 2, 38, 31, 3, 26.82%, 0, 11, 4, 1.82, 112309, 372
60697, 1, 2, 38, 31, 3, 26.82%, 0, 11, 4, 1.82, 112319, 372
60702, 1, 2, 38, 31, 3, 26.82%, 0, 11, 4, 1.82, 112329, 372
60708, 1, 2, 38, 31, 3, 26.82%, 0, 11, 4, 1.82, 112339, 372
60713, 1, 2, 38, 31, 3, 26.82%, 0, 11, 4, 1.82, 112349, 372
60718, 1, 2, 38, 31, 3, 26.82%, 0, 11, 4, 1.82, 112359, 372
60724, 1, 2, 38, 31, 3, 26.82%, 0, 11, 4, 1.82, 112369, 372
60729, 1, 2, 38, 31, 3, 26.82%, 0, 11, 4, 1.82, 112379, 372
60735, 1, 2, 38, 31, 3, 26.82%, 0, 11, 4, 1.82, 112389, 372
60740, 1, 2, 38, 31, 3, 26.82%, 0, 11, 4, 1.82, 112399, 372
60746, 1, 2, 38, 31, 3, 26.82%, 0, 11, 4, 1.82, 112409, 372
60751, 1, 2, 38, 31, 3, 26.82%, 0, 11, 4, 1.82, 112419, 372
60757, 1, 2, 38, 31, 3, 26.82%, 0, 11, 4, 1.82, 112429, 372
60762, 1, 2, 38, 31, 3, 26.82%, 0, 11, 4, 1.82, 112439, 372
60768, 1, 2, 38, 31, 3, 26.82%, 0, 11, 4, 1.82, 112449, 372
60773, 1, 2, 38, 31, 3, 26.82%, 0, 11, 4, 1.82, 112459, 372
60779, 1, 2, 38, 31, 3, 26.82%, 0, 11, 4, 1.82, 112469, 372
60784, 1, 2, 38, 31, 3, 26.82%, 0, 11, 4, 1.82, 112479, 372
60790, 1, 2, 38, 31, 3, 26.82%, 0, 11, 4, 1.82, 112489, 372
60795, 1, 2, 38, 31, 3, 26.82%, 0, 11, 4, 1.82, 112499, 372
60801, 1, 2, 38, 31, 3, 26.82%, 0, 11, 4, 1.82, 112509, 372
60806, 1, 2, 38, 31, 3, 26.82%, 0, 11, 4, 1.82, 112519, 372
60812, 1, 2, 38, 31, 3, 26.82%, 0, 11, 4, 1.82, 112529, 372
60817, 1, 2, 38, 31, 3, 26.82%, 0, 11, 4, 1.82, 112539, 372
60823, 1, 2, 38, 31, 3, 26.82%, 0, 11, 4, 1.82, 112549, 372
60828, 1, 2, 38, 31, 3, 26.82%, 0, 11, 4, 1.82, 112559, 372
60834, 1, 2, 38, 31, 3, 26.82%, 0, 11, 4, 1.82, 112569, 372
60839, 1, 2, 38, 31, 3, 26.82%, 0, 11, 4, 1.82, 112579, 372
60845, 1, 2, 38, 31, 3, 26.82%, 0, 11, 4, 1.82, 112589, 372
60850, 1, 2, 38, 31, 3, 26.82%, 0, 11, 4, 1.82, 112599, 372
60856, 1, 2, 38, 31, 3, 26.82%, 0, 11, 4, 1.82, 112609, 372
60861, 1, 2, 38, 31, 3, 26.82%, 0, 11, 4, 1.82, 112619, 372
60867, 1, 2, 38, 31, 3, 26.82%, 0, 11, 4, 1.82, 112629, 372
60872, 1, 2, 38, 31, 3, 26.82%, 0, 11, 4, 1.82, 112639, 372
60878, 1, 2, 38, 31, 3, 26.82%, 0, 11, 4, 1.77, 112649, 372
60884, 1, 2, 38, 31, 3, 26.82%, 0, 11, 4, 2.92, 112668, 372
60890, 1, 2, 38, 31, 3, 26.82%, 0, 11, 4, 2.57, 112676, 372
60895, 1, 2, 38, 31, 3, 26.82%, 0, 11, 4, 2.74, 112686, 372
60900, 1, 2, 38, 31, 3, 26.82%, 0, 11, 4, 2.74, 112697, 372
60905, 1, 2, 38, 31, 3, 26.82%, 0, 11, 4, 2.84, 112707, 372
60910, 1, 2, 38, 31, 3, 26.82%, 0, 11, 4, 2.90, 112719, 372
60916, 1, 2, 38, 31, 3, 26.82%, 0, 11, 4, 3.17, 112734, 372
60922, 1, 2, 38, 31, 3, 26.82%, 0, 11, 4, 3.06, 112745, 372
60927, 1, 2, 38, 31, 3, 26.82%, 0, 11, 4, 2.71, 112755, 372
60933, 1, 2, 38, 31, 3, 26.82%, 0, 11, 4, 2.29, 112765, 372
60938, 1, 2, 38, 31, 3, 26.82%, 0, 11, 4, 2.07, 112775, 372
60944, 1, 2, 38, 31, 3, 26.82%, 0, 11, 4, 1.95, 112785, 372
60949, 1, 2, 38, 31, 3, 26.82%, 0, 11, 4, 1.89, 112795, 372
60955, 1, 2, 38, 31, 3, 26.82%, 0, 11, 4, 1.86, 112805, 372
60960, 1, 2, 38, 31, 3, 26.82%, 0, 11, 4, 1.84, 112815, 372
60966, 1, 2, 38, 31, 3, 26.82%, 0, 11, 4, 1.83, 112825, 372
60971, 1, 2, 38, 31, 3, 26.82%, 0, 11, 4, 1.83, 112835, 372
60977, 1, 2, 38, 31, 3, 26.82%, 0, 11, 4, 1.83, 112845, 372
60982, 1, 2, 38, 31, 3, 26.82%, 0, 11, 4, 1.83, 112855, 372
60987, 1, 2, 38, 31, 3, 26.82%, 0, 11, 4, 1.83, 112865, 372
60993, 1, 2, 38, 31, 3, 26.82%, 0, 11, 4, 1.82, 112875, 372
60998, 1, 2, 38, 31, 3, 26.82%, 0, 11, 4, 1.82, 112885, 372
61004, 1, 2, 38, 31, 3, 26.82%, 0, 11, 4, 1.82, 112895, 372
61009, 1, 2, 38, 31, 3, 26.82%, 0, 11, 4, 1.82, 112905, 372
61015, 1, 2, 38, 31, 3, 26.82%, 0, 11, 4, 1.82, 112915, 372
61020, 1, 2, 38, 31, 3, 26.82%, 0, 11, 4, 1.82, 112925, 372
61026, 1, 2, 38, 31, 3, 26.82%, 0, 11, 4, 1.82, 112935, 372
61031, 1, 2, 38, 31, 3, 26.82%, 0, 11, 4, 1.82, 112945, 372
61037, 1, 2, 38, 31, 3, 26.82%, 0, 11, 4, 1.82, 112955, 372
61042, 1, 2, 38, 31, 3, 26.82%, 0, 11, 4, 1.82, 112965, 372
61048, 1, 2, 38, 31, 3, 26.82%, 0, 11, 4, 1.82, 112975, 372
61053, 1, 2, 38, 31, 3, 26.82%, 0, 11, 4, 1.82, 112985, 372
61059, 1, 2, 38, 31, 3, 26.82%, 0, 11, 4, 1.82, 112995, 372
61064, 1, 2, 38, 31, 3, 26.82%, 0, 11, 4, 1.82, 113005, 372
61070, 1, 2, 38, 31, 3, 26.82%, 0, 11, 4, 1.82, 113015, 372
61075, 1, 2, 38, 31, 3, 26.82%, 0, 11, 4, 1.82, 113025, 372
61081, 1, 2, 38, 31, 3, 26.82%, 0, 11, 4, 1.82, 113035, 372
61086, 1, 2, 38, 31, 3, 26.82%, 0, 11, 4, 1.82, 113045, 372
61092, 1, 2, 38, 31, 3, 26.82%, 0, 11, 4, 1.82, 113055, 372
61097, 1, 2, 38, 31, 3, 26.82%, 0, 11, 4, 1.82, 113065, 372
61103, 1, 2, 38, 31, 3, 26.82%, 0, 11, 4, 1.82, 113075, 372
61108, 1, 2, 38, 31, 3, 26.82%, 0, 11, 4, 1.82, 113085, 372
61114, 1, 2, 38, 31, 3, 26.82%, 0, 11, 4, 1.82, 113095, 372
61119, 1, 2, 38, 31, 3, 26.82%, 0, 11, 4, 1.82, 113105, 372
61125, 1, 2, 38, 31, 3, 26.82%, 0, 11, 4, 1.82, 113115, 372
61130, 1, 2, 38, 31, 3, 26.82%, 0, 11, 4, 1.82, 113125, 372
61136, 1, 2, 38, 31, 3, 26.82%, 0, 11, 4, 1.82, 113135, 372
61141, 1, 2, 38, 31, 3, 26.82%, 0, 11, 4, 1.82, 113145, 372
61147, 1, 2, 38, 31, 3, 26.82%, 0, 11, 4, 1.82, 113155, 372
61152, 1, 2, 38, 31, 3, 26.82%, 0, 11, 4, 1.82, 113165, 372
61158, 1, 2, 38, 31, 3, 26.82%, 0, 11, 4, 1.82, 113175, 372
61163, 1, 2, 38, 31, 3, 26.82%, 0, 11, 4, 1.82, 113185, 372
61168, 1, 2, 38, 31, 3, 26.82%, 0, 11, 4, 1.82, 113195, 372
61174, 1, 2, 38, 31, 3, 26.82%, 0, 11, 4, 1.82, 113205, 372
61179, 1, 2, 38, 31, 3, 26.82%, 0, 11, 4, 1.82, 113215, 372
61185, 1, 2, 38, 31, 3, 26.82%, 0, 11, 4, 1.82, 113225, 372
61190, 1, 2, 38, 31, 3, 26.82%, 0, 11, 4, 1.82, 113235, 372
61196, 1, 2, 38, 31, 3, 26.82%, 0, 11, 4, 1.82, 113245, 372
61201, 1, 2, 38, 31, 3, 26.82%, 0, 11, 4, 1.82, 113255, 372
61207, 1, 2, 38, 31, 3, 26.82%, 0, 11, 4, 1.82, 113265, 372
61212, 1, 2, 38, 31, 3, 26.82%, 0, 11, 4, 1.82, 113275, 372
61218, 1, 2, 38, 31, 3, 26.82%, 0, 11, 4, 1.82, 113285, 372
61223, 1, 2, 38, 31, 3, 26.82%, 0, 11, 4, 1.82, 113295, 372
61229, 1, 2, 38, 31, 3, 26.82%, 0, 11, 4, 1.82, 113305, 372
61234, 1, 2, 38, 31, 3, 26.82%, 0, 11, 4, 1.82, 113315, 372
61240, 1, 2, 38, 31, 3, 26.82%, 0, 11, 4, 1.82, 113325, 372
61245, 1, 2, 38, 31, 3, 26.82%, 0, 11, 4, 1.82, 113335, 372
61251, 1, 2, 38, 31, 3, 26.82%, 0, 11, 4, 1.82, 113345, 372
61256, 1, 2, 38, 31, 3, 26.82%, 0, 11, 4, 1.82, 113355, 372
61262, 1, 2, 38, 31, 3, 26.82%, 0, 11, 4, 1.82, 113365, 372
61267, 1, 2, 38, 31, 3, 26.82%, 0, 11, 4, 1.82, 113375, 372
61273, 1, 2, 38, 31, 3, 26.82%, 0, 11, 4, 1.82, 113385, 372
61278, 1, 2, 38, 31, 3, 26.82%, 0, 11, 4, 1.82, 113395, 372
61284, 1, 2, 38, 31, 3, 26.82%, 0, 11, 4, 1.82, 113405, 372
61289, 1, 2, 38, 31, 3, 26.82%, 0, 11, 4, 1.82, 113415, 372
61295, 1, 2, 38, 31, 3, 26.82%, 0, 11, 4, 1.97, 113427, 372
61300, 1, 2, 38, 31, 3, 26.82%, 0, 11, 4, 2.13, 113439, 372
61305, 1, 2, 38, 31, 3, 26.82%, 0, 11, 4, 2.13, 113450, 372
61310, 1, 2, 38, 31, 3, 26.82%, 0, 11, 4, 2.28, 113461, 372
61316, 1, 2, 38, 31, 3, 26.82%, 0, 11, 4, 2.26, 113473, 372
61321, 1, 2, 38, 31, 3, 26.82%, 0, 11, 4, 2.15, 113484, 372
61326, 1, 2, 38, 31, 3, 26.82%, 0, 11, 4, 2.19, 113496, 372
61332, 1, 2, 38, 31, 3, 26.82%, 0, 11, 4, 2.11, 113507, 372
61337, 1, 2, 38, 31, 3, 26.82%, 0, 11, 4, 1.99, 113516, 372
61342, 1, 2, 38, 31, 3, 26.82%, 0, 11, 4, 1.88, 113525, 372
61348, 1, 2, 38, 31, 3, 26.82%, 0, 11, 4, 2.23, 113538, 372
61353, 1, 2, 38, 31, 3, 26.82%, 0, 11, 4, 2.47, 113553, 372
61358, 1, 2, 38, 31, 3, 26.82%, 0, 11, 4, 2.31, 113564, 372
61363, 1, 2, 38, 31, 3, 26.82%, 0, 11, 4, 2.65, 113580, 372
61369, 1, 2, 38, 31, 3, 26.82%, 0, 11, 4, 2.35, 113590, 372
61374, 1, 2, 38, 31, 3, 26.82%, 0, 11, 4, 2.33, 113602, 372
61379, 1, 2, 38, 31, 3, 26.82%, 0, 11, 4, 2.43, 113615, 372
61385, 1, 22, 38, 30, 2, 26.82%, 0, 11, 4, 3.13, 113638, 372
61390, 1, 22, 38, 30, 2, 26.82%, 0, 11, 4, 3.26, 113652, 372
61396, 1, 22, 38, 30, 2, 26.82%, 0, 11, 4, 3.11, 113665, 372
61401, 1, 22, 38, 30, 2, 26.82%, 0, 11, 4, 2.46, 113672, 372
61407, 1, 22, 38, 30, 2, 26.82%, 0, 11, 4, 2.90, 113689, 372
61412, 1, 22, 38, 30, 2, 26.82%, 0, 11, 4, 2.33, 113696, 372
61418, 1, 22, 38, 30, 2, 26.82%, 0, 11, 4, 2.82, 113712, 372
61423, 1, 22, 38, 30, 2, 26.82%, 0, 11, 4, 3.16, 113727, 372
61428, 1, 22, 38, 30, 2, 26.82%, 0, 11, 4, 3.14, 113740, 372
61434, 1, 22, 38, 30, 2, 26.82%, 0, 11, 4, 3.48, 113756, 372
61439, 1, 22, 38, 30, 2, 26.82%, 0, 11, 4, 1.10, 113784, 372
61445, 1, 22, 38, 30, 2, 26.82%, 0, 11, 4, 1.49, 113795, 372
61451, 1, 22, 38, 30, 2, 26.82%, 0, 11, 4, 1.44, 113803, 372
61456, 1, 22, 38, 30, 2, 26.82%, 0, 11, 4, 2.58, 113819, 372
61461, 1, 22, 38, 30, 2, 26.82%, 0, 11, 4, 3.53, 113840, 372
61467, 1, 22, 38, 30, 2, 26.82%, 0, 11, 4, 3.10, 113849, 372
61472, 1, 22, 38, 30, 2, 26.82%, 0, 11, 4, 2.59, 113876, 372
61477, 1, 22, 38, 30, 2, 26.82%, 0, 11, 4, 2.80, 113888, 372
61482, 1, 22, 38, 30, 2, 26.82%, 0, 11, 4, 3.24, 113904, 372
61487, 1, 22, 38, 30, 2, 26.82%, 0, 11, 4, 2.98, 113914, 372
61493, 1, 22, 38, 30, 2, 26.82%, 0, 11, 4, 3.17, 113931, 372
61498, 1, 22, 38, 30, 2, 26.82%, 0, 11, 4, 4.09, 113951, 372
61503, 1, 22, 38, 30, 2, 26.82%, 0, 11, 4, 4.61, 113974, 372
61508, 1, 22, 38, 30, 2, 26.82%, 0, 11, 4, 3.57, 113986, 372
61513, 1, 22, 38, 30, 2, 26.82%, 0, 11, 4, 3.78, 114001, 372
61519, 1, 22, 38, 30, 2, 26.82%, 0, 11, 4, 4.36, 114024, 372
61525, 1, 22, 38, 30, 2, 26.82%, 0, 11, 4, 3.35, 114032, 372
61530, 1, 22, 38, 30, 2, 26.82%, 0, 11, 4, 3.28, 114044, 372
61536, 1, 22, 38, 30, 2, 26.82%, 0, 11, 4, 2.62, 114051, 372
61542, 1, 22, 38, 30, 2, 26.82%, 0, 11, 4, 2.37, 114060, 372
61547, 1, 22, 38, 30, 2, 26.82%, 0, 11, 4, 2.78, 114075, 372
61553, 1, 22, 38, 30, 2, 26.82%, 0, 11, 4, 2.22, 114082, 372
61558, 1, 22, 38, 30, 2, 26.82%, 0, 11, 4, 1.98, 114091, 372
61564, 1, 22, 38, 30, 2, 26.82%, 0, 11, 4, 3.05, 114116, 372
61569, 1, 22, 38, 30, 2, 26.82%, 0, 11, 4, 3.34, 114132, 372
61575, 1, 22, 38, 30, 2, 26.82%, 0, 11, 4, 2.62, 114138, 372
61580, 1, 22, 38, 30, 2, 26.82%, 0, 11, 4, 3.10, 114154, 372
61586, 1, 22, 38, 30, 2, 26.82%, 0, 11, 4, 2.54, 114162, 372
61592, 1, 22, 38, 30, 2, 26.82%, 0, 11, 4, 2.12, 114169, 372
61598, 1, 22, 38, 30, 2, 26.82%, 0, 11, 4, 1.82, 114176, 372
61603, 1, 22, 38, 30, 2, 26.82%, 0, 11, 4, 1.89, 114187, 372
61608, 1, 22, 38, 30, 2, 26.82%, 0, 11, 4, 2.67, 114205, 372
61614, 1, 22, 38, 30, 2, 26.82%, 0, 11, 4, 1.37, 114227, 372
61619, 1, 22, 38, 30, 2, 26.82%, 0, 11, 4, 1.54, 114237, 372
61624, 1, 22, 38, 30, 2, 26.82%, 0, 11, 4, 1.71, 114247, 372
61629, 1, 22, 38, 30, 2, 26.82%, 0, 11, 4, 2.57, 114263, 372
61635, 1, 22, 38, 30, 2, 26.82%, 0, 11, 4, 2.28, 114272, 372
61640, 1, 22, 38, 30, 2, 26.82%, 0, 11, 4, 2.17, 114281, 372
61645, 1, 22, 38, 30, 2, 26.82%, 0, 11, 4, 3.15, 114299, 372
61650, 1, 22, 38, 30, 2, 26.82%, 0, 11, 4, 2.97, 114309, 372
61655, 1, 22, 38, 30, 2, 26.82%, 0, 11, 4, 2.79, 114322, 372
61661, 1, 22, 38, 30, 2, 26.82%, 0, 11, 4, 2.28, 114329, 372
61666, 1, 22, 38, 30, 2, 26.82%, 0, 11, 4, 2.31, 114353, 372
61671, 1, 22, 38, 30, 2, 26.82%, 0, 11, 4, 1.77, 114371, 372
61676, 1, 22, 38, 30, 2, 26.82%, 0, 11, 4, 2.12, 114385, 372
61682, 1, 22, 38, 30, 2, 26.82%, 0, 11, 4, 2.09, 114396, 372
61688, 1, 22, 38, 30, 2, 26.82%, 0, 11, 4, 2.54, 114410, 372
61693, 1, 22, 38, 30, 2, 26.82%, 0, 11, 4, 2.58, 114422, 372
61699, 1, 22, 38, 30, 2, 26.82%, 0, 11, 4, 2.17, 114429, 372
61704, 1, 22, 38, 30, 2, 26.82%, 0, 11, 4, 2.26, 114440, 372
61709, 1, 22, 38, 30, 2, 26.82%, 0, 11, 4, 2.72, 114454, 372
61714, 1, 22, 38, 30, 2, 26.82%, 0, 11, 4, 3.10, 114468, 372
61720, 1, 22, 38, 30, 2, 26.82%, 0, 11, 4, 3.88, 114491, 372
61726, 1, 22, 38, 30, 2, 26.82%, 0, 11, 4, 3.14, 114500, 372
61731, 1, 22, 38, 30, 2, 26.82%, 0, 11, 4, 3.32, 114515, 372
61737, 1, 22, 38, 30, 2, 26.82%, 0, 11, 4, 2.64, 114522, 372
61743, 1, 22, 38, 30, 2, 26.82%, 0, 11, 4, 3.05, 114536, 372
61748, 1, 22, 38, 30, 2, 26.82%, 0, 11, 4, 3.29, 114552, 372
61753, 1, 22, 38, 30, 2, 26.82%, 0, 11, 4, 5.58, 114587, 372
61758, 1, 22, 38, 30, 2, 26.82%, 0, 11, 4, 13.62, 114608, 372
61764, 1, 22, 38, 30, 2, 26.82%, 0, 11, 4, 1.47, 114617, 372
61770, 1, 22, 38, 30, 2, 26.82%, 0, 11, 4, 1.72, 114627, 372
61775, 1, 22, 38, 30, 2, 26.82%, 0, 11, 4, 2.75, 114644, 372
61780, 1, 22, 38, 30, 2, 26.82%, 0, 11, 4, 3.19, 114663, 372
61786, 1, 22, 38, 30, 2, 26.82%, 0, 11, 4, 2.93, 114675, 372
61791, 1, 22, 38, 30, 2, 26.82%, 0, 11, 4, 3.30, 114690, 372
61797, 1, 22, 38, 30, 2, 26.82%, 0, 11, 4, 4.34, 114717, 372
61802, 1, 22, 38, 30, 2, 26.82%, 0, 11, 4, 4.76, 114739, 372
61807, 1, 22, 38, 30, 2, 26.82%, 0, 11, 4, 3.96, 114749, 372
61813, 1, 22, 38, 30, 2, 26.82%, 0, 11, 4, 4.82, 114780, 372
61818, 1, 22, 38, 30, 2, 26.82%, 0, 11, 4, 3.90, 114790, 372
61823, 1, 22, 38, 30, 2, 26.82%, 0, 11, 4, 3.73, 114809, 372
61829, 1, 22, 38, 30, 2, 26.82%, 0, 11, 4, 3.05, 114820, 372
61834, 1, 22, 38, 30, 2, 26.82%, 0, 11, 4, 3.40, 114835, 372
61840, 1, 22, 38, 30, 2, 26.82%, 0, 11, 4, 2.69, 114843, 372
61845, 1, 22, 38, 30, 2, 26.82%, 0, 11, 4, 3.17, 114866, 372
61850, 1, 22, 38, 30, 2, 26.82%, 0, 11, 4, 2.66, 114874, 372
61855, 1, 22, 38, 30, 2, 26.82%, 0, 11, 4, 3.05, 114889, 372
61860, 1, 22, 38, 30, 2, 26.82%, 0, 11, 4, 2.81, 114900, 372
61866, 1, 22, 38, 30, 2, 26.82%, 0, 11, 4, 2.36, 114909, 372
61871, 1, 22, 38, 30, 2, 26.82%, 0, 11, 4, 1.99, 114916, 372
61877, 1, 22, 38, 30, 2, 26.82%, 0, 11, 4, 1.92, 114925, 372
61883, 1, 22, 38, 30, 2, 26.82%, 0, 11, 4, 1.69, 114932, 372
61888, 1, 22, 38, 30, 2, 26.82%, 0, 11, 4, 3.44, 114955, 372
61893, 1, 22, 38, 30, 2, 26.82%, 0, 11, 4, 2.77, 114964, 372
61899, 1, 22, 38, 30, 2, 26.82%, 0, 11, 4, 3.30, 114980, 372
61904, 1, 22, 38, 30, 2, 26.82%, 0, 11, 4, 3.80, 114998, 372
61909, 1, 22, 38, 30, 2, 26.82%, 0, 11, 4, 3.70, 115012, 372
61915, 1, 22, 38, 30, 2, 26.82%, 0, 11, 4, 2.94, 115019, 372
61920, 1, 22, 38, 30, 2, 26.82%, 0, 11, 4, 2.37, 115026, 372
61925, 1, 22, 38, 30, 2, 26.82%, 0, 11, 4, 2.18, 115035, 372
61930, 1, 22, 38, 30, 2, 26.82%, 0, 11, 4, 2.78, 115049, 372
61935, 1, 22, 38, 30, 2, 26.82%, 0, 11, 4, 2.69, 115063, 372
61941, 1, 22, 38, 30, 2, 26.82%, 0, 11, 4, 2.21, 115071, 372
61946, 1, 22, 38, 30, 2, 26.82%, 0, 11, 4, 2.59, 115082, 372
61952, 1, 22, 38, 30, 2, 26.82%, 0, 11, 4, 2.44, 115093, 372
61958, 1, 22, 38, 30, 2, 26.82%, 0, 11, 4, 2.01, 115099, 372
61963, 1, 22, 38, 30, 2, 26.82%, 0, 11, 4, 1.16, 115127, 372
61968, 1, 22, 38, 30, 2, 26.82%, 0, 11, 4, 1.22, 115134, 372
61974, 1, 22, 38, 30, 2, 26.82%, 0, 11, 4, 1.59, 115145, 372
61979, 1, 22, 38, 30, 2, 26.82%, 0, 11, 4, 1.56, 115153, 372
61984, 1, 22, 38, 30, 2, 26.82%, 0, 11, 4, 1.49, 115160, 372
61990, 1, 22, 38, 30, 2, 26.82%, 0, 11, 4, 1.52, 115169, 372
61995, 1, 22, 38, 30, 2, 26.82%, 0, 11, 4, 2.04, 115182, 372
62000, 1, 22, 38, 30, 2, 26.82%, 0, 11, 4, 2.13, 115192, 372
62006, 1, 22, 38, 30, 2, 26.82%, 0, 11, 4, 2.01, 115201, 372
62011, 1, 22, 38, 30, 2, 26.82%, 0, 11, 4, 1.77, 115208, 372
62017, 1, 22, 38, 30, 2, 26.82%, 0, 11, 4, 1.65, 115216, 372
62023, 1, 22, 38, 30, 2, 26.82%, 0, 11, 4, 1.10, 115256, 372
62028, 1, 22, 38, 30, 2, 26.82%, 0, 11, 4, 3.19, 115278, 372
62033, 1, 22, 38, 30, 2, 26.82%, 0, 11, 4, 3.93, 115300, 372
62038, 1, 22, 38, 30, 2, 26.82%, 0, 11, 4, 4.52, 115321, 372
62043, 1, 22, 38, 30, 2, 26.82%, 0, 11, 4, 1.82, 115342, 372
62049, 1, 22, 38, 30, 2, 26.82%, 0, 11, 4, 1.84, 115351, 372
62054, 1, 22, 38, 30, 2, 26.82%, 0, 11, 4, 2.89, 115370, 372
62059, 1, 22, 38, 30, 2, 26.82%, 0, 11, 4, 2.80, 115382, 372
62064, 1, 22, 38, 30, 2, 26.82%, 0, 11, 4, 2.41, 115390, 372
62070, 1, 22, 38, 30, 2, 26.82%, 0, 11, 4, 2.07, 115398, 372
62075, 1, 22, 38, 30, 2, 26.82%, 0, 11, 4, 3.80, 115426, 372
62081, 1, 22, 38, 30, 2, 26.82%, 0, 11, 4, 4.29, 115447, 372
62086, 1, 22, 38, 30, 2, 26.82%, 0, 11, 4, 3.34, 115459, 372
62091, 1, 11, 38, 30, 2, 26.82%, 0, 11, 4, 1.09, 115492, 372
62097, 1, 11, 38, 30, 2, 26.82%, 0, 11, 4, 1.09, 115498, 372
62102, 1, 11, 38, 30, 2, 26.82%, 0, 11, 4, 1.09, 115504, 372
62108, 1, 11, 38, 30, 2, 26.82%, 0, 11, 4, 1.09, 115510, 372
62113, 1, 11, 38, 30, 2, 26.82%, 0, 11, 4, 1.09, 115516, 372
62119, 1, 11, 38, 30, 2, 26.82%, 0, 11, 4, 1.09, 115522, 372
62124, 1, 11, 38, 30, 2, 26.82%, 0, 11, 4, 1.09, 115528, 372
62130, 1, 11, 38, 30, 2, 26.82%, 0, 11, 4, 1.09, 115534, 372
62135, 1, 11, 38, 30, 2, 26.82%, 0, 11, 4, 1.09, 115540, 372
62141, 1, 11, 38, 30, 2, 26.82%, 0, 11, 4, 1.09, 115546, 372
62146, 1, 11, 38, 30, 2, 26.82%, 0, 11, 4, 1.09, 115552, 372
62152, 1, 11, 38, 30, 2, 26.82%, 0, 11, 4, 1.09, 115558, 372
62157, 1, 11, 38, 30, 2, 26.82%, 0, 11, 4, 1.09, 115564, 372
62163, 1, 11, 38, 30, 2, 26.82%, 0, 11, 4, 1.09, 115570, 372
62168, 1, 11, 38, 30, 2, 26.82%, 0, 11, 4, 1.09, 115576, 372
62174, 1, 11, 38, 30, 2, 26.82%, 0, 11, 4, 1.09, 115582, 372
62179, 1, 11, 38, 30, 2, 26.82%, 0, 11, 4, 1.09, 115588, 372
62185, 1, 11, 38, 30, 2, 26.82%, 0, 11, 4, 1.09, 115594, 372
62190, 1, 11, 38, 30, 2, 26.82%, 0, 11, 4, 1.09, 115600, 372
62196, 1, 11, 38, 30, 2, 26.82%, 0, 11, 4, 1.09, 115606, 372
62201, 1, 11, 38, 30, 2, 26.82%, 0, 11, 4, 1.09, 115612, 372
62207, 1, 11, 38, 30, 2, 26.82%, 0, 11, 4, 1.09, 115618, 372
62212, 1, 11, 38, 30, 2, 26.82%, 0, 11, 4, 1.12, 115624, 372
62217, 1, 11, 38, 30, 2, 26.82%, 0, 11, 4, 1.11, 115630, 372
62223, 1, 11, 38, 30, 2, 26.82%, 0, 11, 4, 1.11, 115636, 372
62228, 1, 11, 38, 30, 2, 26.82%, 0, 11, 4, 1.10, 115642, 372
62234, 1, 11, 38, 30, 2, 26.82%, 0, 11, 4, 1.10, 115648, 372
62239, 1, 11, 38, 30, 2, 26.82%, 0, 11, 4, 1.10, 115654, 372
62245, 1, 11, 38, 30, 2, 26.82%, 0, 11, 4, 1.10, 115660, 372
62250, 1, 11, 38, 30, 2, 26.82%, 0, 11, 4, 1.10, 115666, 372
62256, 1, 11, 38, 30, 2, 26.82%, 0, 11, 4, 1.10, 115672, 372
62261, 1, 11, 38, 30, 2, 26.82%, 0, 11, 4, 1.09, 115678, 372
62266, 1, 11, 38, 30, 2, 26.82%, 0, 11, 4, 1.09, 115684, 372
62272, 1, 11, 38, 30, 2, 26.82%, 0, 11, 4, 1.09, 115690, 372
62277, 1, 11, 38, 30, 2, 26.82%, 0, 11, 4, 1.09, 115696, 372
62283, 1, 11, 38, 30, 2, 26.82%, 0, 11, 4, 1.09, 115702, 372
62288, 1, 11, 38, 30, 2, 26.82%, 0, 11, 4, 1.09, 115708, 372
62294, 1, 11, 38, 30, 2, 26.82%, 0, 11, 4, 1.09, 115714, 372
62299, 1, 11, 38, 30, 2, 26.82%, 0, 11, 4, 1.09, 115720, 372
62305, 1, 11, 38, 30, 2, 26.82%, 0, 11, 4, 1.09, 115726, 372
62310, 1, 11, 38, 30, 2, 26.82%, 0, 11, 4, 1.09, 115732, 372
62316, 1, 11, 38, 30, 2, 26.82%, 0, 11, 4, 1.09, 115738, 372
62321, 1, 11, 38, 30, 2, 26.82%, 0, 11, 4, 1.09, 115744, 372
62327, 1, 11, 38, 30, 2, 26.82%, 0, 11, 4, 1.09, 115750, 372
62332, 1, 11, 38, 30, 2, 26.82%, 0, 11, 4, 1.09, 115756, 372
62338, 1, 11, 38, 30, 2, 26.82%, 0, 11, 4, 1.09, 115762, 372
62343, 1, 11, 38, 30, 2, 26.82%, 0, 11, 4, 1.09, 115768, 372
62349, 1, 11, 38, 30, 2, 26.82%, 0, 11, 4, 1.09, 115774, 372
62354, 1, 11, 38, 30, 2, 26.82%, 0, 11, 4, 1.09, 115780, 372
62360, 1, 11, 38, 30, 2, 26.82%, 0, 11, 4, 1.09, 115786, 372
62365, 1, 11, 38, 30, 2, 26.82%, 0, 11, 4, 1.09, 115792, 372
62371, 1, 11, 38, 30, 2, 26.82%, 0, 11, 4, 1.09, 115798, 372
62376, 1, 11, 38, 30, 2, 26.82%, 0, 11, 4, 1.09, 115804, 372
62382, 1, 11, 38, 30, 2, 26.82%, 0, 11, 4, 1.09, 115810, 372
62387, 1, 11, 38, 30, 2, 26.82%, 0, 11, 4, 1.09, 115816, 372
62393, 1, 11, 38, 30, 2, 26.82%, 0, 11, 4, 1.09, 115822, 372
62398, 1, 11, 38, 30, 2, 26.82%, 0, 11, 4, 1.09, 115828, 372
62404, 1, 11, 38, 30, 2, 26.82%, 0, 11, 4, 1.09, 115834, 372
62409, 1, 11, 38, 30, 2, 26.82%, 0, 11, 4, 1.09, 115840, 372
62415, 1, 11, 38, 30, 2, 26.82%, 0, 11, 4, 1.09, 115846, 372
62420, 1, 11, 38, 30, 2, 26.82%, 0, 11, 4, 1.09, 115852, 372
62425, 1, 11, 38, 30, 2, 26.82%, 0, 11, 4, 1.09, 115858, 372
62431, 1, 11, 38, 30, 2, 26.82%, 0, 11, 4, 1.09, 115864, 372
62436, 1, 11, 38, 30, 2, 26.82%, 0, 11, 4, 1.09, 115870, 372
62442, 1, 11, 38, 30, 2, 26.82%, 0, 11, 4, 1.09, 115876, 372
62447, 1, 11, 38, 30, 2, 26.82%, 0, 11, 4, 1.09, 115882, 372
62453, 1, 11, 38, 30, 2, 26.82%, 0, 11, 4, 1.09, 115888, 372
62458, 1, 11, 38, 30, 2, 26.82%, 0, 11, 4, 1.09, 115894, 372
62464, 1, 11, 38, 30, 2, 26.82%, 0, 11, 4, 1.09, 115900, 372
62469, 1, 11, 38, 30, 2, 26.82%, 0, 11, 4, 1.09, 115906, 372
62475, 1, 11, 38, 30, 2, 26.82%, 0, 11, 4, 1.09, 115912, 372
62480, 1, 11, 38, 30, 2, 26.82%, 0, 11, 4, 1.09, 115918, 372
62486, 1, 11, 38, 30, 2, 26.82%, 0, 11, 4, 1.09, 115924, 372
62491, 1, 11, 38, 30, 2, 26.82%, 0, 11, 4, 1.09, 115930, 372
62497, 1, 11, 38, 30, 2, 26.82%, 0, 11, 4, 1.09, 115936, 372
62502, 1, 11, 38, 30, 2, 26.82%, 0, 11, 4, 1.09, 115942, 372
62508, 1, 11, 38, 30, 2, 26.82%, 0, 11, 4, 1.09, 115948, 372
62513, 1, 11, 38, 30, 2, 26.82%, 0, 11, 4, 1.09, 115954, 372
62519, 1, 11, 38, 30, 2, 26.82%, 0, 11, 4, 1.09, 115960, 372
62524, 1, 11, 38, 30, 2, 26.82%, 0, 11, 4, 1.09, 115966, 372
62530, 1, 11, 38, 30, 2, 26.82%, 0, 11, 4, 1.09, 115972, 372
62535, 1, 11, 38, 30, 2, 26.82%, 0, 11, 4, 1.09, 115978, 372
62541, 1, 11, 38, 30, 2, 26.82%, 0, 11, 4, 1.09, 115984, 372
62546, 1, 11, 38, 30, 2, 26.82%, 0, 11, 4, 1.09, 115990, 372
62552, 1, 11, 38, 30, 2, 26.82%, 0, 11, 4, 1.09, 115996, 372
62557, 1, 11, 38, 30, 2, 26.82%, 0, 11, 4, 1.09, 116002, 372
62563, 1, 11, 38, 30, 2, 26.82%, 0, 11, 4, 1.09, 116008, 372
62568, 1, 11, 38, 30, 2, 26.82%, 0, 11, 4, 1.09, 116014, 372
62574, 1, 11, 38, 30, 2, 26.82%, 0, 11, 4, 1.09, 116020, 372
62579, 1, 11, 38, 30, 2, 26.82%, 0, 11, 4, 1.09, 116026, 372
62585, 1, 11, 38, 30, 2, 26.82%, 0, 11, 4, 1.09, 116032, 372
62590, 1, 11, 38, 30, 2, 26.82%, 0, 11, 4, 1.09, 116038, 372
62595, 1, 11, 38, 30, 2, 26.82%, 0, 11, 4, 1.09, 116044, 372
62601, 1, 11, 38, 30, 2, 26.82%, 0, 11, 4, 1.09, 116050, 372
62606, 1, 11, 38, 30, 2, 26.82%, 0, 11, 4, 1.09, 116056, 372
62612, 1, 11, 38, 30, 2, 26.82%, 0, 11, 4, 1.09, 116062, 372
62617, 1, 11, 38, 30, 2, 26.82%, 0, 11, 4, 1.09, 116068, 372
62623, 1, 11, 38, 30, 2, 26.82%, 0, 11, 4, 1.09, 116074, 372
62628, 1, 11, 38, 30, 2, 26.82%, 0, 11, 4, 1.09, 116080, 372
62634, 1, 11, 38, 30, 2, 26.82%, 0, 11, 4, 1.09, 116086, 372
62639, 1, 11, 38, 30, 2, 26.82%, 0, 11, 4, 1.09, 116092, 372
62645, 1, 11, 38, 30, 2, 26.82%, 0, 11, 4, 1.09, 116098, 372
62650, 1, 11, 38, 30, 2, 26.82%, 0, 11, 4, 1.09, 116104, 372
62656, 1, 11, 38, 30, 2, 26.82%, 0, 11, 4, 1.09, 116110, 372
62661, 1, 11, 38, 30, 2, 26.82%, 0, 11, 4, 1.09, 116116, 372
62667, 1, 11, 38, 30, 2, 26.82%, 0, 11, 4, 1.09, 116122, 372
62672, 1, 11, 38, 30, 2, 26.82%, 0, 11, 4, 1.09, 116128, 372
62678, 1, 11, 38, 30, 2, 26.82%, 0, 11, 4, 1.09, 116134, 372
62683, 1, 11, 38, 30, 2, 26.82%, 0, 11, 4, 1.09, 116140, 372
62689, 1, 11, 38, 30, 2, 26.82%, 0, 11, 4, 1.09, 116146, 372
62694, 1, 11, 38, 30, 2, 26.82%, 0, 11, 4, 1.09, 116152, 372
62700, 1, 11, 38, 30, 2, 26.82%, 0, 11, 4, 1.09, 116158, 372
62705, 1, 11, 38, 30, 2, 26.82%, 0, 11, 4, 1.09, 116164, 372
62711, 1, 11, 38, 30, 2, 26.82%, 0, 11, 4, 1.09, 116170, 372
62716, 1, 11, 38, 30, 2, 26.82%, 0, 11, 4, 1.09, 116176, 372
62722, 1, 11, 38, 30, 2, 26.82%, 0, 11, 4, 1.09, 116182, 372
62727, 1, 11, 38, 30, 2, 26.82%, 0, 11, 4, 1.09, 116188, 372
62733, 1, 11, 38, 30, 2, 26.82%, 0, 11, 4, 1.09, 116194, 372
62738, 1, 11, 38, 30, 2, 26.82%, 0, 11, 4, 1.09, 116200, 372
62744, 1, 11, 38, 30, 2, 26.82%, 0, 11, 4, 1.09, 116206, 372
62749, 1, 11, 38, 30, 2, 26.82%, 0, 11, 4, 1.09, 116212, 372
62754, 1, 11, 38, 30, 2, 26.82%, 0, 11, 4, 1.11, 116218, 372
62760, 1, 11, 38, 30, 2, 26.82%, 0, 11, 4, 1.11, 116224, 372
62765, 1, 11, 38, 30, 2, 26.82%, 0, 11, 4, 1.10, 116230, 372
62771, 1, 11, 38, 30, 2, 26.82%, 0, 11, 4, 1.10, 116236, 372
62776, 1, 11, 38, 30, 2, 26.82%, 0, 11, 4, 1.10, 116242, 372
62782, 1, 11, 38, 30, 2, 26.82%, 0, 11, 4, 1.10, 116248, 372
62787, 1, 11, 38, 30, 2, 26.82%, 0, 11, 4, 1.10, 116254, 372
62793, 1, 11, 38, 30, 2, 26.82%, 0, 11, 4, 1.10, 116260, 372
62798, 1, 11, 38, 30, 2, 26.82%, 0, 11, 4, 1.09, 116266, 372
62804, 1, 11, 38, 30, 2, 26.82%, 0, 11, 4, 1.09, 116272, 372
62809, 1, 11, 38, 30, 2, 26.82%, 0, 11, 4, 1.09, 116278, 372
62815, 1, 11, 38, 30, 2, 26.82%, 0, 11, 4, 1.09, 116284, 372
62820, 1, 11, 38, 30, 2, 26.82%, 0, 11, 4, 1.09, 116290, 372
62826, 1, 11, 38, 30, 2, 26.82%, 0, 11, 4, 1.09, 116296, 372
62831, 1, 11, 38, 30, 2, 26.82%, 0, 11, 4, 1.09, 116302, 372
62837, 1, 11, 38, 30, 2, 26.82%, 0, 11, 4, 1.09, 116308, 372
62842, 1, 11, 38, 30, 2, 26.82%, 0, 11, 4, 1.09, 116314, 372
62848, 1, 11, 38, 30, 2, 26.82%, 0, 11, 4, 1.09, 116320, 372
62853, 1, 11, 38, 30, 2, 26.82%, 0, 11, 4, 1.09, 116326, 372
62859, 1, 11, 38, 30, 2, 26.82%, 0, 11, 4, 1.09, 116332, 372
62864, 1, 11, 38, 30, 2, 26.82%, 0, 11, 4, 1.09, 116338, 372
62870, 1, 11, 38, 30, 2, 26.82%, 0, 11, 4, 1.09, 116344, 372
62875, 1, 11, 38, 30, 2, 26.82%, 0, 11, 4, 1.09, 116350, 372
62881, 1, 11, 38, 30, 2, 26.82%, 0, 11, 4, 1.09, 116356, 372
62886, 1, 11, 38, 30, 2, 26.82%, 0, 11, 4, 1.09, 116362, 372
62892, 1, 11, 38, 30, 2, 26.82%, 0, 11, 4, 1.09, 116368, 372
62897, 1, 11, 38, 30, 2, 26.82%, 0, 11, 4, 1.09, 116374, 372
62903, 1, 11, 38, 30, 2, 26.82%, 0, 11, 4, 1.09, 116380, 372
62908, 1, 11, 38, 30, 2, 26.82%, 0, 11, 4, 1.09, 116386, 372
62914, 1, 11, 38, 30, 2, 26.82%, 0, 11, 4, 1.09, 116392, 372
62919, 1, 11, 38, 30, 2, 26.82%, 0, 11, 4, 1.09, 116398, 372
62924, 1, 11, 38, 30, 2, 26.82%, 0, 11, 4, 1.09, 116404, 372
62930, 1, 11, 38, 30, 2, 26.82%, 0, 11, 4, 1.09, 116410, 372
62935, 1, 11, 38, 30, 2, 26.82%, 0, 11, 4, 1.09, 116416, 372
62941, 1, 11, 38, 30, 2, 26.82%, 0, 11, 4, 1.09, 116422, 372
62946, 1, 11, 38, 30, 2, 26.82%, 0, 11, 4, 1.09, 116428, 372
62952, 1, 11, 38, 30, 2, 26.82%, 0, 11, 4, 1.09, 116434, 372
62957, 1, 11, 38, 30, 2, 26.82%, 0, 11, 4, 1.09, 116440, 372
62963, 1, 11, 38, 30, 2, 26.82%, 0, 11, 4, 1.09, 116446, 372
62968, 1, 11, 38, 30, 2, 26.82%, 0, 11, 4, 1.09, 116452, 372
62974, 1, 11, 38, 30, 2, 26.82%, 0, 11, 4, 1.09, 116458, 372
62979, 1, 11, 38, 30, 2, 26.82%, 0, 11, 4, 1.09, 116464, 372
62985, 1, 11, 38, 30, 2, 26.82%, 0, 11, 4, 1.09, 116470, 372
62990, 1, 11, 38, 30, 2, 26.82%, 0, 11, 4, 1.09, 116476, 372
62996, 1, 11, 38, 30, 2, 26.82%, 0, 11, 4, 1.09, 116482, 372
63001, 1, 11, 38, 30, 2, 26.82%, 0, 11, 4, 1.09, 116488, 372
63007, 1, 11, 38, 30, 2, 26.82%, 0, 11, 4, 1.09, 116494, 372
63012, 1, 11, 38, 30, 2, 26.82%, 0, 11, 4, 1.09, 116500, 372
63018, 1, 11, 38, 30, 2, 26.82%, 0, 11, 4, 1.09, 116506, 372
63023, 1, 11, 38, 30, 2, 26.82%, 0, 11, 4, 1.09, 116512, 372
63029, 1, 11, 38, 30, 2, 26.82%, 0, 11, 4, 1.09, 116518, 372
63034, 1, 11, 38, 30, 2, 26.82%, 0, 11, 4, 1.09, 116524, 372
63040, 1, 11, 38, 30, 2, 26.82%, 0, 11, 4, 1.09, 116530, 372
63045, 1, 11, 38, 30, 2, 26.82%, 0, 11, 4, 1.09, 116536, 372
63051, 1, 11, 38, 30, 2, 26.82%, 0, 11, 4, 1.09, 116542, 372
63056, 1, 11, 38, 30, 2, 26.82%, 0, 11, 4, 1.09, 116548, 372
63062, 1, 11, 38, 30, 2, 26.82%, 0, 11, 4, 1.09, 116554, 372
63067, 1, 11, 38, 30, 2, 26.82%, 0, 11, 4, 1.09, 116560, 372
63073, 1, 11, 38, 30, 2, 26.82%, 0, 11, 4, 1.09, 116566, 372
63078, 1, 11, 38, 30, 2, 26.82%, 0, 11, 4, 1.09, 116572, 372
63083, 1, 11, 38, 30, 2, 26.82%, 0, 11, 4, 1.09, 116578, 372
63089, 1, 11, 38, 30, 2, 26.82%, 0, 11, 4, 1.09, 116584, 372
63094, 1, 11, 38, 30, 2, 26.82%, 0, 11, 4, 1.09, 116590, 372
63100, 1, 11, 38, 30, 2, 26.82%, 0, 11, 4, 1.09, 116596, 372
63105, 1, 11, 38, 30, 2, 26.82%, 0, 11, 4, 1.09, 116602, 372
63111, 1, 11, 38, 30, 2, 26.82%, 0, 11, 4, 1.09, 116608, 372
63116, 1, 11, 38, 30, 2, 26.82%, 0, 11, 4, 1.09, 116614, 372
63122, 1, 11, 38, 30, 2, 26.82%, 0, 11, 4, 1.09, 116620, 372
63127, 1, 11, 38, 30, 2, 26.82%, 0, 11, 4, 1.09, 116626, 372
63133, 1, 11, 38, 30, 2, 26.82%, 0, 11, 4, 1.09, 116632, 372
63138, 1, 11, 38, 30, 2, 26.82%, 0, 11, 4, 1.09, 116638, 372
63144, 1, 11, 38, 30, 2, 26.82%, 0, 11, 4, 1.09, 116644, 372
63149, 1, 11, 38, 30, 2, 26.82%, 0, 11, 4, 1.09, 116650, 372
63155, 1, 11, 38, 30, 2, 26.82%, 0, 11, 4, 1.09, 116656, 372
63160, 1, 11, 38, 30, 2, 26.82%, 0, 11, 4, 1.09, 116662, 372
63166, 1, 11, 38, 30, 2, 26.82%, 0, 11, 4, 1.09, 116668, 372
63171, 1, 11, 38, 30, 2, 26.82%, 0, 11, 4, 1.09, 116674, 372
63177, 1, 11, 38, 30, 2, 26.82%, 0, 11, 4, 1.09, 116680, 372
63182, 1, 11, 38, 30, 2, 26.82%, 0, 11, 4, 1.09, 116686, 372
63188, 1, 11, 38, 30, 2, 26.82%, 0, 11, 4, 1.09, 116692, 372
63193, 1, 11, 38, 30, 2, 26.82%, 0, 11, 4, 1.09, 116698, 372
63199, 1, 11, 38, 30, 2, 26.82%, 0, 11, 4, 1.09, 116704, 372
63204, 1, 11, 38, 30, 2, 26.82%, 0, 11, 4, 1.09, 116710, 372
63210, 1, 11, 38, 30, 2, 26.82%, 0, 11, 4, 1.09, 116716, 372
63215, 1, 11, 38, 30, 2, 26.82%, 0, 11, 4, 1.09, 116722, 372
63221, 1, 11, 38, 30, 2, 26.82%, 0, 11, 4, 1.09, 116728, 372
63226, 1, 11, 38, 30, 2, 26.82%, 0, 11, 4, 1.09, 116734, 372
63232, 1, 11, 38, 30, 2, 26.82%, 0, 11, 4, 1.09, 116740, 372
63237, 1, 11, 38, 30, 2, 26.82%, 0, 11, 4, 1.09, 116746, 372
63242, 1, 11, 38, 30, 2, 26.82%, 0, 11, 4, 1.09, 116752, 372
63248, 1, 11, 38, 30, 2, 26.82%, 0, 11, 4, 1.09, 116758, 372
63253, 1, 11, 38, 30, 2, 26.82%, 0, 11, 4, 1.09, 116764, 372
63259, 1, 11, 38, 30, 2, 26.82%, 0, 11, 4, 1.09, 116770, 372
63264, 1, 11, 38, 30, 2, 26.82%, 0, 11, 4, 1.09, 116776, 372
63270, 1, 11, 38, 30, 2, 26.82%, 0, 11, 4, 1.09, 116782, 372
63275, 1, 11, 38, 30, 2, 26.82%, 0, 11, 4, 1.09, 116788, 372
63281, 1, 11, 38, 30, 2, 26.82%, 0, 11, 4, 1.09, 116794, 372
63286, 1, 11, 38, 30, 2, 26.82%, 0, 11, 4, 1.09, 116800, 372
63292, 1, 11, 38, 30, 2, 26.82%, 0, 11, 4, 1.09, 116806, 372
63298, 1, 11, 38, 30, 2, 26.82%, 0, 11, 4, 1.08, 116812, 372
63303, 1, 11, 38, 30, 2, 26.82%, 0, 11, 4, 1.09, 116818, 372
63309, 1, 11, 38, 30, 2, 26.82%, 0, 11, 4, 1.09, 116824, 372
63314, 1, 11, 38, 30, 2, 26.82%, 0, 11, 4, 1.09, 116830, 372
63320, 1, 11, 38, 30, 2, 26.82%, 0, 11, 4, 1.09, 116836, 372
63325, 1, 11, 38, 30, 2, 26.82%, 0, 11, 4, 1.09, 116842, 372
63331, 1, 11, 38, 30, 2, 26.82%, 0, 11, 4, 1.09, 116848, 372
63336, 1, 11, 38, 30, 2, 26.82%, 0, 11, 4, 1.09, 116854, 372
63342, 1, 11, 38, 30, 2, 26.82%, 0, 11, 4, 1.09, 116860, 372
63347, 1, 11, 38, 30, 2, 26.82%, 0, 11, 4, 1.09, 116866, 372
63352, 1, 11, 38, 30, 2, 26.82%, 0, 11, 4, 1.09, 116872, 372
63358, 1, 11, 38, 30, 2, 26.82%, 0, 11, 4, 1.09, 116878, 372
63363, 1, 11, 38, 30, 2, 26.82%, 0, 11, 4, 1.09, 116884, 372
63369, 1, 11, 38, 30, 2, 26.82%, 0, 11, 4, 1.09, 116890, 372
63374, 1, 11, 38, 30, 2, 26.82%, 0, 11, 4, 1.09, 116896, 372
63380, 1, 11, 38, 30, 2, 26.82%, 0, 11, 4, 1.09, 116902, 372
63385, 1, 11, 38, 30, 2, 26.82%, 0, 11, 4, 1.09, 116908, 372
63391, 1, 11, 38, 30, 2, 26.82%, 0, 11, 4, 1.09, 116914, 372
63396, 1, 11, 38, 30, 2, 26.82%, 0, 11, 4, 1.09, 116920, 372
63402, 1, 11, 38, 30, 2, 26.82%, 0, 11, 4, 1.09, 116926, 372
63407, 1, 11, 38, 30, 2, 26.82%, 0, 11, 4, 1.09, 116932, 372
63413, 1, 11, 38, 30, 2, 26.82%, 0, 11, 4, 1.09, 116938, 372
63418, 1, 11, 38, 30, 2, 26.82%, 0, 11, 4, 1.09, 116944, 372
63424, 1, 11, 38, 30, 2, 26.82%, 0, 11, 4, 1.09, 116950, 372
63429, 1, 11, 38, 30, 2, 26.82%, 0, 11, 4, 1.09, 116956, 372
63435, 1, 11, 38, 30, 2, 26.82%, 0, 11, 4, 1.09, 116962, 372
63440, 1, 11, 38, 30, 2, 26.82%, 0, 11, 4, 1.09, 116968, 372
63446, 1, 11, 38, 30, 2, 26.82%, 0, 11, 4, 1.09, 116974, 372
63451, 1, 11, 38, 30, 2, 26.82%, 0, 11, 4, 1.09, 116980, 372
63457, 1, 11, 38, 30, 2, 26.82%, 0, 11, 4, 1.09, 116986, 372
63462, 1, 11, 38, 30, 2, 26.82%, 0, 11, 4, 1.09, 116992, 372
63468, 1, 11, 38, 30, 2, 26.82%, 0, 11, 4, 1.09, 116998, 372
63473, 1, 11, 38, 30, 2, 26.82%, 0, 11, 4, 1.09, 117004, 372
63479, 1, 11, 38, 30, 2, 26.82%, 0, 11, 4, 1.09, 117010, 372
63484, 1, 11, 38, 30, 2, 26.82%, 0, 11, 4, 1.09, 117016, 372
63490, 1, 11, 38, 30, 2, 26.82%, 0, 11, 4, 1.09, 117022, 372
63495, 1, 11, 38, 30, 2, 26.82%, 0, 11, 4, 1.09, 117028, 372
63501, 1, 11, 38, 30, 2, 26.82%, 0, 11, 4, 1.09, 117034, 372
63506, 1, 11, 38, 30, 2, 26.82%, 0, 11, 4, 1.09, 117040, 372
63512, 1, 11, 38, 30, 2, 26.82%, 0, 11, 4, 1.09, 117046, 372
63517, 1, 11, 38, 30, 2, 26.82%, 0, 11, 4, 1.09, 117052, 372
63522, 1, 11, 38, 30, 2, 26.82%, 0, 11, 4, 1.09, 117058, 372
63528, 1, 11, 38, 30, 2, 26.82%, 0, 11, 4, 1.09, 117064, 372
63533, 1, 11, 38, 30, 2, 26.82%, 0, 11, 4, 1.09, 117070, 372
63539, 1, 11, 38, 30, 2, 26.82%, 0, 11, 4, 1.09, 117076, 372
63544, 1, 11, 38, 30, 2, 26.82%, 0, 11, 4, 1.09, 117082, 372
63550, 1, 11, 38, 30, 2, 26.82%, 0, 11, 4, 1.09, 117088, 372
63555, 1, 11, 38, 30, 2, 26.82%, 0, 11, 4, 1.09, 117094, 372
63561, 1, 11, 38, 30, 2, 26.82%, 0, 11, 4, 1.09, 117100, 372
63566, 1, 11, 38, 30, 2, 26.82%, 0, 11, 4, 1.09, 117106, 372
63572, 1, 11, 38, 30, 2, 26.82%, 0, 11, 4, 1.09, 117112, 372
63577, 1, 11, 38, 30, 2, 26.82%, 0, 11, 4, 1.09, 117118, 372
63583, 1, 11, 38, 30, 2, 26.82%, 0, 11, 4, 1.09, 117124, 372
63588, 1, 11, 38, 30, 2, 26.82%, 0, 11, 4, 1.09, 117130, 372
63594, 1, 11, 38, 30, 2, 26.82%, 0, 11, 4, 1.09, 117136, 372
63599, 1, 11, 38, 30, 2, 26.82%, 0, 11, 4, 1.09, 117142, 372
63605, 1, 11, 38, 30, 2, 26.82%, 0, 11, 4, 1.09, 117148, 372
63610, 1, 11, 38, 30, 2, 26.82%, 0, 11, 4, 1.09, 117154, 372
63616, 1, 11, 38, 30, 2, 26.82%, 0, 11, 4, 1.09, 117160, 372
63621, 1, 11, 38, 30, 2, 26.82%, 0, 11, 4, 1.09, 117166, 372
63627, 1, 11, 38, 30, 2, 26.82%, 0, 11, 4, 1.09, 117172, 372
63632, 1, 11, 38, 30, 2, 26.82%, 0, 11, 4, 1.09, 117178, 372
63638, 1, 11, 38, 30, 2, 26.82%, 0, 11, 4, 1.09, 117184, 372
63643, 1, 11, 38, 30, 2, 26.82%, 0, 11, 4, 1.09, 117190, 372
63649, 1, 11, 38, 30, 2, 26.82%, 0, 11, 4, 1.09, 117196, 372
63654, 1, 11, 38, 30, 2, 26.82%, 0, 11, 4, 1.09, 117202, 372
63660, 1, 11, 38, 30, 2, 26.82%, 0, 11, 4, 1.09, 117208, 372
63665, 1, 11, 38, 30, 2, 26.82%, 0, 11, 4, 1.09, 117214, 372
63671, 1, 11, 38, 30, 2, 26.82%, 0, 11, 4, 1.09, 117220, 372
63676, 1, 11, 38, 30, 2, 26.82%, 0, 11, 4, 1.09, 117226, 372
63682, 1, 11, 38, 30, 2, 26.82%, 0, 11, 4, 1.09, 117232, 372
63687, 1, 11, 38, 30, 2, 26.82%, 0, 11, 4, 1.09, 117238, 372
63692, 1, 11, 38, 30, 2, 26.82%, 0, 11, 4, 1.09, 117244, 372
63698, 1, 11, 38, 30, 2, 26.82%, 0, 11, 4, 1.09, 117250, 372
63703, 1, 11, 38, 30, 2, 26.82%, 0, 11, 4, 1.09, 117256, 372
63709, 1, 11, 38, 30, 2, 26.82%, 0, 11, 4, 1.09, 117262, 372
63714, 1, 11, 38, 30, 2, 26.82%, 0, 11, 4, 1.09, 117268, 372
63720, 1, 11, 38, 30, 2, 26.82%, 0, 11, 4, 1.09, 117274, 372
63725, 1, 11, 38, 30, 2, 26.82%, 0, 11, 4, 1.09, 117280, 372
63731, 1, 11, 38, 30, 2, 26.82%, 0, 11, 4, 1.09, 117286, 372
63736, 1, 11, 38, 30, 2, 26.82%, 0, 11, 4, 1.09, 117292, 372
63742, 1, 11, 38, 30, 2, 26.82%, 0, 11, 4, 1.09, 117298, 372
63747, 1, 11, 38, 30, 2, 26.82%, 0, 11, 4, 1.09, 117304, 372
63753, 1, 11, 38, 30, 2, 26.82%, 0, 11, 4, 1.09, 117310, 372
63758, 1, 11, 38, 30, 2, 26.82%, 0, 11, 4, 1.09, 117316, 372
63764, 1, 11, 38, 30, 2, 26.82%, 0, 11, 4, 1.09, 117322, 372
63769, 1, 11, 38, 30, 2, 26.82%, 0, 11, 4, 1.09, 117328, 372
63775, 1, 11, 38, 30, 2, 26.82%, 0, 11, 4, 1.09, 117334, 372
63780, 1, 11, 38, 30, 2, 26.82%, 0, 11, 4, 1.09, 117340, 372
63786, 1, 11, 38, 30, 2, 26.82%, 0, 11, 4, 1.09, 117346, 372
63791, 1, 11, 38, 30, 2, 26.82%, 0, 11, 4, 1.08, 117352, 372
63797, 1, 11, 38, 30, 2, 26.82%, 0, 11, 4, 1.09, 117358, 372
63802, 1, 11, 38, 30, 2, 26.82%, 0, 11, 4, 1.09, 117364, 372
63808, 1, 11, 38, 30, 2, 26.82%, 0, 11, 4, 1.09, 117370, 372
63813, 1, 11, 38, 30, 2, 26.82%, 0, 11, 4, 1.09, 117376, 372
63819, 1, 11, 38, 30, 2, 26.82%, 0, 11, 4, 1.09, 117382, 372
63824, 1, 11, 38, 30, 2, 26.82%, 0, 11, 4, 1.09, 117388, 372
63830, 1, 11, 38, 30, 2, 26.82%, 0, 11, 4, 1.09, 117394, 372
63835, 1, 11, 38, 30, 2, 26.82%, 0, 11, 4, 1.09, 117400, 372
63841, 1, 11, 38, 30, 2, 26.82%, 0, 11, 4, 1.09, 117406, 372
63846, 1, 11, 38, 30, 2, 26.82%, 0, 11, 4, 1.09, 117412, 372
63852, 1, 11, 38, 30, 2, 26.82%, 0, 11, 4, 1.09, 117418, 372
63858, 1, 11, 38, 30, 2, 26.82%, 0, 11, 4, 1.07, 117424, 372
63863, 1, 11, 38, 30, 2, 26.82%, 0, 11, 4, 1.08, 117430, 372
63869, 1, 11, 38, 30, 2, 26.82%, 0, 11, 4, 1.08, 117436, 372
63874, 1, 11, 38, 30, 2, 26.82%, 0, 11, 4, 1.09, 117442, 372
63880, 1, 11, 38, 30, 2, 26.82%, 0, 11, 4, 1.09, 117448, 372
63885, 1, 11, 38, 30, 2, 26.82%, 0, 11, 4, 1.09, 117454, 372
63890, 1, 11, 38, 30, 2, 26.82%, 0, 11, 4, 1.09, 117460, 372
63896, 1, 11, 38, 30, 2, 26.82%, 0, 11, 4, 1.09, 117466, 372
63901, 1, 11, 38, 30, 2, 26.82%, 0, 11, 4, 1.09, 117472, 372
63907, 1, 11, 38, 30, 2, 26.82%, 0, 11, 4, 1.09, 117478, 372
63912, 1, 11, 38, 30, 2, 26.82%, 0, 11, 4, 1.09, 117484, 372
63918, 1, 11, 38, 30, 2, 26.82%, 0, 11, 4, 1.09, 117490, 372
63923, 1, 11, 38, 30, 2, 26.82%, 0, 11, 4, 1.09, 117496, 372
63929, 1, 11, 38, 30, 2, 26.82%, 0, 11, 4, 1.09, 117502, 372
63934, 1, 11, 38, 30, 2, 26.82%, 0, 11, 4, 1.09, 117508, 372
63940, 1, 11, 38, 30, 2, 26.82%, 0, 11, 4, 1.09, 117514, 372
63945, 1, 11, 38, 30, 2, 26.82%, 0, 11, 4, 1.09, 117520, 372
63951, 1, 11, 38, 30, 2, 26.82%, 0, 11, 4, 1.09, 117526, 372
63956, 1, 11, 38, 30, 2, 26.82%, 0, 11, 4, 1.09, 117532, 372
63962, 1, 11, 38, 30, 2, 26.82%, 0, 11, 4, 1.09, 117538, 372
63967, 1, 11, 38, 30, 2, 26.82%, 0, 11, 4, 1.09, 117544, 372
63973, 1, 11, 38, 30, 2, 26.82%, 0, 11, 4, 1.09, 117550, 372
63978, 1, 11, 38, 30, 2, 26.82%, 0, 11, 4, 1.09, 117556, 372
63984, 1, 11, 38, 30, 2, 26.82%, 0, 11, 4, 1.09, 117562, 372
63989, 1, 11, 38, 30, 2, 26.82%, 0, 11, 4, 1.09, 117568, 372
63995, 1, 11, 38, 30, 2, 26.82%, 0, 11, 4, 1.09, 117574, 372
64000, 1, 11, 38, 30, 2, 26.82%, 0, 11, 4, 1.09, 117580, 372
64006, 1, 11, 38, 30, 2, 26.82%, 0, 11, 4, 1.09, 117586, 372
64011, 1, 11, 38, 30, 2, 26.82%, 0, 11, 4, 1.09, 117592, 372
64017, 1, 11, 38, 30, 2, 26.82%, 0, 11, 4, 1.09, 117598, 372
64022, 1, 11, 38, 30, 2, 26.82%, 0, 11, 4, 1.09, 117604, 372
64028, 1, 11, 38, 30, 2, 26.82%, 0, 11, 4, 1.09, 117610, 372
64033, 1, 11, 38, 30, 2, 26.82%, 0, 11, 4, 1.09, 117616, 372
64039, 1, 11, 38, 30, 2, 26.82%, 0, 11, 4, 1.09, 117622, 372
64044, 1, 11, 38, 30, 2, 26.82%, 0, 11, 4, 1.09, 117628, 372
64049, 1, 11, 38, 30, 2, 26.82%, 0, 11, 4, 1.09, 117634, 372
64055, 1, 11, 38, 30, 2, 26.82%, 0, 11, 4, 1.09, 117640, 372
64060, 1, 11, 38, 30, 2, 26.82%, 0, 11, 4, 1.09, 117646, 372
64066, 1, 11, 38, 30, 2, 26.82%, 0, 11, 4, 1.09, 117652, 372
64071, 1, 11, 38, 30, 2, 26.82%, 0, 11, 4, 1.09, 117658, 372
64077, 1, 11, 38, 30, 2, 26.82%, 0, 11, 4, 1.09, 117664, 372
64082, 1, 11, 38, 30, 2, 26.82%, 0, 11, 4, 1.09, 117670, 372
64088, 1, 11, 38, 30, 2, 26.82%, 0, 11, 4, 1.09, 117676, 372
64093, 1, 11, 38, 30, 2, 26.82%, 0, 11, 4, 1.09, 117682, 372
64099, 1, 11, 38, 30, 2, 26.82%, 0, 11, 4, 1.09, 117688, 372
64104, 1, 11, 38, 30, 2, 26.82%, 0, 11, 4, 1.09, 117694, 372
64110, 1, 11, 38, 30, 2, 26.82%, 0, 11, 4, 1.09, 117700, 372
64115, 1, 11, 38, 30, 2, 26.82%, 0, 11, 4, 1.09, 117706, 372
64121, 1, 11, 38, 30, 2, 26.82%, 0, 11, 4, 1.09, 117712, 372
64126, 1, 11, 38, 30, 2, 26.82%, 0, 11, 4, 1.09, 117718, 372
64132, 1, 11, 38, 30, 2, 26.82%, 0, 11, 4, 1.09, 117724, 372
64137, 1, 11, 38, 30, 2, 26.82%, 0, 11, 4, 1.09, 117730, 372
64143, 1, 11, 38, 30, 2, 26.82%, 0, 11, 4, 1.09, 117736, 372
64148, 1, 11, 38, 30, 2, 26.82%, 0, 11, 4, 1.09, 117742, 372
64154, 1, 11, 38, 30, 2, 26.82%, 0, 11, 4, 1.09, 117748, 372
64159, 1, 11, 38, 30, 2, 26.82%, 0, 11, 4, 1.09, 117754, 372
64165, 1, 11, 38, 30, 2, 26.82%, 0, 11, 4, 1.09, 117760, 372
64170, 1, 11, 38, 30, 2, 26.82%, 0, 11, 4, 1.09, 117766, 372
64176, 1, 11, 38, 30, 2, 26.82%, 0, 11, 4, 1.09, 117772, 372
64181, 1, 11, 38, 30, 2, 26.82%, 0, 11, 4, 1.09, 117778, 372
64187, 1, 11, 38, 30, 2, 26.82%, 0, 11, 4, 1.09, 117784, 372
64192, 1, 11, 38, 30, 2, 26.82%, 0, 11, 4, 1.09, 117790, 372
64198, 1, 11, 38, 30, 2, 26.82%, 0, 11, 4, 1.09, 117796, 372
64203, 1, 11, 38, 30, 2, 26.82%, 0, 11, 4, 1.09, 117802, 372
64209, 1, 11, 38, 30, 2, 26.82%, 0, 11, 4, 1.09, 117808, 372
64214, 1, 11, 38, 30, 2, 26.82%, 0, 11, 4, 1.09, 117814, 372
64219, 1, 11, 38, 30, 2, 26.82%, 0, 11, 4, 1.09, 117820, 372
64225, 1, 11, 38, 30, 2, 26.82%, 0, 11, 4, 1.09, 117826, 372
64230, 1, 11, 38, 30, 2, 26.82%, 0, 11, 4, 1.09, 117832, 372
64236, 1, 11, 38, 30, 2, 26.82%, 0, 11, 4, 1.09, 117838, 372
64241, 1, 11, 38, 30, 2, 26.82%, 0, 11, 4, 1.09, 117844, 372
64247, 1, 11, 38, 30, 2, 26.82%, 0, 11, 4, 1.09, 117850, 372
64252, 1, 11, 38, 30, 2, 26.82%, 0, 11, 4, 1.09, 117856, 372
64258, 1, 11, 38, 30, 2, 26.82%, 0, 11, 4, 1.09, 117862, 372
64263, 1, 11, 38, 30, 2, 26.82%, 0, 11, 4, 1.09, 117868, 372
64269, 1, 11, 38, 30, 2, 26.82%, 0, 11, 4, 1.09, 117874, 372
64274, 1, 11, 38, 30, 2, 26.82%, 0, 11, 4, 1.09, 117880, 372
64280, 1, 11, 38, 30, 2, 26.82%, 0, 11, 4, 1.09, 117886, 372
64285, 1, 11, 38, 30, 2, 26.82%, 0, 11, 4, 1.09, 117892, 372
64291, 1, 11, 38, 30, 2, 26.82%, 0, 11, 4, 1.09, 117898, 372
64296, 1, 11, 38, 30, 2, 26.82%, 0, 11, 4, 1.09, 117904, 372
64302, 1, 11, 38, 30, 2, 26.82%, 0, 11, 4, 1.09, 117910, 372
64307, 1, 11, 38, 30, 2, 26.82%, 0, 11, 4, 1.09, 117916, 372
64313, 1, 11, 38, 30, 2, 26.82%, 0, 11, 4, 1.09, 117922, 372
64318, 1, 11, 38, 30, 2, 26.82%, 0, 11, 4, 1.09, 117928, 372
64324, 1, 11, 38, 30, 2, 26.82%, 0, 11, 4, 1.09, 117934, 372
64329, 1, 11, 38, 30, 2, 26.82%, 0, 11, 4, 1.09, 117940, 372
64335, 1, 11, 38, 30, 2, 26.82%, 0, 11, 4, 1.09, 117946, 372
64340, 1, 11, 38, 30, 2, 26.82%, 0, 11, 4, 1.09, 117952, 372
64346, 1, 11, 38, 30, 2, 26.82%, 0, 11, 4, 1.09, 117958, 372
64351, 1, 11, 38, 30, 2, 26.82%, 0, 11, 4, 1.09, 117964, 372
64357, 1, 11, 38, 30, 2, 26.82%, 0, 11, 4, 1.09, 117970, 372
64362, 1, 11, 38, 30, 2, 26.82%, 0, 11, 4, 1.09, 117976, 372
64368, 1, 11, 38, 30, 2, 26.82%, 0, 11, 4, 1.09, 117982, 372
64373, 1, 11, 38, 30, 2, 26.82%, 0, 11, 4, 1.09, 117988, 372
64378, 1, 11, 38, 30, 2, 26.82%, 0, 11, 4, 1.09, 117994, 372
64384, 1, 11, 38, 30, 2, 26.82%, 0, 11, 4, 1.09, 118000, 372
64389, 1, 11, 38, 30, 2, 26.82%, 0, 11, 4, 1.09, 118006, 372
64395, 1, 11, 38, 30, 2, 26.82%, 0, 11, 4, 1.09, 118012, 372
64400, 1, 11, 38, 30, 2, 26.82%, 0, 11, 4, 1.09, 118018, 372
64406, 1, 11, 38, 30, 2, 26.82%, 0, 11, 4, 1.09, 118024, 372
64411, 1, 11, 38, 30, 2, 26.82%, 0, 11, 4, 1.09, 118030, 372
64417, 1, 11, 38, 30, 2, 26.82%, 0, 11, 4, 1.09, 118036, 372
64422, 1, 11, 38, 30, 2, 26.82%, 0, 11, 4, 1.09, 118042, 372
64428, 1, 11, 38, 30, 2, 26.82%, 0, 11, 4, 1.09, 118048, 372
64433, 1, 11, 38, 30, 2, 26.82%, 0, 11, 4, 1.09, 118054, 372
64439, 1, 11, 38, 30, 2, 26.82%, 0, 11, 4, 1.09, 118060, 372
64444, 1, 11, 38, 30, 2, 26.82%, 0, 11, 4, 1.09, 118066, 372
64450, 1, 11, 38, 30, 2, 26.82%, 0, 11, 4, 1.09, 118072, 372
64455, 1, 11, 38, 30, 2, 26.82%, 0, 11, 4, 1.09, 118078, 372
64461, 1, 11, 38, 30, 2, 26.82%, 0, 11, 4, 1.09, 118084, 372
64466, 1, 11, 38, 30, 2, 26.82%, 0, 11, 4, 1.09, 118090, 372
64472, 1, 11, 38, 30, 2, 26.82%, 0, 11, 4, 1.09, 118096, 372
64477, 1, 11, 38, 30, 2, 26.82%, 0, 11, 4, 1.09, 118102, 372
64483, 1, 11, 38, 30, 2, 26.82%, 0, 11, 4, 1.09, 118108, 372
64488, 1, 11, 38, 30, 2, 26.82%, 0, 11, 4, 1.09, 118114, 372
64494, 1, 11, 38, 30, 2, 26.82%, 0, 11, 4, 1.09, 118120, 372
64499, 1, 11, 38, 30, 2, 26.82%, 0, 11, 4, 1.09, 118126, 372
64505, 1, 11, 38, 30, 2, 26.82%, 0, 11, 4, 1.09, 118132, 372
64510, 1, 11, 38, 30, 2, 26.82%, 0, 11, 4, 1.09, 118138, 372
64516, 1, 11, 38, 30, 2, 26.82%, 0, 11, 4, 1.09, 118144, 372
64521, 1, 11, 38, 30, 2, 26.82%, 0, 11, 4, 1.09, 118150, 372
64527, 1, 11, 38, 30, 2, 26.82%, 0, 11, 4, 1.09, 118156, 372
64532, 1, 11, 38, 30, 2, 26.82%, 0, 11, 4, 1.09, 118162, 372
64538, 1, 11, 38, 30, 2, 26.82%, 0, 11, 4, 1.09, 118168, 372
64543, 1, 11, 38, 30, 2, 26.82%, 0, 11, 4, 1.09, 118174, 372
64549, 1, 11, 38, 30, 2, 26.82%, 0, 11, 4, 1.09, 118180, 372
64554, 1, 11, 38, 30, 2, 26.82%, 0, 11, 4, 1.09, 118186, 372
64559, 1, 11, 38, 30, 2, 26.82%, 0, 11, 4, 1.09, 118192, 372
64565, 1, 11, 38, 30, 2, 26.82%, 0, 11, 4, 1.09, 118198, 372
64570, 1, 11, 38, 30, 2, 26.82%, 0, 11, 4, 1.09, 118204, 372
64576, 1, 11, 38, 30, 2, 26.82%, 0, 11, 4, 1.09, 118210, 372
64581, 1, 11, 38, 30, 2, 26.82%, 0, 11, 4, 1.09, 118216, 372
64587, 1, 11, 38, 30, 2, 26.82%, 0, 11, 4, 1.09, 118222, 372
64592, 1, 11, 38, 30, 2, 26.82%, 0, 11, 4, 1.09, 118228, 372
64598, 1, 11, 38, 30, 2, 26.82%, 0, 11, 4, 1.09, 118234, 372
64603, 1, 11, 38, 30, 2, 26.82%, 0, 11, 4, 1.09, 118240, 372
64609, 1, 11, 38, 30, 2, 26.82%, 0, 11, 4, 1.09, 118246, 372
64614, 1, 11, 38, 30, 2, 26.82%, 0, 11, 4, 1.09, 118252, 372
64620, 1, 11, 38, 30, 2, 26.82%, 0, 11, 4, 1.09, 118258, 372
64625, 1, 11, 38, 30, 2, 26.82%, 0, 11, 4, 1.09, 118264, 372
64631, 1, 11, 38, 30, 2, 26.82%, 0, 11, 4, 1.09, 118270, 372
64636, 1, 11, 38, 30, 2, 26.82%, 0, 11, 4, 1.09, 118276, 372
64642, 1, 11, 38, 30, 2, 26.82%, 0, 11, 4, 1.09, 118282, 372
64647, 1, 11, 38, 30, 2, 26.82%, 0, 11, 4, 1.09, 118288, 372
64653, 1, 11, 38, 30, 2, 26.82%, 0, 11, 4, 1.09, 118294, 372
64658, 1, 11, 38, 30, 2, 26.82%, 0, 11, 4, 1.09, 118300, 372
64664, 1, 11, 38, 30, 2, 26.82%, 0, 11, 4, 1.09, 118306, 372
64669, 1, 11, 38, 30, 2, 26.82%, 0, 11, 4, 1.09, 118312, 372
64675, 1, 11, 38, 30, 2, 26.82%, 0, 11, 4, 1.09, 118318, 372
64680, 1, 11, 38, 30, 2, 26.82%, 0, 11, 4, 1.09, 118324, 372
64686, 1, 11, 38, 30, 2, 26.82%, 0, 11, 4, 1.09, 118330, 372
64691, 1, 11, 38, 30, 2, 26.82%, 0, 11, 4, 1.09, 118336, 372
64697, 1, 11, 38, 30, 2, 26.82%, 0, 11, 4, 1.09, 118342, 372
64702, 1, 11, 38, 30, 2, 26.82%, 0, 11, 4, 1.09, 118348, 372
64708, 1, 11, 38, 30, 2, 26.82%, 0, 11, 4, 1.09, 118354, 372
64713, 1, 11, 38, 30, 2, 26.82%, 0, 11, 4, 1.09, 118360, 372
64719, 1, 11, 38, 30, 2, 26.82%, 0, 11, 4, 1.09, 118366, 372
64724, 1, 11, 38, 30, 2, 26.82%, 0, 11, 4, 1.09, 118372, 372
64730, 1, 11, 38, 30, 2, 26.82%, 0, 11, 4, 1.17, 118379, 372
64735, 1, 11, 38, 30, 2, 26.82%, 0, 11, 4, 1.13, 118384, 372
64740, 1, 11, 38, 30, 2, 26.82%, 0, 11, 4, 1.22, 118391, 372
64746, 1, 11, 38, 30, 2, 26.82%, 0, 11, 4, 1.23, 118397, 372
64751, 1, 11, 38, 30, 2, 26.82%, 0, 11, 4, 1.33, 118404, 372
64756, 1, 11, 38, 30, 2, 26.82%, 0, 11, 4, 1.24, 118409, 372
64761, 1, 11, 38, 30, 2, 26.82%, 0, 11, 4, 1.17, 118414, 372
64766, 1, 11, 38, 30, 2, 26.82%, 0, 11, 4, 1.29, 118421, 372
64771, 1, 11, 38, 30, 2, 26.82%, 0, 11, 4, 1.24, 118427, 372
64777, 1, 11, 38, 30, 2, 26.82%, 0, 11, 4, 1.29, 118434, 372
64782, 1, 11, 38, 30, 2, 26.82%, 0, 11, 4, 1.23, 118440, 372
64788, 1, 11, 38, 30, 2, 26.82%, 0, 11, 4, 1.19, 118446, 372
64793, 1, 11, 38, 30, 2, 26.82%, 0, 11, 4, 1.16, 118452, 372
64799, 1, 11, 38, 30, 2, 26.82%, 0, 11, 4, 1.14, 118458, 372
64804, 1, 11, 38, 30, 2, 26.82%, 0, 11, 4, 1.12, 118464, 372
64810, 1, 11, 38, 30, 2, 26.82%, 0, 11, 4, 1.11, 118470, 372
64815, 1, 11, 38, 30, 2, 26.82%, 0, 11, 4, 1.11, 118476, 372
64821, 1, 11, 38, 30, 2, 26.82%, 0, 11, 4, 1.10, 118482, 372
64826, 1, 11, 38, 30, 2, 26.82%, 0, 11, 4, 1.10, 118488, 372
64832, 1, 11, 38, 30, 2, 26.82%, 0, 11, 4, 1.10, 118494, 372
64837, 1, 11, 38, 30, 2, 26.82%, 0, 11, 4, 1.10, 118500, 372
64842, 1, 11, 38, 30, 2, 26.82%, 0, 11, 4, 1.10, 118506, 372
64848, 1, 11, 38, 30, 2, 26.82%, 0, 11, 4, 1.10, 118512, 372
64853, 1, 11, 38, 30, 2, 26.82%, 0, 11, 4, 1.10, 118518, 372
64859, 1, 11, 38, 30, 2, 26.82%, 0, 11, 4, 1.09, 118524, 372
64864, 1, 11, 38, 30, 2, 26.82%, 0, 11, 4, 1.09, 118530, 372
64870, 1, 11, 38, 30, 2, 26.82%, 0, 11, 4, 1.09, 118536, 372
64875, 1, 11, 38, 30, 2, 26.82%, 0, 11, 4, 1.09, 118542, 372
64881, 1, 11, 38, 30, 2, 26.82%, 0, 11, 4, 1.09, 118548, 372
64886, 1, 11, 38, 30, 2, 26.82%, 0, 11, 4, 1.09, 118554, 372
64892, 1, 11, 38, 30, 2, 26.82%, 0, 11, 4, 1.09, 118560, 372
64897, 1, 11, 38, 30, 2, 26.82%, 0, 11, 4, 1.09, 118566, 372
64903, 1, 11, 38, 30, 2, 26.82%, 0, 11, 4, 1.09, 118572, 372
64908, 1, 11, 38, 30, 2, 26.82%, 0, 11, 4, 1.09, 118578, 372
64914, 1, 11, 38, 30, 2, 26.82%, 0, 11, 4, 1.09, 118584, 372
64919, 1, 11, 38, 30, 2, 26.82%, 0, 11, 4, 1.09, 118590, 372
64925, 1, 11, 38, 30, 2, 26.82%, 0, 11, 4, 1.09, 118596, 372
64930, 1, 11, 38, 30, 2, 26.82%, 0, 11, 4, 1.09, 118602, 372
64936, 1, 11, 38, 30, 2, 26.82%, 0, 11, 4, 1.09, 118608, 372
64941, 1, 11, 38, 30, 2, 26.82%, 0, 11, 4, 1.09, 118614, 372
64947, 1, 11, 38, 30, 2, 26.82%, 0, 11, 4, 1.09, 118620, 372
64952, 1, 11, 38, 30, 2, 26.82%, 0, 11, 4, 1.09, 118626, 372
64958, 1, 11, 38, 30, 2, 26.82%, 0, 11, 4, 1.09, 118632, 372
64963, 1, 11, 38, 30, 2, 26.82%, 0, 11, 4, 1.09, 118638, 372
64969, 1, 11, 38, 30, 2, 26.82%, 0, 11, 4, 1.09, 118644, 372
64974, 1, 11, 38, 30, 2, 26.82%, 0, 11, 4, 1.09, 118650, 372
64980, 1, 11, 38, 30, 2, 26.82%, 0, 11, 4, 1.09, 118656, 372
64985, 1, 11, 38, 30, 2, 26.82%, 0, 11, 4, 1.09, 118662, 372
64991, 1, 11, 38, 30, 2, 26.82%, 0, 11, 4, 1.09, 118668, 372
64996, 1, 11, 38, 30, 2, 26.82%, 0, 11, 4, 1.09, 118674, 372
65001, 1, 11, 38, 30, 2, 26.82%, 0, 11, 4, 1.09, 118680, 372
65007, 1, 11, 38, 30, 2, 26.82%, 0, 11, 4, 1.09, 118686, 372
65012, 1, 11, 38, 30, 2, 26.82%, 0, 11, 4, 1.09, 118692, 372
65018, 1, 11, 38, 30, 2, 26.82%, 0, 11, 4, 1.09, 118698, 372
65023, 1, 11, 38, 30, 2, 26.82%, 0, 11, 4, 1.09, 118704, 372
65029, 1, 11, 38, 30, 2, 26.82%, 0, 11, 4, 1.09, 118710, 372
65034, 1, 11, 38, 30, 2, 26.82%, 0, 11, 4, 1.09, 118716, 372
65040, 1, 11, 38, 30, 2, 26.82%, 0, 11, 4, 1.09, 118722, 372
65045, 1, 11, 38, 30, 2, 26.82%, 0, 11, 4, 1.09, 118728, 372
65051, 1, 11, 38, 30, 2, 26.82%, 0, 11, 4, 1.09, 118734, 372
65056, 1, 11, 38, 30, 2, 26.82%, 0, 11, 4, 1.09, 118740, 372
65062, 1, 11, 38, 30, 2, 26.82%, 0, 11, 4, 1.09, 118746, 372
65067, 1, 11, 38, 30, 2, 26.82%, 0, 11, 4, 1.09, 118752, 372
65073, 1, 11, 38, 30, 2, 26.82%, 0, 11, 4, 1.09, 118758, 372
65078, 1, 11, 38, 30, 2, 26.82%, 0, 11, 4, 1.09, 118764, 372
65084, 1, 11, 38, 30, 2, 26.82%, 0, 11, 4, 1.09, 118770, 372
65089, 1, 11, 38, 30, 2, 26.82%, 0, 11, 4, 1.09, 118776, 372
65095, 1, 11, 38, 30, 2, 26.82%, 0, 11, 4, 1.09, 118782, 372
65100, 1, 11, 38, 30, 2, 26.82%, 0, 11, 4, 1.09, 118788, 372
65106, 1, 11, 38, 30, 2, 26.82%, 0, 11, 4, 1.09, 118794, 372
65111, 1, 11, 38, 30, 2, 26.82%, 0, 11, 4, 1.09, 118800, 372
65117, 1, 11, 38, 30, 2, 26.82%, 0, 11, 4, 1.09, 118806, 372
65122, 1, 11, 38, 30, 2, 26.82%, 0, 11, 4, 1.09, 118812, 372
65128, 1, 11, 38, 30, 2, 26.82%, 0, 11, 4, 1.09, 118818, 372
65133, 1, 11, 38, 30, 2, 26.82%, 0, 11, 4, 1.09, 118824, 372
65139, 1, 11, 38, 30, 2, 26.82%, 0, 11, 4, 1.09, 118830, 372
65144, 1, 11, 38, 30, 2, 26.82%, 0, 11, 4, 1.09, 118836, 372
65150, 1, 11, 38, 30, 2, 26.82%, 0, 11, 4, 1.09, 118842, 372
65155, 1, 11, 38, 30, 2, 26.82%, 0, 11, 4, 1.09, 118848, 372
65160, 1, 11, 38, 30, 2, 26.82%, 0, 11, 4, 1.09, 118854, 372
65166, 1, 11, 38, 30, 2, 26.82%, 0, 11, 4, 1.09, 118860, 372
65171, 1, 11, 38, 30, 2, 26.82%, 0, 11, 4, 1.09, 118866, 372
65177, 1, 11, 38, 30, 2, 26.82%, 0, 11, 4, 1.09, 118872, 372
65182, 1, 11, 38, 30, 2, 26.82%, 0, 11, 4, 1.09, 118878, 372
65188, 1, 11, 38, 30, 2, 26.82%, 0, 11, 4, 1.09, 118884, 372
65193, 1, 11, 38, 30, 2, 26.82%, 0, 11, 4, 1.09, 118890, 372
65199, 1, 11, 38, 30, 2, 26.82%, 0, 11, 4, 1.09, 118896, 372
65204, 1, 11, 38, 30, 2, 26.82%, 0, 11, 4, 1.09, 118902, 372
65210, 1, 11, 38, 30, 2, 26.82%, 0, 11, 4, 1.09, 118908, 372
65215, 1, 11, 38, 30, 2, 26.82%, 0, 11, 4, 1.09, 118914, 372
65221, 1, 11, 38, 30, 2, 26.82%, 0, 11, 4, 1.09, 118920, 372
65226, 1, 11, 38, 30, 2, 26.82%, 0, 11, 4, 1.09, 118926, 372
65232, 1, 11, 38, 30, 2, 26.82%, 0, 11, 4, 1.09, 118932, 372
65237, 1, 11, 38, 30, 2, 26.82%, 0, 11, 4, 1.09, 118938, 372
65243, 1, 11, 38, 30, 2, 26.82%, 0, 11, 4, 1.09, 118944, 372
65248, 1, 11, 38, 30, 2, 26.82%, 0, 11, 4, 1.09, 118950, 372
65254, 1, 11, 38, 30, 2, 26.82%, 0, 11, 4, 1.09, 118956, 372
65259, 1, 11, 38, 30, 2, 26.82%, 0, 11, 4, 1.09, 118962, 372
65265, 1, 11, 38, 30, 2, 26.82%, 0, 11, 4, 1.09, 118968, 372
65270, 1, 11, 38, 30, 2, 26.82%, 0, 11, 4, 1.09, 118974, 372
65276, 1, 11, 38, 30, 2, 26.82%, 0, 11, 4, 1.09, 118980, 372
65281, 1, 11, 38, 30, 2, 26.82%, 0, 11, 4, 1.09, 118986, 372
65287, 1, 11, 38, 30, 2, 26.82%, 0, 11, 4, 1.09, 118992, 372
65292, 1, 11, 38, 30, 2, 26.82%, 0, 11, 4, 1.09, 118998, 372
65298, 1, 11, 38, 30, 2, 26.82%, 0, 11, 4, 1.09, 119004, 372
65303, 1, 11, 38, 30, 2, 26.82%, 0, 11, 4, 1.09, 119010, 372
65309, 1, 11, 38, 30, 2, 26.82%, 0, 11, 4, 1.09, 119016, 372
65314, 1, 11, 38, 30, 2, 26.82%, 0, 11, 4, 1.09, 119022, 372
65320, 1, 11, 38, 30, 2, 26.82%, 0, 11, 4, 1.09, 119028, 372
65325, 1, 11, 38, 30, 2, 26.82%, 0, 11, 4, 1.09, 119034, 372
65331, 1, 11, 38, 30, 2, 26.82%, 0, 11, 4, 1.09, 119040, 372
65336, 1, 11, 38, 30, 2, 26.82%, 0, 11, 4, 1.09, 119046, 372
65341, 1, 11, 38, 30, 2, 26.82%, 0, 11, 4, 1.09, 119052, 372
65347, 1, 11, 38, 30, 2, 26.82%, 0, 11, 4, 1.09, 119058, 372
65352, 1, 11, 38, 30, 2, 26.82%, 0, 11, 4, 1.09, 119064, 372
65358, 1, 11, 38, 30, 2, 26.82%, 0, 11, 4, 1.09, 119070, 372
65363, 1, 11, 38, 30, 2, 26.82%, 0, 11, 4, 1.09, 119076, 372
65369, 1, 11, 38, 30, 2, 26.82%, 0, 11, 4, 1.09, 119082, 372
65374, 1, 11, 38, 30, 2, 26.82%, 0, 11, 4, 1.09, 119088, 372
65380, 1, 11, 38, 30, 2, 26.82%, 0, 11, 4, 1.09, 119094, 372
65385, 1, 11, 38, 30, 2, 26.82%, 0, 11, 4, 1.09, 119100, 372
65391, 1, 11, 38, 30, 2, 26.82%, 0, 11, 4, 1.09, 119106, 372
65396, 1, 11, 38, 30, 2, 26.82%, 0, 11, 4, 1.09, 119112, 372
65402, 1, 11, 38, 30, 2, 26.82%, 0, 11, 4, 1.09, 119118, 372
65407, 1, 11, 38, 30, 2, 26.82%, 0, 11, 4, 1.09, 119124, 372
65413, 1, 11, 38, 30, 2, 26.82%, 0, 11, 4, 1.09, 119130, 372
65418, 1, 11, 38, 30, 2, 26.82%, 0, 11, 4, 1.09, 119136, 372
65424, 1, 11, 38, 30, 2, 26.82%, 0, 11, 4, 1.09, 119142, 372
65429, 1, 11, 38, 30, 2, 26.82%, 0, 11, 4, 1.09, 119148, 372
65435, 1, 11, 38, 30, 2, 26.82%, 0, 11, 4, 1.09, 119154, 372
65440, 1, 11, 38, 30, 2, 26.82%, 0, 11, 4, 1.09, 119160, 372
65446, 1, 11, 38, 30, 2, 26.82%, 0, 11, 4, 1.09, 119166, 372
65451, 1, 11, 38, 30, 2, 26.82%, 0, 11, 4, 1.09, 119172, 372
65457, 1, 11, 38, 30, 2, 26.82%, 0, 11, 4, 1.09, 119178, 372
65462, 1, 11, 38, 30, 2, 26.82%, 0, 11, 4, 1.09, 119184, 372
65468, 1, 11, 38, 30, 2, 26.82%, 0, 11, 4, 1.09, 119190, 372
65473, 1, 11, 38, 30, 2, 26.82%, 0, 11, 4, 1.09, 119196, 372
65479, 1, 11, 38, 30, 2, 26.82%, 0, 11, 4, 1.09, 119202, 372
65484, 1, 11, 38, 30, 2, 26.82%, 0, 11, 4, 1.09, 119208, 372
65490, 1, 11, 38, 30, 2, 26.82%, 0, 11, 4, 1.09, 119214, 372
65495, 1, 11, 38, 30, 2, 26.82%, 0, 11, 4, 1.09, 119220, 372
65501, 1, 11, 38, 30, 2, 26.82%, 0, 11, 4, 1.09, 119226, 372
65506, 1, 11, 38, 30, 2, 26.82%, 0, 11, 4, 1.09, 119232, 372
65511, 1, 11, 38, 30, 2, 26.82%, 0, 11, 4, 1.09, 119238, 372
65517, 1, 11, 38, 30, 2, 26.82%, 0, 11, 4, 1.09, 119244, 372
65522, 1, 11, 38, 30, 2, 26.82%, 0, 11, 4, 1.09, 119250, 372
65528, 1, 11, 38, 30, 2, 26.82%, 0, 11, 4, 1.09, 119256, 372
65533, 1, 11, 38, 30, 2, 26.82%, 0, 11, 4, 1.09, 119262, 372
65539, 1, 11, 38, 30, 2, 26.82%, 0, 11, 4, 1.09, 119268, 372
65544, 1, 11, 38, 30, 2, 26.82%, 0, 11, 4, 1.09, 119274, 372
65550, 1, 11, 38, 30, 2, 26.82%, 0, 11, 4, 1.09, 119280, 372
65555, 1, 11, 38, 30, 2, 26.82%, 0, 11, 4, 1.09, 119286, 372
65561, 1, 11, 38, 30, 2, 26.82%, 0, 11, 4, 1.09, 119292, 372
65566, 1, 11, 38, 30, 2, 26.82%, 0, 11, 4, 1.09, 119298, 372
65572, 1, 11, 38, 30, 2, 26.82%, 0, 11, 4, 1.09, 119304, 372
65577, 1, 11, 38, 30, 2, 26.82%, 0, 11, 4, 1.09, 119310, 372
65583, 1, 11, 38, 30, 2, 26.82%, 0, 11, 4, 1.09, 119316, 372
65588, 1, 11, 38, 30, 2, 26.82%, 0, 11, 4, 1.09, 119322, 372
65594, 1, 11, 38, 30, 2, 26.82%, 0, 11, 4, 1.09, 119328, 372
65599, 1, 11, 38, 30, 2, 26.82%, 0, 11, 4, 1.09, 119334, 372
65605, 1, 11, 38, 30, 2, 26.82%, 0, 11, 4, 1.09, 119340, 372
65610, 1, 11, 38, 30, 2, 26.82%, 0, 11, 4, 1.09, 119346, 372
65616, 1, 11, 38, 30, 2, 26.82%, 0, 11, 4, 1.09, 119352, 372
65621, 1, 11, 38, 30, 2, 26.82%, 0, 11, 4, 1.09, 119358, 372
65627, 1, 11, 38, 30, 2, 26.82%, 0, 11, 4, 1.09, 119364, 372
65632, 1, 11, 38, 30, 2, 26.82%, 0, 11, 4, 1.09, 119370, 372
65638, 1, 11, 38, 30, 2, 26.82%, 0, 11, 4, 1.09, 119376, 372
65643, 1, 11, 38, 30, 2, 26.82%, 0, 11, 4, 1.09, 119382, 372
65649, 1, 11, 38, 30, 2, 26.82%, 0, 11, 4, 1.09, 119388, 372
65654, 1, 11, 38, 30, 2, 26.82%, 0, 11, 4, 1.09, 119394, 372
65660, 1, 11, 38, 30, 2, 26.82%, 0, 11, 4, 1.09, 119400, 372
65665, 1, 11, 38, 30, 2, 26.82%, 0, 11, 4, 1.09, 119406, 372
65671, 1, 11, 38, 30, 2, 26.82%, 0, 11, 4, 1.09, 119412, 372
65676, 1, 11, 38, 30, 2, 26.82%, 0, 11, 4, 1.09, 119418, 372
65682, 1, 11, 38, 30, 2, 26.82%, 0, 11, 4, 1.09, 119424, 372
65687, 1, 11, 38, 30, 2, 26.82%, 0, 11, 4, 1.09, 119430, 372
65692, 1, 11, 38, 30, 2, 26.82%, 0, 11, 4, 1.09, 119436, 372
65698, 1, 11, 38, 30, 2, 26.82%, 0, 11, 4, 1.09, 119442, 372
65703, 1, 11, 38, 30, 2, 26.82%, 0, 11, 4, 1.09, 119448, 372
65709, 1, 11, 38, 30, 2, 26.82%, 0, 11, 4, 1.09, 119454, 372
65714, 1, 11, 38, 30, 2, 26.82%, 0, 11, 4, 1.09, 119460, 372
65720, 1, 11, 38, 30, 2, 26.82%, 0, 11, 4, 1.09, 119466, 372
65725, 1, 11, 38, 30, 2, 26.82%, 0, 11, 4, 1.09, 119472, 372
65731, 1, 11, 38, 30, 2, 26.82%, 0, 11, 4, 1.09, 119478, 372
65736, 1, 11, 38, 30, 2, 26.82%, 0, 11, 4, 1.09, 119484, 372
65742, 1, 11, 38, 30, 2, 26.82%, 0, 11, 4, 1.09, 119490, 372
65747, 1, 11, 38, 30, 2, 26.82%, 0, 11, 4, 1.09, 119496, 372
65753, 1, 11, 38, 30, 2, 26.82%, 0, 11, 4, 1.09, 119502, 372
65758, 1, 11, 38, 30, 2, 26.82%, 0, 11, 4, 1.09, 119508, 372
65764, 1, 11, 38, 30, 2, 26.82%, 0, 11, 4, 1.09, 119514, 372
65769, 1, 11, 38, 30, 2, 26.82%, 0, 11, 4, 1.09, 119520, 372
65775, 1, 11, 38, 30, 2, 26.82%, 0, 11, 4, 1.09, 119526, 372
65780, 1, 11, 38, 30, 2, 26.82%, 0, 11, 4, 1.09, 119532, 372
65786, 1, 11, 38, 30, 2, 26.82%, 0, 11, 4, 1.09, 119538, 372
65791, 1, 11, 38, 30, 2, 26.82%, 0, 11, 4, 1.09, 119544, 372
65797, 1, 11, 38, 30, 2, 26.82%, 0, 11, 4, 1.09, 119550, 372
65802, 1, 11, 38, 30, 2, 26.82%, 0, 11, 4, 1.09, 119556, 372
65808, 1, 11, 38, 30, 2, 26.82%, 0, 11, 4, 1.09, 119562, 372
65813, 1, 11, 38, 30, 2, 26.82%, 0, 11, 4, 1.09, 119568, 372
65819, 1, 11, 38, 30, 2, 26.82%, 0, 11, 4, 1.09, 119574, 372
65824, 1, 11, 38, 30, 2, 26.82%, 0, 11, 4, 1.09, 119580, 372
65830, 1, 11, 38, 30, 2, 26.82%, 0, 11, 4, 1.09, 119586, 372
65835, 1, 11, 38, 30, 2, 26.82%, 0, 11, 4, 1.09, 119592, 372
65841, 1, 11, 38, 30, 2, 26.82%, 0, 11, 4, 1.09, 119598, 372
65846, 1, 11, 38, 30, 2, 26.82%, 0, 11, 4, 1.09, 119604, 372
65852, 1, 11, 38, 30, 2, 26.82%, 0, 11, 4, 1.09, 119610, 372
65857, 1, 11, 38, 30, 2, 26.82%, 0, 11, 4, 1.09, 119616, 372
65862, 1, 11, 38, 30, 2, 26.82%, 0, 11, 4, 1.09, 119622, 372
65868, 1, 11, 38, 30, 2, 26.82%, 0, 11, 4, 1.09, 119628, 372
65873, 1, 11, 38, 30, 2, 26.82%, 0, 11, 4, 1.09, 119634, 372
65879, 1, 11, 38, 30, 2, 26.82%, 0, 11, 4, 1.09, 119640, 372
65884, 1, 11, 38, 30, 2, 26.82%, 0, 11, 4, 1.09, 119646, 372
65890, 1, 11, 38, 30, 2, 26.82%, 0, 11, 4, 1.09, 119652, 372
65895, 1, 11, 38, 30, 2, 26.82%, 0, 11, 4, 1.09, 119658, 372
65901, 1, 11, 38, 30, 2, 26.82%, 0, 11, 4, 1.09, 119664, 372
65906, 1, 11, 38, 30, 2, 26.82%, 0, 11, 4, 1.09, 119670, 372
65912, 1, 11, 38, 30, 2, 26.82%, 0, 11, 4, 1.09, 119676, 372
65917, 1, 11, 38, 30, 2, 26.82%, 0, 11, 4, 1.09, 119682, 372
65923, 1, 11, 38, 30, 2, 26.82%, 0, 11, 4, 1.09, 119688, 372
65928, 1, 11, 38, 30, 2, 26.82%, 0, 11, 4, 1.09, 119694, 372
65934, 1, 11, 38, 30, 2, 26.82%, 0, 11, 4, 1.09, 119700, 372
65939, 1, 11, 38, 30, 2, 26.82%, 0, 11, 4, 1.09, 119706, 372
65945, 1, 11, 38, 30, 2, 26.82%, 0, 11, 4, 1.09, 119712, 372
65950, 1, 11, 38, 30, 2, 26.82%, 0, 11, 4, 1.09, 119718, 372
65956, 1, 11, 38, 30, 2, 26.82%, 0, 11, 4, 1.09, 119724, 372
65961, 1, 11, 38, 30, 2, 26.82%, 0, 11, 4, 1.09, 119730, 372
65967, 1, 11, 38, 30, 2, 26.82%, 0, 11, 4, 1.09, 119736, 372
65972, 1, 11, 38, 30, 2, 26.82%, 0, 11, 4, 1.09, 119742, 372
65978, 1, 11, 38, 30, 2, 26.82%, 0, 11, 4, 1.09, 119748, 372
65983, 1, 11, 38, 30, 2, 26.82%, 0, 11, 4, 1.09, 119754, 372
65989, 1, 11, 38, 30, 2, 26.82%, 0, 11, 4, 1.09, 119760, 372
65994, 1, 11, 38, 30, 2, 26.82%, 0, 11, 4, 1.09, 119766, 372
66000, 1, 11, 38, 30, 2, 26.82%, 0, 11, 4, 1.09, 119772, 372
66005, 1, 11, 38, 30, 2, 26.82%, 0, 11, 4, 1.09, 119778, 372
66011, 1, 11, 38, 30, 2, 26.82%, 0, 11, 4, 1.09, 119784, 372
66016, 1, 11, 38, 30, 2, 26.82%, 0, 11, 4, 1.09, 119790, 372
66021, 1, 11, 38, 30, 2, 26.82%, 0, 11, 4, 1.09, 119796, 372
66027, 1, 11, 38, 30, 2, 26.82%, 0, 11, 4, 1.09, 119802, 372
66032, 1, 11, 38, 30, 2, 26.82%, 0, 11, 4, 1.09, 119808, 372
66038, 1, 11, 38, 30, 2, 26.82%, 0, 11, 4, 1.09, 119814, 372
66043, 1, 11, 38, 30, 2, 26.82%, 0, 11, 4, 1.09, 119820, 372
66049, 1, 11, 38, 30, 2, 26.82%, 0, 11, 4, 1.09, 119826, 372
66054, 1, 11, 38, 30, 2, 26.82%, 0, 11, 4, 1.09, 119832, 372
66060, 1, 11, 38, 30, 2, 26.82%, 0, 11, 4, 1.09, 119838, 372
66065, 1, 11, 38, 30, 2, 26.82%, 0, 11, 4, 1.09, 119844, 372
66071, 1, 11, 38, 30, 2, 26.82%, 0, 11, 4, 1.09, 119850, 372
66076, 1, 11, 38, 30, 2, 26.82%, 0, 11, 4, 1.09, 119856, 372
66082, 1, 11, 38, 30, 2, 26.82%, 0, 11, 4, 1.09, 119862, 372
66087, 1, 11, 38, 30, 2, 26.82%, 0, 11, 4, 1.09, 119868, 372
66093, 1, 11, 38, 30, 2, 26.82%, 0, 11, 4, 1.09, 119874, 372
66098, 1, 11, 38, 30, 2, 26.82%, 0, 11, 4, 1.09, 119880, 372
66104, 1, 11, 38, 30, 2, 26.82%, 0, 11, 4, 1.09, 119886, 372
66109, 1, 11, 38, 30, 2, 26.82%, 0, 11, 4, 1.09, 119892, 372
66115, 1, 11, 38, 30, 2, 26.82%, 0, 11, 4, 1.09, 119898, 372
66120, 1, 11, 38, 30, 2, 26.82%, 0, 11, 4, 1.09, 119904, 372
66126, 1, 11, 38, 30, 2, 26.82%, 0, 11, 4, 1.09, 119910, 372
66131, 1, 11, 38, 30, 2, 26.82%, 0, 11, 4, 1.09, 119916, 372
66137, 1, 11, 38, 30, 2, 26.82%, 0, 11, 4, 1.09, 119922, 372
66142, 1, 11, 38, 30, 2, 26.82%, 0, 11, 4, 1.09, 119928, 372
66148, 1, 11, 38, 30, 2, 26.82%, 0, 11, 4, 1.09, 119934, 372
66153, 1, 11, 38, 30, 2, 26.82%, 0, 11, 4, 1.09, 119940, 372
66159, 1, 11, 38, 30, 2, 26.82%, 0, 11, 4, 1.09, 119946, 372
66164, 1, 11, 38, 30, 2, 26.82%, 0, 11, 4, 1.09, 119952, 372
66170, 1, 11, 38, 30, 2, 26.82%, 0, 11, 4, 1.09, 119958, 372
66175, 1, 11, 38, 30, 2, 26.82%, 0, 11, 4, 1.09, 119964, 372
66181, 1, 11, 38, 30, 2, 26.82%, 0, 11, 4, 1.09, 119970, 372
66186, 1, 11, 38, 30, 2, 26.82%, 0, 11, 4, 1.09, 119976, 372
66191, 1, 11, 38, 30, 2, 26.82%, 0, 11, 4, 1.09, 119982, 372
66197, 1, 11, 38, 30, 2, 26.82%, 0, 11, 4, 1.09, 119988, 372
66202, 1, 11, 38, 30, 2, 26.82%, 0, 11, 4, 1.09, 119994, 372
66208, 1, 11, 38, 30, 2, 26.82%, 0, 11, 4, 1.09, 120000, 372
66213, 1, 11, 38, 30, 2, 26.82%, 0, 11, 4, 1.09, 120006, 372
66219, 1, 11, 38, 30, 2, 26.82%, 0, 11, 4, 1.09, 120012, 372
66224, 1, 11, 38, 30, 2, 26.82%, 0, 11, 4, 1.09, 120018, 372
66230, 1, 11, 38, 30, 2, 26.82%, 0, 11, 4, 1.09, 120024, 372
66235, 1, 11, 38, 30, 2, 26.82%, 0, 11, 4, 1.09, 120030, 372
66241, 1, 11, 38, 30, 2, 26.82%, 0, 11, 4, 1.09, 120036, 372
66246, 1, 11, 38, 30, 2, 26.82%, 0, 11, 4, 1.09, 120042, 372
66252, 1, 11, 38, 30, 2, 26.82%, 0, 11, 4, 1.09, 120048, 372
66257, 1, 11, 38, 30, 2, 26.82%, 0, 11, 4, 1.09, 120054, 372
66263, 1, 11, 38, 30, 2, 26.82%, 0, 11, 4, 1.09, 120060, 372
66268, 1, 11, 38, 30, 2, 26.82%, 0, 11, 4, 1.09, 120066, 372
66274, 1, 11, 38, 30, 2, 26.82%, 0, 11, 4, 1.09, 120072, 372
66279, 1, 11, 38, 30, 2, 26.82%, 0, 11, 4, 1.09, 120078, 372
66285, 1, 11, 38, 30, 2, 26.82%, 0, 11, 4, 1.09, 120084, 372
66290, 1, 11, 38, 30, 2, 26.82%, 0, 11, 4, 1.09, 120090, 372
66296, 1, 11, 38, 30, 2, 26.82%, 0, 11, 4, 1.09, 120096, 372
66301, 1, 11, 38, 30, 2, 26.82%, 0, 11, 4, 1.09, 120102, 372
66307, 1, 11, 38, 30, 2, 26.82%, 0, 11, 4, 1.09, 120108, 372
66312, 1, 11, 38, 30, 2, 26.82%, 0, 11, 4, 1.09, 120114, 372
66318, 1, 11, 38, 30, 2, 26.82%, 0, 11, 4, 1.09, 120120, 372
66323, 1, 11, 38, 30, 2, 26.82%, 0, 11, 4, 1.09, 120126, 372
66329, 1, 11, 38, 30, 2, 26.82%, 0, 11, 4, 1.09, 120132, 372
66334, 1, 11, 38, 30, 2, 26.82%, 0, 11, 4, 1.09, 120138, 372
66340, 1, 11, 38, 30, 2, 26.82%, 0, 11, 4, 1.09, 120144, 372
66345, 1, 11, 38, 30, 2, 26.82%, 0, 11, 4, 1.09, 120150, 372
66351, 1, 11, 38, 30, 2, 26.82%, 0, 11, 4, 1.09, 120156, 372
66356, 1, 11, 38, 30, 2, 26.82%, 0, 11, 4, 1.09, 120162, 372
66361, 1, 11, 38, 30, 2, 26.82%, 0, 11, 4, 1.09, 120168, 372
66367, 1, 11, 38, 30, 2, 26.82%, 0, 11, 4, 1.09, 120174, 372
66372, 1, 11, 38, 30, 2, 26.82%, 0, 11, 4, 1.09, 120180, 372
66378, 1, 11, 38, 30, 2, 26.82%, 0, 11, 4, 1.09, 120186, 372
66383, 1, 11, 38, 30, 2, 26.82%, 0, 11, 4, 1.09, 120192, 372
66389, 1, 11, 38, 30, 2, 26.82%, 0, 11, 4, 1.09, 120198, 372
66394, 1, 11, 38, 30, 2, 26.82%, 0, 11, 4, 1.09, 120204, 372
66400, 1, 11, 38, 30, 2, 26.82%, 0, 11, 4, 1.09, 120210, 372
66405, 1, 11, 38, 30, 2, 26.82%, 0, 11, 4, 1.09, 120216, 372
66411, 1, 11, 38, 30, 2, 26.82%, 0, 11, 4, 1.09, 120222, 372
66416, 1, 11, 38, 30, 2, 26.82%, 0, 11, 4, 1.09, 120228, 372
66422, 1, 11, 38, 30, 2, 26.82%, 0, 11, 4, 1.09, 120234, 372
66427, 1, 11, 38, 30, 2, 26.82%, 0, 11, 4, 1.09, 120240, 372
66433, 1, 11, 38, 30, 2, 26.82%, 0, 11, 4, 1.09, 120246, 372
66438, 1, 11, 38, 30, 2, 26.82%, 0, 11, 4, 1.09, 120252, 372
66444, 1, 11, 38, 30, 2, 26.82%, 0, 11, 4, 1.09, 120258, 372
66449, 1, 11, 38, 30, 2, 26.82%, 0, 11, 4, 1.09, 120264, 372
66455, 1, 11, 38, 30, 2, 26.82%, 0, 11, 4, 1.09, 120270, 372
66460, 1, 11, 38, 30, 2, 26.82%, 0, 11, 4, 1.09, 120276, 372
66466, 1, 11, 38, 30, 2, 26.82%, 0, 11, 4, 1.09, 120282, 372
66471, 1, 11, 38, 30, 2, 26.82%, 0, 11, 4, 1.09, 120288, 372
66477, 1, 11, 38, 30, 2, 26.82%, 0, 11, 4, 1.09, 120294, 372
66482, 1, 11, 38, 30, 2, 26.82%, 0, 11, 4, 1.09, 120300, 372
66488, 1, 11, 38, 30, 2, 26.82%, 0, 11, 4, 1.09, 120306, 372
66493, 1, 11, 38, 30, 2, 26.82%, 0, 11, 4, 1.09, 120312, 372
66499, 1, 11, 38, 30, 2, 26.82%, 0, 11, 4, 1.09, 120318, 372
66504, 1, 11, 38, 30, 2, 26.82%, 0, 11, 4, 1.09, 120324, 372
66510, 1, 11, 38, 30, 2, 26.82%, 0, 11, 4, 1.09, 120330, 372
66515, 1, 11, 38, 30, 2, 26.82%, 0, 11, 4, 1.09, 120336, 372
66521, 1, 11, 38, 30, 2, 26.82%, 0, 11, 4, 1.09, 120342, 372
66526, 1, 11, 38, 30, 2, 26.82%, 0, 11, 4, 1.09, 120348, 372
66531, 1, 11, 38, 30, 2, 26.82%, 0, 11, 4, 1.09, 120354, 372
66537, 1, 11, 38, 30, 2, 26.82%, 0, 11, 4, 1.09, 120360, 372
66542, 1, 11, 38, 30, 2, 26.82%, 0, 11, 4, 1.09, 120366, 372
66548, 1, 11, 38, 30, 2, 26.82%, 0, 11, 4, 1.09, 120372, 372
66553, 1, 11, 38, 30, 2, 26.82%, 0, 11, 4, 1.09, 120378, 372
66559, 1, 11, 38, 30, 2, 26.82%, 0, 11, 4, 1.09, 120384, 372
66564, 1, 11, 38, 30, 2, 26.82%, 0, 11, 4, 1.09, 120390, 372
66570, 1, 11, 38, 30, 2, 26.82%, 0, 11, 4, 1.09, 120396, 372
66575, 1, 11, 38, 30, 2, 26.82%, 0, 11, 4, 1.09, 120402, 372
66581, 1, 11, 38, 30, 2, 26.82%, 0, 11, 4, 1.09, 120408, 372
66586, 1, 11, 38, 30, 2, 26.82%, 0, 11, 4, 1.09, 120414, 372
66592, 1, 11, 38, 30, 2, 26.82%, 0, 11, 4, 1.09, 120420, 372
66597, 1, 11, 38, 30, 2, 26.82%, 0, 11, 4, 1.09, 120426, 372
66603, 1, 11, 38, 30, 2, 26.82%, 0, 11, 4, 1.09, 120432, 372
66608, 1, 11, 38, 30, 2, 26.82%, 0, 11, 4, 1.09, 120438, 372
66614, 1, 11, 38, 30, 2, 26.82%, 0, 11, 4, 1.09, 120444, 372
66619, 1, 11, 38, 30, 2, 26.82%, 0, 11, 4, 1.09, 120450, 372
66625, 1, 11, 38, 30, 2, 26.82%, 0, 11, 4, 1.09, 120456, 372
66630, 1, 11, 38, 30, 2, 26.82%, 0, 11, 4, 1.09, 120462, 372
66636, 1, 11, 38, 30, 2, 26.82%, 0, 11, 4, 1.09, 120468, 372
66641, 1, 11, 38, 30, 2, 26.82%, 0, 11, 4, 1.09, 120474, 372
66647, 1, 11, 38, 30, 2, 26.82%, 0, 11, 4, 1.09, 120480, 372
66652, 1, 11, 38, 30, 2, 26.82%, 0, 11, 4, 1.09, 120486, 372
66658, 1, 11, 38, 30, 2, 26.82%, 0, 11, 4, 1.09, 120492, 372
66663, 1, 11, 38, 30, 2, 26.82%, 0, 11, 4, 1.09, 120498, 372
66669, 1, 11, 38, 30, 2, 26.82%, 0, 11, 4, 1.09, 120504, 372
66674, 1, 11, 38, 30, 2, 26.82%, 0, 11, 4, 1.09, 120510, 372
66680, 1, 11, 38, 30, 2, 26.82%, 0, 11, 4, 1.09, 120516, 372
66685, 1, 11, 38, 30, 2, 26.82%, 0, 11, 4, 1.09, 120522, 372
66691, 1, 11, 38, 30, 2, 26.82%, 0, 11, 4, 1.09, 120528, 372
66696, 1, 11, 38, 30, 2, 26.82%, 0, 11, 4, 1.09, 120534, 372
66701, 1, 11, 38, 30, 2, 26.82%, 0, 11, 4, 1.09, 120540, 372
66707, 1, 11, 38, 30, 2, 26.82%, 0, 11, 4, 1.09, 120546, 372
66712, 1, 11, 38, 30, 2, 26.82%, 0, 11, 4, 1.09, 120552, 372
66718, 1, 11, 38, 30, 2, 26.82%, 0, 11, 4, 1.09, 120558, 372
66723, 1, 11, 38, 30, 2, 26.82%, 0, 11, 4, 1.09, 120564, 372
66729, 1, 11, 38, 30, 2, 26.82%, 0, 11, 4, 1.09, 120570, 372
66734, 1, 11, 38, 30, 2, 26.82%, 0, 11, 4, 1.09, 120576, 372
66740, 1, 11, 38, 30, 2, 26.82%, 0, 11, 4, 1.09, 120582, 372
66745, 1, 11, 38, 30, 2, 26.82%, 0, 11, 4, 1.09, 120588, 372
66751, 1, 11, 38, 30, 2, 26.82%, 0, 11, 4, 1.09, 120594, 372
66756, 1, 11, 38, 30, 2, 26.82%, 0, 11, 4, 1.09, 120600, 372
66762, 1, 11, 38, 30, 2, 26.82%, 0, 11, 4, 1.09, 120606, 372
66767, 1, 11, 38, 30, 2, 26.82%, 0, 11, 4, 1.09, 120612, 372
66773, 1, 11, 38, 30, 2, 26.82%, 0, 11, 4, 1.09, 120618, 372
66778, 1, 11, 38, 30, 2, 26.82%, 0, 11, 4, 1.09, 120624, 372
66784, 1, 11, 38, 30, 2, 26.82%, 0, 11, 4, 1.09, 120630, 372
66789, 1, 11, 38, 30, 2, 26.82%, 0, 11, 4, 1.09, 120636, 372
66795, 1, 11, 38, 30, 2, 26.82%, 0, 11, 4, 1.09, 120642, 372
66800, 1, 11, 38, 30, 2, 26.82%, 0, 11, 4, 1.09, 120648, 372
66806, 1, 11, 38, 30, 2, 26.82%, 0, 11, 4, 1.09, 120654, 372
66811, 1, 11, 38, 30, 2, 26.82%, 0, 11, 4, 1.09, 120660, 372
66817, 1, 11, 38, 30, 2, 26.82%, 0, 11, 4, 1.09, 120666, 372
66822, 1, 11, 38, 30, 2, 26.82%, 0, 11, 4, 1.09, 120672, 372
66828, 1, 11, 38, 30, 2, 26.82%, 0, 11, 4, 1.09, 120678, 372
66833, 1, 11, 38, 30, 2, 26.82%, 0, 11, 4, 1.09, 120684, 372
66839, 1, 11, 38, 30, 2, 26.82%, 0, 11, 4, 1.09, 120690, 372
66844, 1, 11, 38, 30, 2, 26.82%, 0, 11, 4, 1.09, 120696, 372
66850, 1, 11, 38, 30, 2, 26.82%, 0, 11, 4, 1.09, 120702, 372
66855, 1, 11, 38, 30, 2, 26.82%, 0, 11, 4, 1.09, 120708, 372
66860, 1, 11, 38, 30, 2, 26.82%, 0, 11, 4, 1.09, 120714, 372
66866, 1, 11, 38, 30, 2, 26.82%, 0, 11, 4, 1.09, 120720, 372
66871, 1, 11, 38, 30, 2, 26.82%, 0, 11, 4, 1.09, 120726, 372
66877, 1, 11, 38, 30, 2, 26.82%, 0, 11, 4, 1.09, 120732, 372
66882, 1, 11, 38, 30, 2, 26.82%, 0, 11, 4, 1.09, 120738, 372
66888, 1, 11, 38, 30, 2, 26.82%, 0, 11, 4, 1.09, 120744, 372
66893, 1, 11, 38, 30, 2, 26.82%, 0, 11, 4, 1.09, 120750, 372
66899, 1, 11, 38, 30, 2, 26.82%, 0, 11, 4, 1.09, 120756, 372
66904, 1, 11, 38, 30, 2, 26.82%, 0, 11, 4, 1.09, 120762, 372
66910, 1, 11, 38, 30, 2, 26.82%, 0, 11, 4, 1.09, 120768, 372
66915, 1, 11, 38, 30, 2, 26.82%, 0, 11, 4, 1.09, 120774, 372
66921, 1, 11, 38, 30, 2, 26.82%, 0, 11, 4, 1.09, 120780, 372
66926, 1, 11, 38, 30, 2, 26.82%, 0, 11, 4, 1.09, 120786, 372
66932, 1, 11, 38, 30, 2, 26.82%, 0, 11, 4, 1.09, 120792, 372
66937, 1, 11, 38, 30, 2, 26.82%, 0, 11, 4, 1.09, 120798, 372
66943, 1, 11, 38, 30, 2, 26.82%, 0, 11, 4, 1.09, 120804, 372
66948, 1, 11, 38, 30, 2, 26.82%, 0, 11, 4, 1.09, 120810, 372
66954, 1, 11, 38, 30, 2, 26.82%, 0, 11, 4, 1.09, 120816, 372
66959, 1, 11, 38, 30, 2, 26.82%, 0, 11, 4, 1.09, 120822, 372
66965, 1, 11, 38, 30, 2, 26.82%, 0, 11, 4, 1.09, 120828, 372
66970, 1, 11, 38, 30, 2, 26.82%, 0, 11, 4, 1.09, 120834, 372
66976, 1, 11, 38, 30, 2, 26.82%, 0, 11, 4, 1.09, 120840, 372
66981, 1, 11, 38, 30, 2, 26.82%, 0, 11, 4, 1.09, 120846, 372
66987, 1, 11, 38, 30, 2, 26.82%, 0, 11, 4, 1.09, 120852, 372
66992, 1, 11, 38, 30, 2, 26.82%, 0, 11, 4, 1.09, 120858, 372
66998, 1, 11, 38, 30, 2, 26.82%, 0, 11, 4, 1.09, 120864, 372
67003, 1, 11, 38, 30, 2, 26.82%, 0, 11, 4, 1.09, 120870, 372
67009, 1, 11, 38, 30, 2, 26.82%, 0, 11, 4, 1.09, 120876, 372
67014, 1, 11, 38, 30, 2, 26.82%, 0, 11, 4, 1.09, 120882, 372
67020, 1, 11, 38, 30, 2, 26.82%, 0, 11, 4, 1.09, 120888, 372
67025, 1, 11, 38, 30, 2, 26.82%, 0, 11, 4, 1.09, 120894, 372
67030, 1, 11, 38, 30, 2, 26.82%, 0, 11, 4, 1.09, 120900, 372
67036, 1, 11, 38, 30, 2, 26.82%, 0, 11, 4, 1.09, 120906, 372
67041, 1, 11, 38, 30, 2, 26.82%, 0, 11, 4, 1.09, 120912, 372
67047, 1, 11, 38, 30, 2, 26.82%, 0, 11, 4, 1.09, 120918, 372
67052, 1, 11, 38, 30, 2, 26.82%, 0, 11, 4, 1.09, 120924, 372
67058, 1, 11, 38, 30, 2, 26.82%, 0, 11, 4, 1.09, 120930, 372
67063, 1, 11, 38, 30, 2, 26.82%, 0, 11, 4, 1.09, 120936, 372
67069, 1, 11, 38, 30, 2, 26.82%, 0, 11, 4, 1.09, 120942, 372
67074, 1, 11, 38, 30, 2, 26.82%, 0, 11, 4, 1.09, 120948, 372
67080, 1, 11, 38, 30, 2, 26.82%, 0, 11, 4, 1.09, 120954, 372
67085, 1, 11, 38, 30, 2, 26.82%, 0, 11, 4, 1.09, 120960, 372
67091, 1, 11, 38, 30, 2, 26.82%, 0, 11, 4, 1.09, 120966, 372
67096, 1, 11, 38, 30, 2, 26.82%, 0, 11, 4, 1.09, 120972, 372
67102, 1, 11, 38, 30, 2, 26.82%, 0, 11, 4, 1.09, 120978, 372
67107, 1, 11, 38, 30, 2, 26.82%, 0, 11, 4, 1.09, 120984, 372
67113, 1, 11, 38, 30, 2, 26.82%, 0, 11, 4, 1.09, 120990, 372
67118, 1, 11, 38, 30, 2, 26.82%, 0, 11, 4, 1.09, 120996, 372
67124, 1, 11, 38, 30, 2, 26.82%, 0, 11, 4, 1.09, 121002, 372
67129, 1, 11, 38, 30, 2, 26.82%, 0, 11, 4, 1.09, 121008, 372
67135, 1, 11, 38, 30, 2, 26.82%, 0, 11, 4, 1.09, 121014, 372
67140, 1, 11, 38, 30, 2, 26.82%, 0, 11, 4, 1.09, 121020, 372
67146, 1, 11, 38, 30, 2, 26.82%, 0, 11, 4, 1.09, 121026, 372
67151, 1, 11, 38, 30, 2, 26.82%, 0, 11, 4, 1.09, 121032, 372
67157, 1, 11, 38, 30, 2, 26.82%, 0, 11, 4, 1.09, 121038, 372
67162, 1, 11, 38, 30, 2, 26.82%, 0, 11, 4, 1.09, 121044, 372
67168, 1, 11, 38, 30, 2, 26.82%, 0, 11, 4, 1.09, 121050, 372
67173, 1, 11, 38, 30, 2, 26.82%, 0, 11, 4, 1.09, 121056, 372
67179, 1, 11, 38, 30, 2, 26.82%, 0, 11, 4, 1.09, 121062, 372
67184, 1, 11, 38, 30, 2, 26.82%, 0, 11, 4, 1.09, 121068, 372
67190, 1, 11, 38, 30, 2, 26.82%, 0, 11, 4, 1.09, 121074, 372
67195, 1, 11, 38, 30, 2, 26.82%, 0, 11, 4, 1.09, 121080, 372
67200, 1, 11, 38, 30, 2, 26.82%, 0, 11, 4, 1.09, 121086, 372
67206, 1, 11, 38, 30, 2, 26.82%, 0, 11, 4, 1.09, 121092, 372
67211, 1, 11, 38, 30, 2, 26.82%, 0, 11, 4, 1.09, 121098, 372
67217, 1, 11, 38, 30, 2, 26.82%, 0, 11, 4, 1.09, 121104, 372
67222, 1, 11, 38, 30, 2, 26.82%, 0, 11, 4, 1.09, 121110, 372
67228, 1, 11, 38, 30, 2, 26.82%, 0, 11, 4, 1.09, 121116, 372
67233, 1, 11, 38, 30, 2, 26.82%, 0, 11, 4, 1.09, 121122, 372
67239, 1, 11, 38, 30, 2, 26.82%, 0, 11, 4, 1.09, 121128, 372
67244, 1, 11, 38, 30, 2, 26.82%, 0, 11, 4, 1.09, 121134, 372
67250, 1, 11, 38, 30, 2, 26.82%, 0, 11, 4, 1.09, 121140, 372
67255, 1, 11, 38, 30, 2, 26.82%, 0, 11, 4, 1.09, 121146, 372
67261, 1, 11, 38, 30, 2, 26.82%, 0, 11, 4, 1.09, 121152, 372
67266, 1, 11, 38, 30, 2, 26.82%, 0, 11, 4, 1.09, 121158, 372
67272, 1, 11, 38, 30, 2, 26.82%, 0, 11, 4, 1.09, 121164, 372
67277, 1, 11, 38, 30, 2, 26.82%, 0, 11, 4, 1.09, 121170, 372
67283, 1, 11, 38, 30, 2, 26.82%, 0, 11, 4, 1.09, 121176, 372
67288, 1, 11, 38, 30, 2, 26.82%, 0, 11, 4, 1.09, 121182, 372
67294, 1, 11, 38, 30, 2, 26.82%, 0, 11, 4, 1.09, 121188, 372
67299, 1, 11, 38, 30, 2, 26.82%, 0, 11, 4, 1.09, 121194, 372
67305, 1, 11, 38, 30, 2, 26.82%, 0, 11, 4, 1.09, 121200, 372
67310, 1, 11, 38, 30, 2, 26.82%, 0, 11, 4, 1.09, 121206, 372
67316, 1, 11, 38, 30, 2, 26.82%, 0, 11, 4, 1.09, 121212, 372
67321, 1, 11, 38, 30, 2, 26.82%, 0, 11, 4, 1.09, 121218, 372
67327, 1, 11, 38, 30, 2, 26.82%, 0, 11, 4, 1.09, 121224, 372
67332, 1, 11, 38, 30, 2, 26.82%, 0, 11, 4, 1.09, 121230, 372
67338, 1, 11, 38, 30, 2, 26.82%, 0, 11, 4, 1.09, 121236, 372
67343, 1, 11, 38, 30, 2, 26.82%, 0, 11, 4, 1.09, 121242, 372
67349, 1, 11, 38, 30, 2, 26.82%, 0, 11, 4, 1.09, 121248, 372
67354, 1, 11, 38, 30, 2, 26.82%, 0, 11, 4, 1.09, 121254, 372
67360, 1, 11, 38, 30, 2, 26.82%, 0, 11, 4, 1.09, 121260, 372
67365, 1, 11, 38, 30, 2, 26.82%, 0, 11, 4, 1.09, 121266, 372
67370, 1, 11, 38, 30, 2, 26.82%, 0, 11, 4, 1.09, 121272, 372
67376, 1, 11, 38, 30, 2, 26.82%, 0, 11, 4, 1.09, 121278, 372
67381, 1, 11, 38, 30, 2, 26.82%, 0, 11, 4, 1.09, 121284, 372
67387, 1, 11, 38, 30, 2, 26.82%, 0, 11, 4, 1.09, 121290, 372
67392, 1, 11, 38, 30, 2, 26.82%, 0, 11, 4, 1.09, 121296, 372
67398, 1, 11, 38, 30, 2, 26.82%, 0, 11, 4, 1.09, 121302, 372
67403, 1, 11, 38, 30, 2, 26.82%, 0, 11, 4, 1.09, 121308, 372
67409, 1, 11, 38, 30, 2, 26.82%, 0, 11, 4, 1.09, 121314, 372
67414, 1, 11, 38, 30, 2, 26.82%, 0, 11, 4, 1.09, 121320, 372
67420, 1, 11, 38, 30, 2, 26.82%, 0, 11, 4, 1.09, 121326, 372
67425, 1, 11, 38, 30, 2, 26.82%, 0, 11, 4, 1.09, 121332, 372
67431, 1, 11, 38, 30, 2, 26.82%, 0, 11, 4, 1.09, 121338, 372
67436, 1, 11, 38, 30, 2, 26.82%, 0, 11, 4, 1.09, 121344, 372
67442, 1, 11, 38, 30, 2, 26.82%, 0, 11, 4, 1.09, 121350, 372
67447, 1, 11, 38, 30, 2, 26.82%, 0, 11, 4, 1.09, 121356, 372
67453, 1, 11, 38, 30, 2, 26.82%, 0, 11, 4, 1.09, 121362, 372
67458, 1, 11, 38, 30, 2, 26.82%, 0, 11, 4, 1.09, 121368, 372
67464, 1, 11, 38, 30, 2, 26.82%, 0, 11, 4, 1.09, 121374, 372
67469, 1, 11, 38, 30, 2, 26.82%, 0, 11, 4, 1.09, 121380, 372
67475, 1, 11, 38, 30, 2, 26.82%, 0, 11, 4, 1.09, 121386, 372
67480, 1, 11, 38, 30, 2, 26.82%, 0, 11, 4, 1.09, 121392, 372
67486, 1, 11, 38, 30, 2, 26.82%, 0, 11, 4, 1.09, 121398, 372
67491, 1, 11, 38, 30, 2, 26.82%, 0, 11, 4, 1.09, 121404, 372
67497, 1, 11, 38, 30, 2, 26.82%, 0, 11, 4, 1.09, 121410, 372
67502, 1, 11, 38, 30, 2, 26.82%, 0, 11, 4, 1.09, 121416, 372
67508, 1, 11, 38, 30, 2, 26.82%, 0, 11, 4, 1.09, 121422, 372
67513, 1, 11, 38, 30, 2, 26.82%, 0, 11, 4, 1.09, 121428, 372
67519, 1, 11, 38, 30, 2, 26.82%, 0, 11, 4, 1.09, 121434, 372
67524, 1, 11, 38, 30, 2, 26.82%, 0, 11, 4, 1.09, 121440, 372
67530, 1, 11, 38, 30, 2, 26.82%, 0, 11, 4, 1.09, 121446, 372
67535, 1, 11, 38, 30, 2, 26.82%, 0, 11, 4, 1.09, 121452, 372
67540, 1, 11, 38, 30, 2, 26.82%, 0, 11, 4, 1.09, 121458, 372
67546, 1, 11, 38, 30, 2, 26.82%, 0, 11, 4, 1.09, 121464, 372
67551, 1, 11, 38, 30, 2, 26.82%, 0, 11, 4, 1.09, 121470, 372
67557, 1, 11, 38, 30, 2, 26.82%, 0, 11, 4, 1.09, 121476, 372
67562, 1, 11, 38, 30, 2, 26.82%, 0, 11, 4, 1.09, 121482, 372
67568, 1, 11, 38, 30, 2, 26.82%, 0, 11, 4, 1.09, 121488, 372
67573, 1, 11, 38, 30, 2, 26.82%, 0, 11, 4, 1.09, 121494, 372
67579, 1, 11, 38, 30, 2, 26.82%, 0, 11, 4, 1.09, 121500, 372
67584, 1, 11, 38, 30, 2, 26.82%, 0, 11, 4, 1.09, 121506, 372
67590, 1, 11, 38, 30, 2, 26.82%, 0, 11, 4, 1.09, 121512, 372
67595, 1, 11, 38, 30, 2, 26.82%, 0, 11, 4, 1.09, 121518, 372
67601, 1, 11, 38, 30, 2, 26.82%, 0, 11, 4, 1.09, 121524, 372
67606, 1, 11, 38, 30, 2, 26.82%, 0, 11, 4, 1.09, 121530, 372
67612, 1, 11, 38, 30, 2, 26.82%, 0, 11, 4, 1.09, 121536, 372
67617, 1, 11, 38, 30, 2, 26.82%, 0, 11, 4, 1.09, 121542, 372
67623, 1, 11, 38, 30, 2, 26.82%, 0, 11, 4, 1.09, 121548, 372
67628, 1, 11, 38, 30, 2, 26.82%, 0, 11, 4, 1.09, 121554, 372
67634, 1, 11, 38, 30, 2, 26.82%, 0, 11, 4, 1.09, 121560, 372
67639, 1, 11, 38, 30, 2, 26.82%, 0, 11, 4, 1.09, 121566, 372
67645, 1, 11, 38, 30, 2, 26.82%, 0, 11, 4, 1.09, 121572, 372
67650, 1, 11, 38, 30, 2, 26.82%, 0, 11, 4, 1.09, 121578, 372
67656, 1, 11, 38, 30, 2, 26.82%, 0, 11, 4, 1.09, 121584, 372
67661, 1, 11, 38, 30, 2, 26.82%, 0, 11, 4, 1.09, 121590, 372
67667, 1, 11, 38, 30, 2, 26.82%, 0, 11, 4, 1.09, 121596, 372
67672, 1, 11, 38, 30, 2, 26.82%, 0, 11, 4, 1.09, 121602, 372
67678, 1, 11, 38, 30, 2, 26.82%, 0, 11, 4, 1.09, 121608, 372
67683, 1, 11, 38, 30, 2, 26.82%, 0, 11, 4, 1.09, 121614, 372
67689, 1, 11, 38, 30, 2, 26.82%, 0, 11, 4, 1.09, 121620, 372
67694, 1, 11, 38, 30, 2, 26.82%, 0, 11, 4, 1.09, 121626, 372
67699, 1, 11, 38, 30, 2, 26.82%, 0, 11, 4, 1.09, 121632, 372
67705, 1, 11, 38, 30, 2, 26.82%, 0, 11, 4, 1.09, 121638, 372
67710, 1, 11, 38, 30, 2, 26.82%, 0, 11, 4, 1.09, 121644, 372
67716, 1, 11, 38, 30, 2, 26.82%, 0, 11, 4, 1.09, 121650, 372
67721, 1, 11, 38, 30, 2, 26.82%, 0, 11, 4, 1.09, 121656, 372
67727, 1, 11, 38, 30, 2, 26.82%, 0, 11, 4, 1.09, 121662, 372
67732, 1, 11, 38, 30, 2, 26.82%, 0, 11, 4, 1.09, 121668, 372
67738, 1, 11, 38, 30, 2, 26.82%, 0, 11, 4, 1.09, 121674, 372
67743, 1, 11, 38, 30, 2, 26.82%, 0, 11, 4, 1.09, 121680, 372
67749, 1, 11, 38, 30, 2, 26.82%, 0, 11, 4, 1.09, 121686, 372
67754, 1, 11, 38, 30, 2, 26.82%, 0, 11, 4, 1.09, 121692, 372
67760, 1, 11, 38, 30, 2, 26.82%, 0, 11, 4, 1.09, 121698, 372
67765, 1, 11, 38, 30, 2, 26.82%, 0, 11, 4, 1.09, 121704, 372
67771, 1, 11, 38, 30, 2, 26.82%, 0, 11, 4, 1.09, 121710, 372
67776, 1, 11, 38, 30, 2, 26.82%, 0, 11, 4, 1.09, 121716, 372
67782, 1, 11, 38, 30, 2, 26.82%, 0, 11, 4, 1.09, 121722, 372
67787, 1, 11, 38, 30, 2, 26.82%, 0, 11, 4, 1.09, 121728, 372
67793, 1, 11, 38, 30, 2, 26.82%, 0, 11, 4, 1.09, 121734, 372
67798, 1, 11, 38, 30, 2, 26.82%, 0, 11, 4, 1.09, 121740, 372
67804, 1, 11, 38, 30, 2, 26.82%, 0, 11, 4, 1.09, 121746, 372
67809, 1, 11, 38, 30, 2, 26.82%, 0, 11, 4, 1.09, 121752, 372
67815, 1, 11, 38, 30, 2, 26.82%, 0, 11, 4, 1.09, 121758, 372
67820, 1, 11, 38, 30, 2, 26.82%, 0, 11, 4, 1.09, 121764, 372
67826, 1, 11, 38, 30, 2, 26.82%, 0, 11, 4, 1.09, 121770, 372
67831, 1, 11, 38, 30, 2, 26.82%, 0, 11, 4, 1.09, 121776, 372
67837, 1, 11, 38, 30, 2, 26.82%, 0, 11, 4, 1.09, 121782, 372
67842, 1, 11, 38, 30, 2, 26.82%, 0, 11, 4, 1.09, 121788, 372
67848, 1, 11, 38, 30, 2, 26.82%, 0, 11, 4, 1.09, 121794, 372
67853, 1, 11, 38, 30, 2, 26.82%, 0, 11, 4, 1.09, 121800, 372
67858, 1, 11, 38, 30, 2, 26.82%, 0, 11, 4, 1.09, 121806, 372
67864, 1, 11, 38, 30, 2, 26.82%, 0, 11, 4, 1.09, 121812, 372
67869, 1, 11, 38, 30, 2, 26.82%, 0, 11, 4, 1.09, 121818, 372
67875, 1, 11, 38, 30, 2, 26.82%, 0, 11, 4, 1.09, 121824, 372
67880, 1, 11, 38, 30, 2, 26.82%, 0, 11, 4, 1.09, 121830, 372
67886, 1, 11, 38, 30, 2, 26.82%, 0, 11, 4, 1.09, 121836, 372
67891, 1, 11, 38, 30, 2, 26.82%, 0, 11, 4, 1.09, 121842, 372
67897, 1, 11, 38, 30, 2, 26.82%, 0, 11, 4, 1.09, 121848, 372
67902, 1, 11, 38, 30, 2, 26.82%, 0, 11, 4, 1.09, 121854, 372
67908, 1, 11, 38, 30, 2, 26.82%, 0, 11, 4, 1.09, 121860, 372
67913, 1, 11, 38, 30, 2, 26.82%, 0, 11, 4, 1.09, 121866, 372
67919, 1, 11, 38, 30, 2, 26.82%, 0, 11, 4, 1.09, 121872, 372
67924, 1, 11, 38, 30, 2, 26.82%, 0, 11, 4, 1.09, 121878, 372
67930, 1, 11, 38, 30, 2, 26.82%, 0, 11, 4, 1.09, 121884, 372
67935, 1, 11, 38, 30, 2, 26.82%, 0, 11, 4, 1.09, 121890, 372
67941, 1, 11, 38, 30, 2, 26.82%, 0, 11, 4, 1.09, 121896, 372
67946, 1, 11, 38, 30, 2, 26.82%, 0, 11, 4, 1.09, 121902, 372
67952, 1, 11, 38, 30, 2, 26.82%, 0, 11, 4, 1.09, 121908, 372
67957, 1, 11, 38, 30, 2, 26.82%, 0, 11, 4, 1.09, 121914, 372
67963, 1, 11, 38, 30, 2, 26.82%, 0, 11, 4, 1.09, 121920, 372
67968, 1, 11, 38, 30, 2, 26.82%, 0, 11, 4, 1.09, 121926, 372
67974, 1, 11, 38, 30, 2, 26.82%, 0, 11, 4, 1.09, 121932, 372
67979, 1, 11, 38, 30, 2, 26.82%, 0, 11, 4, 1.09, 121938, 372
67985, 1, 11, 38, 30, 2, 26.82%, 0, 11, 4, 1.09, 121944, 372
67990, 1, 11, 38, 30, 2, 26.82%, 0, 11, 4, 1.09, 121950, 372
67996, 1, 11, 38, 30, 2, 26.82%, 0, 11, 4, 1.09, 121956, 372
68001, 1, 11, 38, 30, 2, 26.82%, 0, 11, 4, 1.09, 121962, 372
68007, 1, 11, 38, 30, 2, 26.82%, 0, 11, 4, 1.09, 121968, 372
68012, 1, 11, 38, 30, 2, 26.82%, 0, 11, 4, 1.09, 121974, 372
68018, 1, 11, 38, 30, 2, 26.82%, 0, 11, 4, 1.09, 121980, 372
68023, 1, 11, 38, 30, 2, 26.82%, 0, 11, 4, 1.09, 121986, 372
68028, 1, 11, 38, 30, 2, 26.82%, 0, 11, 4, 1.09, 121992, 372
68034, 1, 11, 38, 30, 2, 26.82%, 0, 11, 4, 1.09, 121998, 372
68039, 1, 11, 38, 30, 2, 26.82%, 0, 11, 4, 1.09, 122004, 372
68045, 1, 11, 38, 30, 2, 26.82%, 0, 11, 4, 1.09, 122010, 372
68050, 1, 11, 38, 30, 2, 26.82%, 0, 11, 4, 1.09, 122016, 372
68056, 1, 11, 38, 30, 2, 26.82%, 0, 11, 4, 1.09, 122022, 372
68061, 1, 11, 38, 30, 2, 26.82%, 0, 11, 4, 1.09, 122028, 372
68067, 1, 11, 38, 30, 2, 26.82%, 0, 11, 4, 1.09, 122034, 372
68072, 1, 11, 38, 30, 2, 26.82%, 0, 11, 4, 1.09, 122040, 372
68078, 1, 11, 38, 30, 2, 26.82%, 0, 11, 4, 1.09, 122046, 372
68083, 1, 11, 38, 30, 2, 26.82%, 0, 11, 4, 1.09, 122052, 372
68089, 1, 11, 38, 30, 2, 26.82%, 0, 11, 4, 1.09, 122058, 372
68094, 1, 11, 38, 30, 2, 26.82%, 0, 11, 4, 1.09, 122064, 372
68100, 1, 11, 38, 30, 2, 26.82%, 0, 11, 4, 1.09, 122070, 372
68105, 1, 11, 38, 30, 2, 26.82%, 0, 11, 4, 1.09, 122076, 372
68111, 1, 11, 38, 30, 2, 26.82%, 0, 11, 4, 1.09, 122082, 372
68116, 1, 11, 38, 30, 2, 26.82%, 0, 11, 4, 1.09, 122088, 372
68122, 1, 11, 38, 30, 2, 26.82%, 0, 11, 4, 1.09, 122094, 372
68127, 1, 11, 38, 30, 2, 26.82%, 0, 11, 4, 1.09, 122100, 372
68133, 1, 11, 38, 30, 2, 26.82%, 0, 11, 4, 1.09, 122106, 372
68138, 1, 11, 38, 30, 2, 26.82%, 0, 11, 4, 1.09, 122112, 372
68144, 1, 11, 38, 30, 2, 26.82%, 0, 11, 4, 1.09, 122118, 372
68149, 1, 11, 38, 30, 2, 26.82%, 0, 11, 4, 1.09, 122124, 372
68155, 1, 11, 38, 30, 2, 26.82%, 0, 11, 4, 1.09, 122130, 372
68160, 1, 11, 38, 30, 2, 26.82%, 0, 11, 4, 1.09, 122136, 372
68166, 1, 11, 38, 30, 2, 26.82%, 0, 11, 4, 1.09, 122142, 372
68171, 1, 11, 38, 30, 2, 26.82%, 0, 11, 4, 1.09, 122148, 372
68177, 1, 11, 38, 30, 2, 26.82%, 0, 11, 4, 1.09, 122154, 372
68182, 1, 11, 38, 30, 2, 26.82%, 0, 11, 4, 1.09, 122160, 372
68187, 1, 11, 38, 30, 2, 26.82%, 0, 11, 4, 1.09, 122166, 372
68193, 1, 11, 38, 30, 2, 26.82%, 0, 11, 4, 1.09, 122172, 372
68198, 1, 11, 38, 30, 2, 26.82%, 0, 11, 4, 1.09, 122178, 372
68204, 1, 11, 38, 30, 2, 26.82%, 0, 11, 4, 1.09, 122184, 372
68209, 1, 11, 38, 30, 2, 26.82%, 0, 11, 4, 1.09, 122190, 372
68215, 1, 11, 38, 30, 2, 26.82%, 0, 11, 4, 1.09, 122196, 372
68220, 1, 11, 38, 30, 2, 26.82%, 0, 11, 4, 1.09, 122202, 372
68226, 1, 11, 38, 30, 2, 26.82%, 0, 11, 4, 1.09, 122208, 372
68231, 1, 11, 38, 30, 2, 26.82%, 0, 11, 4, 1.09, 122214, 372
68237, 1, 11, 38, 30, 2, 26.82%, 0, 11, 4, 1.09, 122220, 372
68242, 1, 11, 38, 30, 2, 26.82%, 0, 11, 4, 1.09, 122226, 372
68248, 1, 11, 38, 30, 2, 26.82%, 0, 11, 4, 1.09, 122232, 372
68253, 1, 11, 38, 30, 2, 26.82%, 0, 11, 4, 1.09, 122238, 372
68259, 1, 11, 38, 30, 2, 26.82%, 0, 11, 4, 1.09, 122244, 372
68264, 1, 11, 38, 30, 2, 26.82%, 0, 11, 4, 1.09, 122250, 372
68270, 1, 11, 38, 30, 2, 26.82%, 0, 11, 4, 1.09, 122256, 372
68275, 1, 11, 38, 30, 2, 26.82%, 0, 11, 4, 1.09, 122262, 372
68281, 1, 11, 38, 30, 2, 26.82%, 0, 11, 4, 1.09, 122268, 372
68286, 1, 11, 38, 30, 2, 26.82%, 0, 11, 4, 1.09, 122274, 372
68292, 1, 11, 38, 30, 2, 26.82%, 0, 11, 4, 1.09, 122280, 372
68297, 1, 11, 38, 30, 2, 26.82%, 0, 11, 4, 1.09, 122286, 372
68303, 1, 11, 38, 30, 2, 26.82%, 0, 11, 4, 1.09, 122292, 372
68308, 1, 11, 38, 30, 2, 26.82%, 0, 11, 4, 1.09, 122298, 372
68314, 1, 11, 38, 30, 2, 26.82%, 0, 11, 4, 1.09, 122304, 372
68319, 1, 11, 38, 30, 2, 26.82%, 0, 11, 4, 1.09, 122310, 372
68325, 1, 11, 38, 30, 2, 26.82%, 0, 11, 4, 1.09, 122316, 372
68330, 1, 11, 38, 30, 2, 26.82%, 0, 11, 4, 1.09, 122322, 372
68336, 1, 11, 38, 30, 2, 26.82%, 0, 11, 4, 1.09, 122328, 372
68341, 1, 11, 38, 30, 2, 26.82%, 0, 11, 4, 1.09, 122334, 372
68347, 1, 11, 38, 30, 2, 26.82%, 0, 11, 4, 1.09, 122340, 372
68352, 1, 11, 38, 30, 2, 26.82%, 0, 11, 4, 1.09, 122346, 372
68358, 1, 11, 38, 30, 2, 26.82%, 0, 11, 4, 1.09, 122352, 372
68363, 1, 11, 38, 30, 2, 26.82%, 0, 11, 4, 1.09, 122358, 372
68368, 1, 11, 38, 30, 2, 26.82%, 0, 11, 4, 1.09, 122364, 372
68374, 1, 11, 38, 30, 2, 26.82%, 0, 11, 4, 1.09, 122370, 372
68379, 1, 11, 38, 30, 2, 26.82%, 0, 11, 4, 1.09, 122376, 372
68385, 1, 11, 38, 30, 2, 26.82%, 0, 11, 4, 1.09, 122382, 372
68390, 1, 11, 38, 30, 2, 26.82%, 0, 11, 4, 1.09, 122388, 372
68396, 1, 11, 38, 30, 2, 26.82%, 0, 11, 4, 1.09, 122394, 372
68401, 1, 11, 38, 30, 2, 26.82%, 0, 11, 4, 1.09, 122400, 372
68407, 1, 11, 38, 30, 2, 26.82%, 0, 11, 4, 1.09, 122406, 372
68412, 1, 11, 38, 30, 2, 26.82%, 0, 11, 4, 1.09, 122412, 372
68418, 1, 11, 38, 30, 2, 26.82%, 0, 11, 4, 1.09, 122418, 372
68423, 1, 11, 38, 30, 2, 26.82%, 0, 11, 4, 1.09, 122424, 372
68429, 1, 11, 38, 30, 2, 26.82%, 0, 11, 4, 1.09, 122430, 372
68434, 1, 11, 38, 30, 2, 26.82%, 0, 11, 4, 1.09, 122436, 372
68440, 1, 11, 38, 30, 2, 26.82%, 0, 11, 4, 1.09, 122442, 372
68445, 1, 11, 38, 30, 2, 26.82%, 0, 11, 4, 1.09, 122448, 372
68451, 1, 11, 38, 30, 2, 26.82%, 0, 11, 4, 1.09, 122454, 372
68456, 1, 11, 38, 30, 2, 26.82%, 0, 11, 4, 1.09, 122460, 372
68462, 1, 11, 38, 30, 2, 26.82%, 0, 11, 4, 1.09, 122466, 372
68467, 1, 11, 38, 30, 2, 26.82%, 0, 11, 4, 1.09, 122472, 372
68473, 1, 11, 38, 30, 2, 26.82%, 0, 11, 4, 1.09, 122478, 372
68478, 1, 11, 38, 30, 2, 26.82%, 0, 11, 4, 1.09, 122484, 372
68484, 1, 11, 38, 30, 2, 26.82%, 0, 11, 4, 1.09, 122490, 372
68489, 1, 11, 38, 30, 2, 26.82%, 0, 11, 4, 1.09, 122496, 372
68495, 1, 11, 38, 30, 2, 26.82%, 0, 11, 4, 1.09, 122502, 372
68500, 1, 11, 38, 30, 2, 26.82%, 0, 11, 4, 1.09, 122508, 372
68506, 1, 11, 38, 30, 2, 26.82%, 0, 11, 4, 1.09, 122514, 372
68511, 1, 11, 38, 30, 2, 26.82%, 0, 11, 4, 1.09, 122520, 372
68517, 1, 11, 38, 30, 2, 26.82%, 0, 11, 4, 1.09, 122526, 372
68522, 1, 11, 38, 30, 2, 26.82%, 0, 11, 4, 1.09, 122532, 372
68528, 1, 11, 38, 30, 2, 26.82%, 0, 11, 4, 1.09, 122538, 372
68533, 1, 11, 38, 30, 2, 26.82%, 0, 11, 4, 1.09, 122544, 372
68538, 1, 11, 38, 30, 2, 26.82%, 0, 11, 4, 1.09, 122550, 372
68544, 1, 11, 38, 30, 2, 26.82%, 0, 11, 4, 1.09, 122556, 372
68549, 1, 11, 38, 30, 2, 26.82%, 0, 11, 4, 1.09, 122562, 372
68555, 1, 11, 38, 30, 2, 26.82%, 0, 11, 4, 1.09, 122568, 372
68560, 1, 11, 38, 30, 2, 26.82%, 0, 11, 4, 1.09, 122574, 372
68566, 1, 11, 38, 30, 2, 26.82%, 0, 11, 4, 1.09, 122580, 372
68571, 1, 11, 38, 30, 2, 26.82%, 0, 11, 4, 1.09, 122586, 372
68577, 1, 11, 38, 30, 2, 26.82%, 0, 11, 4, 1.09, 122592, 372
68582, 1, 11, 38, 30, 2, 26.82%, 0, 11, 4, 1.09, 122598, 372
68588, 1, 11, 38, 30, 2, 26.82%, 0, 11, 4, 1.09, 122604, 372
68593, 1, 11, 38, 30, 2, 26.82%, 0, 11, 4, 1.09, 122610, 372
68599, 1, 11, 38, 30, 2, 26.82%, 0, 11, 4, 1.09, 122616, 372
68604, 1, 11, 38, 30, 2, 26.82%, 0, 11, 4, 1.09, 122622, 372
68610, 1, 11, 38, 30, 2, 26.82%, 0, 11, 4, 1.09, 122628, 372
68615, 1, 11, 38, 30, 2, 26.82%, 0, 11, 4, 1.16, 122635, 372
68621, 1, 11, 38, 30, 2, 26.82%, 0, 11, 4, 1.16, 122641, 372
68626, 1, 11, 38, 30, 2, 26.82%, 0, 11, 4, 1.18, 122648, 372
68632, 1, 11, 38, 30, 2, 26.82%, 0, 11, 4, 1.18, 122654, 372
68637, 1, 11, 38, 30, 2, 26.82%, 0, 11, 4, 1.26, 122661, 372
68642, 1, 11, 38, 30, 2, 26.82%, 0, 11, 4, 1.36, 122669, 372
68647, 1, 11, 38, 30, 2, 26.82%, 0, 11, 4, 1.30, 122675, 372
68653, 1, 11, 38, 30, 2, 26.82%, 0, 11, 4, 1.27, 122681, 372
68658, 1, 11, 38, 30, 2, 26.82%, 0, 11, 4, 1.24, 122687, 372
68663, 1, 11, 38, 30, 2, 26.82%, 0, 11, 4, 1.38, 122695, 372
68669, 1, 11, 38, 30, 2, 26.82%, 0, 11, 4, 1.32, 122702, 372
68674, 1, 11, 38, 30, 2, 26.82%, 0, 11, 4, 1.27, 122708, 372
68680, 1, 11, 38, 30, 2, 26.82%, 0, 11, 4, 1.24, 122714, 372
68685, 1, 11, 38, 30, 2, 26.82%, 0, 11, 4, 1.23, 122720, 372
68690, 1, 11, 38, 30, 2, 26.82%, 0, 11, 4, 1.43, 122729, 372
68695, 1, 11, 38, 30, 2, 26.82%, 0, 11, 4, 1.35, 122735, 372
68701, 1, 11, 38, 30, 2, 26.82%, 0, 11, 4, 1.30, 122741, 372
68706, 1, 11, 38, 30, 2, 26.82%, 0, 11, 4, 1.26, 122747, 372
68712, 1, 11, 38, 30, 2, 26.82%, 0, 11, 4, 1.27, 122754, 372
68717, 1, 11, 38, 30, 2, 26.82%, 0, 11, 4, 1.34, 122761, 372
68722, 1, 11, 38, 30, 2, 26.82%, 0, 11, 4, 1.26, 122767, 372
68728, 1, 11, 38, 30, 2, 26.82%, 0, 11, 4, 1.21, 122773, 372
68733, 1, 11, 38, 30, 2, 26.82%, 0, 11, 4, 1.17, 122779, 372
68739, 1, 11, 38, 30, 2, 26.82%, 0, 11, 4, 1.15, 122785, 372
68744, 1, 11, 38, 30, 2, 26.82%, 0, 11, 4, 1.13, 122791, 372
68750, 1, 11, 38, 30, 2, 26.82%, 0, 11, 4, 1.12, 122797, 372
68755, 1, 11, 38, 30, 2, 26.82%, 0, 11, 4, 1.11, 122803, 372
68761, 1, 11, 38, 30, 2, 26.82%, 0, 11, 4, 1.10, 122809, 372
68766, 1, 11, 38, 30, 2, 26.82%, 0, 11, 4, 1.10, 122815, 372
68771, 1, 11, 38, 30, 2, 26.82%, 0, 11, 4, 1.10, 122821, 372
68777, 1, 11, 38, 30, 2, 26.82%, 0, 11, 4, 1.10, 122827, 372
68782, 1, 11, 38, 30, 2, 26.82%, 0, 11, 4, 1.10, 122833, 372
68788, 1, 11, 38, 30, 2, 26.82%, 0, 11, 4, 1.10, 122839, 372
68793, 1, 11, 38, 30, 2, 26.82%, 0, 11, 4, 1.09, 122845, 372
68799, 1, 11, 38, 30, 2, 26.82%, 0, 11, 4, 1.09, 122851, 372
68804, 1, 11, 38, 30, 2, 26.82%, 0, 11, 4, 1.09, 122857, 372
68810, 1, 11, 38, 30, 2, 26.82%, 0, 11, 4, 1.09, 122863, 372
68815, 1, 11, 38, 30, 2, 26.82%, 0, 11, 4, 1.09, 122869, 372
68821, 1, 11, 38, 30, 2, 26.82%, 0, 11, 4, 1.09, 122875, 372
68826, 1, 11, 38, 30, 2, 26.82%, 0, 11, 4, 1.09, 122881, 372
68832, 1, 11, 38, 30, 2, 26.82%, 0, 11, 4, 1.09, 122887, 372
68837, 1, 11, 38, 30, 2, 26.82%, 0, 11, 4, 1.09, 122893, 372
68843, 1, 11, 38, 30, 2, 26.82%, 0, 11, 4, 1.09, 122899, 372
68848, 1, 11, 38, 30, 2, 26.82%, 0, 11, 4, 1.09, 122905, 372
68854, 1, 11, 38, 30, 2, 26.82%, 0, 11, 4, 1.09, 122911, 372
68859, 1, 11, 38, 30, 2, 26.82%, 0, 11, 4, 1.09, 122917, 372
68865, 1, 11, 38, 30, 2, 26.82%, 0, 11, 4, 1.09, 122923, 372
68870, 1, 11, 38, 30, 2, 26.82%, 0, 11, 4, 1.09, 122929, 372
68876, 1, 11, 38, 30, 2, 26.82%, 0, 11, 4, 1.09, 122935, 372
68881, 1, 11, 38, 30, 2, 26.82%, 0, 11, 4, 1.09, 122941, 372
68887, 1, 11, 38, 30, 2, 26.82%, 0, 11, 4, 1.09, 122947, 372
68892, 1, 11, 38, 30, 2, 26.82%, 0, 11, 4, 1.09, 122953, 372
68898, 1, 11, 38, 30, 2, 26.82%, 0, 11, 4, 1.09, 122959, 372
68903, 1, 11, 38, 30, 2, 26.82%, 0, 11, 4, 1.09, 122965, 372
68909, 1, 11, 38, 30, 2, 26.82%, 0, 11, 4, 1.09, 122971, 372
68914, 1, 11, 38, 30, 2, 26.82%, 0, 11, 4, 1.09, 122977, 372
68920, 1, 11, 38, 30, 2, 26.82%, 0, 11, 4, 1.09, 122983, 372
68925, 1, 11, 38, 30, 2, 26.82%, 0, 11, 4, 1.09, 122989, 372
68931, 1, 11, 38, 30, 2, 26.82%, 0, 11, 4, 1.09, 122995, 372
68936, 1, 11, 38, 30, 2, 26.82%, 0, 11, 4, 1.09, 123001, 372
68941, 1, 11, 38, 30, 2, 26.82%, 0, 11, 4, 1.09, 123007, 372
68947, 1, 11, 38, 30, 2, 26.82%, 0, 11, 4, 1.09, 123013, 372
68952, 1, 11, 38, 30, 2, 26.82%, 0, 11, 4, 1.09, 123019, 372
68958, 1, 11, 38, 30, 2, 26.82%, 0, 11, 4, 1.09, 123025, 372
68963, 1, 11, 38, 30, 2, 26.82%, 0, 11, 4, 1.09, 123031, 372
68969, 1, 11, 38, 30, 2, 26.82%, 0, 11, 4, 1.09, 123037, 372
68974, 1, 11, 38, 30, 2, 26.82%, 0, 11, 4, 1.09, 123043, 372
68980, 1, 11, 38, 30, 2, 26.82%, 0, 11, 4, 1.09, 123049, 372
68985, 1, 11, 38, 30, 2, 26.82%, 0, 11, 4, 1.09, 123055, 372
68991, 1, 11, 38, 30, 2, 26.82%, 0, 11, 4, 1.09, 123061, 372
68996, 1, 11, 38, 30, 2, 26.82%, 0, 11, 4, 1.09, 123067, 372
69002, 1, 11, 38, 30, 2, 26.82%, 0, 11, 4, 1.09, 123073, 372
69007, 1, 11, 38, 30, 2, 26.82%, 0, 11, 4, 1.09, 123079, 372
69013, 1, 11, 38, 30, 2, 26.82%, 0, 11, 4, 1.09, 123085, 372
69018, 1, 11, 38, 30, 2, 26.82%, 0, 11, 4, 1.09, 123091, 372
69024, 1, 11, 38, 30, 2, 26.82%, 0, 11, 4, 1.09, 123097, 372
69029, 1, 11, 38, 30, 2, 26.82%, 0, 11, 4, 1.09, 123103, 372
69035, 1, 11, 38, 30, 2, 26.82%, 0, 11, 4, 1.09, 123109, 372
69040, 1, 11, 38, 30, 2, 26.82%, 0, 11, 4, 1.09, 123115, 372
69046, 1, 11, 38, 30, 2, 26.82%, 0, 11, 4, 1.09, 123121, 372
69051, 1, 11, 38, 30, 2, 26.82%, 0, 11, 4, 1.09, 123127, 372
69057, 1, 11, 38, 30, 2, 26.82%, 0, 11, 4, 1.09, 123133, 372
69062, 1, 11, 38, 30, 2, 26.82%, 0, 11, 4, 1.09, 123139, 372
69068, 1, 11, 38, 30, 2, 26.82%, 0, 11, 4, 1.09, 123145, 372
69073, 1, 11, 38, 30, 2, 26.82%, 0, 11, 4, 1.09, 123151, 372
69079, 1, 11, 38, 30, 2, 26.82%, 0, 11, 4, 1.09, 123157, 372
69084, 1, 11, 38, 30, 2, 26.82%, 0, 11, 4, 1.09, 123163, 372
69090, 1, 11, 38, 30, 2, 26.82%, 0, 11, 4, 1.09, 123169, 372
69095, 1, 11, 38, 30, 2, 26.82%, 0, 11, 4, 1.09, 123175, 372
69100, 1, 11, 38, 30, 2, 26.82%, 0, 11, 4, 1.09, 123181, 372
69106, 1, 11, 38, 30, 2, 26.82%, 0, 11, 4, 1.09, 123187, 372
69111, 1, 11, 38, 30, 2, 26.82%, 0, 11, 4, 1.09, 123193, 372
69117, 1, 11, 38, 30, 2, 26.82%, 0, 11, 4, 1.09, 123199, 372
69122, 1, 11, 38, 30, 2, 26.82%, 0, 11, 4, 1.09, 123205, 372
69128, 1, 11, 38, 30, 2, 26.82%, 0, 11, 4, 1.09, 123211, 372
69133, 1, 11, 38, 30, 2, 26.82%, 0, 11, 4, 1.09, 123217, 372
69139, 1, 11, 38, 30, 2, 26.82%, 0, 11, 4, 1.09, 123223, 372
69144, 1, 11, 38, 30, 2, 26.82%, 0, 11, 4, 1.09, 123229, 372
69150, 1, 11, 38, 30, 2, 26.82%, 0, 11, 4, 1.09, 123235, 372
69155, 1, 11, 38, 30, 2, 26.82%, 0, 11, 4, 1.09, 123241, 372
69161, 1, 11, 38, 30, 2, 26.82%, 0, 11, 4, 1.09, 123247, 372
69166, 1, 11, 38, 30, 2, 26.82%, 0, 11, 4, 1.09, 123253, 372
69172, 1, 11, 38, 30, 2, 26.82%, 0, 11, 4, 1.09, 123259, 372
69177, 1, 11, 38, 30, 2, 26.82%, 0, 11, 4, 1.09, 123265, 372
69183, 1, 11, 38, 30, 2, 26.82%, 0, 11, 4, 1.09, 123271, 372
69188, 1, 11, 38, 30, 2, 26.82%, 0, 11, 4, 1.09, 123277, 372
69194, 1, 11, 38, 30, 2, 26.82%, 0, 11, 4, 1.09, 123283, 372
69199, 1, 11, 38, 30, 2, 26.82%, 0, 11, 4, 1.09, 123289, 372
69205, 1, 11, 38, 30, 2, 26.82%, 0, 11, 4, 1.09, 123295, 372
69210, 1, 11, 38, 30, 2, 26.82%, 0, 11, 4, 1.09, 123301, 372
69216, 1, 11, 38, 30, 2, 26.82%, 0, 11, 4, 1.09, 123307, 372
69221, 1, 11, 38, 30, 2, 26.82%, 0, 11, 4, 1.09, 123313, 372
69227, 1, 11, 38, 30, 2, 26.82%, 0, 11, 4, 1.09, 123319, 372
69232, 1, 11, 38, 30, 2, 26.82%, 0, 11, 4, 1.09, 123325, 372
69238, 1, 11, 38, 30, 2, 26.82%, 0, 11, 4, 1.09, 123331, 372
69243, 1, 11, 38, 30, 2, 26.82%, 0, 11, 4, 1.09, 123337, 372
69249, 1, 11, 38, 30, 2, 26.82%, 0, 11, 4, 1.09, 123343, 372
69254, 1, 11, 38, 30, 2, 26.82%, 0, 11, 4, 1.09, 123349, 372
69260, 1, 11, 38, 30, 2, 26.82%, 0, 11, 4, 1.09, 123355, 372
69265, 1, 11, 38, 30, 2, 26.82%, 0, 11, 4, 1.09, 123361, 372
69270, 1, 11, 38, 30, 2, 26.82%, 0, 11, 4, 1.09, 123367, 372
69276, 1, 11, 38, 30, 2, 26.82%, 0, 11, 4, 1.09, 123373, 372
69281, 1, 11, 38, 30, 2, 26.82%, 0, 11, 4, 1.09, 123379, 372
69287, 1, 11, 38, 30, 2, 26.82%, 0, 11, 4, 1.09, 123385, 372
69292, 1, 11, 38, 30, 2, 26.82%, 0, 11, 4, 1.09, 123391, 372
69298, 1, 11, 38, 30, 2, 26.82%, 0, 11, 4, 1.09, 123397, 372
69303, 1, 11, 38, 30, 2, 26.82%, 0, 11, 4, 1.09, 123403, 372
69309, 1, 11, 38, 30, 2, 26.82%, 0, 11, 4, 1.09, 123409, 372
69314, 1, 11, 38, 30, 2, 26.82%, 0, 11, 4, 1.09, 123415, 372
69320, 1, 11, 38, 30, 2, 26.82%, 0, 11, 4, 1.09, 123421, 372
69325, 1, 11, 38, 30, 2, 26.82%, 0, 11, 4, 1.09, 123427, 372
69331, 1, 11, 38, 30, 2, 26.82%, 0, 11, 4, 1.09, 123433, 372
69336, 1, 11, 38, 30, 2, 26.82%, 0, 11, 4, 1.09, 123439, 372
69342, 1, 11, 38, 30, 2, 26.82%, 0, 11, 4, 1.09, 123445, 372
69347, 1, 11, 38, 30, 2, 26.82%, 0, 11, 4, 1.09, 123451, 372
69353, 1, 11, 38, 30, 2, 26.82%, 0, 11, 4, 1.09, 123457, 372
69358, 1, 11, 38, 30, 2, 26.82%, 0, 11, 4, 1.09, 123463, 372
69364, 1, 11, 38, 30, 2, 26.82%, 0, 11, 4, 1.09, 123469, 372
69369, 1, 11, 38, 30, 2, 26.82%, 0, 11, 4, 1.09, 123475, 372
69375, 1, 11, 38, 30, 2, 26.82%, 0, 11, 4, 1.09, 123481, 372
69380, 1, 11, 38, 30, 2, 26.82%, 0, 11, 4, 1.09, 123487, 372
69386, 1, 11, 38, 30, 2, 26.82%, 0, 11, 4, 1.09, 123493, 372
69391, 1, 11, 38, 30, 2, 26.82%, 0, 11, 4, 1.09, 123499, 372
69397, 1, 11, 38, 30, 2, 26.82%, 0, 11, 4, 1.09, 123505, 372
69402, 1, 11, 38, 30, 2, 26.82%, 0, 11, 4, 1.09, 123511, 372
69408, 1, 11, 38, 30, 2, 26.82%, 0, 11, 4, 1.09, 123517, 372
69413, 1, 11, 38, 30, 2, 26.82%, 0, 11, 4, 1.09, 123523, 372
69419, 1, 11, 38, 30, 2, 26.82%, 0, 11, 4, 1.09, 123529, 372
69424, 1, 11, 38, 30, 2, 26.82%, 0, 11, 4, 1.09, 123535, 372
69429, 1, 11, 38, 30, 2, 26.82%, 0, 11, 4, 1.09, 123541, 372
69435, 1, 11, 38, 30, 2, 26.82%, 0, 11, 4, 1.09, 123547, 372
69440, 1, 11, 38, 30, 2, 26.82%, 0, 11, 4, 1.09, 123553, 372
69446, 1, 11, 38, 30, 2, 26.82%, 0, 11, 4, 1.10, 123559, 372
69451, 1, 11, 38, 30, 2, 26.82%, 0, 11, 4, 1.10, 123565, 372
69457, 1, 11, 38, 30, 2, 26.82%, 0, 11, 4, 1.10, 123571, 372
69462, 1, 11, 38, 30, 2, 26.82%, 0, 11, 4, 1.10, 123577, 372
69468, 1, 11, 38, 30, 2, 26.82%, 0, 11, 4, 1.10, 123583, 372
69473, 1, 11, 38, 30, 2, 26.82%, 0, 11, 4, 1.09, 123589, 372
69479, 1, 11, 38, 30, 2, 26.82%, 0, 11, 4, 1.09, 123595, 372
69484, 1, 11, 38, 30, 2, 26.82%, 0, 11, 4, 1.09, 123601, 372
69490, 1, 11, 38, 30, 2, 26.82%, 0, 11, 4, 1.09, 123607, 372
69495, 1, 11, 38, 30, 2, 26.82%, 0, 11, 4, 1.09, 123613, 372
69501, 1, 11, 38, 30, 2, 26.82%, 0, 11, 4, 1.09, 123619, 372
69506, 1, 11, 38, 30, 2, 26.82%, 0, 11, 4, 1.09, 123625, 372
69512, 1, 11, 38, 30, 2, 26.82%, 0, 11, 4, 1.09, 123631, 372
69517, 1, 11, 38, 30, 2, 26.82%, 0, 11, 4, 1.09, 123637, 372
69523, 1, 11, 38, 30, 2, 26.82%, 0, 11, 4, 1.09, 123643, 372
69528, 1, 11, 38, 30, 2, 26.82%, 0, 11, 4, 1.09, 123649, 372
69534, 1, 11, 38, 30, 2, 26.82%, 0, 11, 4, 1.09, 123655, 372
69539, 1, 11, 38, 30, 2, 26.82%, 0, 11, 4, 1.09, 123661, 372
69545, 1, 11, 38, 30, 2, 26.82%, 0, 11, 4, 1.09, 123667, 372
69550, 1, 11, 38, 30, 2, 26.82%, 0, 11, 4, 1.09, 123673, 372
69556, 1, 11, 38, 30, 2, 26.82%, 0, 11, 4, 1.09, 123679, 372
69561, 1, 11, 38, 30, 2, 26.82%, 0, 11, 4, 1.09, 123685, 372
69567, 1, 11, 38, 30, 2, 26.82%, 0, 11, 4, 1.09, 123691, 372
69572, 1, 11, 38, 30, 2, 26.82%, 0, 11, 4, 1.09, 123697, 372
69577, 1, 11, 38, 30, 2, 26.82%, 0, 11, 4, 1.09, 123703, 372
69583, 1, 11, 38, 30, 2, 26.82%, 0, 11, 4, 1.09, 123709, 372
69588, 1, 11, 38, 30, 2, 26.82%, 0, 11, 4, 1.09, 123715, 372
69594, 1, 11, 38, 30, 2, 26.82%, 0, 11, 4, 1.09, 123721, 372
69599, 1, 11, 38, 30, 2, 26.82%, 0, 11, 4, 1.09, 123727, 372
69605, 1, 11, 38, 30, 2, 26.82%, 0, 11, 4, 1.09, 123733, 372
69610, 1, 11, 38, 30, 2, 26.82%, 0, 11, 4, 1.09, 123739, 372
69616, 1, 11, 38, 30, 2, 26.82%, 0, 11, 4, 1.09, 123745, 372
69621, 1, 11, 38, 30, 2, 26.82%, 0, 11, 4, 1.09, 123751, 372
69627, 1, 11, 38, 30, 2, 26.82%, 0, 11, 4, 1.09, 123757, 372
69632, 1, 11, 38, 30, 2, 26.82%, 0, 11, 4, 1.09, 123763, 372
69638, 1, 11, 38, 30, 2, 26.82%, 0, 11, 4, 1.09, 123769, 372
69643, 1, 11, 38, 30, 2, 26.82%, 0, 11, 4, 1.09, 123775, 372
69649, 1, 11, 38, 30, 2, 26.82%, 0, 11, 4, 1.09, 123781, 372
69654, 1, 11, 38, 30, 2, 26.82%, 0, 11, 4, 1.09, 123787, 372
69660, 1, 11, 38, 30, 2, 26.82%, 0, 11, 4, 1.09, 123793, 372
69665, 1, 11, 38, 30, 2, 26.82%, 0, 11, 4, 1.09, 123799, 372
69671, 1, 11, 38, 30, 2, 26.82%, 0, 11, 4, 1.09, 123805, 372
69676, 1, 11, 38, 30, 2, 26.82%, 0, 11, 4, 1.09, 123811, 372
69682, 1, 11, 38, 30, 2, 26.82%, 0, 11, 4, 1.09, 123817, 372
69687, 1, 11, 38, 30, 2, 26.82%, 0, 11, 4, 1.09, 123823, 372
69693, 1, 11, 38, 30, 2, 26.82%, 0, 11, 4, 1.09, 123829, 372
69698, 1, 11, 38, 30, 2, 26.82%, 0, 11, 4, 1.09, 123835, 372
69704, 1, 11, 38, 30, 2, 26.82%, 0, 11, 4, 1.09, 123841, 372
69709, 1, 11, 38, 30, 2, 26.82%, 0, 11, 4, 1.09, 123847, 372
69715, 1, 11, 38, 30, 2, 26.82%, 0, 11, 4, 1.09, 123853, 372
69720, 1, 11, 38, 30, 2, 26.82%, 0, 11, 4, 1.09, 123859, 372
69726, 1, 11, 38, 30, 2, 26.82%, 0, 11, 4, 1.09, 123865, 372
69731, 1, 11, 38, 30, 2, 26.82%, 0, 11, 4, 1.09, 123871, 372
69737, 1, 11, 38, 30, 2, 26.82%, 0, 11, 4, 1.09, 123877, 372
69742, 1, 11, 38, 30, 2, 26.82%, 0, 11, 4, 1.09, 123883, 372
69747, 1, 11, 38, 30, 2, 26.82%, 0, 11, 4, 1.09, 123889, 372
69753, 1, 11, 38, 30, 2, 26.82%, 0, 11, 4, 1.09, 123895, 372
69758, 1, 11, 38, 30, 2, 26.82%, 0, 11, 4, 1.09, 123901, 372
69764, 1, 11, 38, 30, 2, 26.82%, 0, 11, 4, 1.09, 123907, 372
69769, 1, 11, 38, 30, 2, 26.82%, 0, 11, 4, 1.09, 123913, 372
69775, 1, 11, 38, 30, 2, 26.82%, 0, 11, 4, 1.09, 123919, 372
69780, 1, 11, 38, 30, 2, 26.82%, 0, 11, 4, 1.09, 123925, 372
69786, 1, 11, 38, 30, 2, 26.82%, 0, 11, 4, 1.09, 123931, 372
69791, 1, 11, 38, 30, 2, 26.82%, 0, 11, 4, 1.09, 123937, 372
69797, 1, 11, 38, 30, 2, 26.82%, 0, 11, 4, 1.09, 123943, 372
69802, 1, 11, 38, 30, 2, 26.82%, 0, 11, 4, 1.09, 123949, 372
69808, 1, 11, 38, 30, 2, 26.82%, 0, 11, 4, 1.09, 123955, 372
69813, 1, 11, 38, 30, 2, 26.82%, 0, 11, 4, 1.09, 123961, 372
69819, 1, 11, 38, 30, 2, 26.82%, 0, 11, 4, 1.09, 123967, 372
69824, 1, 11, 38, 30, 2, 26.82%, 0, 11, 4, 1.09, 123973, 372
69830, 1, 11, 38, 30, 2, 26.82%, 0, 11, 4, 1.09, 123979, 372
69835, 1, 11, 38, 30, 2, 26.82%, 0, 11, 4, 1.09, 123985, 372
69841, 1, 11, 38, 30, 2, 26.82%, 0, 11, 4, 1.09, 123991, 372
69846, 1, 11, 38, 30, 2, 26.82%, 0, 11, 4, 1.09, 123997, 372
69852, 1, 11, 38, 30, 2, 26.82%, 0, 11, 4, 1.09, 124003, 372
69857, 1, 11, 38, 30, 2, 26.82%, 0, 11, 4, 1.09, 124009, 372
69863, 1, 11, 38, 30, 2, 26.82%, 0, 11, 4, 1.09, 124015, 372
69868, 1, 11, 38, 30, 2, 26.82%, 0, 11, 4, 1.09, 124021, 372
69874, 1, 11, 38, 30, 2, 26.82%, 0, 11, 4, 1.09, 124027, 372
69879, 1, 11, 38, 30, 2, 26.82%, 0, 11, 4, 1.09, 124033, 372
69885, 1, 11, 38, 30, 2, 26.82%, 0, 11, 4, 1.09, 124039, 372
69890, 1, 11, 38, 30, 2, 26.82%, 0, 11, 4, 1.09, 124045, 372
69896, 1, 11, 38, 30, 2, 26.82%, 0, 11, 4, 1.09, 124051, 372
69901, 1, 11, 38, 30, 2, 26.82%, 0, 11, 4, 1.09, 124057, 372
69907, 1, 11, 38, 30, 2, 26.82%, 0, 11, 4, 1.09, 124063, 372
69912, 1, 11, 38, 30, 2, 26.82%, 0, 11, 4, 1.09, 124069, 372
69917, 1, 11, 38, 30, 2, 26.82%, 0, 11, 4, 1.09, 124075, 372
69923, 1, 11, 38, 30, 2, 26.82%, 0, 11, 4, 1.09, 124081, 372
69928, 1, 11, 38, 30, 2, 26.82%, 0, 11, 4, 1.09, 124087, 372
69934, 1, 11, 38, 30, 2, 26.82%, 0, 11, 4, 1.09, 124093, 372
69939, 1, 11, 38, 30, 2, 26.82%, 0, 11, 4, 1.09, 124099, 372
69945, 1, 11, 38, 30, 2, 26.82%, 0, 11, 4, 1.09, 124105, 372
69950, 1, 11, 38, 30, 2, 26.82%, 0, 11, 4, 1.09, 124111, 372
69956, 1, 11, 38, 30, 2, 26.82%, 0, 11, 4, 1.09, 124117, 372
69961, 1, 11, 38, 30, 2, 26.82%, 0, 11, 4, 1.09, 124123, 372
69967, 1, 11, 38, 30, 2, 26.82%, 0, 11, 4, 1.09, 124129, 372
69972, 1, 11, 38, 30, 2, 26.82%, 0, 11, 4, 1.09, 124135, 372
69978, 1, 11, 38, 30, 2, 26.82%, 0, 11, 4, 1.09, 124141, 372
69983, 1, 11, 38, 30, 2, 26.82%, 0, 11, 4, 1.09, 124147, 372
69989, 1, 11, 38, 30, 2, 26.82%, 0, 11, 4, 1.09, 124153, 372
69994, 1, 11, 38, 30, 2, 26.82%, 0, 11, 4, 1.09, 124159, 372
70000, 1, 11, 38, 30, 2, 26.82%, 0, 11, 4, 1.09, 124165, 372
70005, 1, 11, 38, 30, 2, 26.82%, 0, 11, 4, 1.09, 124171, 372
70011, 1, 11, 38, 30, 2, 26.82%, 0, 11, 4, 1.09, 124177, 372
70016, 1, 11, 38, 30, 2, 26.82%, 0, 11, 4, 1.09, 124183, 372
70022, 1, 11, 38, 30, 2, 26.82%, 0, 11, 4, 1.09, 124189, 372
70027, 1, 11, 38, 30, 2, 26.82%, 0, 11, 4, 1.09, 124195, 372
70033, 1, 11, 38, 30, 2, 26.82%, 0, 11, 4, 1.09, 124201, 372
70038, 1, 11, 38, 30, 2, 26.82%, 0, 11, 4, 1.09, 124207, 372
70044, 1, 11, 38, 30, 2, 26.82%, 0, 11, 4, 1.09, 124213, 372
70049, 1, 11, 38, 30, 2, 26.82%, 0, 11, 4, 1.09, 124219, 372
70055, 1, 11, 38, 30, 2, 26.82%, 0, 11, 4, 1.09, 124225, 372
70060, 1, 11, 38, 30, 2, 26.82%, 0, 11, 4, 1.09, 124231, 372
70066, 1, 11, 38, 30, 2, 26.82%, 0, 11, 4, 1.09, 124237, 372
70071, 1, 11, 38, 30, 2, 26.82%, 0, 11, 4, 1.09, 124243, 372
70076, 1, 11, 38, 30, 2, 26.82%, 0, 11, 4, 1.09, 124249, 372
70082, 1, 11, 38, 30, 2, 26.82%, 0, 11, 4, 1.09, 124255, 372
70087, 1, 11, 38, 30, 2, 26.82%, 0, 11, 4, 1.09, 124261, 372
70093, 1, 11, 38, 30, 2, 26.82%, 0, 11, 4, 1.09, 124267, 372
70098, 1, 11, 38, 30, 2, 26.82%, 0, 11, 4, 1.09, 124273, 372
70104, 1, 11, 38, 30, 2, 26.82%, 0, 11, 4, 1.09, 124279, 372
70109, 1, 11, 38, 30, 2, 26.82%, 0, 11, 4, 1.09, 124285, 372
70115, 1, 11, 38, 30, 2, 26.82%, 0, 11, 4, 1.09, 124291, 372
70120, 1, 11, 38, 30, 2, 26.82%, 0, 11, 4, 1.09, 124297, 372
70126, 1, 11, 38, 30, 2, 26.82%, 0, 11, 4, 1.09, 124303, 372
70131, 1, 11, 38, 30, 2, 26.82%, 0, 11, 4, 1.09, 124309, 372
70137, 1, 11, 38, 30, 2, 26.82%, 0, 11, 4, 1.09, 124315, 372
70142, 1, 11, 38, 30, 2, 26.82%, 0, 11, 4, 1.09, 124321, 372
70148, 1, 11, 38, 30, 2, 26.82%, 0, 11, 4, 1.09, 124327, 372
70153, 1, 11, 38, 30, 2, 26.82%, 0, 11, 4, 1.09, 124333, 372
70159, 1, 11, 38, 30, 2, 26.82%, 0, 11, 4, 1.09, 124339, 372
70164, 1, 11, 38, 30, 2, 26.82%, 0, 11, 4, 1.09, 124345, 372
70170, 1, 11, 38, 30, 2, 26.82%, 0, 11, 4, 1.09, 124351, 372
70175, 1, 11, 38, 30, 2, 26.82%, 0, 11, 4, 1.09, 124357, 372
70181, 1, 11, 38, 30, 2, 26.82%, 0, 11, 4, 1.09, 124363, 372
70186, 1, 11, 38, 30, 2, 26.82%, 0, 11, 4, 1.09, 124369, 372
70192, 1, 11, 38, 30, 2, 26.82%, 0, 11, 4, 1.09, 124375, 372
70197, 1, 11, 38, 30, 2, 26.82%, 0, 11, 4, 1.09, 124381, 372
70203, 1, 11, 38, 30, 2, 26.82%, 0, 11, 4, 1.09, 124387, 372
70208, 1, 11, 38, 30, 2, 26.82%, 0, 11, 4, 1.09, 124393, 372
70214, 1, 11, 38, 30, 2, 26.82%, 0, 11, 4, 1.09, 124399, 372
70219, 1, 11, 38, 30, 2, 26.82%, 0, 11, 4, 1.09, 124405, 372
70225, 1, 11, 38, 30, 2, 26.82%, 0, 11, 4, 1.09, 124411, 372
70230, 1, 11, 38, 30, 2, 26.82%, 0, 11, 4, 1.09, 124417, 372
70236, 1, 11, 38, 30, 2, 26.82%, 0, 11, 4, 1.09, 124423, 372
70241, 1, 11, 38, 30, 2, 26.82%, 0, 11, 4, 1.09, 124429, 372
70246, 1, 11, 38, 30, 2, 26.82%, 0, 11, 4, 1.09, 124435, 372
70252, 1, 11, 38, 30, 2, 26.82%, 0, 11, 4, 1.09, 124441, 372
70257, 1, 11, 38, 30, 2, 26.82%, 0, 11, 4, 1.09, 124447, 372
70263, 1, 11, 38, 30, 2, 26.82%, 0, 11, 4, 1.09, 124453, 372
70268, 1, 11, 38, 30, 2, 26.82%, 0, 11, 4, 1.09, 124459, 372
70274, 1, 11, 38, 30, 2, 26.82%, 0, 11, 4, 1.09, 124465, 372
70279, 1, 11, 38, 30, 2, 26.82%, 0, 11, 4, 1.09, 124471, 372
70285, 1, 11, 38, 30, 2, 26.82%, 0, 11, 4, 1.09, 124477, 372
70290, 1, 11, 38, 30, 2, 26.82%, 0, 11, 4, 1.09, 124483, 372
70296, 1, 11, 38, 30, 2, 26.82%, 0, 11, 4, 1.09, 124489, 372
70301, 1, 11, 38, 30, 2, 26.82%, 0, 11, 4, 1.09, 124495, 372
70307, 1, 11, 38, 30, 2, 26.82%, 0, 11, 4, 1.09, 124501, 372
70312, 1, 11, 38, 30, 2, 26.82%, 0, 11, 4, 1.09, 124507, 372
70318, 1, 11, 38, 30, 2, 26.82%, 0, 11, 4, 1.09, 124513, 372
70323, 1, 11, 38, 30, 2, 26.82%, 0, 11, 4, 1.09, 124519, 372
70329, 1, 11, 38, 30, 2, 26.82%, 0, 11, 4, 1.09, 124525, 372
70334, 1, 11, 38, 30, 2, 26.82%, 0, 11, 4, 1.09, 124531, 372
70340, 1, 11, 38, 30, 2, 26.82%, 0, 11, 4, 1.09, 124537, 372
70345, 1, 11, 38, 30, 2, 26.82%, 0, 11, 4, 1.09, 124543, 372
70351, 1, 11, 38, 30, 2, 26.82%, 0, 11, 4, 1.09, 124549, 372
70356, 1, 11, 38, 30, 2, 26.82%, 0, 11, 4, 1.09, 124555, 372
70362, 1, 11, 38, 30, 2, 26.82%, 0, 11, 4, 1.09, 124561, 372
70367, 1, 11, 38, 30, 2, 26.82%, 0, 11, 4, 1.09, 124567, 372
70373, 1, 11, 38, 30, 2, 26.82%, 0, 11, 4, 1.09, 124573, 372
70378, 1, 11, 38, 30, 2, 26.82%, 0, 11, 4, 1.09, 124579, 372
70384, 1, 11, 38, 30, 2, 26.82%, 0, 11, 4, 1.09, 124585, 372
70389, 1, 11, 38, 30, 2, 26.82%, 0, 11, 4, 1.09, 124591, 372
70395, 1, 11, 38, 30, 2, 26.82%, 0, 11, 4, 1.09, 124597, 372
70400, 1, 11, 38, 30, 2, 26.82%, 0, 11, 4, 1.09, 124603, 372
70405, 1, 11, 38, 30, 2, 26.82%, 0, 11, 4, 1.09, 124609, 372
70411, 1, 11, 38, 30, 2, 26.82%, 0, 11, 4, 1.09, 124615, 372
70416, 1, 11, 38, 30, 2, 26.82%, 0, 11, 4, 1.09, 124621, 372
70422, 1, 11, 38, 30, 2, 26.82%, 0, 11, 4, 1.09, 124627, 372
70427, 1, 11, 38, 30, 2, 26.82%, 0, 11, 4, 1.09, 124633, 372
70433, 1, 11, 38, 30, 2, 26.82%, 0, 11, 4, 1.09, 124639, 372
70438, 1, 11, 38, 30, 2, 26.82%, 0, 11, 4, 1.09, 124645, 372
70444, 1, 11, 38, 30, 2, 26.82%, 0, 11, 4, 1.09, 124651, 372
70449, 1, 11, 38, 30, 2, 26.82%, 0, 11, 4, 1.09, 124657, 372
70455, 1, 11, 38, 30, 2, 26.82%, 0, 11, 4, 1.09, 124663, 372
70460, 1, 11, 38, 30, 2, 26.82%, 0, 11, 4, 1.09, 124669, 372
70466, 1, 11, 38, 30, 2, 26.82%, 0, 11, 4, 1.09, 124675, 372
70471, 1, 11, 38, 30, 2, 26.82%, 0, 11, 4, 1.09, 124681, 372
70477, 1, 11, 38, 30, 2, 26.82%, 0, 11, 4, 1.09, 124687, 372
70482, 1, 11, 38, 30, 2, 26.82%, 0, 11, 4, 1.09, 124693, 372
70488, 1, 11, 38, 30, 2, 26.82%, 0, 11, 4, 1.09, 124699, 372
70493, 1, 11, 38, 30, 2, 26.82%, 0, 11, 4, 1.09, 124705, 372
70499, 1, 11, 38, 30, 2, 26.82%, 0, 11, 4, 1.09, 124711, 372
70504, 1, 11, 38, 30, 2, 26.82%, 0, 11, 4, 1.09, 124717, 372
70510, 1, 11, 38, 30, 2, 26.82%, 0, 11, 4, 1.09, 124723, 372
70515, 1, 11, 38, 30, 2, 26.82%, 0, 11, 4, 1.09, 124729, 372
70521, 1, 11, 38, 30, 2, 26.82%, 0, 11, 4, 1.09, 124735, 372
70526, 1, 11, 38, 30, 2, 26.82%, 0, 11, 4, 1.09, 124741, 372
70532, 1, 11, 38, 30, 2, 26.82%, 0, 11, 4, 1.09, 124747, 372
70537, 1, 11, 38, 30, 2, 26.82%, 0, 11, 4, 1.09, 124753, 372
70543, 1, 11, 38, 30, 2, 26.82%, 0, 11, 4, 1.09, 124759, 372
70548, 1, 11, 38, 30, 2, 26.82%, 0, 11, 4, 1.09, 124765, 372
70554, 1, 11, 38, 30, 2, 26.82%, 0, 11, 4, 1.09, 124771, 372
70559, 1, 11, 38, 30, 2, 26.82%, 0, 11, 4, 1.09, 124777, 372
70565, 1, 11, 38, 30, 2, 26.82%, 0, 11, 4, 1.09, 124783, 372
70570, 1, 11, 38, 30, 2, 26.82%, 0, 11, 4, 1.09, 124789, 372
70575, 1, 11, 38, 30, 2, 26.82%, 0, 11, 4, 1.09, 124795, 372
70581, 1, 11, 38, 30, 2, 26.82%, 0, 11, 4, 1.09, 124801, 372
70586, 1, 11, 38, 30, 2, 26.82%, 0, 11, 4, 1.09, 124807, 372
70592, 1, 11, 38, 30, 2, 26.82%, 0, 11, 4, 1.09, 124813, 372
70597, 1, 11, 38, 30, 2, 26.82%, 0, 11, 4, 1.09, 124819, 372
70603, 1, 11, 38, 30, 2, 26.82%, 0, 11, 4, 1.09, 124825, 372
70608, 1, 11, 38, 30, 2, 26.82%, 0, 11, 4, 1.09, 124831, 372
70614, 1, 11, 38, 30, 2, 26.82%, 0, 11, 4, 1.09, 124837, 372
70619, 1, 11, 38, 30, 2, 26.82%, 0, 11, 4, 1.09, 124843, 372
70625, 1, 11, 38, 30, 2, 26.82%, 0, 11, 4, 1.09, 124849, 372
70630, 1, 11, 38, 30, 2, 26.82%, 0, 11, 4, 1.09, 124855, 372
70636, 1, 11, 38, 30, 2, 26.82%, 0, 11, 4, 1.09, 124861, 372
70641, 1, 11, 38, 30, 2, 26.82%, 0, 11, 4, 1.09, 124867, 372
70647, 1, 11, 38, 30, 2, 26.82%, 0, 11, 4, 1.09, 124873, 372
70652, 1, 11, 38, 30, 2, 26.82%, 0, 11, 4, 1.09, 124879, 372
70658, 1, 11, 38, 30, 2, 26.82%, 0, 11, 4, 1.09, 124885, 372
70663, 1, 11, 38, 30, 2, 26.82%, 0, 11, 4, 1.09, 124891, 372
70669, 1, 11, 38, 30, 2, 26.82%, 0, 11, 4, 1.09, 124897, 372
70674, 1, 11, 38, 30, 2, 26.82%, 0, 11, 4, 1.09, 124903, 372
70680, 1, 11, 38, 30, 2, 26.82%, 0, 11, 4, 1.09, 124909, 372
70685, 1, 11, 38, 30, 2, 26.82%, 0, 11, 4, 1.09, 124915, 372
70691, 1, 11, 38, 30, 2, 26.82%, 0, 11, 4, 1.09, 124921, 372
70696, 1, 11, 38, 30, 2, 26.82%, 0, 11, 4, 1.09, 124927, 372
70702, 1, 11, 38, 30, 2, 26.82%, 0, 11, 4, 1.09, 124933, 372
70707, 1, 11, 38, 30, 2, 26.82%, 0, 11, 4, 1.09, 124939, 372
70713, 1, 11, 38, 30, 2, 26.82%, 0, 11, 4, 1.09, 124945, 372
70718, 1, 11, 38, 30, 2, 26.82%, 0, 11, 4, 1.09, 124951, 372
70724, 1, 11, 38, 30, 2, 26.82%, 0, 11, 4, 1.09, 124957, 372
70729, 1, 11, 38, 30, 2, 26.82%, 0, 11, 4, 1.09, 124963, 372
70735, 1, 11, 38, 30, 2, 26.82%, 0, 11, 4, 1.09, 124969, 372
70740, 1, 11, 38, 30, 2, 26.82%, 0, 11, 4, 1.09, 124975, 372
70745, 1, 11, 38, 30, 2, 26.82%, 0, 11, 4, 1.09, 124981, 372
70751, 1, 11, 38, 30, 2, 26.82%, 0, 11, 4, 1.09, 124987, 372
70756, 1, 11, 38, 30, 2, 26.82%, 0, 11, 4, 1.09, 124993, 372
70762, 1, 11, 38, 30, 2, 26.82%, 0, 11, 4, 1.09, 124999, 372
70767, 1, 11, 38, 30, 2, 26.82%, 0, 11, 4, 1.09, 125005, 372
70773, 1, 11, 38, 30, 2, 26.82%, 0, 11, 4, 1.09, 125011, 372
70778, 1, 11, 38, 30, 2, 26.82%, 0, 11, 4, 1.09, 125017, 372
70784, 1, 11, 38, 30, 2, 26.82%, 0, 11, 4, 1.09, 125023, 372
70789, 1, 11, 38, 30, 2, 26.82%, 0, 11, 4, 1.09, 125029, 372
70795, 1, 11, 38, 30, 2, 26.82%, 0, 11, 4, 1.09, 125035, 372
70800, 1, 11, 38, 30, 2, 26.82%, 0, 11, 4, 1.09, 125041, 372
70806, 1, 11, 38, 30, 2, 26.82%, 0, 11, 4, 1.09, 125047, 372
70811, 1, 11, 38, 30, 2, 26.82%, 0, 11, 4, 1.09, 125053, 372
70817, 1, 11, 38, 30, 2, 26.82%, 0, 11, 4, 1.09, 125059, 372
70822, 1, 11, 38, 30, 2, 26.82%, 0, 11, 4, 1.09, 125065, 372
70828, 1, 11, 38, 30, 2, 26.82%, 0, 11, 4, 1.09, 125071, 372
70833, 1, 11, 38, 30, 2, 26.82%, 0, 11, 4, 1.09, 125077, 372
70839, 1, 11, 38, 30, 2, 26.82%, 0, 11, 4, 1.09, 125083, 372
70844, 1, 11, 38, 30, 2, 26.82%, 0, 11, 4, 1.09, 125089, 372
70850, 1, 11, 38, 30, 2, 26.82%, 0, 11, 4, 1.09, 125095, 372
70855, 1, 11, 38, 30, 2, 26.82%, 0, 11, 4, 1.09, 125101, 372
70861, 1, 11, 38, 30, 2, 26.82%, 0, 11, 4, 1.09, 125107, 372
70866, 1, 11, 38, 30, 2, 26.82%, 0, 11, 4, 1.09, 125113, 372
70872, 1, 11, 38, 30, 2, 26.82%, 0, 11, 4, 1.09, 125119, 372
70877, 1, 11, 38, 30, 2, 26.82%, 0, 11, 4, 1.09, 125125, 372
70883, 1, 11, 38, 30, 2, 26.82%, 0, 11, 4, 1.09, 125131, 372
70888, 1, 11, 38, 30, 2, 26.82%, 0, 11, 4, 1.09, 125137, 372
70894, 1, 11, 38, 30, 2, 26.82%, 0, 11, 4, 1.09, 125143, 372
70899, 1, 11, 38, 30, 2, 26.82%, 0, 11, 4, 1.09, 125149, 372
70904, 1, 11, 38, 30, 2, 26.82%, 0, 11, 4, 1.09, 125155, 372
70910, 1, 11, 38, 30, 2, 26.82%, 0, 11, 4, 1.09, 125161, 372
70915, 1, 11, 38, 30, 2, 26.82%, 0, 11, 4, 1.09, 125167, 372
70921, 1, 11, 38, 30, 2, 26.82%, 0, 11, 4, 1.09, 125173, 372
70926, 1, 11, 38, 30, 2, 26.82%, 0, 11, 4, 1.09, 125179, 372
70932, 1, 11, 38, 30, 2, 26.82%, 0, 11, 4, 1.09, 125185, 372
70937, 1, 11, 38, 30, 2, 26.82%, 0, 11, 4, 1.09, 125191, 372
70943, 1, 11, 38, 30, 2, 26.82%, 0, 11, 4, 1.09, 125197, 372
70948, 1, 11, 38, 30, 2, 26.82%, 0, 11, 4, 1.09, 125203, 372
70954, 1, 11, 38, 30, 2, 26.82%, 0, 11, 4, 1.09, 125209, 372
70959, 1, 11, 38, 30, 2, 26.82%, 0, 11, 4, 1.09, 125215, 372
70965, 1, 11, 38, 30, 2, 26.82%, 0, 11, 4, 1.09, 125221, 372
70970, 1, 11, 38, 30, 2, 26.82%, 0, 11, 4, 1.09, 125227, 372
70976, 1, 11, 38, 30, 2, 26.82%, 0, 11, 4, 1.09, 125233, 372
70981, 1, 11, 38, 30, 2, 26.82%, 0, 11, 4, 1.09, 125239, 372
70987, 1, 11, 38, 30, 2, 26.82%, 0, 11, 4, 1.09, 125245, 372
70992, 1, 11, 38, 30, 2, 26.82%, 0, 11, 4, 1.09, 125251, 372
70998, 1, 11, 38, 30, 2, 26.82%, 0, 11, 4, 1.09, 125257, 372
71003, 1, 11, 38, 30, 2, 26.82%, 0, 11, 4, 1.09, 125263, 372
71009, 1, 11, 38, 30, 2, 26.82%, 0, 11, 4, 1.09, 125269, 372
71014, 1, 11, 38, 30, 2, 26.82%, 0, 11, 4, 1.09, 125275, 372
71020, 1, 11, 38, 30, 2, 26.82%, 0, 11, 4, 1.09, 125281, 372
71025, 1, 11, 38, 30, 2, 26.82%, 0, 11, 4, 1.09, 125287, 372
71031, 1, 11, 38, 30, 2, 26.82%, 0, 11, 4, 1.09, 125293, 372
71036, 1, 11, 38, 30, 2, 26.82%, 0, 11, 4, 1.09, 125299, 372
71042, 1, 11, 38, 30, 2, 26.82%, 0, 11, 4, 1.09, 125305, 372
71047, 1, 11, 38, 30, 2, 26.82%, 0, 11, 4, 1.09, 125311, 372
71053, 1, 11, 38, 30, 2, 26.82%, 0, 11, 4, 1.09, 125317, 372
71058, 1, 11, 38, 30, 2, 26.82%, 0, 11, 4, 1.09, 125323, 372
71064, 1, 11, 38, 30, 2, 26.82%, 0, 11, 4, 1.09, 125329, 372
71069, 1, 11, 38, 30, 2, 26.82%, 0, 11, 4, 1.09, 125335, 372
71074, 1, 11, 38, 30, 2, 26.82%, 0, 11, 4, 1.09, 125341, 372
71080, 1, 11, 38, 30, 2, 26.82%, 0, 11, 4, 1.09, 125347, 372
71085, 1, 11, 38, 30, 2, 26.82%, 0, 11, 4, 1.09, 125353, 372
71091, 1, 11, 38, 30, 2, 26.82%, 0, 11, 4, 1.09, 125359, 372
71096, 1, 11, 38, 30, 2, 26.82%, 0, 11, 4, 1.09, 125365, 372
71102, 1, 11, 38, 30, 2, 26.82%, 0, 11, 4, 1.09, 125371, 372
71107, 1, 11, 38, 30, 2, 26.82%, 0, 11, 4, 1.09, 125377, 372
71113, 1, 11, 38, 30, 2, 26.82%, 0, 11, 4, 1.09, 125383, 372
71118, 1, 11, 38, 30, 2, 26.82%, 0, 11, 4, 1.09, 125389, 372
71124, 1, 11, 38, 30, 2, 26.82%, 0, 11, 4, 1.09, 125395, 372
71129, 1, 11, 38, 30, 2, 26.82%, 0, 11, 4, 1.09, 125401, 372
71135, 1, 11, 38, 30, 2, 26.82%, 0, 11, 4, 1.09, 125407, 372
71140, 1, 11, 38, 30, 2, 26.82%, 0, 11, 4, 1.09, 125413, 372
71146, 1, 11, 38, 30, 2, 26.82%, 0, 11, 4, 1.09, 125419, 372
71151, 1, 11, 38, 30, 2, 26.82%, 0, 11, 4, 1.09, 125425, 372
71157, 1, 11, 38, 30, 2, 26.82%, 0, 11, 4, 1.09, 125431, 372
71162, 1, 11, 38, 30, 2, 26.82%, 0, 11, 4, 1.09, 125437, 372
71168, 1, 11, 38, 30, 2, 26.82%, 0, 11, 4, 1.09, 125443, 372
71173, 1, 11, 38, 30, 2, 26.82%, 0, 11, 4, 1.09, 125449, 372
71179, 1, 11, 38, 30, 2, 26.82%, 0, 11, 4, 1.09, 125455, 372
71184, 1, 11, 38, 30, 2, 26.82%, 0, 11, 4, 1.09, 125461, 372
71190, 1, 11, 38, 30, 2, 26.82%, 0, 11, 4, 1.09, 125467, 372
71195, 1, 11, 38, 30, 2, 26.82%, 0, 11, 4, 1.09, 125473, 372
71201, 1, 11, 38, 30, 2, 26.82%, 0, 11, 4, 1.09, 125479, 372
71206, 1, 11, 38, 30, 2, 26.82%, 0, 11, 4, 1.09, 125485, 372
71212, 1, 11, 38, 30, 2, 26.82%, 0, 11, 4, 1.09, 125491, 372
71217, 1, 11, 38, 30, 2, 26.82%, 0, 11, 4, 1.09, 125497, 372
71223, 1, 11, 38, 30, 2, 26.82%, 0, 11, 4, 1.09, 125503, 372
71228, 1, 11, 38, 30, 2, 26.82%, 0, 11, 4, 1.09, 125509, 372
71234, 1, 11, 38, 30, 2, 26.82%, 0, 11, 4, 1.09, 125515, 372
71239, 1, 11, 38, 30, 2, 26.82%, 0, 11, 4, 1.09, 125521, 372
71245, 1, 11, 38, 30, 2, 26.82%, 0, 11, 4, 1.09, 125527, 372
71250, 1, 11, 38, 30, 2, 26.82%, 0, 11, 4, 1.09, 125533, 372
71255, 1, 11, 38, 30, 2, 26.82%, 0, 11, 4, 1.09, 125539, 372
71261, 1, 11, 38, 30, 2, 26.82%, 0, 11, 4, 1.09, 125545, 372
71266, 1, 11, 38, 30, 2, 26.82%, 0, 11, 4, 1.09, 125551, 372
71272, 1, 11, 38, 30, 2, 26.82%, 0, 11, 4, 1.09, 125557, 372
71277, 1, 11, 38, 30, 2, 26.82%, 0, 11, 4, 1.09, 125563, 372
71283, 1, 11, 38, 30, 2, 26.82%, 0, 11, 4, 1.09, 125569, 372
71288, 1, 11, 38, 30, 2, 26.82%, 0, 11, 4, 1.09, 125575, 372
71294, 1, 11, 38, 30, 2, 26.82%, 0, 11, 4, 1.09, 125581, 372
71299, 1, 11, 38, 30, 2, 26.82%, 0, 11, 4, 1.09, 125587, 372
71305, 1, 11, 38, 30, 2, 26.82%, 0, 11, 4, 1.09, 125593, 372
71310, 1, 11, 38, 30, 2, 26.82%, 0, 11, 4, 1.09, 125599, 372
71316, 1, 11, 38, 30, 2, 26.82%, 0, 11, 4, 1.09, 125605, 372
71321, 1, 11, 38, 30, 2, 26.82%, 0, 11, 4, 1.09, 125611, 372
71327, 1, 11, 38, 30, 2, 26.82%, 0, 11, 4, 1.09, 125617, 372
71332, 1, 11, 38, 30, 2, 26.82%, 0, 11, 4, 1.09, 125623, 372
71338, 1, 11, 38, 30, 2, 26.82%, 0, 11, 4, 1.09, 125629, 372
71343, 1, 11, 38, 30, 2, 26.82%, 0, 11, 4, 1.09, 125635, 372
71349, 1, 11, 38, 30, 2, 26.82%, 0, 11, 4, 1.09, 125641, 372
71354, 1, 11, 38, 30, 2, 26.82%, 0, 11, 4, 1.09, 125647, 372
71360, 1, 11, 38, 30, 2, 26.82%, 0, 11, 4, 1.09, 125653, 372
71365, 1, 11, 38, 30, 2, 26.82%, 0, 11, 4, 1.09, 125659, 372
71371, 1, 11, 38, 30, 2, 26.82%, 0, 11, 4, 1.09, 125665, 372
71376, 1, 11, 38, 30, 2, 26.82%, 0, 11, 4, 1.09, 125671, 372
71382, 1, 11, 38, 30, 2, 26.82%, 0, 11, 4, 1.09, 125677, 372
71387, 1, 11, 38, 30, 2, 26.82%, 0, 11, 4, 1.09, 125683, 372
71393, 1, 11, 38, 30, 2, 26.82%, 0, 11, 4, 1.09, 125689, 372
71398, 1, 11, 38, 30, 2, 26.82%, 0, 11, 4, 1.09, 125695, 372
71404, 1, 11, 38, 30, 2, 26.82%, 0, 11, 4, 1.09, 125701, 372
71409, 1, 11, 38, 30, 2, 26.82%, 0, 11, 4, 1.09, 125707, 372
71415, 1, 11, 38, 30, 2, 26.82%, 0, 11, 4, 1.09, 125713, 372
71420, 1, 11, 38, 30, 2, 26.82%, 0, 11, 4, 1.09, 125719, 372
71425, 1, 11, 38, 30, 2, 26.82%, 0, 11, 4, 1.09, 125725, 372
71431, 1, 11, 38, 30, 2, 26.82%, 0, 11, 4, 1.09, 125731, 372
71436, 1, 11, 38, 30, 2, 26.82%, 0, 11, 4, 1.09, 125737, 372
71442, 1, 11, 38, 30, 2, 26.82%, 0, 11, 4, 1.09, 125743, 372
71447, 1, 11, 38, 30, 2, 26.82%, 0, 11, 4, 1.09, 125749, 372
71453, 1, 11, 38, 30, 2, 26.82%, 0, 11, 4, 1.09, 125755, 372
71458, 1, 11, 38, 30, 2, 26.82%, 0, 11, 4, 1.09, 125761, 372
71464, 1, 11, 38, 30, 2, 26.82%, 0, 11, 4, 1.09, 125767, 372
71469, 1, 11, 38, 30, 2, 26.82%, 0, 11, 4, 1.09, 125773, 372
71475, 1, 11, 38, 30, 2, 26.82%, 0, 11, 4, 1.09, 125779, 372
71480, 1, 11, 38, 30, 2, 26.82%, 0, 11, 4, 1.09, 125785, 372
71486, 1, 11, 38, 30, 2, 26.82%, 0, 11, 4, 1.09, 125791, 372
71491, 1, 11, 38, 30, 2, 26.82%, 0, 11, 4, 1.09, 125797, 372
71497, 1, 11, 38, 30, 2, 26.82%, 0, 11, 4, 1.09, 125803, 372
71502, 1, 11, 38, 30, 2, 26.82%, 0, 11, 4, 1.09, 125809, 372
71508, 1, 11, 38, 30, 2, 26.82%, 0, 11, 4, 1.09, 125815, 372
71513, 1, 11, 38, 30, 2, 26.82%, 0, 11, 4, 1.09, 125821, 372
71519, 1, 11, 38, 30, 2, 26.82%, 0, 11, 4, 1.09, 125827, 372
71524, 1, 11, 38, 30, 2, 26.82%, 0, 11, 4, 1.09, 125833, 372
71530, 1, 11, 38, 30, 2, 26.82%, 0, 11, 4, 1.10, 125839, 372
71535, 1, 11, 38, 30, 2, 26.82%, 0, 11, 4, 1.09, 125845, 372
71541, 1, 11, 38, 30, 2, 26.82%, 0, 11, 4, 1.09, 125851, 372
71546, 1, 11, 38, 30, 2, 26.82%, 0, 11, 4, 1.09, 125857, 372
71552, 1, 11, 38, 30, 2, 26.82%, 0, 11, 4, 1.09, 125863, 372
71557, 1, 11, 38, 30, 2, 26.82%, 0, 11, 4, 1.09, 125869, 372
71563, 1, 11, 38, 30, 2, 26.82%, 0, 11, 4, 1.09, 125875, 372
71568, 1, 11, 38, 30, 2, 26.82%, 0, 11, 4, 1.09, 125881, 372
71574, 1, 11, 38, 30, 2, 26.82%, 0, 11, 4, 1.09, 125887, 372
71579, 1, 11, 38, 30, 2, 26.82%, 0, 11, 4, 1.09, 125893, 372
71584, 1, 11, 38, 30, 2, 26.82%, 0, 11, 4, 1.09, 125899, 372
71590, 1, 11, 38, 30, 2, 26.82%, 0, 11, 4, 1.09, 125905, 372
71595, 1, 11, 38, 30, 2, 26.82%, 0, 11, 4, 1.09, 125911, 372
71601, 1, 11, 38, 30, 2, 26.82%, 0, 11, 4, 1.09, 125917, 372
71606, 1, 11, 38, 30, 2, 26.82%, 0, 11, 4, 1.09, 125923, 372
71612, 1, 11, 38, 30, 2, 26.82%, 0, 11, 4, 1.09, 125929, 372
71617, 1, 11, 38, 30, 2, 26.82%, 0, 11, 4, 1.09, 125935, 372
71623, 1, 11, 38, 30, 2, 26.82%, 0, 11, 4, 1.09, 125941, 372
71628, 1, 11, 38, 30, 2, 26.82%, 0, 11, 4, 1.09, 125947, 372
71634, 1, 11, 38, 30, 2, 26.82%, 0, 11, 4, 1.09, 125953, 372
71639, 1, 11, 38, 30, 2, 26.82%, 0, 11, 4, 1.09, 125959, 372
71645, 1, 11, 38, 30, 2, 26.82%, 0, 11, 4, 1.09, 125965, 372
71650, 1, 11, 38, 30, 2, 26.82%, 0, 11, 4, 1.09, 125971, 372
71656, 1, 11, 38, 30, 2, 26.82%, 0, 11, 4, 1.09, 125977, 372
71661, 1, 11, 38, 30, 2, 26.82%, 0, 11, 4, 1.09, 125983, 372
71667, 1, 11, 38, 30, 2, 26.82%, 0, 11, 4, 1.09, 125989, 372
71672, 1, 11, 38, 30, 2, 26.82%, 0, 11, 4, 1.09, 125995, 372
71678, 1, 11, 38, 30, 2, 26.82%, 0, 11, 4, 1.09, 126001, 372
71683, 1, 11, 38, 30, 2, 26.82%, 0, 11, 4, 1.09, 126007, 372
71689, 1, 11, 38, 30, 2, 26.82%, 0, 11, 4, 1.09, 126013, 372
71694, 1, 11, 38, 30, 2, 26.82%, 0, 11, 4, 1.09, 126019, 372
71700, 1, 11, 38, 30, 2, 26.82%, 0, 11, 4, 1.09, 126025, 372
71705, 1, 11, 38, 30, 2, 26.82%, 0, 11, 4, 1.09, 126031, 372
71711, 1, 11, 38, 30, 2, 26.82%, 0, 11, 4, 1.09, 126037, 372
71716, 1, 11, 38, 30, 2, 26.82%, 0, 11, 4, 1.09, 126043, 372
71722, 1, 11, 38, 30, 2, 26.82%, 0, 11, 4, 1.09, 126049, 372
71727, 1, 11, 38, 30, 2, 26.82%, 0, 11, 4, 1.09, 126055, 372
71733, 1, 11, 38, 30, 2, 26.82%, 0, 11, 4, 1.09, 126061, 372
71738, 1, 11, 38, 30, 2, 26.82%, 0, 11, 4, 1.09, 126067, 372
71744, 1, 11, 38, 30, 2, 26.82%, 0, 11, 4, 1.09, 126073, 372
71749, 1, 11, 38, 30, 2, 26.82%, 0, 11, 4, 1.09, 126079, 372
71754, 1, 11, 38, 30, 2, 26.82%, 0, 11, 4, 1.09, 126085, 372
71760, 1, 11, 38, 30, 2, 26.82%, 0, 11, 4, 1.09, 126091, 372
71765, 1, 11, 38, 30, 2, 26.82%, 0, 11, 4, 1.09, 126097, 372
71771, 1, 11, 38, 30, 2, 26.82%, 0, 11, 4, 1.09, 126103, 372
71776, 1, 11, 38, 30, 2, 26.82%, 0, 11, 4, 1.09, 126109, 372
71782, 1, 11, 38, 30, 2, 26.82%, 0, 11, 4, 1.09, 126115, 372
71787, 1, 11, 38, 30, 2, 26.82%, 0, 11, 4, 1.09, 126121, 372
71793, 1, 11, 38, 30, 2, 26.82%, 0, 11, 4, 1.09, 126127, 372
71798, 1, 11, 38, 30, 2, 26.82%, 0, 11, 4, 1.09, 126133, 372
71804, 1, 11, 38, 30, 2, 26.82%, 0, 11, 4, 1.09, 126139, 372
71809, 1, 11, 38, 30, 2, 26.82%, 0, 11, 4, 1.09, 126145, 372
71815, 1, 11, 38, 30, 2, 26.82%, 0, 11, 4, 1.09, 126151, 372
71820, 1, 11, 38, 30, 2, 26.82%, 0, 11, 4, 1.09, 126157, 372
71826, 1, 11, 38, 30, 2, 26.82%, 0, 11, 4, 1.09, 126163, 372
71831, 1, 11, 38, 30, 2, 26.82%, 0, 11, 4, 1.09, 126169, 372
71837, 1, 11, 38, 30, 2, 26.82%, 0, 11, 4, 1.09, 126175, 372
71842, 1, 11, 38, 30, 2, 26.82%, 0, 11, 4, 1.09, 126181, 372
71848, 1, 11, 38, 30, 2, 26.82%, 0, 11, 4, 1.09, 126187, 372
71853, 1, 11, 38, 30, 2, 26.82%, 0, 11, 4, 1.09, 126193, 372
71859, 1, 11, 38, 30, 2, 26.82%, 0, 11, 4, 1.09, 126199, 372
71864, 1, 11, 38, 30, 2, 26.82%, 0, 11, 4, 1.09, 126205, 372
71870, 1, 11, 38, 30, 2, 26.82%, 0, 11, 4, 1.09, 126211, 372
71875, 1, 11, 38, 30, 2, 26.82%, 0, 11, 4, 1.09, 126217, 372
71881, 1, 11, 38, 30, 2, 26.82%, 0, 11, 4, 1.09, 126223, 372
71886, 1, 11, 38, 30, 2, 26.82%, 0, 11, 4, 1.09, 126229, 372
71892, 1, 11, 38, 30, 2, 26.82%, 0, 11, 4, 1.09, 126235, 372
71897, 1, 11, 38, 30, 2, 26.82%, 0, 11, 4, 1.09, 126241, 372
71902, 1, 11, 38, 30, 2, 26.82%, 0, 11, 4, 1.09, 126247, 372
71908, 1, 11, 38, 30, 2, 26.82%, 0, 11, 4, 1.09, 126253, 372
71913, 1, 11, 38, 30, 2, 26.82%, 0, 11, 4, 1.09, 126259, 372
71919, 1, 11, 38, 30, 2, 26.82%, 0, 11, 4, 1.09, 126265, 372
71924, 1, 11, 38, 30, 2, 26.82%, 0, 11, 4, 1.09, 126271, 372
71930, 1, 11, 38, 30, 2, 26.82%, 0, 11, 4, 1.09, 126277, 372
71935, 1, 11, 38, 30, 2, 26.82%, 0, 11, 4, 1.09, 126283, 372
71941, 1, 11, 38, 30, 2, 26.82%, 0, 11, 4, 1.09, 126289, 372
71946, 1, 11, 38, 30, 2, 26.82%, 0, 11, 4, 1.09, 126295, 372
71952, 1, 11, 38, 30, 2, 26.82%, 0, 11, 4, 1.09, 126301, 372
71957, 1, 11, 38, 30, 2, 26.82%, 0, 11, 4, 1.09, 126307, 372
71963, 1, 11, 38, 30, 2, 26.82%, 0, 11, 4, 1.09, 126313, 372
71968, 1, 11, 38, 30, 2, 26.82%, 0, 11, 4, 1.09, 126319, 372
71974, 1, 11, 38, 30, 2, 26.82%, 0, 11, 4, 1.09, 126325, 372
71979, 1, 11, 38, 30, 2, 26.82%, 0, 11, 4, 1.09, 126331, 372
71985, 1, 11, 38, 30, 2, 26.82%, 0, 11, 4, 1.09, 126337, 372
71990, 1, 11, 38, 30, 2, 26.82%, 0, 11, 4, 1.09, 126343, 372
71996, 1, 11, 38, 30, 2, 26.82%, 0, 11, 4, 1.09, 126349, 372
72001, 1, 11, 38, 30, 2, 26.82%, 0, 11, 4, 1.09, 126355, 372
72007, 1, 11, 38, 30, 2, 26.82%, 0, 11, 4, 1.09, 126361, 372
72012, 1, 11, 38, 30, 2, 26.82%, 0, 11, 4, 1.09, 126367, 372
72018, 1, 11, 38, 30, 2, 26.82%, 0, 11, 4, 1.09, 126373, 372
72023, 1, 11, 38, 30, 2, 26.82%, 0, 11, 4, 1.09, 126379, 372
72029, 1, 11, 38, 30, 2, 26.82%, 0, 11, 4, 1.09, 126385, 372
72034, 1, 11, 38, 30, 2, 26.82%, 0, 11, 4, 1.09, 126391, 372
72040, 1, 11, 38, 30, 2, 26.82%, 0, 11, 4, 1.09, 126397, 372
72045, 1, 11, 38, 30, 2, 26.82%, 0, 11, 4, 1.09, 126403, 372
72051, 1, 11, 38, 30, 2, 26.82%, 0, 11, 4, 1.09, 126409, 372
72056, 1, 11, 38, 30, 2, 26.82%, 0, 11, 4, 1.09, 126415, 372
72062, 1, 11, 38, 30, 2, 26.82%, 0, 11, 4, 1.09, 126421, 372
72067, 1, 11, 38, 30, 2, 26.82%, 0, 11, 4, 1.09, 126427, 372
72072, 1, 11, 38, 30, 2, 26.82%, 0, 11, 4, 1.09, 126433, 372
72078, 1, 11, 38, 30, 2, 26.82%, 0, 11, 4, 1.09, 126439, 372
72083, 1, 11, 38, 30, 2, 26.82%, 0, 11, 4, 1.09, 126445, 372
72089, 1, 11, 38, 30, 2, 26.82%, 0, 11, 4, 1.09, 126451, 372
72094, 1, 11, 38, 30, 2, 26.82%, 0, 11, 4, 1.09, 126457, 372
72100, 1, 11, 38, 30, 2, 26.82%, 0, 11, 4, 1.09, 126463, 372
72105, 1, 11, 38, 30, 2, 26.82%, 0, 11, 4, 1.09, 126469, 372
72111, 1, 11, 38, 30, 2, 26.82%, 0, 11, 4, 1.09, 126475, 372
72116, 1, 11, 38, 30, 2, 26.82%, 0, 11, 4, 1.09, 126481, 372
72122, 1, 11, 38, 30, 2, 26.82%, 0, 11, 4, 1.09, 126487, 372
72127, 1, 11, 38, 30, 2, 26.82%, 0, 11, 4, 1.09, 126493, 372
72133, 1, 11, 38, 30, 2, 26.82%, 0, 11, 4, 1.09, 126499, 372
72138, 1, 11, 38, 30, 2, 26.82%, 0, 11, 4, 1.09, 126505, 372
72144, 1, 11, 38, 30, 2, 26.82%, 0, 11, 4, 1.09, 126511, 372
72149, 1, 11, 38, 30, 2, 26.82%, 0, 11, 4, 1.09, 126517, 372
72155, 1, 11, 38, 30, 2, 26.82%, 0, 11, 4, 1.09, 126523, 372
72160, 1, 11, 38, 30, 2, 26.82%, 0, 11, 4, 1.09, 126529, 372
72166, 1, 11, 38, 30, 2, 26.82%, 0, 11, 4, 1.09, 126535, 372
72171, 1, 11, 38, 30, 2, 26.82%, 0, 11, 4, 1.09, 126541, 372
72177, 1, 11, 38, 30, 2, 26.82%, 0, 11, 4, 1.09, 126547, 372
72182, 1, 11, 38, 30, 2, 26.82%, 0, 11, 4, 1.09, 126553, 372
72188, 1, 11, 38, 30, 2, 26.82%, 0, 11, 4, 1.09, 126559, 372
72193, 1, 11, 38, 30, 2, 26.82%, 0, 11, 4, 1.09, 126565, 372
72199, 1, 11, 38, 30, 2, 26.82%, 0, 11, 4, 1.09, 126571, 372
72204, 1, 11, 38, 30, 2, 26.82%, 0, 11, 4, 1.09, 126577, 372
72210, 1, 11, 38, 30, 2, 26.82%, 0, 11, 4, 1.09, 126583, 372
72215, 1, 11, 38, 30, 2, 26.82%, 0, 11, 4, 1.09, 126589, 372
72221, 1, 11, 38, 30, 2, 26.82%, 0, 11, 4, 1.09, 126595, 372
72226, 1, 11, 38, 30, 2, 26.82%, 0, 11, 4, 1.09, 126601, 372
72232, 1, 11, 38, 30, 2, 26.82%, 0, 11, 4, 1.09, 126607, 372
72237, 1, 11, 38, 30, 2, 26.82%, 0, 11, 4, 1.09, 126613, 372
72243, 1, 11, 38, 30, 2, 26.82%, 0, 11, 4, 1.09, 126619, 372
72248, 1, 11, 38, 30, 2, 26.82%, 0, 11, 4, 1.09, 126625, 372
72253, 1, 11, 38, 30, 2, 26.82%, 0, 11, 4, 1.09, 126631, 372
72259, 1, 11, 38, 30, 2, 26.82%, 0, 11, 4, 1.09, 126637, 372
72264, 1, 11, 38, 30, 2, 26.82%, 0, 11, 4, 1.09, 126643, 372
72270, 1, 11, 38, 30, 2, 26.82%, 0, 11, 4, 1.09, 126649, 372
72275, 1, 11, 38, 30, 2, 26.82%, 0, 11, 4, 1.09, 126655, 372
72281, 1, 11, 38, 30, 2, 26.82%, 0, 11, 4, 1.09, 126661, 372
72286, 1, 11, 38, 30, 2, 26.82%, 0, 11, 4, 1.09, 126667, 372
72292, 1, 11, 38, 30, 2, 26.82%, 0, 11, 4, 1.09, 126673, 372
72297, 1, 11, 38, 30, 2, 26.82%, 0, 11, 4, 1.09, 126679, 372
72303, 1, 11, 38, 30, 2, 26.82%, 0, 11, 4, 1.09, 126685, 372
72308, 1, 11, 38, 30, 2, 26.82%, 0, 11, 4, 1.09, 126691, 372
72314, 1, 11, 38, 30, 2, 26.82%, 0, 11, 4, 1.09, 126697, 372
72319, 1, 11, 38, 30, 2, 26.82%, 0, 11, 4, 1.09, 126703, 372
72325, 1, 11, 38, 30, 2, 26.82%, 0, 11, 4, 1.09, 126709, 372
72330, 1, 11, 38, 30, 2, 26.82%, 0, 11, 4, 1.09, 126715, 372
72336, 1, 11, 38, 30, 2, 26.82%, 0, 11, 4, 1.09, 126721, 372
72341, 1, 11, 38, 30, 2, 26.82%, 0, 11, 4, 1.09, 126727, 372
72347, 1, 11, 38, 30, 2, 26.82%, 0, 11, 4, 1.09, 126733, 372
72352, 1, 11, 38, 30, 2, 26.82%, 0, 11, 4, 1.09, 126739, 372
72358, 1, 11, 38, 30, 2, 26.82%, 0, 11, 4, 1.09, 126745, 372
72363, 1, 11, 38, 30, 2, 26.82%, 0, 11, 4, 1.09, 126751, 372
72369, 1, 11, 38, 30, 2, 26.82%, 0, 11, 4, 1.09, 126757, 372
72374, 1, 11, 38, 30, 2, 26.82%, 0, 11, 4, 1.09, 126763, 372
72380, 1, 11, 38, 30, 2, 26.82%, 0, 11, 4, 1.09, 126769, 372
72385, 1, 11, 38, 30, 2, 26.82%, 0, 11, 4, 1.09, 126775, 372
72391, 1, 11, 38, 30, 2, 26.82%, 0, 11, 4, 1.09, 126781, 372
72396, 1, 11, 38, 30, 2, 26.82%, 0, 11, 4, 1.09, 126787, 372
72402, 1, 11, 38, 30, 2, 26.82%, 0, 11, 4, 1.09, 126793, 372
72407, 1, 11, 38, 30, 2, 26.82%, 0, 11, 4, 1.09, 126799, 372
72413, 1, 11, 38, 30, 2, 26.82%, 0, 11, 4, 1.09, 126805, 372
72418, 1, 11, 38, 30, 2, 26.82%, 0, 11, 4, 1.09, 126811, 372
72423, 1, 11, 38, 30, 2, 26.82%, 0, 11, 4, 1.09, 126817, 372
72429, 1, 11, 38, 30, 2, 26.82%, 0, 11, 4, 1.09, 126823, 372
72434, 1, 11, 38, 30, 2, 26.82%, 0, 11, 4, 1.09, 126829, 372
72440, 1, 11, 38, 30, 2, 26.82%, 0, 11, 4, 1.09, 126835, 372
72445, 1, 11, 38, 30, 2, 26.82%, 0, 11, 4, 1.09, 126841, 372
72451, 1, 11, 38, 30, 2, 26.82%, 0, 11, 4, 1.09, 126847, 372
72456, 1, 11, 38, 30, 2, 26.82%, 0, 11, 4, 1.09, 126853, 372
72462, 1, 11, 38, 30, 2, 26.82%, 0, 11, 4, 1.09, 126859, 372
72467, 1, 11, 38, 30, 2, 26.82%, 0, 11, 4, 1.09, 126865, 372
72473, 1, 11, 38, 30, 2, 26.82%, 0, 11, 4, 1.09, 126871, 372
72478, 1, 11, 38, 30, 2, 26.82%, 0, 11, 4, 1.09, 126877, 372
72484, 1, 11, 38, 30, 2, 26.82%, 0, 11, 4, 1.09, 126883, 372
72489, 1, 11, 38, 30, 2, 26.82%, 0, 11, 4, 1.09, 126889, 372
72495, 1, 11, 38, 30, 2, 26.82%, 0, 11, 4, 1.09, 126895, 372
72500, 1, 11, 38, 30, 2, 26.82%, 0, 11, 4, 1.09, 126901, 372
72506, 1, 11, 38, 30, 2, 26.82%, 0, 11, 4, 1.09, 126907, 372
72511, 1, 11, 38, 30, 2, 26.82%, 0, 11, 4, 1.09, 126913, 372
72517, 1, 11, 38, 30, 2, 26.82%, 0, 11, 4, 1.09, 126919, 372
72522, 1, 11, 38, 30, 2, 26.82%, 0, 11, 4, 1.09, 126925, 372
72528, 1, 11, 38, 30, 2, 26.82%, 0, 11, 4, 1.09, 126931, 372
72533, 1, 11, 38, 30, 2, 26.82%, 0, 11, 4, 1.09, 126937, 372
72539, 1, 11, 38, 30, 2, 26.82%, 0, 11, 4, 1.09, 126943, 372
72544, 1, 11, 38, 30, 2, 26.82%, 0, 11, 4, 1.09, 126949, 372
72550, 1, 11, 38, 30, 2, 26.82%, 0, 11, 4, 1.09, 126955, 372
72555, 1, 11, 38, 30, 2, 26.82%, 0, 11, 4, 1.09, 126961, 372
72561, 1, 11, 38, 30, 2, 26.82%, 0, 11, 4, 1.09, 126967, 372
72566, 1, 11, 38, 30, 2, 26.82%, 0, 11, 4, 1.09, 126973, 372
72572, 1, 11, 38, 30, 2, 26.82%, 0, 11, 4, 1.09, 126979, 372
72577, 1, 11, 38, 30, 2, 26.82%, 0, 11, 4, 1.09, 126985, 372
72583, 1, 11, 38, 30, 2, 26.82%, 0, 11, 4, 1.09, 126991, 372
72588, 1, 11, 38, 30, 2, 26.82%, 0, 11, 4, 1.09, 126997, 372
72593, 1, 11, 38, 30, 2, 26.82%, 0, 11, 4, 1.09, 127003, 372
72599, 1, 11, 38, 30, 2, 26.82%, 0, 11, 4, 1.09, 127009, 372
72604, 1, 11, 38, 30, 2, 26.82%, 0, 11, 4, 1.09, 127015, 372
72610, 1, 11, 38, 30, 2, 26.82%, 0, 11, 4, 1.09, 127021, 372
72615, 1, 11, 38, 30, 2, 26.82%, 0, 11, 4, 1.09, 127027, 372
72621, 1, 11, 38, 30, 2, 26.82%, 0, 11, 4, 1.09, 127033, 372
72626, 1, 11, 38, 30, 2, 26.82%, 0, 11, 4, 1.09, 127039, 372
72632, 1, 11, 38, 30, 2, 26.82%, 0, 11, 4, 1.09, 127045, 372
72637, 1, 11, 38, 30, 2, 26.82%, 0, 11, 4, 1.09, 127051, 372
72643, 1, 11, 38, 30, 2, 26.82%, 0, 11, 4, 1.09, 127057, 372
72648, 1, 11, 38, 30, 2, 26.82%, 0, 11, 4, 1.09, 127063, 372
72654, 1, 11, 38, 30, 2, 26.82%, 0, 11, 4, 1.09, 127069, 372
72659, 1, 11, 38, 30, 2, 26.82%, 0, 11, 4, 1.09, 127075, 372
72665, 1, 11, 38, 30, 2, 26.82%, 0, 11, 4, 1.09, 127081, 372
72670, 1, 11, 38, 30, 2, 26.82%, 0, 11, 4, 1.09, 127087, 372
72676, 1, 11, 38, 30, 2, 26.82%, 0, 11, 4, 1.09, 127093, 372
72681, 1, 11, 38, 30, 2, 26.82%, 0, 11, 4, 1.09, 127099, 372
72687, 1, 11, 38, 30, 2, 26.82%, 0, 11, 4, 1.09, 127105, 372
72692, 1, 11, 38, 30, 2, 26.82%, 0, 11, 4, 1.09, 127111, 372
72698, 1, 11, 38, 30, 2, 26.82%, 0, 11, 4, 1.09, 127117, 372
72703, 1, 11, 38, 30, 2, 26.82%, 0, 11, 4, 1.09, 127123, 372
72709, 1, 11, 38, 30, 2, 26.82%, 0, 11, 4, 1.09, 127129, 372
72714, 1, 11, 38, 30, 2, 26.82%, 0, 11, 4, 1.09, 127135, 372
72720, 1, 11, 38, 30, 2, 26.82%, 0, 11, 4, 1.09, 127141, 372
72725, 1, 11, 38, 30, 2, 26.82%, 0, 11, 4, 1.09, 127147, 372
72731, 1, 11, 38, 30, 2, 26.82%, 0, 11, 4, 1.09, 127153, 372
72736, 1, 11, 38, 30, 2, 26.82%, 0, 11, 4, 1.09, 127159, 372
72742, 1, 11, 38, 30, 2, 26.82%, 0, 11, 4, 1.09, 127165, 372
72747, 1, 11, 38, 30, 2, 26.82%, 0, 11, 4, 1.09, 127171, 372
72753, 1, 11, 38, 30, 2, 26.82%, 0, 11, 4, 1.09, 127177, 372
72758, 1, 11, 38, 30, 2, 26.82%, 0, 11, 4, 1.09, 127183, 372
72763, 1, 11, 38, 30, 2, 26.82%, 0, 11, 4, 1.09, 127189, 372
72769, 1, 11, 38, 30, 2, 26.82%, 0, 11, 4, 1.09, 127195, 372
72774, 1, 11, 38, 30, 2, 26.82%, 0, 11, 4, 1.09, 127201, 372
72780, 1, 11, 38, 30, 2, 26.82%, 0, 11, 4, 1.09, 127207, 372
72785, 1, 11, 38, 30, 2, 26.82%, 0, 11, 4, 1.09, 127213, 372
72791, 1, 11, 38, 30, 2, 26.82%, 0, 11, 4, 1.09, 127219, 372
72796, 1, 11, 38, 30, 2, 26.82%, 0, 11, 4, 1.09, 127225, 372
72802, 1, 11, 38, 30, 2, 26.82%, 0, 11, 4, 1.09, 127231, 372
72807, 1, 11, 38, 30, 2, 26.82%, 0, 11, 4, 1.09, 127237, 372
72813, 1, 11, 38, 30, 2, 26.82%, 0, 11, 4, 1.09, 127243, 372
72818, 1, 11, 38, 30, 2, 26.82%, 0, 11, 4, 1.09, 127249, 372
72824, 1, 11, 38, 30, 2, 26.82%, 0, 11, 4, 1.09, 127255, 372
72829, 1, 11, 38, 30, 2, 26.82%, 0, 11, 4, 1.09, 127261, 372
72835, 1, 11, 38, 30, 2, 26.82%, 0, 11, 4, 1.09, 127267, 372
72840, 1, 11, 38, 30, 2, 26.82%, 0, 11, 4, 1.09, 127273, 372
72846, 1, 11, 38, 30, 2, 26.82%, 0, 11, 4, 1.09, 127279, 372
72851, 1, 11, 38, 30, 2, 26.82%, 0, 11, 4, 1.09, 127285, 372
72857, 1, 11, 38, 30, 2, 26.82%, 0, 11, 4, 1.09, 127291, 372
72862, 1, 11, 38, 30, 2, 26.82%, 0, 11, 4, 1.09, 127297, 372
72868, 1, 11, 38, 30, 2, 26.82%, 0, 11, 4, 1.09, 127303, 372
72873, 1, 11, 38, 30, 2, 26.82%, 0, 11, 4, 1.09, 127309, 372
72879, 1, 11, 38, 30, 2, 26.82%, 0, 11, 4, 1.09, 127315, 372
72884, 1, 11, 38, 30, 2, 26.82%, 0, 11, 4, 1.09, 127321, 372
72890, 1, 11, 38, 30, 2, 26.82%, 0, 11, 4, 1.09, 127327, 372
72895, 1, 11, 38, 30, 2, 26.82%, 0, 11, 4, 1.09, 127333, 372
72901, 1, 11, 38, 30, 2, 26.82%, 0, 11, 4, 1.09, 127339, 372
72906, 1, 11, 38, 30, 2, 26.82%, 0, 11, 4, 1.09, 127345, 372
72912, 1, 11, 38, 30, 2, 26.82%, 0, 11, 4, 1.09, 127351, 372
72917, 1, 11, 38, 30, 2, 26.82%, 0, 11, 4, 1.09, 127357, 372
72922, 1, 11, 38, 30, 2, 26.82%, 0, 11, 4, 1.09, 127363, 372
72928, 1, 11, 38, 30, 2, 26.82%, 0, 11, 4, 1.16, 127370, 372
72933, 1, 11, 38, 30, 2, 26.82%, 0, 11, 4, 1.16, 127376, 372
72939, 1, 11, 38, 30, 2, 26.82%, 0, 11, 4, 1.18, 127383, 372
72944, 1, 11, 38, 30, 2, 26.82%, 0, 11, 4, 1.18, 127389, 372
72950, 1, 11, 38, 30, 2, 26.82%, 0, 11, 4, 1.26, 127396, 372
72955, 1, 11, 38, 30, 2, 26.82%, 0, 11, 4, 1.36, 127404, 372
72960, 1, 11, 38, 30, 2, 26.82%, 0, 11, 4, 1.30, 127410, 372
72965, 1, 11, 38, 30, 2, 26.82%, 0, 11, 4, 1.27, 127416, 372
72971, 1, 11, 38, 30, 2, 26.82%, 0, 11, 4, 1.24, 127422, 372
72976, 1, 11, 38, 30, 2, 26.82%, 0, 11, 4, 1.38, 127430, 372
72981, 1, 11, 38, 30, 2, 26.82%, 0, 11, 4, 1.38, 127437, 372
72986, 1, 11, 38, 30, 2, 26.82%, 0, 11, 4, 1.37, 127444, 372
72991, 1, 11, 38, 30, 2, 26.82%, 0, 11, 4, 1.37, 127451, 372
72997, 1, 11, 38, 30, 2, 26.82%, 0, 11, 4, 1.37, 127458, 372
73002, 1, 11, 38, 30, 2, 26.82%, 0, 11, 4, 1.35, 127465, 372
73007, 1, 11, 38, 30, 2, 26.82%, 0, 11, 4, 1.27, 127471, 372
73013, 1, 11, 38, 30, 2, 26.82%, 0, 11, 4, 1.21, 127477, 372
73018, 1, 11, 38, 30, 2, 26.82%, 0, 11, 4, 1.17, 127483, 372
73024, 1, 11, 38, 30, 2, 26.82%, 0, 11, 4, 1.15, 127489, 372
73029, 1, 11, 38, 30, 2, 26.82%, 0, 11, 4, 1.13, 127495, 372
73035, 1, 11, 38, 30, 2, 26.82%, 0, 11, 4, 1.12, 127501, 372
73040, 1, 11, 38, 30, 2, 26.82%, 0, 11, 4, 1.11, 127507, 372
73046, 1, 11, 38, 30, 2, 26.82%, 0, 11, 4, 1.11, 127513, 372
73051, 1, 11, 38, 30, 2, 26.82%, 0, 11, 4, 1.10, 127519, 372
73057, 1, 11, 38, 30, 2, 26.82%, 0, 11, 4, 1.10, 127525, 372
73062, 1, 11, 38, 30, 2, 26.82%, 0, 11, 4, 1.10, 127531, 372
73068, 1, 11, 38, 30, 2, 26.82%, 0, 11, 4, 1.10, 127537, 372
73073, 1, 11, 38, 30, 2, 26.82%, 0, 11, 4, 1.10, 127543, 372
73079, 1, 11, 38, 30, 2, 26.82%, 0, 11, 4, 1.10, 127549, 372
73084, 1, 11, 38, 30, 2, 26.82%, 0, 11, 4, 1.10, 127555, 372
73090, 1, 11, 38, 30, 2, 26.82%, 0, 11, 4, 1.10, 127561, 372
73095, 1, 11, 38, 30, 2, 26.82%, 0, 11, 4, 1.09, 127567, 372
73101, 1, 11, 38, 30, 2, 26.82%, 0, 11, 4, 1.09, 127573, 372
73106, 1, 11, 38, 30, 2, 26.82%, 0, 11, 4, 1.09, 127579, 372
73111, 1, 11, 38, 30, 2, 26.82%, 0, 11, 4, 1.09, 127585, 372
73117, 1, 11, 38, 30, 2, 26.82%, 0, 11, 4, 1.09, 127591, 372
73122, 1, 11, 38, 30, 2, 26.82%, 0, 11, 4, 1.09, 127597, 372
73128, 1, 11, 38, 30, 2, 26.82%, 0, 11, 4, 1.09, 127603, 372
73133, 1, 11, 38, 30, 2, 26.82%, 0, 11, 4, 1.09, 127609, 372
73139, 1, 11, 38, 30, 2, 26.82%, 0, 11, 4, 1.09, 127615, 372
73144, 1, 11, 38, 30, 2, 26.82%, 0, 11, 4, 1.09, 127621, 372
73150, 1, 11, 38, 30, 2, 26.82%, 0, 11, 4, 1.09, 127627, 372
73155, 1, 11, 38, 30, 2, 26.82%, 0, 11, 4, 1.09, 127633, 372
73161, 1, 11, 38, 30, 2, 26.82%, 0, 11, 4, 1.09, 127639, 372
73166, 1, 11, 38, 30, 2, 26.82%, 0, 11, 4, 1.09, 127645, 372
73172, 1, 11, 38, 30, 2, 26.82%, 0, 11, 4, 1.09, 127651, 372
73177, 1, 11, 38, 30, 2, 26.82%, 0, 11, 4, 1.09, 127657, 372
73183, 1, 11, 38, 30, 2, 26.82%, 0, 11, 4, 1.09, 127663, 372
73188, 1, 11, 38, 30, 2, 26.82%, 0, 11, 4, 1.09, 127669, 372
73194, 1, 11, 38, 30, 2, 26.82%, 0, 11, 4, 1.09, 127675, 372
73199, 1, 11, 38, 30, 2, 26.82%, 0, 11, 4, 1.09, 127681, 372
73205, 1, 11, 38, 30, 2, 26.82%, 0, 11, 4, 1.09, 127687, 372
73210, 1, 11, 38, 30, 2, 26.82%, 0, 11, 4, 1.09, 127693, 372
73216, 1, 11, 38, 30, 2, 26.82%, 0, 11, 4, 1.09, 127699, 372
73221, 1, 11, 38, 30, 2, 26.82%, 0, 11, 4, 1.09, 127705, 372
73227, 1, 11, 38, 30, 2, 26.82%, 0, 11, 4, 1.09, 127711, 372
73232, 1, 11, 38, 30, 2, 26.82%, 0, 11, 4, 1.09, 127717, 372
73238, 1, 11, 38, 30, 2, 26.82%, 0, 11, 4, 1.09, 127723, 372
73243, 1, 11, 38, 30, 2, 26.82%, 0, 11, 4, 1.09, 127729, 372
73249, 1, 11, 38, 30, 2, 26.82%, 0, 11, 4, 1.09, 127735, 372
73254, 1, 11, 38, 30, 2, 26.82%, 0, 11, 4, 1.09, 127741, 372
73260, 1, 11, 38, 30, 2, 26.82%, 0, 11, 4, 1.09, 127747, 372
73265, 1, 11, 38, 30, 2, 26.82%, 0, 11, 4, 1.09, 127753, 372
73271, 1, 11, 38, 30, 2, 26.82%, 0, 11, 4, 1.09, 127759, 372
73276, 1, 11, 38, 30, 2, 26.82%, 0, 11, 4, 1.09, 127765, 372
73281, 1, 11, 38, 30, 2, 26.82%, 0, 11, 4, 1.09, 127771, 372
73287, 1, 11, 38, 30, 2, 26.82%, 0, 11, 4, 1.09, 127777, 372
73292, 1, 11, 38, 30, 2, 26.82%, 0, 11, 4, 1.09, 127783, 372
73298, 1, 11, 38, 30, 2, 26.82%, 0, 11, 4, 1.09, 127789, 372
73303, 1, 11, 38, 30, 2, 26.82%, 0, 11, 4, 1.09, 127795, 372
73309, 1, 11, 38, 30, 2, 26.82%, 0, 11, 4, 1.09, 127801, 372
73314, 1, 11, 38, 30, 2, 26.82%, 0, 11, 4, 1.09, 127807, 372
73320, 1, 11, 38, 30, 2, 26.82%, 0, 11, 4, 1.09, 127813, 372
73325, 1, 11, 38, 30, 2, 26.82%, 0, 11, 4, 1.09, 127819, 372
73331, 1, 11, 38, 30, 2, 26.82%, 0, 11, 4, 1.09, 127825, 372
73336, 1, 11, 38, 30, 2, 26.82%, 0, 11, 4, 1.09, 127831, 372
73342, 1, 11, 38, 30, 2, 26.82%, 0, 11, 4, 1.09, 127837, 372
73347, 1, 11, 38, 30, 2, 26.82%, 0, 11, 4, 1.09, 127843, 372
73353, 1, 11, 38, 30, 2, 26.82%, 0, 11, 4, 1.09, 127849, 372
73358, 1, 11, 38, 30, 2, 26.82%, 0, 11, 4, 1.09, 127855, 372
73364, 1, 11, 38, 30, 2, 26.82%, 0, 11, 4, 1.09, 127861, 372
73369, 1, 11, 38, 30, 2, 26.82%, 0, 11, 4, 1.09, 127867, 372
73375, 1, 11, 38, 30, 2, 26.82%, 0, 11, 4, 1.09, 127873, 372
73380, 1, 11, 38, 30, 2, 26.82%, 0, 11, 4, 1.09, 127879, 372
73386, 1, 11, 38, 30, 2, 26.82%, 0, 11, 4, 1.09, 127885, 372
73391, 1, 11, 38, 30, 2, 26.82%, 0, 11, 4, 1.09, 127891, 372
73397, 1, 11, 38, 30, 2, 26.82%, 0, 11, 4, 1.09, 127897, 372
73402, 1, 11, 38, 30, 2, 26.82%, 0, 11, 4, 1.09, 127903, 372
73408, 1, 11, 38, 30, 2, 26.82%, 0, 11, 4, 1.09, 127909, 372
73413, 1, 11, 38, 30, 2, 26.82%, 0, 11, 4, 1.09, 127915, 372
73419, 1, 11, 38, 30, 2, 26.82%, 0, 11, 4, 1.09, 127921, 372
73424, 1, 11, 38, 30, 2, 26.82%, 0, 11, 4, 1.09, 127927, 372
73430, 1, 11, 38, 30, 2, 26.82%, 0, 11, 4, 1.09, 127933, 372
73435, 1, 11, 38, 30, 2, 26.82%, 0, 11, 4, 1.09, 127939, 372
73441, 1, 11, 38, 30, 2, 26.82%, 0, 11, 4, 1.09, 127945, 372
73446, 1, 11, 38, 30, 2, 26.82%, 0, 11, 4, 1.09, 127951, 372
73451, 1, 11, 38, 30, 2, 26.82%, 0, 11, 4, 1.09, 127957, 372
73457, 1, 11, 38, 30, 2, 26.82%, 0, 11, 4, 1.09, 127963, 372
73462, 1, 11, 38, 30, 2, 26.82%, 0, 11, 4, 1.09, 127969, 372
73468, 1, 11, 38, 30, 2, 26.82%, 0, 11, 4, 1.09, 127975, 372
73473, 1, 11, 38, 30, 2, 26.82%, 0, 11, 4, 1.09, 127981, 372
73479, 1, 11, 38, 30, 2, 26.82%, 0, 11, 4, 1.09, 127987, 372
73484, 1, 11, 38, 30, 2, 26.82%, 0, 11, 4, 1.09, 127993, 372
73490, 1, 11, 38, 30, 2, 26.82%, 0, 11, 4, 1.09, 127999, 372
73495, 1, 11, 38, 30, 2, 26.82%, 0, 11, 4, 1.09, 128005, 372
73501, 1, 11, 38, 30, 2, 26.82%, 0, 11, 4, 1.09, 128011, 372
73506, 1, 11, 38, 30, 2, 26.82%, 0, 11, 4, 1.09, 128017, 372
73512, 1, 11, 38, 30, 2, 26.82%, 0, 11, 4, 1.09, 128023, 372
73517, 1, 11, 38, 30, 2, 26.82%, 0, 11, 4, 1.09, 128029, 372
73523, 1, 11, 38, 30, 2, 26.82%, 0, 11, 4, 1.09, 128035, 372
73528, 1, 11, 38, 30, 2, 26.82%, 0, 11, 4, 1.09, 128041, 372
73534, 1, 11, 38, 30, 2, 26.82%, 0, 11, 4, 1.09, 128047, 372
73539, 1, 11, 38, 30, 2, 26.82%, 0, 11, 4, 1.09, 128053, 372
73545, 1, 11, 38, 30, 2, 26.82%, 0, 11, 4, 1.09, 128059, 372
73550, 1, 11, 38, 30, 2, 26.82%, 0, 11, 4, 1.09, 128065, 372
73556, 1, 11, 38, 30, 2, 26.82%, 0, 11, 4, 1.09, 128071, 372
73561, 1, 11, 38, 30, 2, 26.82%, 0, 11, 4, 1.09, 128077, 372
73567, 1, 11, 38, 30, 2, 26.82%, 0, 11, 4, 1.09, 128083, 372
73572, 1, 11, 38, 30, 2, 26.82%, 0, 11, 4, 1.09, 128089, 372
73578, 1, 11, 38, 30, 2, 26.82%, 0, 11, 4, 1.09, 128095, 372
73583, 1, 11, 38, 30, 2, 26.82%, 0, 11, 4, 1.09, 128101, 372
73589, 1, 11, 38, 30, 2, 26.82%, 0, 11, 4, 1.09, 128107, 372
73594, 1, 11, 38, 30, 2, 26.82%, 0, 11, 4, 1.09, 128113, 372
73600, 1, 11, 38, 30, 2, 26.82%, 0, 11, 4, 1.09, 128119, 372
73605, 1, 11, 38, 30, 2, 26.82%, 0, 11, 4, 1.09, 128125, 372
73611, 1, 11, 38, 30, 2, 26.82%, 0, 11, 4, 1.09, 128131, 372
73616, 1, 11, 38, 30, 2, 26.82%, 0, 11, 4, 1.09, 128137, 372
73621, 1, 11, 38, 30, 2, 26.82%, 0, 11, 4, 1.09, 128143, 372
73627, 1, 11, 38, 30, 2, 26.82%, 0, 11, 4, 1.09, 128149, 372
73632, 1, 11, 38, 30, 2, 26.82%, 0, 11, 4, 1.09, 128155, 372
73638, 1, 11, 38, 30, 2, 26.82%, 0, 11, 4, 1.09, 128161, 372
73643, 1, 11, 38, 30, 2, 26.82%, 0, 11, 4, 1.09, 128167, 372
73649, 1, 11, 38, 30, 2, 26.82%, 0, 11, 4, 1.09, 128173, 372
73654, 1, 11, 38, 30, 2, 26.82%, 0, 11, 4, 1.09, 128179, 372
73660, 1, 11, 38, 30, 2, 26.82%, 0, 11, 4, 1.09, 128185, 372
73665, 1, 11, 38, 30, 2, 26.82%, 0, 11, 4, 1.09, 128191, 372
73671, 1, 11, 38, 30, 2, 26.82%, 0, 11, 4, 1.09, 128197, 372
73676, 1, 11, 38, 30, 2, 26.82%, 0, 11, 4, 1.09, 128203, 372
73682, 1, 11, 38, 30, 2, 26.82%, 0, 11, 4, 1.09, 128209, 372
73687, 1, 11, 38, 30, 2, 26.82%, 0, 11, 4, 1.09, 128215, 372
73693, 1, 11, 38, 30, 2, 26.82%, 0, 11, 4, 1.09, 128221, 372
73698, 1, 11, 38, 30, 2, 26.82%, 0, 11, 4, 1.09, 128227, 372
73704, 1, 11, 38, 30, 2, 26.82%, 0, 11, 4, 1.09, 128233, 372
73709, 1, 11, 38, 30, 2, 26.82%, 0, 11, 4, 1.09, 128239, 372
73715, 1, 11, 38, 30, 2, 26.82%, 0, 11, 4, 1.09, 128245, 372
73720, 1, 11, 38, 30, 2, 26.82%, 0, 11, 4, 1.09, 128251, 372
73726, 1, 11, 38, 30, 2, 26.82%, 0, 11, 4, 1.09, 128257, 372
73731, 1, 11, 38, 30, 2, 26.82%, 0, 11, 4, 1.09, 128263, 372
73737, 1, 11, 38, 30, 2, 26.82%, 0, 11, 4, 1.09, 128269, 372
73742, 1, 11, 38, 30, 2, 26.82%, 0, 11, 4, 1.09, 128275, 372
73748, 1, 11, 38, 30, 2, 26.82%, 0, 11, 4, 1.09, 128281, 372
73753, 1, 11, 38, 30, 2, 26.82%, 0, 11, 4, 1.09, 128287, 372
73759, 1, 11, 38, 30, 2, 26.82%, 0, 11, 4, 1.09, 128293, 372
73764, 1, 11, 38, 30, 2, 26.82%, 0, 11, 4, 1.09, 128299, 372
73770, 1, 11, 38, 30, 2, 26.82%, 0, 11, 4, 1.09, 128305, 372
73775, 1, 11, 38, 30, 2, 26.82%, 0, 11, 4, 1.09, 128311, 372
73781, 1, 11, 38, 30, 2, 26.82%, 0, 11, 4, 1.09, 128317, 372
73786, 1, 11, 38, 30, 2, 26.82%, 0, 11, 4, 1.09, 128323, 372
73792, 1, 11, 38, 30, 2, 26.82%, 0, 11, 4, 1.09, 128329, 372
73797, 1, 11, 38, 30, 2, 26.82%, 0, 11, 4, 1.09, 128335, 372
73802, 1, 11, 38, 30, 2, 26.82%, 0, 11, 4, 1.09, 128341, 372
73808, 1, 11, 38, 30, 2, 26.82%, 0, 11, 4, 1.09, 128347, 372
73813, 1, 11, 38, 30, 2, 26.82%, 0, 11, 4, 1.09, 128353, 372
73819, 1, 11, 38, 30, 2, 26.82%, 0, 11, 4, 1.09, 128359, 372
73824, 1, 11, 38, 30, 2, 26.82%, 0, 11, 4, 1.09, 128365, 372
73830, 1, 11, 38, 30, 2, 26.82%, 0, 11, 4, 1.09, 128371, 372
73835, 1, 11, 38, 30, 2, 26.82%, 0, 11, 4, 1.09, 128377, 372
73841, 1, 11, 38, 30, 2, 26.82%, 0, 11, 4, 1.09, 128383, 372
73846, 1, 11, 38, 30, 2, 26.82%, 0, 11, 4, 1.09, 128389, 372
73852, 1, 11, 38, 30, 2, 26.82%, 0, 11, 4, 1.09, 128395, 372
73857, 1, 11, 38, 30, 2, 26.82%, 0, 11, 4, 1.09, 128401, 372
73863, 1, 11, 38, 30, 2, 26.82%, 0, 11, 4, 1.09, 128407, 372
73868, 1, 11, 38, 30, 2, 26.82%, 0, 11, 4, 1.09, 128413, 372
73874, 1, 11, 38, 30, 2, 26.82%, 0, 11, 4, 1.09, 128419, 372
73879, 1, 11, 38, 30, 2, 26.82%, 0, 11, 4, 1.09, 128425, 372
73885, 1, 11, 38, 30, 2, 26.82%, 0, 11, 4, 1.09, 128431, 372
73890, 1, 11, 38, 30, 2, 26.82%, 0, 11, 4, 1.09, 128437, 372
73896, 1, 11, 38, 30, 2, 26.82%, 0, 11, 4, 1.09, 128443, 372
73901, 1, 11, 38, 30, 2, 26.82%, 0, 11, 4, 1.09, 128449, 372
73907, 1, 11, 38, 30, 2, 26.82%, 0, 11, 4, 1.09, 128455, 372
73912, 1, 11, 38, 30, 2, 26.82%, 0, 11, 4, 1.09, 128461, 372
73918, 1, 11, 38, 30, 2, 26.82%, 0, 11, 4, 1.09, 128467, 372
73923, 1, 11, 38, 30, 2, 26.82%, 0, 11, 4, 1.09, 128473, 372
73929, 1, 11, 38, 30, 2, 26.82%, 0, 11, 4, 1.09, 128479, 372
73934, 1, 11, 38, 30, 2, 26.82%, 0, 11, 4, 1.09, 128485, 372
73940, 1, 11, 38, 30, 2, 26.82%, 0, 11, 4, 1.09, 128491, 372
73945, 1, 11, 38, 30, 2, 26.82%, 0, 11, 4, 1.09, 128497, 372
73951, 1, 11, 38, 30, 2, 26.82%, 0, 11, 4, 1.09, 128503, 372
73956, 1, 11, 38, 30, 2, 26.82%, 0, 11, 4, 1.09, 128509, 372
73962, 1, 11, 38, 30, 2, 26.82%, 0, 11, 4, 1.09, 128515, 372
73967, 1, 11, 38, 30, 2, 26.82%, 0, 11, 4, 1.09, 128521, 372
73972, 1, 11, 38, 30, 2, 26.82%, 0, 11, 4, 1.09, 128527, 372
73978, 1, 11, 38, 30, 2, 26.82%, 0, 11, 4, 1.09, 128533, 372
73983, 1, 11, 38, 30, 2, 26.82%, 0, 11, 4, 1.09, 128539, 372
73989, 1, 11, 38, 30, 2, 26.82%, 0, 11, 4, 1.09, 128545, 372
73994, 1, 11, 38, 30, 2, 26.82%, 0, 11, 4, 1.09, 128551, 372
74000, 1, 11, 38, 30, 2, 26.82%, 0, 11, 4, 1.09, 128557, 372
74005, 1, 11, 38, 30, 2, 26.82%, 0, 11, 4, 1.09, 128563, 372
74011, 1, 11, 38, 30, 2, 26.82%, 0, 11, 4, 1.09, 128569, 372
74016, 1, 11, 38, 30, 2, 26.82%, 0, 11, 4, 1.09, 128575, 372
74022, 1, 11, 38, 30, 2, 26.82%, 0, 11, 4, 1.09, 128581, 372
74027, 1, 11, 38, 30, 2, 26.82%, 0, 11, 4, 1.09, 128587, 372
74033, 1, 11, 38, 30, 2, 26.82%, 0, 11, 4, 1.09, 128593, 372
74038, 1, 11, 38, 30, 2, 26.82%, 0, 11, 4, 1.09, 128599, 372
74044, 1, 11, 38, 30, 2, 26.82%, 0, 11, 4, 1.09, 128605, 372
74049, 1, 11, 38, 30, 2, 26.82%, 0, 11, 4, 1.09, 128611, 372
74055, 1, 11, 38, 30, 2, 26.82%, 0, 11, 4, 1.09, 128617, 372
74060, 1, 11, 38, 30, 2, 26.82%, 0, 11, 4, 1.09, 128623, 372
74066, 1, 11, 38, 30, 2, 26.82%, 0, 11, 4, 1.09, 128629, 372
74071, 1, 11, 38, 30, 2, 26.82%, 0, 11, 4, 1.09, 128635, 372
74077, 1, 11, 38, 30, 2, 26.82%, 0, 11, 4, 1.09, 128641, 372
74082, 1, 11, 38, 30, 2, 26.82%, 0, 11, 4, 1.09, 128647, 372
74088, 1, 11, 38, 30, 2, 26.82%, 0, 11, 4, 1.09, 128653, 372
74093, 1, 11, 38, 30, 2, 26.82%, 0, 11, 4, 1.09, 128659, 372
74099, 1, 11, 38, 30, 2, 26.82%, 0, 11, 4, 1.09, 128665, 372
74104, 1, 11, 38, 30, 2, 26.82%, 0, 11, 4, 1.09, 128671, 372
74110, 1, 11, 38, 30, 2, 26.82%, 0, 11, 4, 1.09, 128677, 372
74115, 1, 11, 38, 30, 2, 26.82%, 0, 11, 4, 1.09, 128683, 372
74121, 1, 11, 38, 30, 2, 26.82%, 0, 11, 4, 1.09, 128689, 372
74126, 1, 11, 38, 30, 2, 26.82%, 0, 11, 4, 1.09, 128695, 372
74131, 1, 11, 38, 30, 2, 26.82%, 0, 11, 4, 1.09, 128701, 372
74137, 1, 11, 38, 30, 2, 26.82%, 0, 11, 4, 1.09, 128707, 372
74142, 1, 11, 38, 30, 2, 26.82%, 0, 11, 4, 1.09, 128713, 372
74148, 1, 11, 38, 30, 2, 26.82%, 0, 11, 4, 1.09, 128719, 372
74153, 1, 11, 38, 30, 2, 26.82%, 0, 11, 4, 1.09, 128725, 372
74159, 1, 11, 38, 30, 2, 26.82%, 0, 11, 4, 1.09, 128731, 372
74164, 1, 11, 38, 30, 2, 26.82%, 0, 11, 4, 1.09, 128737, 372
74170, 1, 11, 38, 30, 2, 26.82%, 0, 11, 4, 1.09, 128743, 372
74175, 1, 11, 38, 30, 2, 26.82%, 0, 11, 4, 1.09, 128749, 372
74181, 1, 11, 38, 30, 2, 26.82%, 0, 11, 4, 1.09, 128755, 372
74186, 1, 11, 38, 30, 2, 26.82%, 0, 11, 4, 1.09, 128761, 372
74192, 1, 11, 38, 30, 2, 26.82%, 0, 11, 4, 1.09, 128767, 372
74197, 1, 11, 38, 30, 2, 26.82%, 0, 11, 4, 1.09, 128773, 372
74203, 1, 11, 38, 30, 2, 26.82%, 0, 11, 4, 1.09, 128779, 372
74208, 1, 11, 38, 30, 2, 26.82%, 0, 11, 4, 1.09, 128785, 372
74214, 1, 11, 38, 30, 2, 26.82%, 0, 11, 4, 1.09, 128791, 372
74219, 1, 11, 38, 30, 2, 26.82%, 0, 11, 4, 1.09, 128797, 372
74225, 1, 11, 38, 30, 2, 26.82%, 0, 11, 4, 1.09, 128803, 372
74230, 1, 11, 38, 30, 2, 26.82%, 0, 11, 4, 1.09, 128809, 372
74236, 1, 11, 38, 30, 2, 26.82%, 0, 11, 4, 1.09, 128815, 372
74241, 1, 11, 38, 30, 2, 26.82%, 0, 11, 4, 1.09, 128821, 372
74247, 1, 11, 38, 30, 2, 26.82%, 0, 11, 4, 1.09, 128827, 372
74252, 1, 11, 38, 30, 2, 26.82%, 0, 11, 4, 1.09, 128833, 372
74258, 1, 11, 38, 30, 2, 26.82%, 0, 11, 4, 1.09, 128839, 372
74263, 1, 11, 38, 30, 2, 26.82%, 0, 11, 4, 1.09, 128845, 372
74269, 1, 11, 38, 30, 2, 26.82%, 0, 11, 4, 1.09, 128851, 372
74274, 1, 11, 38, 30, 2, 26.82%, 0, 11, 4, 1.09, 128857, 372
74280, 1, 11, 38, 30, 2, 26.82%, 0, 11, 4, 1.09, 128863, 372
74285, 1, 11, 38, 30, 2, 26.82%, 0, 11, 4, 1.09, 128869, 372
74291, 1, 11, 38, 30, 2, 26.82%, 0, 11, 4, 1.09, 128875, 372
74296, 1, 11, 38, 30, 2, 26.82%, 0, 11, 4, 1.09, 128881, 372
74301, 1, 11, 38, 30, 2, 26.82%, 0, 11, 4, 1.09, 128887, 372
74307, 1, 11, 38, 30, 2, 26.82%, 0, 11, 4, 1.09, 128893, 372
74312, 1, 11, 38, 30, 2, 26.82%, 0, 11, 4, 1.09, 128899, 372
74318, 1, 11, 38, 30, 2, 26.82%, 0, 11, 4, 1.09, 128905, 372
74323, 1, 11, 38, 30, 2, 26.82%, 0, 11, 4, 1.09, 128911, 372
74329, 1, 11, 38, 30, 2, 26.82%, 0, 11, 4, 1.09, 128917, 372
74334, 1, 11, 38, 30, 2, 26.82%, 0, 11, 4, 1.09, 128923, 372
74340, 1, 11, 38, 30, 2, 26.82%, 0, 11, 4, 1.09, 128929, 372
74345, 1, 11, 38, 30, 2, 26.82%, 0, 11, 4, 1.09, 128935, 372
74351, 1, 11, 38, 30, 2, 26.82%, 0, 11, 4, 1.09, 128941, 372
74356, 1, 11, 38, 30, 2, 26.82%, 0, 11, 4, 1.09, 128947, 372
74362, 1, 11, 38, 30, 2, 26.82%, 0, 11, 4, 1.09, 128953, 372
74367, 1, 11, 38, 30, 2, 26.82%, 0, 11, 4, 1.09, 128959, 372
74373, 1, 11, 38, 30, 2, 26.82%, 0, 11, 4, 1.09, 128965, 372
74378, 1, 11, 38, 30, 2, 26.82%, 0, 11, 4, 1.09, 128971, 372
74384, 1, 11, 38, 30, 2, 26.82%, 0, 11, 4, 1.09, 128977, 372
74389, 1, 11, 38, 30, 2, 26.82%, 0, 11, 4, 1.09, 128983, 372
74395, 1, 11, 38, 30, 2, 26.82%, 0, 11, 4, 1.09, 128989, 372
74400, 1, 11, 38, 30, 2, 26.82%, 0, 11, 4, 1.09, 128995, 372
74406, 1, 11, 38, 30, 2, 26.82%, 0, 11, 4, 1.09, 129001, 372
74411, 1, 11, 38, 30, 2, 26.82%, 0, 11, 4, 1.09, 129007, 372
74417, 1, 11, 38, 30, 2, 26.82%, 0, 11, 4, 1.09, 129013, 372
74422, 1, 11, 38, 30, 2, 26.82%, 0, 11, 4, 1.09, 129019, 372
74428, 1, 11, 38, 30, 2, 26.82%, 0, 11, 4, 1.09, 129025, 372
74433, 1, 11, 38, 30, 2, 26.82%, 0, 11, 4, 1.09, 129031, 372
74439, 1, 11, 38, 30, 2, 26.82%, 0, 11, 4, 1.09, 129037, 372
74444, 1, 11, 38, 30, 2, 26.82%, 0, 11, 4, 1.09, 129043, 372
74450, 1, 11, 38, 30, 2, 26.82%, 0, 11, 4, 1.09, 129049, 372
74455, 1, 11, 38, 30, 2, 26.82%, 0, 11, 4, 1.09, 129055, 372
74461, 1, 11, 38, 30, 2, 26.82%, 0, 11, 4, 1.09, 129061, 372
74466, 1, 11, 38, 30, 2, 26.82%, 0, 11, 4, 1.09, 129067, 372
74471, 1, 11, 38, 30, 2, 26.82%, 0, 11, 4, 1.09, 129073, 372
74477, 1, 11, 38, 30, 2, 26.82%, 0, 11, 4, 1.09, 129079, 372
74482, 1, 11, 38, 30, 2, 26.82%, 0, 11, 4, 1.09, 129085, 372
74488, 1, 11, 38, 30, 2, 26.82%, 0, 11, 4, 1.09, 129091, 372
74493, 1, 11, 38, 30, 2, 26.82%, 0, 11, 4, 1.09, 129097, 372
74499, 1, 11, 38, 30, 2, 26.82%, 0, 11, 4, 1.09, 129103, 372
74504, 1, 11, 38, 30, 2, 26.82%, 0, 11, 4, 1.09, 129109, 372
74510, 1, 11, 38, 30, 2, 26.82%, 0, 11, 4, 1.09, 129115, 372
74515, 1, 11, 38, 30, 2, 26.82%, 0, 11, 4, 1.09, 129121, 372
74521, 1, 11, 38, 30, 2, 26.82%, 0, 11, 4, 1.09, 129127, 372
74526, 1, 11, 38, 30, 2, 26.82%, 0, 11, 4, 1.09, 129133, 372
74532, 1, 11, 38, 30, 2, 26.82%, 0, 11, 4, 1.09, 129139, 372
74537, 1, 11, 38, 30, 2, 26.82%, 0, 11, 4, 1.09, 129145, 372
74543, 1, 11, 38, 30, 2, 26.82%, 0, 11, 4, 1.09, 129151, 372
74548, 1, 11, 38, 30, 2, 26.82%, 0, 11, 4, 1.09, 129157, 372
74554, 1, 11, 38, 30, 2, 26.82%, 0, 11, 4, 1.09, 129163, 372
74559, 1, 11, 38, 30, 2, 26.82%, 0, 11, 4, 1.09, 129169, 372
74565, 1, 11, 38, 30, 2, 26.82%, 0, 11, 4, 1.09, 129175, 372
74570, 1, 11, 38, 30, 2, 26.82%, 0, 11, 4, 1.09, 129181, 372
74576, 1, 11, 38, 30, 2, 26.82%, 0, 11, 4, 1.09, 129187, 372
74581, 1, 11, 38, 30, 2, 26.82%, 0, 11, 4, 1.09, 129193, 372
74587, 1, 11, 38, 30, 2, 26.82%, 0, 11, 4, 1.09, 129199, 372
74592, 1, 11, 38, 30, 2, 26.82%, 0, 11, 4, 1.09, 129205, 372
74598, 1, 11, 38, 30, 2, 26.82%, 0, 11, 4, 1.09, 129211, 372
74603, 1, 11, 38, 30, 2, 26.82%, 0, 11, 4, 1.09, 129217, 372
74609, 1, 11, 38, 30, 2, 26.82%, 0, 11, 4, 1.09, 129223, 372
74614, 1, 11, 38, 30, 2, 26.82%, 0, 11, 4, 1.09, 129229, 372
74620, 1, 11, 38, 30, 2, 26.82%, 0, 11, 4, 1.09, 129235, 372
74625, 1, 11, 38, 30, 2, 26.82%, 0, 11, 4, 1.09, 129241, 372
74631, 1, 11, 38, 30, 2, 26.82%, 0, 11, 4, 1.09, 129247, 372
74636, 1, 11, 38, 30, 2, 26.82%, 0, 11, 4, 1.09, 129253, 372
74641, 1, 11, 38, 30, 2, 26.82%, 0, 11, 4, 1.09, 129259, 372
74647, 1, 11, 38, 30, 2, 26.82%, 0, 11, 4, 1.09, 129265, 372
74652, 1, 11, 38, 30, 2, 26.82%, 0, 11, 4, 1.09, 129271, 372
74658, 1, 11, 38, 30, 2, 26.82%, 0, 11, 4, 1.09, 129277, 372
74663, 1, 11, 38, 30, 2, 26.82%, 0, 11, 4, 1.09, 129283, 372
74669, 1, 11, 38, 30, 2, 26.82%, 0, 11, 4, 1.09, 129289, 372
74674, 1, 11, 38, 30, 2, 26.82%, 0, 11, 4, 1.09, 129295, 372
74680, 1, 11, 38, 30, 2, 26.82%, 0, 11, 4, 1.09, 129301, 372
74685, 1, 11, 38, 30, 2, 26.82%, 0, 11, 4, 1.09, 129307, 372
74691, 1, 11, 38, 30, 2, 26.82%, 0, 11, 4, 1.09, 129313, 372
74696, 1, 11, 38, 30, 2, 26.82%, 0, 11, 4, 1.09, 129319, 372
74702, 1, 11, 38, 30, 2, 26.82%, 0, 11, 4, 1.09, 129325, 372
74707, 1, 11, 38, 30, 2, 26.82%, 0, 11, 4, 1.09, 129331, 372
74713, 1, 11, 38, 30, 2, 26.82%, 0, 11, 4, 1.09, 129337, 372
74718, 1, 11, 38, 30, 2, 26.82%, 0, 11, 4, 1.09, 129343, 372
74724, 1, 11, 38, 30, 2, 26.82%, 0, 11, 4, 1.09, 129349, 372
74729, 1, 11, 38, 30, 2, 26.82%, 0, 11, 4, 1.09, 129355, 372
74735, 1, 11, 38, 30, 2, 26.82%, 0, 11, 4, 1.09, 129361, 372
74740, 1, 11, 38, 30, 2, 26.82%, 0, 11, 4, 1.09, 129367, 372
74746, 1, 11, 38, 30, 2, 26.82%, 0, 11, 4, 1.09, 129373, 372
74751, 1, 11, 38, 30, 2, 26.82%, 0, 11, 4, 1.09, 129379, 372
74757, 1, 11, 38, 30, 2, 26.82%, 0, 11, 4, 1.09, 129385, 372
74762, 1, 11, 38, 30, 2, 26.82%, 0, 11, 4, 1.09, 129391, 372
74768, 1, 11, 38, 30, 2, 26.82%, 0, 11, 4, 1.09, 129397, 372
74773, 1, 11, 38, 30, 2, 26.82%, 0, 11, 4, 1.09, 129403, 372
74779, 1, 11, 38, 30, 2, 26.82%, 0, 11, 4, 1.09, 129409, 372
74784, 1, 11, 38, 30, 2, 26.82%, 0, 11, 4, 1.09, 129415, 372
74790, 1, 11, 38, 30, 2, 26.82%, 0, 11, 4, 1.09, 129421, 372
74795, 1, 11, 38, 30, 2, 26.82%, 0, 11, 4, 1.09, 129427, 372
74800, 1, 11, 38, 30, 2, 26.82%, 0, 11, 4, 1.09, 129433, 372
74806, 1, 11, 38, 30, 2, 26.82%, 0, 11, 4, 1.09, 129439, 372
74811, 1, 11, 38, 30, 2, 26.82%, 0, 11, 4, 1.09, 129445, 372
74817, 1, 11, 38, 30, 2, 26.82%, 0, 11, 4, 1.09, 129451, 372
74822, 1, 11, 38, 30, 2, 26.82%, 0, 11, 4, 1.09, 129457, 372
74828, 1, 11, 38, 30, 2, 26.82%, 0, 11, 4, 1.09, 129463, 372
74833, 1, 11, 38, 30, 2, 26.82%, 0, 11, 4, 1.09, 129469, 372
74839, 1, 11, 38, 30, 2, 26.82%, 0, 11, 4, 1.09, 129475, 372
74844, 1, 11, 38, 30, 2, 26.82%, 0, 11, 4, 1.09, 129481, 372
74850, 1, 11, 38, 30, 2, 26.82%, 0, 11, 4, 1.09, 129487, 372
74855, 1, 11, 38, 30, 2, 26.82%, 0, 11, 4, 1.09, 129493, 372
74861, 1, 11, 38, 30, 2, 26.82%, 0, 11, 4, 1.09, 129499, 372
74866, 1, 11, 38, 30, 2, 26.82%, 0, 11, 4, 1.09, 129505, 372
74872, 1, 11, 38, 30, 2, 26.82%, 0, 11, 4, 1.09, 129511, 372
74877, 1, 11, 38, 30, 2, 26.82%, 0, 11, 4, 1.09, 129517, 372
74883, 1, 11, 38, 30, 2, 26.82%, 0, 11, 4, 1.09, 129523, 372
74888, 1, 11, 38, 30, 2, 26.82%, 0, 11, 4, 1.09, 129529, 372
74894, 1, 11, 38, 30, 2, 26.82%, 0, 11, 4, 1.09, 129535, 372
74899, 1, 11, 38, 30, 2, 26.82%, 0, 11, 4, 1.09, 129541, 372
74905, 1, 11, 38, 30, 2, 26.82%, 0, 11, 4, 1.09, 129547, 372
74910, 1, 11, 38, 30, 2, 26.82%, 0, 11, 4, 1.09, 129553, 372
74916, 1, 11, 38, 30, 2, 26.82%, 0, 11, 4, 1.09, 129559, 372
74921, 1, 11, 38, 30, 2, 26.82%, 0, 11, 4, 1.09, 129565, 372
74927, 1, 11, 38, 30, 2, 26.82%, 0, 11, 4, 1.09, 129571, 372
74932, 1, 11, 38, 30, 2, 26.82%, 0, 11, 4, 1.09, 129577, 372
74938, 1, 11, 38, 30, 2, 26.82%, 0, 11, 4, 1.09, 129583, 372
74943, 1, 11, 38, 30, 2, 26.82%, 0, 11, 4, 1.09, 129589, 372
74949, 1, 11, 38, 30, 2, 26.82%, 0, 11, 4, 1.09, 129595, 372
74954, 1, 11, 38, 30, 2, 26.82%, 0, 11, 4, 1.09, 129601, 372
74960, 1, 11, 38, 30, 2, 26.82%, 0, 11, 4, 1.09, 129607, 372
74965, 1, 11, 38, 30, 2, 26.82%, 0, 11, 4, 1.09, 129613, 372
74970, 1, 11, 38, 30, 2, 26.82%, 0, 11, 4, 1.09, 129619, 372
74976, 1, 11, 38, 30, 2, 26.82%, 0, 11, 4, 1.09, 129625, 372
74981, 1, 11, 38, 30, 2, 26.82%, 0, 11, 4, 1.09, 129631, 372
74987, 1, 11, 38, 30, 2, 26.82%, 0, 11, 4, 1.09, 129637, 372
74992, 1, 11, 38, 30, 2, 26.82%, 0, 11, 4, 1.09, 129643, 372
74998, 1, 11, 38, 30, 2, 26.82%, 0, 11, 4, 1.09, 129649, 372
75003, 1, 11, 38, 30, 2, 26.82%, 0, 11, 4, 1.09, 129655, 372
75009, 1, 11, 38, 30, 2, 26.82%, 0, 11, 4, 1.09, 129661, 372
75014, 1, 11, 38, 30, 2, 26.82%, 0, 11, 4, 1.09, 129667, 372
75020, 1, 11, 38, 30, 2, 26.82%, 0, 11, 4, 1.09, 129673, 372
75025, 1, 11, 38, 30, 2, 26.82%, 0, 11, 4, 1.09, 129679, 372
75031, 1, 11, 38, 30, 2, 26.82%, 0, 11, 4, 1.09, 129685, 372
75036, 1, 11, 38, 30, 2, 26.82%, 0, 11, 4, 1.09, 129691, 372
75042, 1, 11, 38, 30, 2, 26.82%, 0, 11, 4, 1.09, 129697, 372
75047, 1, 11, 38, 30, 2, 26.82%, 0, 11, 4, 1.09, 129703, 372
75053, 1, 11, 38, 30, 2, 26.82%, 0, 11, 4, 1.09, 129709, 372
75058, 1, 11, 38, 30, 2, 26.82%, 0, 11, 4, 1.09, 129715, 372
75064, 1, 11, 38, 30, 2, 26.82%, 0, 11, 4, 1.09, 129721, 372
75069, 1, 11, 38, 30, 2, 26.82%, 0, 11, 4, 1.09, 129727, 372
75075, 1, 11, 38, 30, 2, 26.82%, 0, 11, 4, 1.09, 129733, 372
75080, 1, 11, 38, 30, 2, 26.82%, 0, 11, 4, 1.09, 129739, 372
75086, 1, 11, 38, 30, 2, 26.82%, 0, 11, 4, 1.09, 129745, 372
75091, 1, 11, 38, 30, 2, 26.82%, 0, 11, 4, 1.09, 129751, 372
75097, 1, 11, 38, 30, 2, 26.82%, 0, 11, 4, 1.09, 129757, 372
75102, 1, 11, 38, 30, 2, 26.82%, 0, 11, 4, 1.09, 129763, 372
75108, 1, 11, 38, 30, 2, 26.82%, 0, 11, 4, 1.09, 129769, 372
75113, 1, 11, 38, 30, 2, 26.82%, 0, 11, 4, 1.09, 129775, 372
75119, 1, 11, 38, 30, 2, 26.82%, 0, 11, 4, 1.09, 129781, 372
75124, 1, 11, 38, 30, 2, 26.82%, 0, 11, 4, 1.09, 129787, 372
75129, 1, 11, 38, 30, 2, 26.82%, 0, 11, 4, 1.09, 129793, 372
75135, 1, 11, 38, 30, 2, 26.82%, 0, 11, 4, 1.09, 129799, 372
75140, 1, 11, 38, 30, 2, 26.82%, 0, 11, 4, 1.09, 129805, 372
75146, 1, 11, 38, 30, 2, 26.82%, 0, 11, 4, 1.09, 129811, 372
75151, 1, 11, 38, 30, 2, 26.82%, 0, 11, 4, 1.09, 129817, 372
75157, 1, 11, 38, 30, 2, 26.82%, 0, 11, 4, 1.09, 129823, 372
75162, 1, 11, 38, 30, 2, 26.82%, 0, 11, 4, 1.09, 129829, 372
75168, 1, 11, 38, 30, 2, 26.82%, 0, 11, 4, 1.09, 129835, 372
75173, 1, 11, 38, 30, 2, 26.82%, 0, 11, 4, 1.09, 129841, 372
75179, 1, 11, 38, 30, 2, 26.82%, 0, 11, 4, 1.09, 129847, 372
75184, 1, 11, 38, 30, 2, 26.82%, 0, 11, 4, 1.09, 129853, 372
75190, 1, 11, 38, 30, 2, 26.82%, 0, 11, 4, 1.09, 129859, 372
75195, 1, 11, 38, 30, 2, 26.82%, 0, 11, 4, 1.09, 129865, 372
75201, 1, 11, 38, 30, 2, 26.82%, 0, 11, 4, 1.09, 129871, 372
75206, 1, 11, 38, 30, 2, 26.82%, 0, 11, 4, 1.09, 129877, 372
75212, 1, 11, 38, 30, 2, 26.82%, 0, 11, 4, 1.09, 129883, 372
75217, 1, 11, 38, 30, 2, 26.82%, 0, 11, 4, 1.09, 129889, 372
75223, 1, 11, 38, 30, 2, 26.82%, 0, 11, 4, 1.09, 129895, 372
75228, 1, 11, 38, 30, 2, 26.82%, 0, 11, 4, 1.09, 129901, 372
75234, 1, 11, 38, 30, 2, 26.82%, 0, 11, 4, 1.09, 129907, 372
75239, 1, 11, 38, 30, 2, 26.82%, 0, 11, 4, 1.09, 129913, 372
75245, 1, 11, 38, 30, 2, 26.82%, 0, 11, 4, 1.09, 129919, 372
75250, 1, 11, 38, 30, 2, 26.82%, 0, 11, 4, 1.09, 129925, 372
75256, 1, 11, 38, 30, 2, 26.82%, 0, 11, 4, 1.09, 129931, 372
75261, 1, 11, 38, 30, 2, 26.82%, 0, 11, 4, 1.09, 129937, 372
75267, 1, 11, 38, 30, 2, 26.82%, 0, 11, 4, 1.09, 129943, 372
75272, 1, 11, 38, 30, 2, 26.82%, 0, 11, 4, 1.09, 129949, 372
75278, 1, 11, 38, 30, 2, 26.82%, 0, 11, 4, 1.09, 129955, 372
75283, 1, 11, 38, 30, 2, 26.82%, 0, 11, 4, 1.09, 129961, 372
75289, 1, 11, 38, 30, 2, 26.82%, 0, 11, 4, 1.09, 129967, 372
75294, 1, 11, 38, 30, 2, 26.82%, 0, 11, 4, 1.09, 129973, 372
75299, 1, 11, 38, 30, 2, 26.82%, 0, 11, 4, 1.09, 129979, 372
75305, 1, 11, 38, 30, 2, 26.82%, 0, 11, 4, 1.09, 129985, 372
75310, 1, 11, 38, 30, 2, 26.82%, 0, 11, 4, 1.09, 129991, 372
75316, 1, 11, 38, 30, 2, 26.82%, 0, 11, 4, 1.09, 129997, 372
75321, 1, 11, 38, 30, 2, 26.82%, 0, 11, 4, 1.09, 130003, 372
75327, 1, 11, 38, 30, 2, 26.82%, 0, 11, 4, 1.09, 130009, 372
75332, 1, 11, 38, 30, 2, 26.82%, 0, 11, 4, 1.09, 130015, 372
75338, 1, 11, 38, 30, 2, 26.82%, 0, 11, 4, 1.09, 130021, 372
75343, 1, 11, 38, 30, 2, 26.82%, 0, 11, 4, 1.09, 130027, 372
75349, 1, 11, 38, 30, 2, 26.82%, 0, 11, 4, 1.09, 130033, 372
75354, 1, 11, 38, 30, 2, 26.82%, 0, 11, 4, 1.09, 130039, 372
75360, 1, 11, 38, 30, 2, 26.82%, 0, 11, 4, 1.09, 130045, 372
75365, 1, 11, 38, 30, 2, 26.82%, 0, 11, 4, 1.09, 130051, 372
75371, 1, 11, 38, 30, 2, 26.82%, 0, 11, 4, 1.09, 130057, 372
75376, 1, 11, 38, 30, 2, 26.82%, 0, 11, 4, 1.09, 130063, 372
75382, 1, 11, 38, 30, 2, 26.82%, 0, 11, 4, 1.09, 130069, 372
75387, 1, 11, 38, 30, 2, 26.82%, 0, 11, 4, 1.09, 130075, 372
75393, 1, 11, 38, 30, 2, 26.82%, 0, 11, 4, 1.09, 130081, 372
75398, 1, 11, 38, 30, 2, 26.82%, 0, 11, 4, 1.09, 130087, 372
75404, 1, 11, 38, 30, 2, 26.82%, 0, 11, 4, 1.09, 130093, 372
75409, 1, 11, 38, 30, 2, 26.82%, 0, 11, 4, 1.09, 130099, 372
75415, 1, 11, 38, 30, 2, 26.82%, 0, 11, 4, 1.09, 130105, 372
75420, 1, 11, 38, 30, 2, 26.82%, 0, 11, 4, 1.09, 130111, 372
75426, 1, 11, 38, 30, 2, 26.82%, 0, 11, 4, 1.09, 130117, 372
75431, 1, 11, 38, 30, 2, 26.82%, 0, 11, 4, 1.09, 130123, 372
75437, 1, 11, 38, 30, 2, 26.82%, 0, 11, 4, 1.09, 130129, 372
75442, 1, 11, 38, 30, 2, 26.82%, 0, 11, 4, 1.09, 130135, 372
75448, 1, 11, 38, 30, 2, 26.82%, 0, 11, 4, 1.09, 130141, 372
75453, 1, 11, 38, 30, 2, 26.82%, 0, 11, 4, 1.09, 130147, 372
75458, 1, 11, 38, 30, 2, 26.82%, 0, 11, 4, 1.09, 130153, 372
75464, 1, 11, 38, 30, 2, 26.82%, 0, 11, 4, 1.09, 130159, 372
75469, 1, 11, 38, 30, 2, 26.82%, 0, 11, 4, 1.09, 130165, 372
75475, 1, 11, 38, 30, 2, 26.82%, 0, 11, 4, 1.09, 130171, 372
75480, 1, 11, 38, 30, 2, 26.82%, 0, 11, 4, 1.09, 130177, 372
75486, 1, 11, 38, 30, 2, 26.82%, 0, 11, 4, 1.09, 130183, 372
75491, 1, 11, 38, 30, 2, 26.82%, 0, 11, 4, 1.09, 130189, 372
75497, 1, 11, 38, 30, 2, 26.82%, 0, 11, 4, 1.09, 130195, 372
75502, 1, 11, 38, 30, 2, 26.82%, 0, 11, 4, 1.09, 130201, 372
75508, 1, 11, 38, 30, 2, 26.82%, 0, 11, 4, 1.09, 130207, 372
75513, 1, 11, 38, 30, 2, 26.82%, 0, 11, 4, 1.09, 130213, 372
75519, 1, 11, 38, 30, 2, 26.82%, 0, 11, 4, 1.09, 130219, 372
75524, 1, 11, 38, 30, 2, 26.82%, 0, 11, 4, 1.09, 130225, 372
75530, 1, 11, 38, 30, 2, 26.82%, 0, 11, 4, 1.09, 130231, 372
75535, 1, 11, 38, 30, 2, 26.82%, 0, 11, 4, 1.09, 130237, 372
75541, 1, 11, 38, 30, 2, 26.82%, 0, 11, 4, 1.09, 130243, 372
75546, 1, 11, 38, 30, 2, 26.82%, 0, 11, 4, 1.09, 130249, 372
75552, 1, 11, 38, 30, 2, 26.82%, 0, 11, 4, 1.09, 130255, 372
75557, 1, 11, 38, 30, 2, 26.82%, 0, 11, 4, 1.09, 130261, 372
75563, 1, 11, 38, 30, 2, 26.82%, 0, 11, 4, 1.09, 130267, 372
75568, 1, 11, 38, 30, 2, 26.82%, 0, 11, 4, 1.09, 130273, 372
75574, 1, 11, 38, 30, 2, 26.82%, 0, 11, 4, 1.09, 130279, 372
75579, 1, 11, 38, 30, 2, 26.82%, 0, 11, 4, 1.09, 130285, 372
75585, 1, 11, 38, 30, 2, 26.82%, 0, 11, 4, 1.09, 130291, 372
75590, 1, 11, 38, 30, 2, 26.82%, 0, 11, 4, 1.09, 130297, 372
75596, 1, 11, 38, 30, 2, 26.82%, 0, 11, 4, 1.09, 130303, 372
75601, 1, 11, 38, 30, 2, 26.82%, 0, 11, 4, 1.09, 130309, 372
75607, 1, 11, 38, 30, 2, 26.82%, 0, 11, 4, 1.09, 130315, 372
75612, 1, 11, 38, 30, 2, 26.82%, 0, 11, 4, 1.09, 130321, 372
75618, 1, 11, 38, 30, 2, 26.82%, 0, 11, 4, 1.09, 130327, 372
75623, 1, 11, 38, 30, 2, 26.82%, 0, 11, 4, 1.09, 130333, 372
75628, 1, 11, 38, 30, 2, 26.82%, 0, 11, 4, 1.09, 130339, 372
75634, 1, 11, 38, 30, 2, 26.82%, 0, 11, 4, 1.09, 130345, 372
75639, 1, 11, 38, 30, 2, 26.82%, 0, 11, 4, 1.09, 130351, 372
75645, 1, 11, 38, 30, 2, 26.82%, 0, 11, 4, 1.09, 130357, 372
75650, 1, 11, 38, 30, 2, 26.82%, 0, 11, 4, 1.09, 130363, 372
75656, 1, 11, 38, 30, 2, 26.82%, 0, 11, 4, 1.09, 130369, 372
75661, 1, 11, 38, 30, 2, 26.82%, 0, 11, 4, 1.09, 130375, 372
75667, 1, 11, 38, 30, 2, 26.82%, 0, 11, 4, 1.09, 130381, 372
75672, 1, 11, 38, 30, 2, 26.82%, 0, 11, 4, 1.09, 130387, 372
75678, 1, 11, 38, 30, 2, 26.82%, 0, 11, 4, 1.09, 130393, 372
75683, 1, 11, 38, 30, 2, 26.82%, 0, 11, 4, 1.09, 130399, 372
75689, 1, 11, 38, 30, 2, 26.82%, 0, 11, 4, 1.09, 130405, 372
75694, 1, 11, 38, 30, 2, 26.82%, 0, 11, 4, 1.09, 130411, 372
75700, 1, 11, 38, 30, 2, 26.82%, 0, 11, 4, 1.09, 130417, 372
75705, 1, 11, 38, 30, 2, 26.82%, 0, 11, 4, 1.09, 130423, 372
75711, 1, 11, 38, 30, 2, 26.82%, 0, 11, 4, 1.09, 130429, 372
75716, 1, 11, 38, 30, 2, 26.82%, 0, 11, 4, 1.09, 130435, 372
75722, 1, 11, 38, 30, 2, 26.82%, 0, 11, 4, 1.09, 130441, 372
75727, 1, 11, 38, 30, 2, 26.82%, 0, 11, 4, 1.09, 130447, 372
75733, 1, 11, 38, 30, 2, 26.82%, 0, 11, 4, 1.09, 130453, 372
75738, 1, 11, 38, 30, 2, 26.82%, 0, 11, 4, 1.09, 130459, 372
75744, 1, 11, 38, 30, 2, 26.82%, 0, 11, 4, 1.09, 130465, 372
75749, 1, 11, 38, 30, 2, 26.82%, 0, 11, 4, 1.09, 130471, 372
75755, 1, 11, 38, 30, 2, 26.82%, 0, 11, 4, 1.09, 130477, 372
75760, 1, 11, 38, 30, 2, 26.82%, 0, 11, 4, 1.09, 130483, 372
75766, 1, 11, 38, 30, 2, 26.82%, 0, 11, 4, 1.09, 130489, 372
75771, 1, 11, 38, 30, 2, 26.82%, 0, 11, 4, 1.09, 130495, 372
75777, 1, 11, 38, 30, 2, 26.82%, 0, 11, 4, 1.09, 130501, 372
75782, 1, 11, 38, 30, 2, 26.82%, 0, 11, 4, 1.09, 130507, 372
75788, 1, 11, 38, 30, 2, 26.82%, 0, 11, 4, 1.09, 130513, 372
75793, 1, 11, 38, 30, 2, 26.82%, 0, 11, 4, 1.09, 130519, 372
75798, 1, 11, 38, 30, 2, 26.82%, 0, 11, 4, 1.09, 130525, 372
75804, 1, 11, 38, 30, 2, 26.82%, 0, 11, 4, 1.09, 130531, 372
75809, 1, 11, 38, 30, 2, 26.82%, 0, 11, 4, 1.09, 130537, 372
75815, 1, 11, 38, 30, 2, 26.82%, 0, 11, 4, 1.09, 130543, 372
75820, 1, 11, 38, 30, 2, 26.82%, 0, 11, 4, 1.09, 130549, 372
75826, 1, 11, 38, 30, 2, 26.82%, 0, 11, 4, 1.09, 130555, 372
75831, 1, 11, 38, 30, 2, 26.82%, 0, 11, 4, 1.09, 130561, 372
75837, 1, 11, 38, 30, 2, 26.82%, 0, 11, 4, 1.09, 130567, 372
75842, 1, 11, 38, 30, 2, 26.82%, 0, 11, 4, 1.09, 130573, 372
75848, 1, 11, 38, 30, 2, 26.82%, 0, 11, 4, 1.09, 130579, 372
75853, 1, 11, 38, 30, 2, 26.82%, 0, 11, 4, 1.09, 130585, 372
75859, 1, 11, 38, 30, 2, 26.82%, 0, 11, 4, 1.09, 130591, 372
75864, 1, 11, 38, 30, 2, 26.82%, 0, 11, 4, 1.09, 130597, 372
75870, 1, 11, 38, 30, 2, 26.82%, 0, 11, 4, 1.09, 130603, 372
75875, 1, 11, 38, 30, 2, 26.82%, 0, 11, 4, 1.09, 130609, 372
75881, 1, 11, 38, 30, 2, 26.82%, 0, 11, 4, 1.09, 130615, 372
75886, 1, 11, 38, 30, 2, 26.82%, 0, 11, 4, 1.09, 130621, 372
75892, 1, 11, 38, 30, 2, 26.82%, 0, 11, 4, 1.09, 130627, 372
75897, 1, 11, 38, 30, 2, 26.82%, 0, 11, 4, 1.09, 130633, 372
75903, 1, 11, 38, 30, 2, 26.82%, 0, 11, 4, 1.09, 130639, 372
75908, 1, 11, 38, 30, 2, 26.82%, 0, 11, 4, 1.09, 130645, 372
75914, 1, 11, 38, 30, 2, 26.82%, 0, 11, 4, 1.09, 130651, 372
75919, 1, 11, 38, 30, 2, 26.82%, 0, 11, 4, 1.09, 130657, 372
75925, 1, 11, 38, 30, 2, 26.82%, 0, 11, 4, 1.09, 130663, 372
75930, 1, 11, 38, 30, 2, 26.82%, 0, 11, 4, 1.09, 130669, 372
75936, 1, 11, 38, 30, 2, 26.82%, 0, 11, 4, 1.09, 130675, 372
75941, 1, 11, 38, 30, 2, 26.82%, 0, 11, 4, 1.09, 130681, 372
75947, 1, 11, 38, 30, 2, 26.82%, 0, 11, 4, 1.09, 130687, 372
75952, 1, 11, 38, 30, 2, 26.82%, 0, 11, 4, 1.09, 130693, 372
75958, 1, 11, 38, 30, 2, 26.82%, 0, 11, 4, 1.09, 130699, 372
75963, 1, 11, 38, 30, 2, 26.82%, 0, 11, 4, 1.09, 130705, 372
75968, 1, 11, 38, 30, 2, 26.82%, 0, 11, 4, 1.09, 130711, 372
75974, 1, 11, 38, 30, 2, 26.82%, 0, 11, 4, 1.09, 130717, 372
75979, 1, 11, 38, 30, 2, 26.82%, 0, 11, 4, 1.09, 130723, 372
75985, 1, 11, 38, 30, 2, 26.82%, 0, 11, 4, 1.09, 130729, 372
75990, 1, 11, 38, 30, 2, 26.82%, 0, 11, 4, 1.09, 130735, 372
75996, 1, 11, 38, 30, 2, 26.82%, 0, 11, 4, 1.09, 130741, 372
76001, 1, 11, 38, 30, 2, 26.82%, 0, 11, 4, 1.09, 130747, 372
76007, 1, 11, 38, 30, 2, 26.82%, 0, 11, 4, 1.09, 130753, 372
76012, 1, 11, 38, 30, 2, 26.82%, 0, 11, 4, 1.09, 130759, 372
76018, 1, 11, 38, 30, 2, 26.82%, 0, 11, 4, 1.09, 130765, 372
76023, 1, 11, 38, 30, 2, 26.82%, 0, 11, 4, 1.09, 130771, 372
76029, 1, 11, 38, 30, 2, 26.82%, 0, 11, 4, 1.09, 130777, 372
76034, 1, 11, 38, 30, 2, 26.82%, 0, 11, 4, 1.09, 130783, 372
76040, 1, 11, 38, 30, 2, 26.82%, 0, 11, 4, 1.09, 130789, 372
76045, 1, 11, 38, 30, 2, 26.82%, 0, 11, 4, 1.09, 130795, 372
76051, 1, 11, 38, 30, 2, 26.82%, 0, 11, 4, 1.09, 130801, 372
76056, 1, 11, 38, 30, 2, 26.82%, 0, 11, 4, 1.09, 130807, 372
76062, 1, 11, 38, 30, 2, 26.82%, 0, 11, 4, 1.09, 130813, 372
76067, 1, 11, 38, 30, 2, 26.82%, 0, 11, 4, 1.09, 130819, 372
76073, 1, 11, 38, 30, 2, 26.82%, 0, 11, 4, 1.09, 130825, 372
76078, 1, 11, 38, 30, 2, 26.82%, 0, 11, 4, 1.09, 130831, 372
76084, 1, 11, 38, 30, 2, 26.82%, 0, 11, 4, 1.09, 130837, 372
76089, 1, 11, 38, 30, 2, 26.82%, 0, 11, 4, 1.09, 130843, 372
76095, 1, 11, 38, 30, 2, 26.82%, 0, 11, 4, 1.09, 130849, 372
76100, 1, 11, 38, 30, 2, 26.82%, 0, 11, 4, 1.09, 130855, 372
76106, 1, 11, 38, 30, 2, 26.82%, 0, 11, 4, 1.09, 130861, 372
76111, 1, 11, 38, 30, 2, 26.82%, 0, 11, 4, 1.09, 130867, 372
76117, 1, 11, 38, 30, 2, 26.82%, 0, 11, 4, 1.09, 130873, 372
76122, 1, 11, 38, 30, 2, 26.82%, 0, 11, 4, 1.09, 130879, 372
76127, 1, 11, 38, 30, 2, 26.82%, 0, 11, 4, 1.09, 130885, 372
76133, 1, 11, 38, 30, 2, 26.82%, 0, 11, 4, 1.09, 130891, 372
76138, 1, 11, 38, 30, 2, 26.82%, 0, 11, 4, 1.09, 130897, 372
76144, 1, 11, 38, 30, 2, 26.82%, 0, 11, 4, 1.09, 130903, 372
76149, 1, 11, 38, 30, 2, 26.82%, 0, 11, 4, 1.09, 130909, 372
76155, 1, 11, 38, 30, 2, 26.82%, 0, 11, 4, 1.09, 130915, 372
76160, 1, 11, 38, 30, 2, 26.82%, 0, 11, 4, 1.09, 130921, 372
76166, 1, 11, 38, 30, 2, 26.82%, 0, 11, 4, 1.09, 130927, 372
76171, 1, 11, 38, 30, 2, 26.82%, 0, 11, 4, 1.09, 130933, 372
76177, 1, 11, 38, 30, 2, 26.82%, 0, 11, 4, 1.09, 130939, 372
76182, 1, 11, 38, 30, 2, 26.82%, 0, 11, 4, 1.09, 130945, 372
76188, 1, 11, 38, 30, 2, 26.82%, 0, 11, 4, 1.09, 130951, 372
76193, 1, 11, 38, 30, 2, 26.82%, 0, 11, 4, 1.09, 130957, 372
76199, 1, 11, 38, 30, 2, 26.82%, 0, 11, 4, 1.09, 130963, 372
76204, 1, 11, 38, 30, 2, 26.82%, 0, 11, 4, 1.09, 130969, 372
76210, 1, 11, 38, 30, 2, 26.82%, 0, 11, 4, 1.09, 130975, 372
76215, 1, 11, 38, 30, 2, 26.82%, 0, 11, 4, 1.09, 130981, 372
76221, 1, 11, 38, 30, 2, 26.82%, 0, 11, 4, 1.09, 130987, 372
76226, 1, 11, 38, 30, 2, 26.82%, 0, 11, 4, 1.09, 130993, 372
76231, 1, 11, 38, 30, 2, 26.82%, 0, 11, 4, 1.00, 131000, 372
76237, 1, 11, 38, 30, 2, 26.82%, 0, 11, 4, 1.03, 131006, 372
76242, 1, 11, 38, 30, 2, 26.82%, 0, 11, 4, 1.05, 131012, 372
76248, 1, 11, 38, 30, 2, 26.82%, 0, 11, 4, 1.06, 131018, 372
76253, 1, 11, 38, 30, 2, 26.82%, 0, 11, 4, 1.07, 131024, 372
76259, 1, 11, 38, 30, 2, 26.82%, 0, 11, 4, 1.08, 131030, 372
76264, 1, 11, 38, 30, 2, 26.82%, 0, 11, 4, 1.08, 131036, 372
76270, 1, 11, 38, 30, 2, 26.82%, 0, 11, 4, 1.09, 131042, 372
76275, 1, 11, 38, 30, 2, 26.82%, 0, 11, 4, 1.09, 131048, 372
76281, 1, 11, 38, 30, 2, 26.82%, 0, 11, 4, 1.09, 131054, 372
76286, 1, 11, 38, 30, 2, 26.82%, 0, 11, 4, 1.09, 131060, 372
76292, 1, 11, 38, 30, 2, 26.82%, 0, 11, 4, 1.09, 131066, 372
76297, 1, 11, 38, 30, 2, 26.82%, 0, 11, 4, 1.09, 131072, 372
76302, 1, 11, 38, 30, 2, 26.82%, 0, 11, 4, 1.09, 131078, 372
76308, 1, 11, 38, 30, 2, 26.82%, 0, 11, 4, 1.09, 131084, 372
76313, 1, 11, 38, 30, 2, 26.82%, 0, 11, 4, 1.09, 131090, 372
76319, 1, 11, 38, 30, 2, 26.82%, 0, 11, 4, 1.09, 131096, 372
76324, 1, 11, 38, 30, 2, 26.82%, 0, 11, 4, 1.09, 131102, 372
76330, 1, 11, 38, 30, 2, 26.82%, 0, 11, 4, 1.09, 131108, 372
76335, 1, 11, 38, 30, 2, 26.82%, 0, 11, 4, 1.09, 131114, 372
76341, 1, 11, 38, 30, 2, 26.82%, 0, 11, 4, 1.09, 131120, 372
76346, 1, 11, 38, 30, 2, 26.82%, 0, 11, 4, 1.09, 131126, 372
76352, 1, 11, 38, 30, 2, 26.82%, 0, 11, 4, 1.09, 131132, 372
76357, 1, 11, 38, 30, 2, 26.82%, 0, 11, 4, 1.09, 131138, 372
76363, 1, 11, 38, 30, 2, 26.82%, 0, 11, 4, 1.09, 131144, 372
76368, 1, 11, 38, 30, 2, 26.82%, 0, 11, 4, 1.09, 131150, 372
76374, 1, 11, 38, 30, 2, 26.82%, 0, 11, 4, 1.09, 131156, 372
76379, 1, 11, 38, 30, 2, 26.82%, 0, 11, 4, 1.09, 131162, 372
76385, 1, 11, 38, 30, 2, 26.82%, 0, 11, 4, 1.09, 131168, 372
76390, 1, 11, 38, 30, 2, 26.82%, 0, 11, 4, 1.09, 131174, 372
76396, 1, 11, 38, 30, 2, 26.82%, 0, 11, 4, 1.09, 131180, 372
76401, 1, 11, 38, 30, 2, 26.82%, 0, 11, 4, 1.09, 131186, 372
76407, 1, 11, 38, 30, 2, 26.82%, 0, 11, 4, 1.09, 131192, 372
76412, 1, 11, 38, 30, 2, 26.82%, 0, 11, 4, 1.09, 131198, 372
76418, 1, 11, 38, 30, 2, 26.82%, 0, 11, 4, 1.09, 131204, 372
76423, 1, 11, 38, 30, 2, 26.82%, 0, 11, 4, 1.09, 131210, 372
76429, 1, 11, 38, 30, 2, 26.82%, 0, 11, 4, 1.09, 131216, 372
76434, 1, 11, 38, 30, 2, 26.82%, 0, 11, 4, 1.09, 131222, 372
76440, 1, 11, 38, 30, 2, 26.82%, 0, 11, 4, 1.09, 131228, 372
76445, 1, 11, 38, 30, 2, 26.82%, 0, 11, 4, 5.46, 131235, 372
76450, 1, 11, 38, 30, 2, 26.82%, 0, 11, 4, 4.62, 131249, 372
76456, 1, 11, 38, 30, 2, 26.82%, 0, 11, 4, 4.03, 131263, 372
76462, 1, 11, 38, 30, 2, 26.82%, 0, 11, 4, 3.44, 131273, 372
76467, 1, 11, 38, 30, 2, 26.82%, 0, 11, 4, 2.68, 131279, 372
76473, 1, 11, 38, 30, 2, 26.82%, 0, 11, 4, 2.17, 131285, 372
76478, 1, 11, 38, 30, 2, 26.82%, 0, 11, 4, 1.83, 131291, 372
76484, 1, 11, 38, 30, 2, 26.82%, 0, 11, 4, 1.59, 131297, 372
76489, 1, 11, 38, 30, 2, 26.82%, 0, 11, 4, 1.43, 131303, 372
76495, 1, 11, 38, 30, 2, 26.82%, 0, 11, 4, 1.32, 131309, 372
76500, 1, 11, 38, 30, 2, 26.82%, 0, 11, 4, 1.25, 131315, 372
76506, 1, 11, 38, 30, 2, 26.82%, 0, 11, 4, 1.20, 131321, 372
76511, 1, 11, 38, 30, 2, 26.82%, 0, 11, 4, 1.17, 131327, 372
76517, 1, 11, 38, 30, 2, 26.82%, 0, 11, 4, 1.14, 131333, 372
76522, 1, 11, 38, 30, 2, 26.82%, 0, 11, 4, 1.13, 131339, 372
76527, 1, 11, 38, 30, 2, 26.82%, 0, 11, 4, 1.12, 131345, 372
76533, 1, 11, 38, 30, 2, 26.82%, 0, 11, 4, 1.11, 131351, 372
76538, 1, 11, 38, 30, 2, 26.82%, 0, 11, 4, 1.11, 131357, 372
76544, 1, 11, 38, 30, 2, 26.82%, 0, 11, 4, 1.10, 131363, 372
76549, 1, 11, 38, 30, 2, 26.82%, 0, 11, 4, 1.10, 131369, 372
76555, 1, 11, 38, 30, 2, 26.82%, 0, 11, 4, 1.10, 131375, 372
76560, 1, 11, 38, 30, 2, 26.82%, 0, 11, 4, 1.10, 131381, 372
76566, 1, 11, 38, 30, 2, 26.82%, 0, 11, 4, 1.10, 131387, 372
76571, 1, 11, 38, 30, 2, 26.82%, 0, 11, 4, 1.09, 131393, 372
76577, 1, 11, 38, 30, 2, 26.82%, 0, 11, 4, 1.09, 131399, 372
76582, 1, 11, 38, 30, 2, 26.82%, 0, 11, 4, 1.09, 131405, 372
76588, 1, 11, 38, 30, 2, 26.82%, 0, 11, 4, 1.09, 131411, 372
76593, 1, 11, 38, 30, 2, 26.82%, 0, 11, 4, 1.09, 131417, 372
76599, 1, 11, 38, 30, 2, 26.82%, 0, 11, 4, 1.09, 131423, 372
76604, 1, 11, 38, 30, 2, 26.82%, 0, 11, 4, 1.09, 131429, 372
76610, 1, 11, 38, 30, 2, 26.82%, 0, 11, 4, 1.09, 131435, 372
76615, 1, 11, 38, 30, 2, 26.82%, 0, 11, 4, 1.09, 131441, 372
76621, 1, 11, 38, 30, 2, 26.82%, 0, 11, 4, 1.09, 131447, 372
76626, 1, 11, 38, 30, 2, 26.82%, 0, 11, 4, 1.09, 131453, 372
76632, 1, 11, 38, 30, 2, 26.82%, 0, 11, 4, 1.09, 131459, 372
76637, 1, 11, 38, 30, 2, 26.82%, 0, 11, 4, 1.09, 131465, 372
76643, 1, 11, 38, 30, 2, 26.82%, 0, 11, 4, 1.09, 131471, 372
76648, 1, 11, 38, 30, 2, 26.82%, 0, 11, 4, 1.09, 131477, 372
76654, 1, 11, 38, 30, 2, 26.82%, 0, 11, 4, 1.09, 131483, 372
76659, 1, 11, 38, 30, 2, 26.82%, 0, 11, 4, 1.09, 131489, 372
76665, 1, 11, 38, 30, 2, 26.82%, 0, 11, 4, 1.09, 131495, 372
76670, 1, 11, 38, 30, 2, 26.82%, 0, 11, 4, 1.09, 131501, 372
76676, 1, 11, 38, 30, 2, 26.82%, 0, 11, 4, 1.09, 131507, 372
76681, 1, 11, 38, 30, 2, 26.82%, 0, 11, 4, 1.09, 131513, 372
76686, 1, 11, 38, 30, 2, 26.82%, 0, 11, 4, 1.09, 131519, 372
76692, 1, 11, 38, 30, 2, 26.82%, 0, 11, 4, 1.09, 131525, 372
76697, 1, 11, 38, 30, 2, 26.82%, 0, 11, 4, 1.09, 131531, 372
76703, 1, 11, 38, 30, 2, 26.82%, 0, 11, 4, 1.09, 131537, 372
76708, 1, 11, 38, 30, 2, 26.82%, 0, 11, 4, 1.09, 131543, 372
76714, 1, 11, 38, 30, 2, 26.82%, 0, 11, 4, 1.09, 131549, 372
76719, 1, 11, 38, 30, 2, 26.82%, 0, 11, 4, 1.09, 131555, 372
76725, 1, 11, 38, 30, 2, 26.82%, 0, 11, 4, 1.09, 131561, 372
76730, 1, 11, 38, 30, 2, 26.82%, 0, 11, 4, 1.09, 131567, 372
76736, 1, 11, 38, 30, 2, 26.82%, 0, 11, 4, 1.09, 131573, 372
76741, 1, 11, 38, 30, 2, 26.82%, 0, 11, 4, 1.09, 131579, 372
76747, 1, 11, 38, 30, 2, 26.82%, 0, 11, 4, 1.09, 131585, 372
76752, 1, 11, 38, 30, 2, 26.82%, 0, 11, 4, 1.09, 131591, 372
76758, 1, 11, 38, 30, 2, 26.82%, 0, 11, 4, 1.09, 131597, 372
76763, 1, 11, 38, 30, 2, 26.82%, 0, 11, 4, 1.09, 131603, 372
76769, 1, 11, 38, 30, 2, 26.82%, 0, 11, 4, 1.09, 131609, 372
76774, 1, 11, 38, 30, 2, 26.82%, 0, 11, 4, 1.09, 131615, 372
76780, 1, 11, 38, 30, 2, 26.82%, 0, 11, 4, 1.09, 131621, 372
76785, 1, 11, 38, 30, 2, 26.82%, 0, 11, 4, 1.09, 131627, 372
76791, 1, 11, 38, 30, 2, 26.82%, 0, 11, 4, 1.09, 131633, 372
76796, 1, 11, 38, 30, 2, 26.82%, 0, 11, 4, 1.09, 131639, 372
76802, 1, 11, 38, 30, 2, 26.82%, 0, 11, 4, 1.09, 131645, 372
76807, 1, 11, 38, 30, 2, 26.82%, 0, 11, 4, 1.09, 131651, 372
76813, 1, 11, 38, 30, 2, 26.82%, 0, 11, 4, 1.09, 131657, 372
76818, 1, 11, 38, 30, 2, 26.82%, 0, 11, 4, 1.09, 131663, 372
76824, 1, 11, 38, 30, 2, 26.82%, 0, 11, 4, 1.09, 131669, 372
76829, 1, 11, 38, 30, 2, 26.82%, 0, 11, 4, 1.09, 131675, 372
76835, 1, 11, 38, 30, 2, 26.82%, 0, 11, 4, 1.09, 131681, 372
76840, 1, 11, 38, 30, 2, 26.82%, 0, 11, 4, 1.09, 131687, 372
76846, 1, 11, 38, 30, 2, 26.82%, 0, 11, 4, 1.09, 131693, 372
76851, 1, 11, 38, 30, 2, 26.82%, 0, 11, 4, 1.09, 131699, 372
76856, 1, 11, 38, 30, 2, 26.82%, 0, 11, 4, 1.09, 131705, 372
76862, 1, 11, 38, 30, 2, 26.82%, 0, 11, 4, 1.09, 131711, 372
76867, 1, 11, 38, 30, 2, 26.82%, 0, 11, 4, 1.09, 131717, 372
76873, 1, 11, 38, 30, 2, 26.82%, 0, 11, 4, 1.09, 131723, 372
76878, 1, 11, 38, 30, 2, 26.82%, 0, 11, 4, 1.09, 131729, 372
76884, 1, 11, 38, 30, 2, 26.82%, 0, 11, 4, 1.09, 131735, 372
76889, 1, 11, 38, 30, 2, 26.82%, 0, 11, 4, 1.09, 131741, 372
76895, 1, 11, 38, 30, 2, 26.82%, 0, 11, 4, 1.09, 131747, 372
76900, 1, 11, 38, 30, 2, 26.82%, 0, 11, 4, 1.09, 131753, 372
76906, 1, 11, 38, 30, 2, 26.82%, 0, 11, 4, 1.09, 131759, 372
76911, 1, 11, 38, 30, 2, 26.82%, 0, 11, 4, 1.09, 131765, 372
76917, 1, 11, 38, 30, 2, 26.82%, 0, 11, 4, 1.09, 131771, 372
76922, 1, 11, 38, 30, 2, 26.82%, 0, 11, 4, 1.09, 131777, 372
76928, 1, 11, 38, 30, 2, 26.82%, 0, 11, 4, 1.09, 131783, 372
76933, 1, 11, 38, 30, 2, 26.82%, 0, 11, 4, 1.09, 131789, 372
76939, 1, 11, 38, 30, 2, 26.82%, 0, 11, 4, 1.09, 131795, 372
76944, 1, 11, 38, 30, 2, 26.82%, 0, 11, 4, 1.09, 131801, 372
76950, 1, 11, 38, 30, 2, 26.82%, 0, 11, 4, 1.09, 131807, 372
76955, 1, 11, 38, 30, 2, 26.82%, 0, 11, 4, 1.09, 131813, 372
76961, 1, 11, 38, 30, 2, 26.82%, 0, 11, 4, 1.09, 131819, 372
76966, 1, 11, 38, 30, 2, 26.82%, 0, 11, 4, 1.09, 131825, 372
76972, 1, 11, 38, 30, 2, 26.82%, 0, 11, 4, 1.09, 131831, 372
76977, 1, 11, 38, 30, 2, 26.82%, 0, 11, 4, 1.09, 131837, 372
76983, 1, 11, 38, 30, 2, 26.82%, 0, 11, 4, 1.09, 131843, 372
76988, 1, 11, 38, 30, 2, 26.82%, 0, 11, 4, 1.09, 131849, 372
76994, 1, 11, 38, 30, 2, 26.82%, 0, 11, 4, 1.09, 131855, 372
76999, 1, 11, 38, 30, 2, 26.82%, 0, 11, 4, 1.09, 131861, 372
77005, 1, 11, 38, 30, 2, 26.82%, 0, 11, 4, 1.09, 131867, 372
77010, 1, 11, 38, 30, 2, 26.82%, 0, 11, 4, 1.09, 131873, 372
77016, 1, 11, 38, 30, 2, 26.82%, 0, 11, 4, 1.09, 131879, 372
77021, 1, 11, 38, 30, 2, 26.82%, 0, 11, 4, 1.09, 131885, 372
77026, 1, 11, 38, 30, 2, 26.82%, 0, 11, 4, 1.09, 131891, 372
77032, 1, 11, 38, 30, 2, 26.82%, 0, 11, 4, 5.01, 131903, 372
77038, 1, 11, 38, 30, 2, 26.82%, 0, 11, 4, 1.00, 131917, 372
77043, 1, 11, 38, 30, 2, 26.82%, 0, 11, 4, 1.03, 131923, 372
77049, 1, 11, 38, 30, 2, 26.82%, 0, 11, 4, 5.23, 131942, 372
77055, 1, 11, 38, 30, 2, 26.82%, 0, 11, 4, 1.00, 131951, 372
77060, 1, 11, 38, 30, 2, 26.82%, 0, 11, 4, 1.00, 131967, 372
77066, 1, 11, 38, 30, 2, 26.82%, 0, 11, 4, 5.21, 131983, 372
77071, 1, 11, 38, 30, 2, 26.82%, 0, 11, 4, 1.00, 131993, 372
77077, 1, 11, 38, 30, 2, 26.82%, 0, 11, 4, 1.93, 132008, 372
77082, 1, 11, 38, 30, 2, 26.82%, 0, 11, 4, 2.32, 132019, 372
77087, 1, 11, 38, 30, 2, 26.82%, 0, 11, 4, 2.49, 132030, 372
77093, 1, 11, 38, 30, 2, 26.82%, 0, 11, 4, 2.40, 132040, 372
77099, 1, 11, 38, 30, 2, 26.82%, 0, 11, 4, 1.98, 132046, 372
77104, 1, 11, 38, 30, 2, 26.82%, 0, 11, 4, 1.70, 132052, 372
77110, 1, 11, 38, 30, 2, 26.82%, 0, 11, 4, 1.50, 132058, 372
77115, 1, 11, 38, 30, 2, 26.82%, 0, 11, 4, 1.37, 132064, 372
77121, 1, 11, 38, 30, 2, 26.82%, 0, 11, 4, 1.28, 132070, 372
77126, 1, 11, 38, 30, 2, 26.82%, 0, 11, 4, 1.22, 132076, 372
77132, 1, 11, 38, 30, 2, 26.82%, 0, 11, 4, 1.18, 132082, 372
77137, 1, 11, 38, 30, 2, 26.82%, 0, 11, 4, 1.15, 132088, 372
77143, 1, 11, 38, 30, 2, 26.82%, 0, 11, 4, 1.13, 132094, 372
77148, 1, 11, 38, 30, 2, 26.82%, 0, 11, 4, 1.12, 132100, 372
77154, 1, 11, 38, 30, 2, 26.82%, 0, 11, 4, 1.11, 132106, 372
77159, 1, 11, 38, 30, 2, 26.82%, 0, 11, 4, 1.11, 132112, 372
77165, 1, 11, 38, 30, 2, 26.82%, 0, 11, 4, 1.10, 132118, 372
77170, 1, 11, 38, 30, 2, 26.82%, 0, 11, 4, 1.10, 132124, 372
77175, 1, 11, 38, 30, 2, 26.82%, 0, 11, 4, 1.10, 132130, 372
77181, 1, 11, 38, 30, 2, 26.82%, 0, 11, 4, 1.10, 132136, 372
77186, 1, 11, 38, 30, 2, 26.82%, 0, 11, 4, 1.10, 132142, 372
77192, 1, 11, 38, 30, 2, 26.82%, 0, 11, 4, 1.10, 132148, 372
77197, 1, 11, 38, 30, 2, 26.82%, 0, 11, 4, 1.09, 132154, 372
77203, 1, 11, 38, 30, 2, 26.82%, 0, 11, 4, 1.09, 132160, 372
77208, 1, 11, 38, 30, 2, 26.82%, 0, 11, 4, 1.09, 132166, 372
77214, 1, 11, 38, 30, 2, 26.82%, 0, 11, 4, 1.09, 132172, 372
77219, 1, 11, 38, 30, 2, 26.82%, 0, 11, 4, 1.09, 132178, 372
77225, 1, 11, 38, 30, 2, 26.82%, 0, 11, 4, 1.09, 132184, 372
77230, 1, 11, 38, 30, 2, 26.82%, 0, 11, 4, 1.09, 132190, 372
77236, 1, 11, 38, 30, 2, 26.82%, 0, 11, 4, 1.09, 132196, 372
77241, 1, 11, 38, 30, 2, 26.82%, 0, 11, 4, 1.09, 132202, 372
77247, 1, 11, 38, 30, 2, 26.82%, 0, 11, 4, 1.09, 132208, 372
77252, 1, 11, 38, 30, 2, 26.82%, 0, 11, 4, 1.09, 132214, 372
77258, 1, 11, 38, 30, 2, 26.82%, 0, 11, 4, 1.09, 132220, 372
77263, 1, 11, 38, 30, 2, 26.82%, 0, 11, 4, 1.09, 132226, 372
77269, 1, 11, 38, 30, 2, 26.82%, 0, 11, 4, 1.09, 132232, 372
77274, 1, 11, 38, 30, 2, 26.82%, 0, 11, 4, 1.09, 132238, 372
77280, 1, 11, 38, 30, 2, 26.82%, 0, 11, 4, 1.09, 132244, 372
77285, 1, 11, 38, 30, 2, 26.82%, 0, 11, 4, 1.09, 132250, 372
77291, 1, 11, 38, 30, 2, 26.82%, 0, 11, 4, 1.09, 132256, 372
77296, 1, 11, 38, 30, 2, 26.82%, 0, 11, 4, 1.09, 132262, 372
77302, 1, 11, 38, 30, 2, 26.82%, 0, 11, 4, 1.09, 132268, 372
77307, 1, 11, 38, 30, 2, 26.82%, 0, 11, 4, 1.09, 132274, 372
77313, 1, 11, 38, 30, 2, 26.82%, 0, 11, 4, 1.09, 132280, 372
77318, 1, 11, 38, 30, 2, 26.82%, 0, 11, 4, 1.09, 132286, 372
77324, 1, 11, 38, 30, 2, 26.82%, 0, 11, 4, 1.09, 132292, 372
77329, 1, 11, 38, 30, 2, 26.82%, 0, 11, 4, 1.09, 132298, 372
77335, 1, 11, 38, 30, 2, 26.82%, 0, 11, 4, 1.09, 132304, 372
77340, 1, 11, 38, 30, 2, 26.82%, 0, 11, 4, 1.09, 132310, 372
77345, 1, 11, 38, 30, 2, 26.82%, 0, 11, 4, 1.09, 132316, 372
77351, 1, 11, 38, 30, 2, 26.82%, 0, 11, 4, 1.09, 132322, 372
77356, 1, 11, 38, 30, 2, 26.82%, 0, 11, 4, 1.09, 132328, 372
77362, 1, 11, 38, 30, 2, 26.82%, 0, 11, 4, 1.09, 132334, 372
77367, 1, 11, 38, 30, 2, 26.82%, 0, 11, 4, 1.09, 132340, 372
77373, 1, 11, 38, 30, 2, 26.82%, 0, 11, 4, 1.09, 132346, 372
77378, 1, 11, 38, 30, 2, 26.82%, 0, 11, 4, 1.09, 132352, 372
77384, 1, 11, 38, 30, 2, 26.82%, 0, 11, 4, 1.09, 132358, 372
77389, 1, 11, 38, 30, 2, 26.82%, 0, 11, 4, 1.09, 132364, 372
77395, 1, 11, 38, 30, 2, 26.82%, 0, 11, 4, 1.09, 132370, 372
77400, 1, 11, 38, 30, 2, 26.82%, 0, 11, 4, 1.09, 132376, 372
77406, 1, 11, 38, 30, 2, 26.82%, 0, 11, 4, 1.09, 132382, 372
77411, 1, 11, 38, 30, 2, 26.82%, 0, 11, 4, 1.09, 132388, 372
77417, 1, 11, 38, 30, 2, 26.82%, 0, 11, 4, 1.09, 132394, 372
77422, 1, 11, 38, 30, 2, 26.82%, 0, 11, 4, 1.09, 132400, 372
77428, 1, 11, 38, 30, 2, 26.82%, 0, 11, 4, 1.09, 132406, 372
77433, 1, 11, 38, 30, 2, 26.82%, 0, 11, 4, 1.09, 132412, 372
77439, 1, 11, 38, 30, 2, 26.82%, 0, 11, 4, 1.09, 132418, 372
77444, 1, 11, 38, 30, 2, 26.82%, 0, 11, 4, 1.09, 132424, 372
77450, 1, 11, 38, 30, 2, 26.82%, 0, 11, 4, 1.09, 132430, 372
77455, 1, 11, 38, 30, 2, 26.82%, 0, 11, 4, 1.09, 132436, 372
77461, 1, 11, 38, 30, 2, 26.82%, 0, 11, 4, 1.09, 132442, 372
77466, 1, 11, 38, 30, 2, 26.82%, 0, 11, 4, 1.09, 132448, 372
77472, 1, 11, 38, 30, 2, 26.82%, 0, 11, 4, 1.09, 132454, 372
77477, 1, 11, 38, 30, 2, 26.82%, 0, 11, 4, 1.09, 132460, 372
77483, 1, 11, 38, 30, 2, 26.82%, 0, 11, 4, 1.09, 132466, 372
77488, 1, 11, 38, 30, 2, 26.82%, 0, 11, 4, 1.09, 132472, 372
77494, 1, 11, 38, 30, 2, 26.82%, 0, 11, 4, 1.09, 132478, 372
77499, 1, 11, 38, 30, 2, 26.82%, 0, 11, 4, 1.09, 132484, 372
77505, 1, 11, 38, 30, 2, 26.82%, 0, 11, 4, 1.09, 132490, 372
77510, 1, 11, 38, 30, 2, 26.82%, 0, 11, 4, 1.09, 132496, 372
77516, 1, 11, 38, 30, 2, 26.82%, 0, 11, 4, 1.09, 132502, 372
77521, 1, 11, 38, 30, 2, 26.82%, 0, 11, 4, 1.09, 132508, 372
77526, 1, 11, 38, 30, 2, 26.82%, 0, 11, 4, 1.09, 132514, 372
77532, 1, 11, 38, 30, 2, 26.82%, 0, 11, 4, 1.09, 132520, 372
77537, 1, 11, 38, 30, 2, 26.82%, 0, 11, 4, 1.09, 132526, 372
77543, 1, 11, 38, 30, 2, 26.82%, 0, 11, 4, 1.09, 132532, 372
77548, 1, 11, 38, 30, 2, 26.82%, 0, 11, 4, 1.09, 132538, 372
77554, 1, 11, 38, 30, 2, 26.82%, 0, 11, 4, 1.09, 132544, 372
77559, 1, 11, 38, 30, 2, 26.82%, 0, 11, 4, 1.09, 132550, 372
77565, 1, 11, 38, 30, 2, 26.82%, 0, 11, 4, 1.09, 132556, 372
77570, 1, 11, 38, 30, 2, 26.82%, 0, 11, 4, 1.09, 132562, 372
77576, 1, 11, 38, 30, 2, 26.82%, 0, 11, 4, 1.09, 132568, 372
77581, 1, 11, 38, 30, 2, 26.82%, 0, 11, 4, 1.09, 132574, 372
77587, 1, 11, 38, 30, 2, 26.82%, 0, 11, 4, 1.09, 132580, 372
77592, 1, 11, 38, 30, 2, 26.82%, 0, 11, 4, 1.09, 132586, 372
77598, 1, 11, 38, 30, 2, 26.82%, 0, 11, 4, 1.09, 132592, 372
77603, 1, 11, 38, 30, 2, 26.82%, 0, 11, 4, 1.09, 132598, 372
77609, 1, 11, 38, 30, 2, 26.82%, 0, 11, 4, 1.09, 132604, 372
77614, 1, 11, 38, 30, 2, 26.82%, 0, 11, 4, 1.09, 132610, 372
77620, 1, 11, 38, 30, 2, 26.82%, 0, 11, 4, 1.09, 132616, 372
77625, 1, 11, 38, 30, 2, 26.82%, 0, 11, 4, 1.09, 132622, 372
77631, 1, 11, 38, 30, 2, 26.82%, 0, 11, 4, 1.09, 132628, 372
77636, 1, 11, 38, 30, 2, 26.82%, 0, 11, 4, 1.09, 132634, 372
77642, 1, 11, 38, 30, 2, 26.82%, 0, 11, 4, 1.09, 132640, 372
77647, 1, 11, 38, 30, 2, 26.82%, 0, 11, 4, 1.09, 132646, 372
77653, 1, 11, 38, 30, 2, 26.82%, 0, 11, 4, 1.09, 132652, 372
77658, 1, 11, 38, 30, 2, 26.82%, 0, 11, 4, 1.09, 132658, 372
77664, 1, 11, 38, 30, 2, 26.82%, 0, 11, 4, 1.09, 132664, 372
77669, 1, 11, 38, 30, 2, 26.82%, 0, 11, 4, 1.09, 132670, 372
77675, 1, 11, 38, 30, 2, 26.82%, 0, 11, 4, 1.09, 132676, 372
77680, 1, 11, 38, 30, 2, 26.82%, 0, 11, 4, 1.09, 132682, 372
77686, 1, 11, 38, 30, 2, 26.82%, 0, 11, 4, 1.09, 132688, 372
77691, 1, 11, 38, 30, 2, 26.82%, 0, 11, 4, 1.09, 132694, 372
77696, 1, 11, 38, 30, 2, 26.82%, 0, 11, 4, 1.09, 132700, 372
77702, 1, 11, 38, 30, 2, 26.82%, 0, 11, 4, 1.09, 132706, 372
77707, 1, 11, 38, 30, 2, 26.82%, 0, 11, 4, 1.09, 132712, 372
77713, 1, 11, 38, 30, 2, 26.82%, 0, 11, 4, 1.09, 132718, 372
77718, 1, 11, 38, 30, 2, 26.82%, 0, 11, 4, 1.09, 132724, 372
77724, 1, 11, 38, 30, 2, 26.82%, 0, 11, 4, 1.09, 132730, 372
77729, 1, 11, 38, 30, 2, 26.82%, 0, 11, 4, 1.09, 132736, 372
77735, 1, 11, 38, 30, 2, 26.82%, 0, 11, 4, 1.09, 132742, 372
77740, 1, 11, 38, 30, 2, 26.82%, 0, 11, 4, 1.09, 132748, 372
77746, 1, 11, 38, 30, 2, 26.82%, 0, 11, 4, 1.09, 132754, 372
77751, 1, 11, 38, 30, 2, 26.82%, 0, 11, 4, 1.09, 132760, 372
77757, 1, 11, 38, 30, 2, 26.82%, 0, 11, 4, 1.09, 132766, 372
77762, 1, 11, 38, 30, 2, 26.82%, 0, 11, 4, 1.09, 132772, 372
77768, 1, 11, 38, 30, 2, 26.82%, 0, 11, 4, 1.09, 132778, 372
77773, 1, 11, 38, 30, 2, 26.82%, 0, 11, 4, 1.09, 132784, 372
77779, 1, 11, 38, 30, 2, 26.82%, 0, 11, 4, 1.09, 132790, 372
77784, 1, 11, 38, 30, 2, 26.82%, 0, 11, 4, 1.09, 132796, 372
77790, 1, 11, 38, 30, 2, 26.82%, 0, 11, 4, 1.09, 132802, 372
77795, 1, 11, 38, 30, 2, 26.82%, 0, 11, 4, 1.09, 132808, 372
77801, 1, 11, 38, 30, 2, 26.82%, 0, 11, 4, 1.18, 132816, 372
77807, 1, 11, 38, 30, 2, 26.82%, 0, 11, 4, 1.26, 132824, 372
77812, 1, 11, 38, 30, 2, 26.82%, 0, 11, 4, 1.21, 132830, 372
77818, 1, 11, 38, 30, 2, 26.82%, 0, 11, 4, 1.21, 132837, 372
77824, 1, 11, 38, 30, 2, 26.82%, 0, 11, 4, 1.41, 132845, 372
77829, 1, 11, 38, 30, 2, 26.82%, 0, 11, 4, 1.39, 132853, 372
77834, 1, 11, 38, 30, 2, 26.82%, 0, 11, 4, 5.23, 132878, 372
77840, 1, 11, 38, 30, 2, 26.82%, 0, 11, 4, 1.07, 132885, 372
77845, 1, 11, 38, 30, 2, 26.82%, 0, 11, 4, 1.05, 132890, 372
77850, 1, 11, 38, 30, 2, 26.82%, 0, 11, 4, 1.44, 132901, 372
77856, 1, 11, 38, 30, 2, 26.82%, 0, 11, 4, 1.20, 132923, 372
77862, 1, 11, 38, 30, 2, 26.82%, 0, 11, 4, 1.21, 132930, 372
77867, 1, 11, 38, 30, 2, 26.82%, 0, 11, 4, 1.18, 132936, 372
77873, 1, 11, 38, 30, 2, 26.82%, 0, 11, 4, 1.33, 132945, 372
77878, 1, 11, 38, 30, 2, 26.82%, 0, 11, 4, 1.09, 132955, 372
77884, 1, 11, 38, 30, 2, 26.82%, 0, 11, 4, 1.15, 132962, 372
77889, 1, 11, 38, 30, 2, 26.82%, 0, 11, 4, 2.25, 132978, 372
77895, 1, 11, 38, 30, 2, 26.82%, 0, 11, 4, 1.95, 132986, 372
77901, 1, 11, 38, 30, 2, 26.82%, 0, 11, 4, 1.88, 132995, 372
77906, 1, 11, 38, 30, 2, 26.82%, 0, 11, 4, 1.80, 133003, 372
77911, 1, 22, 38, 29, 1, 26.82%, 0, 11, 4, 9.28, 133020, 372
77917, 1, 22, 38, 29, 1, 26.82%, 0, 11, 4, 8.17, 133038, 372
77922, 1, 22, 38, 29, 1, 26.82%, 0, 11, 4, 1.44, 133053, 372
77927, 1, 22, 38, 29, 1, 26.82%, 0, 11, 4, 2.12, 133065, 372
77933, 1, 22, 38, 29, 1, 26.82%, 0, 11, 4, 2.12, 133075, 372
77938, 1, 22, 38, 29, 1, 26.82%, 0, 11, 4, 2.16, 133086, 372
77944, 1, 22, 38, 29, 1, 26.82%, 0, 11, 4, 2.36, 133097, 372
77949, 1, 22, 38, 29, 1, 26.82%, 0, 11, 4, 2.48, 133109, 372
77955, 1, 22, 38, 29, 1, 26.82%, 0, 11, 4, 2.12, 133117, 372
77961, 1, 22, 38, 29, 1, 26.82%, 0, 11, 4, 1.95, 133126, 372
77966, 1, 22, 38, 29, 1, 26.82%, 0, 11, 4, 1.82, 133134, 372
77971, 1, 22, 38, 29, 1, 26.82%, 0, 11, 4, 1.66, 133141, 372
77977, 1, 22, 38, 29, 1, 26.82%, 0, 11, 4, 15.67, 133170, 372
77982, 1, 22, 38, 29, 1, 26.82%, 0, 11, 4, 2.00, 133187, 372
77987, 1, 22, 38, 29, 1, 26.82%, 0, 11, 4, 2.95, 133204, 372
77993, 1, 22, 38, 29, 1, 26.82%, 0, 11, 4, 2.45, 133212, 372
77998, 1, 22, 38, 29, 1, 26.82%, 0, 11, 4, 3.18, 133228, 372
78003, 1, 22, 38, 29, 1, 26.82%, 0, 11, 4, 2.73, 133235, 372
78009, 1, 22, 38, 29, 1, 26.82%, 0, 11, 4, 2.20, 133242, 372
78014, 1, 22, 38, 29, 1, 26.82%, 0, 11, 4, 1.90, 133249, 372
78019, 1, 22, 38, 29, 1, 26.82%, 0, 11, 4, 8.15, 133268, 372
78024, 1, 22, 38, 29, 1, 26.82%, 0, 11, 4, 4.59, 133277, 372
78030, 1, 22, 38, 29, 1, 26.82%, 0, 11, 4, 3.50, 133284, 372
78036, 1, 22, 38, 29, 1, 26.82%, 0, 11, 4, 2.77, 133291, 372
78041, 1, 22, 38, 29, 1, 26.82%, 0, 11, 4, 2.23, 133297, 372
78047, 1, 22, 38, 29, 1, 26.82%, 0, 11, 4, 7.18, 133330, 372
78052, 1, 22, 38, 29, 1, 26.82%, 0, 11, 4, 5.83, 133350, 372
78057, 1, 22, 38, 29, 1, 26.82%, 0, 11, 4, 4.26, 133360, 372
78063, 1, 22, 38, 29, 1, 26.82%, 0, 11, 4, 3.62, 133372, 372
78069, 1, 22, 38, 29, 1, 26.82%, 0, 11, 4, 3.02, 133382, 372
78074, 1, 22, 38, 29, 1, 26.82%, 0, 11, 4, 2.63, 133393, 372
78079, 1, 22, 38, 29, 1, 26.82%, 0, 11, 4, 3.51, 133411, 372
78085, 1, 22, 38, 29, 1, 26.82%, 0, 11, 4, 4.12, 133438, 372
78090, 1, 22, 38, 29, 1, 26.82%, 0, 11, 4, 3.16, 133447, 372
78096, 1, 22, 38, 29, 1, 26.82%, 0, 11, 4, 2.50, 133453, 372
78102, 1, 22, 38, 29, 1, 26.82%, 0, 11, 4, 2.04, 133459, 372
78107, 1, 22, 38, 29, 1, 26.82%, 0, 11, 4, 1.94, 133468, 372
78112, 1, 22, 38, 29, 1, 26.82%, 0, 11, 4, 1.89, 133478, 372
78118, 1, 22, 38, 29, 1, 26.82%, 0, 11, 4, 2.68, 133495, 372
78123, 1, 22, 38, 29, 1, 26.82%, 0, 11, 4, 2.44, 133506, 372
78129, 1, 22, 38, 29, 1, 26.82%, 0, 11, 4, 2.18, 133514, 372
78134, 1, 22, 38, 29, 1, 26.82%, 0, 11, 4, 1.83, 133520, 372
78139, 1, 22, 38, 29, 1, 26.82%, 0, 11, 4, 2.32, 133531, 372
78145, 1, 22, 38, 29, 1, 26.82%, 0, 11, 4, 4.91, 133564, 372
78150, 1, 22, 38, 29, 1, 26.82%, 0, 11, 4, 3.84, 133577, 372
78156, 1, 22, 38, 29, 1, 26.82%, 0, 11, 4, 2.99, 133584, 372
78162, 1, 22, 38, 29, 1, 26.82%, 0, 11, 4, 3.80, 133604, 372
78167, 1, 22, 38, 29, 1, 26.82%, 0, 11, 4, 4.00, 133623, 372
78173, 1, 22, 38, 29, 1, 26.82%, 0, 11, 4, 3.17, 133634, 372
78178, 1, 22, 38, 29, 1, 26.82%, 0, 11, 4, 2.50, 133640, 372
78184, 1, 22, 38, 29, 1, 26.82%, 0, 11, 4, 2.05, 133646, 372
78189, 1, 22, 38, 29, 1, 26.82%, 0, 11, 4, 3.49, 133675, 372
78195, 1, 22, 38, 29, 1, 26.82%, 0, 11, 4, 2.75, 133682, 372
78200, 1, 22, 38, 29, 1, 26.82%, 0, 11, 4, 2.46, 133691, 372
78206, 1, 22, 38, 29, 1, 26.82%, 0, 11, 4, 2.32, 133702, 372
78211, 1, 22, 38, 29, 1, 26.82%, 0, 11, 4, 2.00, 133710, 372
78217, 1, 22, 38, 29, 1, 26.82%, 0, 11, 4, 1.82, 133718, 372
78222, 1, 22, 38, 29, 1, 26.82%, 0, 11, 4, 3.35, 133740, 372
78227, 1, 22, 38, 29, 1, 26.82%, 0, 11, 4, 2.71, 133749, 372
78233, 1, 22, 38, 29, 1, 26.82%, 0, 11, 4, 2.56, 133761, 372
78239, 1, 22, 38, 29, 1, 26.82%, 0, 11, 4, 2.87, 133775, 372
78245, 1, 22, 38, 29, 1, 26.82%, 0, 11, 4, 1.79, 133797, 372
78250, 1, 22, 38, 29, 1, 26.82%, 0, 11, 4, 3.05, 133816, 372
78255, 1, 22, 38, 29, 1, 26.82%, 0, 11, 4, 3.78, 133836, 372
78261, 1, 22, 38, 29, 1, 26.82%, 0, 11, 4, 2.87, 133843, 372
78267, 1, 22, 38, 29, 1, 26.82%, 0, 11, 4, 2.34, 133850, 372
78272, 1, 22, 38, 29, 1, 26.82%, 0, 11, 4, 1.94, 133856, 372
78278, 1, 22, 38, 29, 1, 26.82%, 0, 11, 4, 1.66, 133862, 372
78283, 1, 22, 38, 29, 1, 26.82%, 0, 11, 4, 1.52, 133869, 372
78289, 1, 22, 38, 29, 1, 26.82%, 0, 11, 4, 1.38, 133875, 372
78294, 1, 22, 38, 29, 1, 26.82%, 0, 11, 4, 1.29, 133881, 372
78300, 1, 22, 38, 29, 1, 26.82%, 0, 11, 4, 9.50, 133900, 372
78305, 1, 22, 38, 29, 1, 26.82%, 0, 11, 4, 6.48, 133916, 372
78311, 1, 22, 38, 29, 1, 26.82%, 0, 11, 4, 1.05, 133926, 372
78317, 1, 22, 38, 29, 1, 26.82%, 0, 11, 4, 2.57, 133947, 372
78322, 1, 22, 38, 29, 1, 26.82%, 0, 11, 4, 2.97, 133961, 372
78327, 1, 22, 38, 29, 1, 26.82%, 0, 11, 4, 3.04, 133974, 372
78332, 1, 22, 38, 29, 1, 26.82%, 0, 11, 4, 2.48, 133981, 372
78338, 1, 22, 38, 29, 1, 26.82%, 0, 11, 4, 1.22, 134001, 372
78343, 1, 22, 38, 29, 1, 26.82%, 0, 11, 4, 1.26, 134008, 372
78348, 1, 22, 38, 29, 1, 26.82%, 0, 11, 4, 1.30, 134015, 372
78353, 1, 22, 38, 29, 1, 26.82%, 0, 11, 4, 1.09, 134025, 372
78359, 1, 22, 38, 29, 1, 26.82%, 0, 11, 4, 1.39, 134035, 372
78365, 1, 22, 38, 29, 1, 26.82%, 0, 11, 4, 1.69, 134046, 372
78370, 1, 22, 38, 29, 1, 26.82%, 0, 11, 4, 1.66, 134054, 372
78375, 1, 22, 38, 29, 1, 26.82%, 0, 11, 4, 3.12, 134074, 372
78380, 1, 22, 38, 29, 1, 26.82%, 0, 11, 4, 3.68, 134092, 372
78385, 1, 22, 38, 29, 1, 26.82%, 0, 11, 4, 3.00, 134100, 372
78391, 1, 22, 38, 29, 1, 26.82%, 0, 11, 4, 2.44, 134107, 372
78396, 1, 22, 38, 29, 1, 26.82%, 0, 11, 4, 2.15, 134114, 372
78402, 1, 22, 38, 29, 1, 26.82%, 0, 11, 4, 4.64, 134142, 372
78407, 1, 22, 38, 29, 1, 26.82%, 0, 11, 4, 3.35, 134151, 372
78412, 1, 22, 38, 29, 1, 26.82%, 0, 11, 4, 2.77, 134159, 372
78418, 1, 22, 38, 29, 1, 26.82%, 0, 11, 4, 3.26, 134178, 372
78424, 1, 22, 38, 29, 1, 26.82%, 0, 11, 4, 3.34, 134196, 372
78429, 1, 22, 38, 29, 1, 26.82%, 0, 11, 4, 2.95, 134207, 372
78435, 1, 22, 38, 29, 1, 26.82%, 0, 11, 4, 2.99, 134220, 372
78440, 1, 22, 38, 29, 1, 26.82%, 0, 11, 4, 1.14, 134240, 372
78446, 1, 22, 38, 29, 1, 26.82%, 0, 11, 4, 2.19, 134254, 372
78451, 1, 22, 38, 29, 1, 26.82%, 0, 11, 4, 2.28, 134268, 372
78457, 1, 22, 38, 29, 1, 26.82%, 0, 11, 4, 1.91, 134275, 372
78462, 1, 22, 38, 29, 1, 26.82%, 0, 11, 4, 1.69, 134282, 372
78468, 1, 22, 38, 29, 1, 26.82%, 0, 11, 4, 2.40, 134297, 372
78473, 1, 22, 38, 29, 1, 26.82%, 0, 11, 4, 2.22, 134307, 372
78478, 1, 22, 38, 29, 1, 26.82%, 0, 11, 4, 3.53, 134333, 372
78484, 1, 22, 38, 29, 1, 26.82%, 0, 11, 4, 2.75, 134339, 372
78490, 1, 22, 38, 29, 1, 26.82%, 0, 11, 4, 3.77, 134361, 372
78495, 1, 22, 38, 29, 1, 26.82%, 0, 11, 4, 3.41, 134376, 372
78500, 1, 22, 38, 29, 1, 26.82%, 0, 11, 4, 3.96, 134394, 372
78506, 1, 22, 38, 29, 1, 26.82%, 0, 11, 4, 3.07, 134401, 372
78511, 1, 22, 38, 29, 1, 26.82%, 0, 11, 4, 3.36, 134415, 372
78516, 1, 22, 38, 29, 1, 26.82%, 0, 11, 4, 3.51, 134432, 372
78522, 1, 22, 38, 29, 1, 26.82%, 0, 11, 4, 3.85, 134458, 372
78527, 1, 22, 38, 29, 1, 26.82%, 0, 11, 4, 4.10, 134477, 372
78532, 1, 22, 38, 29, 1, 26.82%, 0, 11, 4, 3.14, 134485, 372
78537, 1, 22, 38, 29, 1, 26.82%, 0, 11, 4, 2.50, 134492, 372
78543, 1, 22, 38, 29, 1, 26.82%, 0, 11, 4, 2.12, 134500, 372
78548, 1, 22, 38, 29, 1, 26.82%, 0, 11, 4, 1.79, 134506, 372
78554, 1, 22, 38, 29, 1, 26.82%, 0, 11, 4, 1.66, 134514, 372
78560, 1, 22, 38, 29, 1, 26.82%, 0, 11, 4, 1.47, 134520, 372
78565, 2, 22, 38, 29, 1, 26.82%, 0, 11, 4, 1.29, 134542, 372
78570, 2, 22, 38, 29, 1, 26.82%, 0, 11, 4, 1.84, 134554, 372
78576, 2, 22, 38, 29, 1, 26.82%, 0, 11, 4, 1.78, 134562, 372
78581, 2, 22, 38, 29, 1, 26.82%, 0, 11, 4, 1.63, 134569, 372
78586, 2, 22, 38, 29, 1, 26.82%, 0, 11, 4, 1.47, 134575, 372
78592, 2, 22, 38, 29, 1, 26.82%, 0, 11, 4, 1.37, 134582, 372
78597, 2, 22, 38, 29, 1, 26.82%, 0, 11, 4, 1.15, 134599, 372
78603, 2, 22, 38, 29, 1, 26.82%, 0, 11, 4, 1.17, 134606, 372
78609, 2, 22, 38, 29, 1, 26.82%, 0, 11, 4, 3.11, 134633, 372
78614, 2, 22, 38, 29, 1, 26.82%, 0, 11, 4, 3.62, 134659, 372
78619, 2, 22, 38, 29, 1, 26.82%, 0, 11, 4, 3.09, 134672, 372
78624, 2, 22, 38, 29, 1, 26.82%, 0, 11, 4, 3.59, 134689, 372
78630, 2, 22, 38, 29, 1, 26.82%, 0, 11, 4, 3.64, 134705, 372
78636, 2, 22, 38, 29, 1, 26.82%, 0, 11, 4, 2.94, 134714, 372
78641, 2, 22, 38, 29, 1, 26.82%, 0, 11, 4, 3.48, 134733, 372
78646, 2, 22, 38, 29, 1, 26.82%, 0, 11, 4, 3.37, 134747, 372
78652, 2, 22, 38, 29, 1, 26.82%, 0, 11, 4, 2.74, 134756, 372
78657, 2, 22, 38, 29, 1, 26.82%, 0, 11, 4, 2.67, 134767, 372
78663, 2, 22, 38, 29, 1, 26.82%, 0, 11, 4, 18.06, 134805, 372
78668, 2, 22, 38, 29, 1, 26.82%, 0, 11, 4, 4.98, 134823, 372
78673, 2, 22, 38, 29, 1, 26.82%, 0, 11, 4, 4.09, 134832, 372
78679, 2, 22, 38, 29, 1, 26.82%, 0, 11, 4, 3.34, 134844, 372
78684, 2, 22, 38, 29, 1, 26.82%, 0, 11, 4, 2.63, 134852, 372
78690, 2, 22, 38, 29, 1, 26.82%, 0, 11, 4, 1.00, 134872, 372
78696, 2, 22, 38, 29, 1, 26.82%, 0, 11, 4, 6.84, 134897, 372
78701, 2, 22, 38, 29, 1, 26.82%, 0, 11, 4, 1.04, 134903, 372
78707, 2, 22, 38, 29, 1, 26.82%, 0, 11, 4, 1.70, 134915, 372
78712, 2, 22, 38, 29, 1, 26.82%, 0, 11, 4, 2.59, 134931, 372
78718, 2, 22, 38, 29, 1, 26.82%, 0, 11, 4, 2.13, 134938, 372
78723, 2, 22, 38, 29, 1, 26.82%, 0, 11, 4, 2.31, 134948, 372
78728, 2, 22, 38, 29, 1, 26.82%, 0, 11, 4, 2.20, 134957, 372
78734, 2, 22, 38, 29, 1, 26.82%, 0, 11, 4, 1.95, 134965, 372
78739, 2, 22, 38, 29, 1, 26.82%, 0, 11, 4, 2.70, 134983, 372
78744, 2, 22, 38, 29, 1, 26.82%, 0, 11, 4, 2.30, 134992, 372
78750, 2, 22, 38, 29, 1, 26.82%, 0, 11, 4, 1.97, 134999, 372
78755, 2, 22, 38, 29, 1, 26.82%, 0, 11, 4, 40.98, 135029, 372
78760, 2, 22, 38, 29, 1, 26.82%, 0, 11, 4, 5.53, 135055, 372
78765, 2, 22, 38, 29, 1, 26.82%, 0, 11, 4, 4.27, 135070, 372
78771, 2, 22, 38, 29, 1, 26.82%, 0, 11, 4, 3.51, 135082, 372
78776, 2, 22, 38, 29, 1, 26.82%, 0, 11, 4, 3.45, 135096, 372
78782, 2, 22, 38, 29, 1, 26.82%, 0, 11, 4, 2.80, 135107, 372
78787, 2, 22, 38, 29, 1, 26.82%, 0, 11, 4, 3.32, 135123, 372
78792, 2, 22, 38, 29, 1, 26.82%, 0, 11, 4, 4.03, 135148, 372
78798, 2, 22, 38, 29, 1, 26.82%, 0, 11, 4, 3.08, 135154, 372
78804, 2, 22, 38, 29, 1, 26.82%, 0, 11, 4, 3.04, 135165, 372
78809, 2, 22, 38, 29, 1, 26.82%, 0, 11, 4, 3.08, 135178, 372
78814, 2, 22, 38, 29, 1, 26.82%, 0, 11, 4, 3.37, 135194, 372
78820, 2, 22, 38, 29, 1, 26.82%, 0, 11, 4, 3.39, 135211, 372
78825, 2, 22, 38, 29, 1, 26.82%, 0, 11, 4, 3.68, 135228, 372
78830, 2, 22, 38, 29, 1, 26.82%, 0, 11, 4, 3.91, 135244, 372
78835, 2, 22, 38, 29, 1, 26.82%, 0, 11, 4, 4.32, 135267, 372
78841, 2, 22, 38, 29, 1, 26.82%, 0, 11, 4, 3.34, 135274, 372
78846, 2, 22, 38, 29, 1, 26.82%, 0, 11, 4, 2.78, 135283, 372
78852, 2, 22, 38, 29, 1, 26.82%, 0, 11, 4, 2.86, 135295, 372
78858, 2, 22, 38, 29, 1, 26.82%, 0, 11, 4, 3.23, 135312, 372
78863, 2, 22, 38, 29, 1, 26.82%, 0, 11, 4, 3.72, 135328, 372
78869, 2, 22, 38, 29, 1, 26.82%, 0, 11, 4, 3.38, 135340, 372
78874, 2, 22, 38, 29, 1, 26.82%, 0, 11, 4, 3.34, 135352, 372
78880, 2, 22, 38, 29, 1, 26.82%, 0, 11, 4, 3.07, 135368, 372
78885, 2, 22, 38, 29, 1, 26.82%, 0, 11, 4, 2.48, 135375, 372
78891, 2, 22, 38, 29, 1, 26.82%, 0, 11, 4, 2.19, 135383, 372
78896, 2, 22, 38, 29, 1, 26.82%, 0, 11, 4, 1.87, 135389, 372
78902, 2, 22, 38, 29, 1, 26.82%, 0, 11, 4, 2.36, 135401, 372
78907, 2, 22, 38, 29, 1, 26.82%, 0, 11, 4, 3.54, 135422, 372
78913, 2, 22, 38, 29, 1, 26.82%, 0, 11, 4, 2.75, 135428, 372
78918, 2, 22, 38, 29, 1, 26.82%, 0, 11, 4, 2.61, 135438, 372
78924, 2, 22, 38, 29, 1, 26.82%, 0, 11, 4, 2.12, 135444, 372
78929, 2, 22, 38, 29, 1, 26.82%, 0, 11, 4, 1.95, 135453, 372
78935, 2, 22, 38, 29, 1, 26.82%, 0, 11, 4, 1.93, 135462, 372
78940, 2, 22, 38, 29, 1, 26.82%, 0, 11, 4, 2.92, 135479, 372
78945, 2, 22, 38, 29, 1, 26.82%, 0, 11, 4, 3.51, 135499, 372
78951, 2, 22, 38, 29, 1, 26.82%, 0, 11, 4, 2.90, 135510, 372
78956, 2, 22, 38, 29, 1, 26.82%, 0, 11, 4, 2.62, 135519, 372
78962, 2, 22, 38, 29, 1, 26.82%, 0, 11, 4, 2.27, 135528, 372
78968, 2, 22, 38, 29, 1, 26.82%, 0, 11, 4, 3.03, 135546, 372
78973, 2, 22, 38, 29, 1, 26.82%, 0, 11, 4, 2.49, 135554, 372
78978, 2, 22, 38, 29, 1, 26.82%, 0, 11, 4, 2.24, 135565, 372
78983, 2, 22, 38, 29, 1, 26.82%, 0, 11, 4, 1.92, 135572, 372
78989, 2, 22, 38, 29, 1, 26.82%, 0, 11, 4, 1.74, 135580, 372
78994, 2, 22, 38, 29, 1, 26.82%, 0, 11, 4, 2.92, 135597, 372
78999, 2, 22, 38, 29, 1, 26.82%, 0, 11, 4, 2.81, 135609, 372
79005, 2, 22, 38, 29, 1, 26.82%, 0, 11, 4, 2.45, 135619, 372
79010, 2, 22, 38, 29, 1, 26.82%, 0, 11, 4, 2.99, 135633, 372
79015, 2, 22, 38, 29, 1, 26.82%, 0, 11, 4, 3.26, 135648, 372
79020, 2, 22, 38, 29, 1, 26.82%, 0, 11, 4, 5.29, 135683, 372
79025, 2, 22, 38, 29, 1, 26.82%, 0, 11, 4, 5.55, 135707, 372
79031, 2, 22, 38, 29, 1, 26.82%, 0, 11, 4, 4.53, 135719, 372
79036, 2, 22, 38, 29, 1, 26.82%, 0, 11, 4, 3.52, 135729, 372
79042, 2, 22, 38, 29, 1, 26.82%, 0, 11, 4, 2.90, 135741, 372
79047, 2, 22, 38, 29, 1, 26.82%, 0, 11, 4, 2.62, 135763, 372
79052, 2, 22, 38, 29, 1, 26.82%, 0, 11, 4, 2.96, 135777, 372
79057, 2, 22, 38, 29, 1, 26.82%, 0, 11, 4, 2.89, 135791, 372
79063, 2, 22, 38, 29, 1, 26.82%, 0, 11, 4, 3.61, 135810, 372
79068, 2, 22, 38, 29, 1, 26.82%, 0, 11, 4, 3.35, 135821, 372
79074, 2, 22, 38, 29, 1, 26.82%, 0, 11, 4, 2.62, 135827, 372
79079, 2, 22, 38, 29, 1, 26.82%, 0, 11, 4, 3.04, 135840, 372
79085, 2, 22, 38, 29, 1, 26.82%, 0, 11, 4, 2.63, 135850, 372
79090, 2, 22, 38, 29, 1, 26.82%, 0, 11, 4, 2.34, 135859, 372
79096, 2, 22, 38, 29, 1, 26.82%, 0, 11, 4, 2.46, 135870, 372
79101, 2, 22, 38, 29, 1, 26.82%, 0, 11, 4, 2.59, 135881, 372
79106, 2, 22, 38, 29, 1, 26.82%, 0, 11, 4, 3.00, 135898, 372
79112, 2, 22, 38, 29, 1, 26.82%, 0, 11, 4, 2.95, 135910, 372
79117, 2, 22, 38, 29, 1, 26.82%, 0, 11, 4, 3.95, 135935, 372
79123, 2, 22, 38, 29, 1, 26.82%, 0, 11, 4, 3.29, 135946, 372
79129, 2, 22, 38, 29, 1, 26.82%, 0, 11, 4, 3.89, 135967, 372
79135, 2, 22, 38, 29, 1, 26.82%, 0, 11, 4, 3.34, 135978, 372
79140, 2, 22, 38, 29, 1, 26.82%, 0, 11, 4, 2.66, 135985, 372
79146, 2, 22, 38, 29, 1, 26.82%, 0, 11, 4, 2.17, 135991, 372
79151, 2, 22, 38, 29, 1, 26.82%, 0, 11, 4, 1.94, 135998, 372
79156, 2, 22, 38, 29, 1, 26.82%, 0, 11, 4, 2.20, 136012, 372
79162, 2, 22, 38, 29, 1, 26.82%, 0, 11, 4, 2.00, 136022, 372
79167, 2, 22, 38, 29, 1, 26.82%, 0, 11, 4, 2.83, 136040, 372
79173, 2, 22, 38, 29, 1, 26.82%, 0, 11, 4, 5.48, 136062, 372
79178, 2, 22, 38, 29, 1, 26.82%, 0, 11, 4, 4.62, 136073, 372
79183, 2, 22, 38, 29, 1, 26.82%, 0, 11, 4, 3.49, 136079, 372
79189, 2, 22, 38, 29, 1, 26.82%, 0, 11, 4, 2.92, 136089, 372
79194, 2, 22, 38, 29, 1, 26.82%, 0, 11, 4, 2.33, 136095, 372
79200, 2, 22, 38, 29, 1, 26.82%, 0, 11, 4, 2.28, 136106, 372
79206, 2, 22, 38, 29, 1, 26.82%, 0, 11, 4, 2.04, 136115, 372
79211, 2, 22, 38, 29, 1, 26.82%, 0, 11, 4, 2.11, 136124, 372
79216, 2, 22, 38, 29, 1, 26.82%, 0, 11, 4, 3.07, 136140, 372
79222, 2, 22, 38, 29, 1, 26.82%, 0, 11, 4, 2.66, 136150, 372
79227, 2, 22, 38, 29, 1, 26.82%, 0, 11, 4, 2.64, 136159, 372
79232, 2, 22, 38, 29, 1, 26.82%, 0, 11, 4, 2.05, 136198, 372
79237, 2, 22, 38, 29, 1, 26.82%, 0, 11, 4, 2.44, 136212, 372
79243, 2, 22, 38, 29, 1, 26.82%, 0, 11, 4, 3.07, 136228, 372
79249, 2, 22, 38, 29, 1, 26.82%, 0, 11, 4, 2.47, 136235, 372
79255, 2, 22, 38, 29, 1, 26.82%, 0, 11, 4, 2.28, 136245, 372
79260, 2, 22, 38, 29, 1, 26.82%, 0, 11, 4, 2.31, 136256, 372
79266, 2, 22, 38, 29, 1, 26.82%, 0, 11, 4, 2.10, 136266, 372
79271, 2, 22, 38, 29, 1, 26.82%, 0, 11, 4, 2.63, 136278, 372
79276, 2, 22, 38, 29, 1, 26.82%, 0, 11, 4, 3.39, 136300, 372
79281, 2, 22, 38, 29, 1, 26.82%, 0, 11, 4, 2.76, 136309, 372
79286, 2, 22, 38, 29, 1, 26.82%, 0, 11, 4, 2.39, 136319, 372
79291, 2, 22, 38, 29, 1, 26.82%, 0, 11, 4, 3.89, 136342, 372
79297, 2, 22, 38, 29, 1, 26.82%, 0, 11, 4, 4.62, 136368, 372
79302, 2, 22, 38, 29, 1, 26.82%, 0, 11, 4, 3.73, 136376, 372
79308, 2, 22, 38, 29, 1, 26.82%, 0, 11, 4, 3.03, 136384, 372
79313, 2, 22, 38, 29, 1, 26.82%, 0, 11, 4, 22.49, 136413, 372
79318, 2, 22, 38, 29, 1, 26.82%, 0, 11, 4, 1.91, 136427, 372
79323, 2, 22, 38, 29, 1, 26.82%, 0, 11, 4, 1.71, 136434, 372
79328, 2, 22, 38, 29, 1, 26.82%, 0, 11, 4, 1.62, 136441, 372
79334, 2, 22, 38, 29, 1, 26.82%, 0, 11, 4, 2.51, 136455, 372
79339, 2, 22, 38, 29, 1, 26.82%, 0, 11, 4, 3.05, 136470, 372
79344, 2, 22, 38, 29, 1, 26.82%, 0, 11, 4, 3.10, 136484, 372
79349, 2, 22, 38, 29, 1, 26.82%, 0, 11, 4, 2.90, 136496, 372
79354, 2, 22, 38, 29, 1, 26.82%, 0, 11, 4, 2.63, 136506, 372
79359, 2, 22, 38, 29, 1, 26.82%, 0, 11, 4, 3.11, 136523, 372
79365, 2, 22, 38, 29, 1, 26.82%, 0, 11, 4, 3.78, 136545, 372
79370, 2, 22, 38, 29, 1, 26.82%, 0, 11, 4, 3.40, 136557, 372
79376, 2, 22, 38, 29, 1, 26.82%, 0, 11, 4, 3.33, 136570, 372
79382, 2, 22, 38, 29, 1, 26.82%, 0, 11, 4, 2.84, 136580, 372
79388, 2, 22, 38, 29, 1, 26.82%, 0, 11, 4, 2.35, 136588, 372
79393, 2, 22, 38, 29, 1, 26.82%, 0, 11, 4, 5.48, 136625, 372
79398, 2, 22, 38, 29, 1, 26.82%, 0, 11, 4, 8.20, 136642, 372
79404, 2, 22, 38, 29, 1, 26.82%, 0, 11, 4, 7.59, 136660, 372
79409, 2, 22, 38, 29, 1, 26.82%, 0, 11, 4, 5.46, 136679, 372
79415, 2, 22, 38, 29, 1, 26.82%, 0, 11, 4, 1.09, 136707, 372
79420, 2, 22, 38, 29, 1, 26.82%, 0, 11, 4, 1.20, 136716, 372
79426, 2, 22, 38, 29, 1, 26.82%, 0, 11, 4, 1.14, 136734, 372
79432, 2, 22, 38, 29, 1, 26.82%, 0, 11, 4, 1.16, 136741, 372
79438, 2, 22, 38, 29, 1, 26.82%, 0, 11, 4, 1.42, 136751, 372
79443, 2, 22, 38, 29, 1, 26.82%, 0, 11, 4, 2.00, 136768, 372
79449, 2, 22, 38, 29, 1, 26.82%, 0, 11, 4, 1.93, 136779, 372
79454, 2, 22, 38, 29, 1, 26.82%, 0, 11, 4, 1.83, 136787, 372
79460, 2, 22, 38, 29, 1, 26.82%, 0, 11, 4, 1.74, 136796, 372
79465, 2, 22, 38, 29, 1, 26.82%, 0, 11, 4, 1.82, 136804, 372
79471, 2, 22, 38, 29, 1, 26.82%, 0, 11, 4, 2.24, 136817, 372
79476, 2, 22, 38, 29, 1, 26.82%, 0, 11, 4, 1.98, 136825, 372
79481, 2, 22, 38, 29, 1, 26.82%, 0, 11, 4, 2.73, 136839, 372
79487, 2, 22, 38, 29, 1, 26.82%, 0, 11, 4, 2.25, 136846, 372
79493, 2, 22, 38, 29, 1, 26.82%, 0, 11, 4, 2.90, 136861, 372
79498, 2, 22, 38, 29, 1, 26.82%, 0, 11, 4, 4.09, 136889, 372
79503, 2, 22, 38, 29, 1, 26.82%, 0, 11, 4, 3.43, 136898, 372
79508, 2, 22, 38, 29, 1, 26.82%, 0, 11, 4, 2.83, 136908, 372
79513, 2, 22, 38, 29, 1, 26.82%, 0, 11, 4, 2.67, 136918, 372
79519, 2, 22, 38, 29, 1, 26.82%, 0, 11, 4, 3.54, 136937, 372
79524, 2, 22, 38, 29, 1, 26.82%, 0, 11, 4, 3.32, 136950, 372
79530, 2, 22, 38, 29, 1, 26.82%, 0, 11, 4, 2.61, 136956, 372
79535, 2, 22, 38, 29, 1, 26.82%, 0, 11, 4, 2.19, 136964, 372
79541, 2, 22, 38, 29, 1, 26.82%, 0, 11, 4, 1.91, 136972, 372
79546, 2, 22, 38, 29, 1, 26.82%, 0, 11, 4, 2.53, 136998, 372
79552, 2, 22, 38, 29, 1, 26.82%, 0, 11, 4, 2.70, 137012, 372
79558, 2, 22, 38, 29, 1, 26.82%, 0, 11, 4, 2.33, 137021, 372
79563, 2, 22, 38, 29, 1, 26.82%, 0, 11, 4, 2.19, 137031, 372
79568, 2, 22, 38, 29, 1, 26.82%, 0, 11, 4, 1.97, 137038, 372
79573, 2, 22, 38, 29, 1, 26.82%, 0, 11, 4, 1.94, 137045, 372
79579, 2, 22, 38, 29, 1, 26.82%, 0, 11, 4, 3.20, 137067, 372
79585, 2, 22, 38, 29, 1, 26.82%, 0, 11, 4, 2.58, 137074, 372
79590, 2, 22, 38, 29, 1, 26.82%, 0, 11, 4, 2.18, 137082, 372
79596, 2, 22, 38, 29, 1, 26.82%, 0, 11, 4, 1.89, 137089, 372
79601, 2, 22, 38, 29, 1, 26.82%, 0, 11, 4, 1.88, 137099, 372
79606, 2, 22, 38, 29, 1, 26.82%, 0, 11, 4, 2.46, 137115, 372
79612, 2, 22, 38, 29, 1, 26.82%, 0, 11, 4, 2.12, 137123, 372
79617, 2, 22, 38, 29, 1, 26.82%, 0, 11, 4, 2.52, 137134, 372
79622, 2, 22, 38, 29, 1, 26.82%, 0, 11, 4, 4.42, 137162, 372
79628, 2, 22, 38, 29, 1, 26.82%, 0, 11, 4, 3.80, 137176, 372
79633, 2, 22, 38, 29, 1, 26.82%, 0, 11, 4, 2.93, 137182, 372
79639, 2, 22, 38, 29, 1, 26.82%, 0, 11, 4, 2.56, 137192, 372
79644, 2, 22, 38, 29, 1, 26.82%, 0, 11, 4, 3.16, 137206, 372
79649, 2, 22, 38, 29, 1, 26.82%, 0, 11, 4, 4.28, 137230, 372
79655, 2, 22, 38, 29, 1, 26.82%, 0, 11, 4, 3.44, 137239, 372
79661, 2, 22, 38, 29, 1, 26.82%, 0, 11, 4, 2.84, 137248, 372
79666, 2, 22, 38, 29, 1, 26.82%, 0, 11, 4, 2.49, 137256, 372
79671, 2, 22, 38, 29, 1, 26.82%, 0, 11, 4, 2.12, 137264, 372
79677, 2, 22, 38, 29, 1, 26.82%, 0, 11, 4, 1.97, 137273, 372
79682, 2, 22, 38, 29, 1, 26.82%, 0, 11, 4, 2.11, 137286, 372
79687, 2, 22, 38, 29, 1, 26.82%, 0, 11, 4, 1.84, 137293, 372
79692, 2, 22, 38, 29, 1, 26.82%, 0, 11, 4, 1.70, 137300, 372
79698, 2, 22, 38, 29, 1, 26.82%, 0, 11, 4, 1.58, 137308, 372
79704, 2, 22, 38, 29, 1, 26.82%, 0, 11, 4, 3.60, 137335, 372
79709, 2, 22, 38, 29, 1, 26.82%, 0, 11, 4, 3.13, 137349, 372
79715, 2, 22, 38, 29, 1, 26.82%, 0, 11, 4, 2.49, 137357, 372
79720, 2, 22, 38, 29, 1, 26.82%, 0, 11, 4, 2.23, 137365, 372
79725, 2, 22, 38, 29, 1, 26.82%, 0, 11, 4, 3.23, 137385, 372
79731, 2, 22, 38, 29, 1, 26.82%, 0, 11, 4, 2.80, 137396, 372
79736, 2, 22, 38, 29, 1, 26.82%, 0, 11, 4, 3.92, 137419, 372
79742, 2, 22, 38, 29, 1, 26.82%, 0, 11, 4, 2.15, 137440, 372
79747, 2, 22, 38, 29, 1, 26.82%, 0, 11, 4, 1.81, 137446, 372
79753, 2, 22, 38, 29, 1, 26.82%, 0, 11, 4, 1.88, 137456, 372
79758, 2, 22, 38, 29, 1, 26.82%, 0, 11, 4, 1.70, 137463, 372
79763, 2, 22, 38, 29, 1, 26.82%, 0, 11, 4, 1.72, 137472, 372
79769, 2, 22, 38, 29, 1, 26.82%, 0, 11, 4, 1.63, 137480, 372
79775, 2, 22, 38, 29, 1, 26.82%, 0, 11, 4, 1.50, 137487, 372
79780, 2, 22, 38, 29, 1, 26.82%, 0, 11, 4, 1.56, 137497, 372
79786, 2, 22, 38, 29, 1, 26.82%, 0, 11, 4, 1.58, 137506, 372
79791, 2, 22, 38, 29, 1, 26.82%, 0, 11, 4, 1.55, 137513, 372
79797, 2, 22, 38, 29, 1, 26.82%, 0, 11, 4, 1.66, 137524, 372
79803, 2, 22, 38, 29, 1, 26.82%, 0, 11, 4, 1.99, 137538, 372
79808, 2, 22, 38, 29, 1, 26.82%, 0, 11, 4, 3.07, 137555, 372
79814, 2, 22, 38, 29, 1, 26.82%, 0, 11, 4, 4.16, 137583, 372
79819, 2, 22, 38, 29, 1, 26.82%, 0, 11, 4, 3.29, 137588, 372
79824, 2, 22, 38, 29, 1, 26.82%, 0, 11, 4, 3.64, 137603, 372
79829, 2, 22, 38, 29, 1, 26.82%, 0, 11, 4, 3.37, 137615, 372
79834, 2, 22, 38, 29, 1, 26.82%, 0, 11, 4, 3.84, 137633, 372
79839, 2, 22, 38, 29, 1, 26.82%, 0, 11, 4, 3.54, 137646, 372
79845, 2, 22, 38, 29, 1, 26.82%, 0, 11, 4, 2.81, 137654, 372
79850, 2, 22, 38, 29, 1, 26.82%, 0, 11, 4, 5.77, 137694, 372
79855, 2, 22, 38, 29, 1, 26.82%, 0, 11, 4, 1.73, 137708, 372
79861, 2, 22, 38, 29, 1, 26.82%, 0, 11, 4, 1.81, 137719, 372
79867, 2, 22, 38, 29, 1, 26.82%, 0, 11, 4, 1.80, 137729, 372
79872, 2, 22, 38, 29, 1, 26.82%, 0, 11, 4, 1.68, 137737, 372
79878, 2, 22, 38, 29, 1, 26.82%, 0, 11, 4, 1.43, 137758, 372
79883, 2, 22, 38, 29, 1, 26.82%, 0, 11, 4, 1.60, 137766, 372
79889, 2, 22, 38, 29, 1, 26.82%, 0, 11, 4, 1.43, 137772, 372
79894, 2, 22, 38, 29, 1, 26.82%, 0, 11, 4, 1.37, 137778, 372
79899, 2, 22, 38, 29, 1, 26.82%, 0, 11, 4, 1.56, 137789, 372
79904, 2, 22, 38, 29, 1, 26.82%, 0, 11, 4, 1.62, 137796, 372
79909, 2, 22, 38, 29, 1, 26.82%, 0, 11, 4, 2.88, 137814, 372
79915, 2, 22, 38, 29, 1, 26.82%, 0, 11, 4, 2.52, 137824, 372
79921, 2, 22, 38, 29, 1, 26.82%, 0, 11, 4, 2.26, 137833, 372
79926, 2, 22, 38, 29, 1, 26.82%, 0, 11, 4, 2.16, 137842, 372
79932, 2, 22, 38, 29, 1, 26.82%, 0, 11, 4, 2.26, 137853, 372
79937, 2, 22, 38, 29, 1, 26.82%, 0, 11, 4, 2.06, 137863, 372
79943, 2, 22, 38, 29, 1, 26.82%, 0, 11, 4, 1.81, 137870, 372
79948, 2, 22, 38, 29, 1, 26.82%, 0, 11, 4, 1.64, 137890, 372
79953, 2, 22, 38, 29, 1, 26.82%, 0, 11, 4, 1.02, 137898, 372
79958, 2, 22, 38, 29, 1, 26.82%, 0, 11, 4, 5.48, 137908, 372
79963, 2, 22, 38, 29, 1, 26.82%, 0, 11, 4, 4.92, 137920, 372
79969, 2, 22, 38, 29, 1, 26.82%, 0, 11, 4, 3.82, 137929, 372
79975, 2, 22, 38, 29, 1, 26.82%, 0, 11, 4, 3.13, 137939, 372
79980, 2, 22, 38, 29, 1, 26.82%, 0, 11, 4, 2.70, 137947, 372
79986, 2, 22, 38, 29, 1, 26.82%, 0, 11, 4, 2.73, 137958, 372
79992, 2, 22, 38, 29, 1, 26.82%, 0, 11, 4, 2.79, 137971, 372
79997, 2, 22, 38, 29, 1, 26.82%, 0, 11, 4, 3.19, 137992, 372
80002, 2, 22, 38, 29, 1, 26.82%, 0, 11, 4, 2.53, 137999, 372
80007, 2, 22, 38, 29, 1, 26.82%, 0, 11, 4, 3.03, 138013, 372
80013, 2, 22, 38, 29, 1, 26.82%, 0, 11, 4, 3.58, 138034, 372
80019, 2, 22, 38, 29, 1, 26.82%, 0, 11, 4, 3.05, 138044, 372
80025, 2, 22, 38, 29, 1, 26.82%, 0, 11, 4, 2.96, 138059, 372
80030, 2, 22, 38, 29, 1, 26.82%, 0, 11, 4, 2.66, 138071, 372
80035, 2, 22, 38, 29, 1, 26.82%, 0, 11, 4, 2.23, 138079, 372
80041, 2, 22, 38, 29, 1, 26.82%, 0, 11, 4, 2.64, 138094, 372
80047, 2, 22, 38, 29, 1, 26.82%, 0, 11, 4, 4.09, 138123, 372
80053, 2, 22, 38, 29, 1, 26.82%, 0, 11, 4, 4.04, 138137, 372
80058, 2, 22, 38, 29, 1, 26.82%, 0, 11, 4, 4.46, 138161, 372
80064, 2, 22, 38, 29, 1, 26.82%, 0, 11, 4, 3.38, 138167, 372
80069, 2, 22, 38, 29, 1, 26.82%, 0, 11, 4, 4.38, 138194, 372
80074, 2, 22, 38, 29, 1, 26.82%, 0, 11, 4, 3.72, 138204, 372
80080, 2, 22, 38, 29, 1, 26.82%, 0, 11, 4, 3.29, 138217, 372
80086, 2, 22, 38, 29, 1, 26.82%, 0, 11, 4, 2.62, 138224, 372
80092, 2, 22, 38, 29, 1, 26.82%, 0, 11, 4, 2.25, 138233, 372
80097, 2, 22, 38, 29, 1, 26.82%, 0, 11, 4, 2.08, 138242, 372
80102, 2, 22, 38, 29, 1, 26.82%, 0, 11, 4, 2.03, 138252, 372
80107, 2, 22, 38, 29, 1, 26.82%, 0, 11, 4, 3.46, 138271, 372
80113, 2, 22, 38, 29, 1, 26.82%, 0, 11, 4, 3.62, 138294, 372
80119, 2, 22, 38, 29, 1, 26.82%, 0, 11, 4, 3.01, 138304, 372
80124, 2, 22, 38, 29, 1, 26.82%, 0, 11, 4, 2.40, 138310, 372
80129, 2, 22, 38, 29, 1, 26.82%, 0, 11, 4, 3.05, 138324, 372
80135, 2, 22, 38, 29, 1, 26.82%, 0, 11, 4, 2.78, 138338, 372
80140, 2, 22, 38, 29, 1, 26.82%, 0, 11, 4, 3.06, 138355, 372
80146, 2, 22, 38, 29, 1, 26.82%, 0, 11, 4, 2.63, 138366, 372
80152, 2, 22, 38, 29, 1, 26.82%, 0, 11, 4, 2.27, 138376, 372
80157, 2, 22, 38, 29, 1, 26.82%, 0, 11, 4, 3.92, 138400, 372
80162, 2, 22, 38, 29, 1, 26.82%, 0, 11, 4, 3.60, 138416, 372
80168, 2, 22, 38, 29, 1, 26.82%, 0, 11, 4, 2.76, 138424, 372
80174, 2, 22, 38, 29, 1, 26.82%, 0, 11, 4, 2.37, 138433, 372
80179, 2, 22, 38, 29, 1, 26.82%, 0, 11, 4, 5.45, 138451, 372
80184, 2, 22, 38, 29, 1, 26.82%, 0, 11, 4, 5.23, 138467, 372
80190, 2, 22, 38, 29, 1, 26.82%, 0, 11, 4, 3.95, 138478, 372
80195, 2, 22, 38, 29, 1, 26.82%, 0, 11, 4, 4.08, 138494, 372
80200, 2, 22, 38, 29, 1, 26.82%, 0, 11, 4, 3.21, 138501, 372
80206, 2, 22, 38, 29, 1, 26.82%, 0, 11, 4, 3.50, 138518, 372
80211, 2, 22, 38, 29, 1, 26.82%, 0, 11, 4, 2.92, 138530, 372
80217, 2, 22, 38, 29, 1, 26.82%, 0, 11, 4, 1.00, 138563, 372
80223, 2, 22, 38, 29, 1, 26.82%, 0, 11, 4, 4.65, 138579, 372
80228, 2, 22, 38, 29, 1, 26.82%, 0, 11, 4, 3.51, 138585, 372
80234, 2, 22, 38, 29, 1, 26.82%, 0, 11, 4, 2.73, 138591, 372
80239, 2, 22, 38, 29, 1, 26.82%, 0, 11, 4, 2.25, 138598, 372
80245, 2, 22, 38, 29, 1, 26.82%, 0, 11, 4, 1.88, 138604, 372
80250, 2, 22, 38, 29, 1, 26.82%, 0, 11, 4, 1.86, 138612, 372
80255, 2, 22, 38, 29, 1, 26.82%, 0, 11, 4, 2.76, 138629, 372
80261, 2, 22, 38, 29, 1, 26.82%, 0, 11, 4, 2.35, 138638, 372
80266, 2, 22, 38, 29, 1, 26.82%, 0, 11, 4, 2.30, 138649, 372
80271, 2, 22, 38, 29, 1, 26.82%, 0, 11, 4, 3.74, 138671, 372
80276, 2, 22, 38, 29, 1, 26.82%, 0, 11, 4, 3.72, 138691, 372
80282, 2, 22, 38, 29, 1, 26.82%, 0, 11, 4, 2.93, 138698, 372
80287, 2, 22, 38, 29, 1, 26.82%, 0, 11, 4, 3.09, 138712, 372
80292, 2, 22, 38, 29, 1, 26.82%, 0, 11, 4, 2.47, 138720, 372
80298, 2, 22, 38, 29, 1, 26.82%, 0, 11, 4, 2.07, 138727, 372
80303, 2, 22, 38, 29, 1, 26.82%, 0, 11, 4, 2.20, 138735, 372
80308, 2, 22, 38, 29, 1, 26.82%, 0, 11, 4, 15.03, 138762, 372
80314, 2, 22, 38, 29, 1, 26.82%, 0, 11, 4, 1.10, 138784, 372
80320, 2, 22, 38, 29, 1, 26.82%, 0, 11, 4, 1.20, 138792, 372
80326, 2, 22, 38, 29, 1, 26.82%, 0, 11, 4, 1.30, 138801, 372
80331, 2, 22, 38, 29, 1, 26.82%, 0, 11, 4, 1.48, 138809, 372
80337, 2, 22, 38, 29, 1, 26.82%, 0, 11, 4, 2.14, 138823, 372
80342, 2, 22, 38, 29, 1, 26.82%, 0, 11, 4, 1.86, 138830, 372
80347, 2, 22, 38, 29, 1, 26.82%, 0, 11, 4, 3.74, 138857, 372
80352, 2, 22, 38, 29, 1, 26.82%, 0, 11, 4, 2.98, 138864, 372
80357, 2, 22, 38, 29, 1, 26.82%, 0, 11, 4, 3.67, 138880, 372
80363, 2, 22, 38, 29, 1, 26.82%, 0, 11, 4, 3.64, 138895, 372
80368, 2, 22, 38, 29, 1, 26.82%, 0, 11, 4, 2.91, 138903, 372
80374, 2, 22, 38, 29, 1, 26.82%, 0, 11, 4, 2.69, 138914, 372
80380, 2, 22, 38, 29, 1, 26.82%, 0, 11, 4, 2.62, 138926, 372
80385, 2, 22, 38, 29, 1, 26.82%, 0, 11, 4, 3.89, 138951, 372
80390, 2, 22, 38, 29, 1, 26.82%, 0, 11, 4, 3.02, 138961, 372
80395, 2, 22, 38, 29, 1, 26.82%, 0, 11, 4, 3.82, 138983, 372
80401, 2, 22, 38, 29, 1, 26.82%, 0, 11, 4, 3.06, 138992, 372
80407, 2, 22, 38, 29, 1, 26.82%, 0, 11, 4, 2.73, 139000, 372
80412, 2, 22, 38, 29, 1, 26.82%, 0, 11, 4, 3.09, 139014, 372
80418, 2, 22, 38, 29, 1, 26.82%, 0, 11, 4, 2.48, 139021, 372
80423, 2, 22, 38, 29, 1, 26.82%, 0, 11, 4, 3.69, 139041, 372
80428, 2, 22, 38, 29, 1, 26.82%, 0, 11, 4, 3.86, 139060, 372
80434, 2, 22, 38, 29, 1, 26.82%, 0, 11, 4, 2.98, 139068, 372
80439, 2, 22, 38, 29, 1, 26.82%, 0, 11, 4, 1.82, 139088, 372
80445, 2, 22, 38, 29, 1, 26.82%, 0, 11, 4, 2.01, 139100, 372
80450, 2, 22, 38, 29, 1, 26.82%, 0, 11, 4, 2.45, 139113, 372
80456, 2, 22, 38, 29, 1, 26.82%, 0, 11, 4, 2.41, 139124, 372
80461, 2, 22, 38, 29, 1, 26.82%, 0, 11, 4, 3.28, 139140, 372
80466, 2, 22, 38, 29, 1, 26.82%, 0, 11, 4, 2.73, 139148, 372
80471, 2, 22, 38, 29, 1, 26.82%, 0, 11, 4, 3.28, 139163, 372
80476, 3, 22, 38, 29, 1, 26.82%, 0, 11, 4, 5.80, 139197, 372
80482, 3, 22, 38, 29, 1, 26.82%, 0, 11, 4, 1.10, 139211, 372
80487, 3, 22, 38, 29, 1, 26.82%, 0, 11, 4, 1.23, 139219, 372
80493, 3, 22, 38, 29, 1, 26.82%, 0, 11, 4, 7.22, 139239, 372
80498, 3, 22, 38, 29, 1, 26.82%, 0, 11, 4, 4.64, 139249, 372
80503, 3, 22, 38, 29, 1, 26.82%, 0, 11, 4, 4.61, 139267, 372
80508, 3, 22, 38, 29, 1, 26.82%, 0, 11, 4, 3.73, 139279, 372
80513, 3, 22, 38, 29, 1, 26.82%, 0, 11, 4, 2.85, 139287, 372
80519, 3, 22, 38, 29, 1, 26.82%, 0, 11, 4, 2.34, 139295, 372
80524, 3, 22, 38, 29, 1, 26.82%, 0, 11, 4, 1.32, 139316, 372
80530, 3, 22, 38, 29, 1, 26.82%, 0, 11, 4, 2.14, 139335, 372
80535, 3, 22, 38, 29, 1, 26.82%, 0, 11, 4, 1.98, 139345, 372
80541, 3, 22, 38, 29, 1, 26.82%, 0, 11, 4, 1.75, 139352, 372
80547, 3, 22, 38, 29, 1, 26.82%, 0, 11, 4, 1.58, 139359, 372
80552, 3, 22, 38, 29, 1, 26.82%, 0, 11, 4, 1.48, 139366, 372
80557, 3, 22, 38, 29, 1, 26.82%, 0, 11, 4, 2.13, 139377, 372
80563, 3, 22, 38, 29, 1, 26.82%, 0, 11, 4, 1.09, 139399, 372
80568, 3, 22, 38, 29, 1, 26.82%, 0, 11, 4, 2.39, 139417, 372
80573, 3, 22, 38, 29, 1, 26.82%, 0, 11, 4, 3.69, 139439, 372
80579, 3, 22, 38, 29, 1, 26.82%, 0, 11, 4, 3.33, 139451, 372
80584, 3, 22, 38, 29, 1, 26.82%, 0, 11, 4, 2.77, 139461, 372
80590, 3, 22, 38, 29, 1, 26.82%, 0, 11, 4, 1.09, 139482, 372
80595, 3, 22, 38, 29, 1, 26.82%, 0, 11, 4, 1.09, 139488, 372
80601, 3, 22, 38, 29, 1, 26.82%, 0, 11, 4, 1.09, 139505, 372
80606, 3, 22, 38, 29, 1, 26.82%, 0, 11, 4, 5.46, 139512, 372
80612, 3, 22, 38, 29, 1, 26.82%, 0, 11, 4, 1.10, 139527, 372
80618, 3, 22, 38, 29, 1, 26.82%, 0, 11, 4, 1.24, 139537, 372
80623, 3, 22, 38, 29, 1, 26.82%, 0, 11, 4, 1.20, 139543, 372
80629, 3, 22, 38, 29, 1, 26.82%, 0, 11, 4, 1.00, 139559, 372
80634, 3, 22, 38, 29, 1, 26.82%, 0, 11, 4, 1.22, 139568, 372
80640, 3, 22, 38, 29, 1, 26.82%, 0, 11, 4, 1.81, 139582, 372
80645, 3, 22, 38, 29, 1, 26.82%, 0, 11, 4, 1.77, 139604, 372
80650, 3, 22, 38, 29, 1, 26.82%, 0, 11, 4, 5.44, 139630, 372
80656, 3, 22, 38, 29, 1, 26.82%, 0, 11, 4, 4.49, 139647, 372
80661, 3, 22, 38, 29, 1, 26.82%, 0, 11, 4, 3.40, 139653, 372
80667, 3, 22, 38, 29, 1, 26.82%, 0, 11, 4, 2.74, 139661, 372
80672, 3, 22, 38, 29, 1, 26.82%, 0, 11, 4, 3.00, 139676, 372
80677, 3, 22, 38, 29, 1, 26.82%, 0, 11, 4, 2.46, 139684, 372
80683, 3, 22, 38, 29, 1, 26.82%, 0, 11, 4, 2.06, 139691, 372
80688, 3, 22, 38, 29, 1, 26.82%, 0, 11, 4, 2.54, 139708, 372
80694, 3, 22, 38, 29, 1, 26.82%, 0, 11, 4, 2.08, 139714, 372
80699, 3, 22, 38, 29, 1, 26.82%, 0, 11, 4, 2.08, 139725, 372
80704, 3, 22, 38, 29, 1, 26.82%, 0, 11, 4, 2.09, 139734, 372
80709, 3, 22, 38, 29, 1, 26.82%, 0, 11, 4, 2.30, 139745, 372
80714, 3, 22, 38, 29, 1, 26.82%, 0, 11, 4, 2.66, 139760, 372
80720, 3, 22, 38, 29, 1, 26.82%, 0, 11, 4, 3.65, 139782, 372
80725, 3, 22, 38, 29, 1, 26.82%, 0, 11, 4, 2.88, 139791, 372
80730, 3, 22, 38, 29, 1, 26.82%, 0, 11, 4, 2.36, 139798, 372
80736, 3, 22, 38, 29, 1, 26.82%, 0, 11, 4, 5.27, 139824, 372
80741, 3, 22, 38, 29, 1, 26.82%, 0, 11, 4, 5.01, 139839, 372
80747, 3, 22, 38, 29, 1, 26.82%, 0, 11, 4, 3.96, 139849, 372
80753, 3, 22, 38, 29, 1, 26.82%, 0, 11, 4, 3.63, 139861, 372
80758, 3, 22, 38, 29, 1, 26.82%, 0, 11, 4, 2.93, 139870, 372
80764, 3, 22, 38, 29, 1, 26.82%, 0, 11, 4, 2.76, 139879, 372
80769, 3, 22, 38, 29, 1, 26.82%, 0, 11, 4, 3.80, 139900, 372
80775, 3, 22, 38, 29, 1, 26.82%, 0, 11, 4, 4.18, 139929, 372
80780, 3, 22, 38, 29, 1, 26.82%, 0, 11, 4, 3.69, 139941, 372
80785, 3, 22, 38, 29, 1, 26.82%, 0, 11, 4, 3.14, 139949, 372
80790, 3, 22, 38, 29, 1, 26.82%, 0, 11, 4, 3.92, 139971, 372
80796, 3, 22, 38, 29, 1, 26.82%, 0, 11, 4, 3.05, 139978, 372
80801, 3, 22, 38, 29, 1, 26.82%, 0, 11, 4, 3.48, 139994, 372
80807, 3, 22, 38, 29, 1, 26.82%, 0, 11, 4, 4.34, 140021, 372
80813, 3, 22, 38, 29, 1, 26.82%, 0, 11, 4, 3.65, 140032, 372
80819, 3, 22, 38, 29, 1, 26.82%, 0, 11, 4, 3.00, 140042, 372
80824, 3, 22, 38, 29, 1, 26.82%, 0, 11, 4, 2.44, 140049, 372
80830, 3, 22, 38, 29, 1, 26.82%, 0, 11, 4, 2.29, 140060, 372
80835, 3, 22, 38, 29, 1, 26.82%, 0, 11, 4, 2.14, 140070, 372
80840, 3, 22, 38, 29, 1, 26.82%, 0, 11, 4, 3.32, 140088, 372
80846, 3, 22, 38, 29, 1, 26.82%, 0, 11, 4, 3.27, 140109, 372
80851, 3, 22, 38, 29, 1, 26.82%, 0, 11, 4, 2.64, 140114, 372
80856, 3, 22, 38, 29, 1, 26.82%, 0, 11, 4, 3.23, 140131, 372
80861, 3, 22, 38, 29, 1, 26.82%, 0, 11, 4, 3.01, 140141, 372
80867, 3, 22, 38, 29, 1, 26.82%, 0, 11, 4, 3.09, 140157, 372
80872, 3, 22, 38, 29, 1, 26.82%, 0, 11, 4, 40.98, 140189, 372
80877, 3, 22, 38, 29, 1, 26.82%, 0, 11, 4, 2.37, 140202, 372
80882, 3, 22, 38, 29, 1, 26.82%, 0, 11, 4, 3.61, 140225, 372
80888, 3, 22, 38, 29, 1, 26.82%, 0, 11, 4, 2.80, 140231, 372
80893, 3, 22, 38, 29, 1, 26.82%, 0, 11, 4, 3.89, 140252, 372
80899, 3, 22, 38, 29, 1, 26.82%, 0, 11, 4, 3.38, 140263, 372
80904, 3, 22, 38, 29, 1, 26.82%, 0, 11, 4, 2.92, 140273, 372
80909, 3, 22, 38, 29, 1, 26.82%, 0, 11, 4, 2.45, 140282, 372
80915, 3, 22, 38, 29, 1, 26.82%, 0, 11, 4, 1.00, 140314, 372
80920, 3, 22, 38, 29, 1, 26.82%, 0, 11, 4, 1.82, 140334, 372
80926, 3, 22, 38, 29, 1, 26.82%, 0, 11, 4, 2.91, 140352, 372
80932, 3, 22, 38, 29, 1, 26.82%, 0, 11, 4, 3.38, 140371, 372
80937, 3, 22, 38, 29, 1, 26.82%, 0, 11, 4, 2.78, 140381, 372
80942, 3, 22, 38, 29, 1, 26.82%, 0, 11, 4, 2.43, 140389, 372
80947, 3, 22, 38, 29, 1, 26.82%, 0, 11, 4, 2.18, 140397, 372
80953, 3, 7, 38, 29, 1, 26.82%, 0, 11, 4, 1.09, 140431, 372
80958, 3, 7, 38, 29, 1, 26.82%, 0, 11, 4, 1.09, 140437, 372
80964, 3, 7, 38, 29, 1, 26.82%, 0, 11, 4, 1.09, 140443, 372
80969, 3, 7, 38, 29, 1, 26.82%, 0, 11, 4, 1.09, 140449, 372
80975, 3, 7, 38, 29, 1, 26.82%, 0, 11, 4, 1.09, 140455, 372
80980, 3, 7, 38, 29, 1, 26.82%, 0, 11, 4, 1.09, 140461, 372
80986, 3, 7, 38, 29, 1, 26.82%, 0, 11, 4, 1.09, 140467, 372
80991, 3, 7, 38, 29, 1, 26.82%, 0, 11, 4, 1.09, 140473, 372
80997, 3, 7, 38, 29, 1, 26.82%, 0, 11, 4, 1.09, 140479, 372
81002, 3, 7, 38, 29, 1, 26.82%, 0, 11, 4, 1.09, 140485, 372
81008, 3, 7, 38, 29, 1, 26.82%, 0, 11, 4, 1.09, 140491, 372
81013, 3, 7, 38, 29, 1, 26.82%, 0, 11, 4, 1.09, 140497, 372
81019, 3, 7, 38, 29, 1, 26.82%, 0, 11, 4, 1.09, 140503, 372
81024, 3, 7, 38, 29, 1, 26.82%, 0, 11, 4, 1.09, 140509, 372
81030, 3, 7, 38, 29, 1, 26.82%, 0, 11, 4, 1.09, 140515, 372
81035, 3, 7, 38, 29, 1, 26.82%, 0, 11, 4, 1.09, 140521, 372
81041, 3, 7, 38, 29, 1, 26.82%, 0, 11, 4, 1.09, 140527, 372
81046, 3, 7, 38, 29, 1, 26.82%, 0, 11, 4, 1.09, 140533, 372
81052, 3, 7, 38, 29, 1, 26.82%, 0, 11, 4, 1.09, 140539, 372
81057, 3, 7, 38, 29, 1, 26.82%, 0, 11, 4, 1.09, 140545, 372
81063, 3, 7, 38, 29, 1, 26.82%, 0, 11, 4, 1.09, 140551, 372
81068, 3, 7, 38, 29, 1, 26.82%, 0, 11, 4, 1.09, 140557, 372
81074, 3, 7, 38, 29, 1, 26.82%, 0, 11, 4, 1.09, 140563, 372
81079, 3, 7, 38, 29, 1, 26.82%, 0, 11, 4, 1.11, 140570, 372
81085, 3, 7, 38, 29, 1, 26.82%, 0, 11, 4, 1.11, 140576, 372
81090, 3, 7, 38, 29, 1, 26.82%, 0, 11, 4, 1.10, 140582, 372
81096, 3, 7, 38, 29, 1, 26.82%, 0, 11, 4, 1.10, 140588, 372
81101, 3, 7, 38, 29, 1, 26.82%, 0, 11, 4, 1.10, 140594, 372
81107, 3, 7, 38, 29, 1, 26.82%, 0, 11, 4, 1.10, 140600, 372
81112, 3, 7, 38, 29, 1, 26.82%, 0, 11, 4, 1.10, 140606, 372
81118, 3, 7, 38, 29, 1, 26.82%, 0, 11, 4, 1.10, 140612, 372
81123, 3, 7, 38, 29, 1, 26.82%, 0, 11, 4, 1.10, 140618, 372
81129, 3, 7, 38, 29, 1, 26.82%, 0, 11, 4, 1.09, 140624, 372
81134, 3, 7, 38, 29, 1, 26.82%, 0, 11, 4, 1.09, 140630, 372
81140, 3, 7, 38, 29, 1, 26.82%, 0, 11, 4, 1.09, 140636, 372
81145, 3, 7, 38, 29, 1, 26.82%, 0, 11, 4, 1.09, 140642, 372
81151, 3, 7, 38, 29, 1, 26.82%, 0, 11, 4, 1.09, 140648, 372
81156, 3, 7, 38, 29, 1, 26.82%, 0, 11, 4, 1.09, 140654, 372
81162, 3, 7, 38, 29, 1, 26.82%, 0, 11, 4, 1.09, 140660, 372
81167, 3, 7, 38, 29, 1, 26.82%, 0, 11, 4, 1.09, 140666, 372
81173, 3, 7, 38, 29, 1, 26.82%, 0, 11, 4, 1.09, 140672, 372
81178, 3, 7, 38, 29, 1, 26.82%, 0, 11, 4, 1.09, 140678, 372
81184, 3, 7, 38, 29, 1, 26.82%, 0, 11, 4, 1.09, 140684, 372
81189, 3, 7, 38, 29, 1, 26.82%, 0, 11, 4, 1.09, 140690, 372
81195, 3, 7, 38, 29, 1, 26.82%, 0, 11, 4, 1.09, 140696, 372
81200, 3, 7, 38, 29, 1, 26.82%, 0, 11, 4, 1.09, 140702, 372
81206, 3, 7, 38, 29, 1, 26.82%, 0, 11, 4, 1.09, 140708, 372
81211, 3, 7, 38, 29, 1, 26.82%, 0, 11, 4, 1.09, 140714, 372
81217, 3, 7, 38, 29, 1, 26.82%, 0, 11, 4, 1.09, 140720, 372
81222, 3, 7, 38, 29, 1, 26.82%, 0, 11, 4, 1.09, 140726, 372
81228, 3, 7, 38, 29, 1, 26.82%, 0, 11, 4, 1.09, 140732, 372
81233, 3, 7, 38, 29, 1, 26.82%, 0, 11, 4, 1.09, 140738, 372
81239, 3, 7, 38, 29, 1, 26.82%, 0, 11, 4, 1.09, 140744, 372
81244, 3, 7, 38, 29, 1, 26.82%, 0, 11, 4, 1.09, 140750, 372
81249, 3, 7, 38, 29, 1, 26.82%, 0, 11, 4, 1.09, 140756, 372
81255, 3, 7, 38, 29, 1, 26.82%, 0, 11, 4, 1.09, 140762, 372
81260, 3, 7, 38, 29, 1, 26.82%, 0, 11, 4, 1.09, 140768, 372
81266, 3, 7, 38, 29, 1, 26.82%, 0, 11, 4, 1.09, 140774, 372
81271, 3, 7, 38, 29, 1, 26.82%, 0, 11, 4, 1.09, 140780, 372
81277, 3, 7, 38, 29, 1, 26.82%, 0, 11, 4, 1.09, 140786, 372
81282, 3, 7, 38, 29, 1, 26.82%, 0, 11, 4, 1.09, 140792, 372
81288, 3, 7, 38, 29, 1, 26.82%, 0, 11, 4, 1.09, 140798, 372
81293, 3, 7, 38, 29, 1, 26.82%, 0, 11, 4, 1.09, 140804, 372
81299, 3, 7, 38, 29, 1, 26.82%, 0, 11, 4, 1.09, 140810, 372
81304, 3, 7, 38, 29, 1, 26.82%, 0, 11, 4, 1.09, 140816, 372
81310, 3, 7, 38, 29, 1, 26.82%, 0, 11, 4, 1.09, 140822, 372
81315, 3, 7, 38, 29, 1, 26.82%, 0, 11, 4, 1.09, 140828, 372
81321, 3, 7, 38, 29, 1, 26.82%, 0, 11, 4, 1.09, 140834, 372
81326, 3, 7, 38, 29, 1, 26.82%, 0, 11, 4, 1.09, 140840, 372
81332, 3, 7, 38, 29, 1, 26.82%, 0, 11, 4, 1.09, 140846, 372
81337, 3, 7, 38, 29, 1, 26.82%, 0, 11, 4, 1.09, 140852, 372
81343, 3, 7, 38, 29, 1, 26.82%, 0, 11, 4, 1.09, 140858, 372
81348, 3, 7, 38, 29, 1, 26.82%, 0, 11, 4, 1.09, 140864, 372
81354, 3, 7, 38, 29, 1, 26.82%, 0, 11, 4, 1.09, 140870, 372
81359, 3, 7, 38, 29, 1, 26.82%, 0, 11, 4, 1.09, 140876, 372
81365, 3, 7, 38, 29, 1, 26.82%, 0, 11, 4, 1.09, 140882, 372
81370, 3, 7, 38, 29, 1, 26.82%, 0, 11, 4, 1.09, 140888, 372
81376, 3, 7, 38, 29, 1, 26.82%, 0, 11, 4, 1.09, 140894, 372
81381, 3, 7, 38, 29, 1, 26.82%, 0, 11, 4, 1.09, 140900, 372
81387, 3, 7, 38, 29, 1, 26.82%, 0, 11, 4, 1.09, 140906, 372
81392, 3, 7, 38, 29, 1, 26.82%, 0, 11, 4, 1.09, 140912, 372
81398, 3, 7, 38, 29, 1, 26.82%, 0, 11, 4, 1.09, 140918, 372
81403, 3, 7, 38, 29, 1, 26.82%, 0, 11, 4, 1.09, 140924, 372
81409, 3, 7, 38, 29, 1, 26.82%, 0, 11, 4, 1.09, 140930, 372
81414, 3, 7, 38, 29, 1, 26.82%, 0, 11, 4, 1.09, 140936, 372
81419, 3, 7, 38, 29, 1, 26.82%, 0, 11, 4, 1.09, 140942, 372
81425, 3, 7, 38, 29, 1, 26.82%, 0, 11, 4, 1.09, 140948, 372
81430, 3, 7, 38, 29, 1, 26.82%, 0, 11, 4, 1.09, 140954, 372
81436, 3, 7, 38, 29, 1, 26.82%, 0, 11, 4, 1.09, 140960, 372
81441, 3, 7, 38, 29, 1, 26.82%, 0, 11, 4, 1.09, 140966, 372
81447, 3, 7, 38, 29, 1, 26.82%, 0, 11, 4, 1.09, 140972, 372
81452, 3, 7, 38, 29, 1, 26.82%, 0, 11, 4, 1.09, 140978, 372
81458, 3, 7, 38, 29, 1, 26.82%, 0, 11, 4, 1.09, 140984, 372
81463, 3, 7, 38, 29, 1, 26.82%, 0, 11, 4, 1.09, 140990, 372
81469, 3, 7, 38, 29, 1, 26.82%, 0, 11, 4, 1.09, 140996, 372
81474, 3, 7, 38, 29, 1, 26.82%, 0, 11, 4, 1.09, 141002, 372
81480, 3, 7, 38, 29, 1, 26.82%, 0, 11, 4, 1.09, 141008, 372
81485, 3, 7, 38, 29, 1, 26.82%, 0, 11, 4, 1.09, 141014, 372
81491, 3, 7, 38, 29, 1, 26.82%, 0, 11, 4, 1.09, 141020, 372
81496, 3, 7, 38, 29, 1, 26.82%, 0, 11, 4, 1.09, 141026, 372
81502, 3, 7, 38, 29, 1, 26.82%, 0, 11, 4, 1.09, 141032, 372
81507, 3, 7, 38, 29, 1, 26.82%, 0, 11, 4, 1.09, 141038, 372
81513, 3, 7, 38, 29, 1, 26.82%, 0, 11, 4, 1.09, 141044, 372
81518, 3, 7, 38, 29, 1, 26.82%, 0, 11, 4, 1.09, 141050, 372
81524, 3, 7, 38, 29, 1, 26.82%, 0, 11, 4, 1.09, 141056, 372
81529, 3, 7, 38, 29, 1, 26.82%, 0, 11, 4, 1.09, 141062, 372
81535, 3, 7, 38, 29, 1, 26.82%, 0, 11, 4, 1.09, 141068, 372
81540, 3, 7, 38, 29, 1, 26.82%, 0, 11, 4, 1.09, 141074, 372
81546, 3, 7, 38, 29, 1, 26.82%, 0, 11, 4, 1.09, 141080, 372
81551, 3, 7, 38, 29, 1, 26.82%, 0, 11, 4, 1.09, 141086, 372
81557, 3, 7, 38, 29, 1, 26.82%, 0, 11, 4, 1.09, 141092, 372
81562, 3, 7, 38, 29, 1, 26.82%, 0, 11, 4, 1.09, 141098, 372
81568, 3, 7, 38, 29, 1, 26.82%, 0, 11, 4, 1.09, 141104, 372
81573, 3, 7, 38, 29, 1, 26.82%, 0, 11, 4, 1.09, 141110, 372
81579, 3, 7, 38, 29, 1, 26.82%, 0, 11, 4, 1.09, 141116, 372
81584, 3, 7, 38, 29, 1, 26.82%, 0, 11, 4, 1.09, 141122, 372
81589, 3, 7, 38, 29, 1, 26.82%, 0, 11, 4, 1.09, 141128, 372
81595, 3, 7, 38, 29, 1, 26.82%, 0, 11, 4, 1.09, 141134, 372
81600, 3, 7, 38, 29, 1, 26.82%, 0, 11, 4, 1.09, 141140, 372
81606, 3, 7, 38, 29, 1, 26.82%, 0, 11, 4, 1.09, 141146, 372
81611, 3, 7, 38, 29, 1, 26.82%, 0, 11, 4, 1.09, 141152, 372
81617, 3, 7, 38, 29, 1, 26.82%, 0, 11, 4, 1.11, 141158, 372
81622, 3, 7, 38, 29, 1, 26.82%, 0, 11, 4, 1.11, 141164, 372
81628, 3, 7, 38, 29, 1, 26.82%, 0, 11, 4, 1.10, 141170, 372
81633, 3, 7, 38, 29, 1, 26.82%, 0, 11, 4, 1.10, 141176, 372
81639, 3, 7, 38, 29, 1, 26.82%, 0, 11, 4, 1.10, 141182, 372
81644, 3, 7, 38, 29, 1, 26.82%, 0, 11, 4, 1.10, 141188, 372
81650, 3, 7, 38, 29, 1, 26.82%, 0, 11, 4, 1.10, 141194, 372
81655, 3, 7, 38, 29, 1, 26.82%, 0, 11, 4, 1.10, 141200, 372
81661, 3, 7, 38, 29, 1, 26.82%, 0, 11, 4, 1.10, 141206, 372
81666, 3, 7, 38, 29, 1, 26.82%, 0, 11, 4, 1.09, 141212, 372
81672, 3, 7, 38, 29, 1, 26.82%, 0, 11, 4, 1.09, 141218, 372
81677, 3, 7, 38, 29, 1, 26.82%, 0, 11, 4, 1.09, 141224, 372
81683, 3, 7, 38, 29, 1, 26.82%, 0, 11, 4, 1.09, 141230, 372
81688, 3, 7, 38, 29, 1, 26.82%, 0, 11, 4, 1.09, 141236, 372
81694, 3, 7, 38, 29, 1, 26.82%, 0, 11, 4, 1.09, 141242, 372
81699, 3, 7, 38, 29, 1, 26.82%, 0, 11, 4, 1.09, 141248, 372
81705, 3, 7, 38, 29, 1, 26.82%, 0, 11, 4, 1.09, 141254, 372
81710, 3, 7, 38, 29, 1, 26.82%, 0, 11, 4, 1.09, 141260, 372
81716, 3, 7, 38, 29, 1, 26.82%, 0, 11, 4, 1.09, 141266, 372
81721, 3, 7, 38, 29, 1, 26.82%, 0, 11, 4, 1.09, 141272, 372
81727, 3, 7, 38, 29, 1, 26.82%, 0, 11, 4, 1.09, 141278, 372
81732, 3, 7, 38, 29, 1, 26.82%, 0, 11, 4, 1.09, 141284, 372
81738, 3, 7, 38, 29, 1, 26.82%, 0, 11, 4, 1.09, 141290, 372
81743, 3, 7, 38, 29, 1, 26.82%, 0, 11, 4, 1.09, 141296, 372
81748, 3, 7, 38, 29, 1, 26.82%, 0, 11, 4, 1.09, 141302, 372
81754, 3, 7, 38, 29, 1, 26.82%, 0, 11, 4, 1.09, 141308, 372
81759, 3, 7, 38, 29, 1, 26.82%, 0, 11, 4, 1.09, 141314, 372
81765, 3, 7, 38, 29, 1, 26.82%, 0, 11, 4, 1.09, 141320, 372
81770, 3, 7, 38, 29, 1, 26.82%, 0, 11, 4, 1.09, 141326, 372
81776, 3, 7, 38, 29, 1, 26.82%, 0, 11, 4, 1.09, 141332, 372
81781, 3, 7, 38, 29, 1, 26.82%, 0, 11, 4, 1.09, 141338, 372
81787, 3, 7, 38, 29, 1, 26.82%, 0, 11, 4, 1.09, 141344, 372
81792, 3, 7, 38, 29, 1, 26.82%, 0, 11, 4, 1.09, 141350, 372
81798, 3, 7, 38, 29, 1, 26.82%, 0, 11, 4, 1.09, 141356, 372
81803, 3, 7, 38, 29, 1, 26.82%, 0, 11, 4, 1.09, 141362, 372
81809, 3, 7, 38, 29, 1, 26.82%, 0, 11, 4, 1.09, 141368, 372
81814, 3, 7, 38, 29, 1, 26.82%, 0, 11, 4, 1.09, 141374, 372
81820, 3, 7, 38, 29, 1, 26.82%, 0, 11, 4, 1.09, 141380, 372
81825, 3, 7, 38, 29, 1, 26.82%, 0, 11, 4, 1.09, 141386, 372
81831, 3, 7, 38, 29, 1, 26.82%, 0, 11, 4, 1.09, 141392, 372
81836, 3, 7, 38, 29, 1, 26.82%, 0, 11, 4, 1.09, 141398, 372
81842, 3, 7, 38, 29, 1, 26.82%, 0, 11, 4, 1.09, 141404, 372
81847, 3, 7, 38, 29, 1, 26.82%, 0, 11, 4, 1.09, 141410, 372
81853, 3, 7, 38, 29, 1, 26.82%, 0, 11, 4, 1.09, 141416, 372
81858, 3, 7, 38, 29, 1, 26.82%, 0, 11, 4, 1.09, 141422, 372
81864, 3, 7, 38, 29, 1, 26.82%, 0, 11, 4, 1.09, 141428, 372
81869, 3, 7, 38, 29, 1, 26.82%, 0, 11, 4, 1.09, 141434, 372
81875, 3, 7, 38, 29, 1, 26.82%, 0, 11, 4, 1.09, 141440, 372
81880, 3, 7, 38, 29, 1, 26.82%, 0, 11, 4, 1.09, 141446, 372
81886, 3, 7, 38, 29, 1, 26.82%, 0, 11, 4, 1.09, 141452, 372
81891, 3, 7, 38, 29, 1, 26.82%, 0, 11, 4, 1.09, 141458, 372
81897, 3, 7, 38, 29, 1, 26.82%, 0, 11, 4, 1.09, 141464, 372
81902, 3, 7, 38, 29, 1, 26.82%, 0, 11, 4, 1.09, 141470, 372
81907, 3, 7, 38, 29, 1, 26.82%, 0, 11, 4, 1.09, 141476, 372
81913, 3, 7, 38, 29, 1, 26.82%, 0, 11, 4, 1.09, 141482, 372
81918, 3, 7, 38, 29, 1, 26.82%, 0, 11, 4, 1.09, 141488, 372
81924, 3, 7, 38, 29, 1, 26.82%, 0, 11, 4, 1.09, 141494, 372
81929, 3, 7, 38, 29, 1, 26.82%, 0, 11, 4, 1.09, 141500, 372
81935, 3, 7, 38, 29, 1, 26.82%, 0, 11, 4, 1.09, 141506, 372
81940, 3, 7, 38, 29, 1, 26.82%, 0, 11, 4, 1.09, 141512, 372
81946, 3, 7, 38, 29, 1, 26.82%, 0, 11, 4, 1.09, 141518, 372
81951, 3, 7, 38, 29, 1, 26.82%, 0, 11, 4, 1.09, 141524, 372
81957, 3, 7, 38, 29, 1, 26.82%, 0, 11, 4, 1.09, 141530, 372
81962, 3, 7, 38, 29, 1, 26.82%, 0, 11, 4, 1.09, 141536, 372
81968, 3, 7, 38, 29, 1, 26.82%, 0, 11, 4, 1.09, 141542, 372
81973, 3, 7, 38, 29, 1, 26.82%, 0, 11, 4, 1.09, 141548, 372
81979, 3, 7, 38, 29, 1, 26.82%, 0, 11, 4, 1.09, 141554, 372
81984, 3, 7, 38, 29, 1, 26.82%, 0, 11, 4, 1.09, 141560, 372
81990, 3, 7, 38, 29, 1, 26.82%, 0, 11, 4, 1.09, 141566, 372
81995, 3, 7, 38, 29, 1, 26.82%, 0, 11, 4, 1.09, 141572, 372
82001, 3, 7, 38, 29, 1, 26.82%, 0, 11, 4, 1.09, 141578, 372
82006, 3, 7, 38, 29, 1, 26.82%, 0, 11, 4, 1.09, 141584, 372
82012, 3, 7, 38, 29, 1, 26.82%, 0, 11, 4, 1.09, 141590, 372
82017, 3, 7, 38, 29, 1, 26.82%, 0, 11, 4, 1.09, 141596, 372
82023, 3, 7, 38, 29, 1, 26.82%, 0, 11, 4, 1.09, 141602, 372
82028, 3, 7, 38, 29, 1, 26.82%, 0, 11, 4, 1.09, 141608, 372
82034, 3, 7, 38, 29, 1, 26.82%, 0, 11, 4, 1.09, 141614, 372
82039, 3, 7, 38, 29, 1, 26.82%, 0, 11, 4, 1.09, 141620, 372
82045, 3, 7, 38, 29, 1, 26.82%, 0, 11, 4, 1.09, 141626, 372
82050, 3, 7, 38, 29, 1, 26.82%, 0, 11, 4, 1.09, 141632, 372
82056, 3, 7, 38, 29, 1, 26.82%, 0, 11, 4, 1.09, 141638, 372
82061, 3, 7, 38, 29, 1, 26.82%, 0, 11, 4, 1.09, 141644, 372
82066, 3, 7, 38, 29, 1, 26.82%, 0, 11, 4, 1.09, 141650, 372
82072, 3, 7, 38, 29, 1, 26.82%, 0, 11, 4, 1.09, 141656, 372
82077, 3, 7, 38, 29, 1, 26.82%, 0, 11, 4, 1.09, 141662, 372
82083, 3, 7, 38, 29, 1, 26.82%, 0, 11, 4, 1.09, 141668, 372
82088, 3, 7, 38, 29, 1, 26.82%, 0, 11, 4, 1.09, 141674, 372
82094, 3, 7, 38, 29, 1, 26.82%, 0, 11, 4, 1.09, 141680, 372
82099, 3, 7, 38, 29, 1, 26.82%, 0, 11, 4, 1.09, 141686, 372
82105, 3, 7, 38, 29, 1, 26.82%, 0, 11, 4, 1.09, 141692, 372
82110, 3, 7, 38, 29, 1, 26.82%, 0, 11, 4, 1.09, 141698, 372
82116, 3, 7, 38, 29, 1, 26.82%, 0, 11, 4, 1.09, 141704, 372
82121, 3, 7, 38, 29, 1, 26.82%, 0, 11, 4, 1.09, 141710, 372
82127, 3, 7, 38, 29, 1, 26.82%, 0, 11, 4, 1.09, 141716, 372
82132, 3, 7, 38, 29, 1, 26.82%, 0, 11, 4, 1.09, 141722, 372
82138, 3, 7, 38, 29, 1, 26.82%, 0, 11, 4, 1.09, 141728, 372
82143, 3, 7, 38, 29, 1, 26.82%, 0, 11, 4, 1.09, 141734, 372
82149, 3, 7, 38, 29, 1, 26.82%, 0, 11, 4, 1.09, 141740, 372
82155, 3, 7, 38, 29, 1, 26.82%, 0, 11, 4, 1.07, 141746, 372
82160, 3, 7, 38, 29, 1, 26.82%, 0, 11, 4, 1.08, 141752, 372
82166, 3, 7, 38, 29, 1, 26.82%, 0, 11, 4, 1.09, 141758, 372
82171, 3, 7, 38, 29, 1, 26.82%, 0, 11, 4, 1.09, 141764, 372
82177, 3, 7, 38, 29, 1, 26.82%, 0, 11, 4, 1.09, 141770, 372
82182, 3, 7, 38, 29, 1, 26.82%, 0, 11, 4, 1.09, 141776, 372
82187, 3, 7, 38, 29, 1, 26.82%, 0, 11, 4, 1.09, 141782, 372
82193, 3, 7, 38, 29, 1, 26.82%, 0, 11, 4, 1.09, 141788, 372
82198, 3, 7, 38, 29, 1, 26.82%, 0, 11, 4, 1.09, 141794, 372
82204, 3, 7, 38, 29, 1, 26.82%, 0, 11, 4, 1.09, 141800, 372
82209, 3, 7, 38, 29, 1, 26.82%, 0, 11, 4, 1.09, 141806, 372
82215, 3, 7, 38, 29, 1, 26.82%, 0, 11, 4, 1.09, 141812, 372
82220, 3, 7, 38, 29, 1, 26.82%, 0, 11, 4, 1.09, 141818, 372
82226, 3, 7, 38, 29, 1, 26.82%, 0, 11, 4, 1.09, 141824, 372
82231, 3, 7, 38, 29, 1, 26.82%, 0, 11, 4, 1.09, 141830, 372
82237, 3, 7, 38, 29, 1, 26.82%, 0, 11, 4, 1.09, 141836, 372
82242, 3, 7, 38, 29, 1, 26.82%, 0, 11, 4, 1.09, 141842, 372
82248, 3, 7, 38, 29, 1, 26.82%, 0, 11, 4, 1.09, 141848, 372
82253, 3, 7, 38, 29, 1, 26.82%, 0, 11, 4, 1.09, 141854, 372
82259, 3, 7, 38, 29, 1, 26.82%, 0, 11, 4, 1.09, 141860, 372
82264, 3, 7, 38, 29, 1, 26.82%, 0, 11, 4, 1.09, 141866, 372
82270, 3, 7, 38, 29, 1, 26.82%, 0, 11, 4, 1.09, 141872, 372
82275, 3, 7, 38, 29, 1, 26.82%, 0, 11, 4, 1.09, 141878, 372
82281, 3, 7, 38, 29, 1, 26.82%, 0, 11, 4, 1.09, 141884, 372
82286, 3, 7, 38, 29, 1, 26.82%, 0, 11, 4, 1.09, 141890, 372
82292, 3, 7, 38, 29, 1, 26.82%, 0, 11, 4, 1.09, 141896, 372
82297, 3, 7, 38, 29, 1, 26.82%, 0, 11, 4, 1.09, 141902, 372
82303, 3, 7, 38, 29, 1, 26.82%, 0, 11, 4, 1.09, 141908, 372
82308, 3, 7, 38, 29, 1, 26.82%, 0, 11, 4, 1.09, 141914, 372
82314, 3, 7, 38, 29, 1, 26.82%, 0, 11, 4, 1.09, 141920, 372
82319, 3, 7, 38, 29, 1, 26.82%, 0, 11, 4, 1.09, 141926, 372
82325, 3, 7, 38, 29, 1, 26.82%, 0, 11, 4, 1.09, 141932, 372
82330, 3, 7, 38, 29, 1, 26.82%, 0, 11, 4, 1.09, 141938, 372
82336, 3, 7, 38, 29, 1, 26.82%, 0, 11, 4, 1.09, 141944, 372
82341, 3, 7, 38, 29, 1, 26.82%, 0, 11, 4, 1.09, 141950, 372
82346, 3, 7, 38, 29, 1, 26.82%, 0, 11, 4, 1.09, 141956, 372
82352, 3, 7, 38, 29, 1, 26.82%, 0, 11, 4, 1.09, 141962, 372
82357, 3, 7, 38, 29, 1, 26.82%, 0, 11, 4, 1.09, 141968, 372
82363, 3, 7, 38, 29, 1, 26.82%, 0, 11, 4, 1.09, 141974, 372
82368, 3, 7, 38, 29, 1, 26.82%, 0, 11, 4, 1.09, 141980, 372
82374, 3, 7, 38, 29, 1, 26.82%, 0, 11, 4, 1.09, 141986, 372
82379, 3, 7, 38, 29, 1, 26.82%, 0, 11, 4, 1.09, 141992, 372
82385, 3, 7, 38, 29, 1, 26.82%, 0, 11, 4, 1.09, 141998, 372
82390, 3, 7, 38, 29, 1, 26.82%, 0, 11, 4, 1.09, 142004, 372
82396, 3, 7, 38, 29, 1, 26.82%, 0, 11, 4, 1.09, 142010, 372
82401, 3, 7, 38, 29, 1, 26.82%, 0, 11, 4, 1.09, 142016, 372
82407, 3, 7, 38, 29, 1, 26.82%, 0, 11, 4, 1.09, 142022, 372
82412, 3, 7, 38, 29, 1, 26.82%, 0, 11, 4, 1.09, 142028, 372
82418, 3, 7, 38, 29, 1, 26.82%, 0, 11, 4, 1.09, 142034, 372
82423, 3, 7, 38, 29, 1, 26.82%, 0, 11, 4, 1.09, 142040, 372
82429, 3, 7, 38, 29, 1, 26.82%, 0, 11, 4, 1.09, 142046, 372
82434, 3, 7, 38, 29, 1, 26.82%, 0, 11, 4, 1.09, 142052, 372
82440, 3, 7, 38, 29, 1, 26.82%, 0, 11, 4, 1.09, 142058, 372
82445, 3, 7, 38, 29, 1, 26.82%, 0, 11, 4, 1.09, 142064, 372
82451, 3, 7, 38, 29, 1, 26.82%, 0, 11, 4, 1.09, 142070, 372
82456, 3, 7, 38, 29, 1, 26.82%, 0, 11, 4, 1.09, 142076, 372
82462, 3, 7, 38, 29, 1, 26.82%, 0, 11, 4, 1.09, 142082, 372
82467, 3, 7, 38, 29, 1, 26.82%, 0, 11, 4, 1.09, 142088, 372
82473, 3, 7, 38, 29, 1, 26.82%, 0, 11, 4, 1.09, 142094, 372
82478, 3, 7, 38, 29, 1, 26.82%, 0, 11, 4, 1.09, 142100, 372
82484, 3, 7, 38, 29, 1, 26.82%, 0, 11, 4, 1.09, 142106, 372
82489, 3, 7, 38, 29, 1, 26.82%, 0, 11, 4, 1.09, 142112, 372
82495, 3, 7, 38, 29, 1, 26.82%, 0, 11, 4, 1.09, 142118, 372
82500, 3, 7, 38, 29, 1, 26.82%, 0, 11, 4, 1.09, 142124, 372
82506, 3, 7, 38, 29, 1, 26.82%, 0, 11, 4, 1.09, 142130, 372
82511, 3, 7, 38, 29, 1, 26.82%, 0, 11, 4, 1.09, 142136, 372
82516, 3, 7, 38, 29, 1, 26.82%, 0, 11, 4, 1.09, 142142, 372
82522, 3, 7, 38, 29, 1, 26.82%, 0, 11, 4, 1.09, 142148, 372
82527, 3, 7, 38, 29, 1, 26.82%, 0, 11, 4, 1.09, 142154, 372
82533, 3, 7, 38, 29, 1, 26.82%, 0, 11, 4, 1.09, 142160, 372
82538, 3, 7, 38, 29, 1, 26.82%, 0, 11, 4, 1.09, 142166, 372
82544, 3, 7, 38, 29, 1, 26.82%, 0, 11, 4, 1.09, 142172, 372
82549, 3, 7, 38, 29, 1, 26.82%, 0, 11, 4, 1.09, 142178, 372
82555, 3, 7, 38, 29, 1, 26.82%, 0, 11, 4, 1.09, 142184, 372
82560, 3, 7, 38, 29, 1, 26.82%, 0, 11, 4, 1.09, 142190, 372
82566, 3, 7, 38, 29, 1, 26.82%, 0, 11, 4, 1.09, 142196, 372
82571, 3, 7, 38, 29, 1, 26.82%, 0, 11, 4, 1.09, 142202, 372
82577, 3, 7, 38, 29, 1, 26.82%, 0, 11, 4, 1.09, 142208, 372
82582, 3, 7, 38, 29, 1, 26.82%, 0, 11, 4, 1.09, 142214, 372
82588, 3, 7, 38, 29, 1, 26.82%, 0, 11, 4, 1.09, 142220, 372
82593, 3, 7, 38, 29, 1, 26.82%, 0, 11, 4, 1.09, 142226, 372
82599, 3, 7, 38, 29, 1, 26.82%, 0, 11, 4, 1.09, 142232, 372
82604, 3, 7, 38, 29, 1, 26.82%, 0, 11, 4, 1.09, 142238, 372
82610, 3, 7, 38, 29, 1, 26.82%, 0, 11, 4, 1.09, 142244, 372
82615, 3, 7, 38, 29, 1, 26.82%, 0, 11, 4, 1.09, 142250, 372
82621, 3, 7, 38, 29, 1, 26.82%, 0, 11, 4, 1.09, 142256, 372
82626, 3, 7, 38, 29, 1, 26.82%, 0, 11, 4, 1.09, 142262, 372
82632, 3, 7, 38, 29, 1, 26.82%, 0, 11, 4, 1.09, 142268, 372
82637, 3, 7, 38, 29, 1, 26.82%, 0, 11, 4, 1.09, 142274, 372
82643, 3, 7, 38, 29, 1, 26.82%, 0, 11, 4, 1.09, 142280, 372
82648, 3, 7, 38, 29, 1, 26.82%, 0, 11, 4, 1.09, 142286, 372
82654, 3, 7, 38, 29, 1, 26.82%, 0, 11, 4, 1.09, 142292, 372
82659, 3, 7, 38, 29, 1, 26.82%, 0, 11, 4, 1.09, 142298, 372
82665, 3, 7, 38, 29, 1, 26.82%, 0, 11, 4, 1.09, 142304, 372
82670, 3, 7, 38, 29, 1, 26.82%, 0, 11, 4, 1.09, 142310, 372
82676, 3, 7, 38, 29, 1, 26.82%, 0, 11, 4, 1.09, 142316, 372
82681, 3, 7, 38, 29, 1, 26.82%, 0, 11, 4, 1.09, 142322, 372
82687, 3, 7, 38, 29, 1, 26.82%, 0, 11, 4, 1.09, 142328, 372
82692, 3, 7, 38, 29, 1, 26.82%, 0, 11, 4, 1.09, 142334, 372
82698, 3, 7, 38, 29, 1, 26.82%, 0, 11, 4, 1.09, 142340, 372
82703, 3, 7, 38, 29, 1, 26.82%, 0, 11, 4, 1.09, 142346, 372
82709, 3, 7, 38, 29, 1, 26.82%, 0, 11, 4, 1.09, 142352, 372
82714, 3, 7, 38, 29, 1, 26.82%, 0, 11, 4, 1.09, 142358, 372
82720, 3, 7, 38, 29, 1, 26.82%, 0, 11, 4, 1.08, 142364, 372
82725, 3, 7, 38, 29, 1, 26.82%, 0, 11, 4, 1.08, 142370, 372
82731, 3, 7, 38, 29, 1, 26.82%, 0, 11, 4, 1.08, 142376, 372
82736, 3, 7, 38, 29, 1, 26.82%, 0, 11, 4, 1.09, 142382, 372
82742, 3, 7, 38, 29, 1, 26.82%, 0, 11, 4, 1.09, 142388, 372
82747, 3, 7, 38, 29, 1, 26.82%, 0, 11, 4, 1.09, 142394, 372
82753, 3, 7, 38, 29, 1, 26.82%, 0, 11, 4, 1.09, 142400, 372
82758, 3, 7, 38, 29, 1, 26.82%, 0, 11, 4, 1.09, 142406, 372
82764, 3, 7, 38, 29, 1, 26.82%, 0, 11, 4, 1.09, 142412, 372
82769, 3, 7, 38, 29, 1, 26.82%, 0, 11, 4, 1.09, 142418, 372
82775, 3, 7, 38, 29, 1, 26.82%, 0, 11, 4, 1.09, 142424, 372
82780, 3, 7, 38, 29, 1, 26.82%, 0, 11, 4, 1.09, 142430, 372
82786, 3, 7, 38, 29, 1, 26.82%, 0, 11, 4, 1.09, 142436, 372
82791, 3, 7, 38, 29, 1, 26.82%, 0, 11, 4, 1.09, 142442, 372
82797, 3, 7, 38, 29, 1, 26.82%, 0, 11, 4, 1.09, 142448, 372
82802, 3, 7, 38, 29, 1, 26.82%, 0, 11, 4, 1.09, 142454, 372
82808, 3, 7, 38, 29, 1, 26.82%, 0, 11, 4, 1.09, 142460, 372
82813, 3, 7, 38, 29, 1, 26.82%, 0, 11, 4, 1.09, 142466, 372
82819, 3, 7, 38, 29, 1, 26.82%, 0, 11, 4, 1.09, 142472, 372
82824, 3, 7, 38, 29, 1, 26.82%, 0, 11, 4, 1.09, 142478, 372
82830, 3, 7, 38, 29, 1, 26.82%, 0, 11, 4, 1.09, 142484, 372
82835, 3, 7, 38, 29, 1, 26.82%, 0, 11, 4, 1.09, 142490, 372
82841, 3, 7, 38, 29, 1, 26.82%, 0, 11, 4, 1.09, 142496, 372
82846, 3, 7, 38, 29, 1, 26.82%, 0, 11, 4, 1.09, 142502, 372
82852, 3, 7, 38, 29, 1, 26.82%, 0, 11, 4, 1.09, 142508, 372
82857, 3, 7, 38, 29, 1, 26.82%, 0, 11, 4, 1.09, 142514, 372
82863, 3, 7, 38, 29, 1, 26.82%, 0, 11, 4, 1.09, 142520, 372
82868, 3, 7, 38, 29, 1, 26.82%, 0, 11, 4, 1.09, 142526, 372
82874, 3, 7, 38, 29, 1, 26.82%, 0, 11, 4, 1.09, 142532, 372
82879, 3, 7, 38, 29, 1, 26.82%, 0, 11, 4, 1.09, 142538, 372
82885, 3, 7, 38, 29, 1, 26.82%, 0, 11, 4, 1.09, 142544, 372
82890, 3, 7, 38, 29, 1, 26.82%, 0, 11, 4, 1.09, 142550, 372
82895, 3, 7, 38, 29, 1, 26.82%, 0, 11, 4, 1.09, 142556, 372
82901, 3, 7, 38, 29, 1, 26.82%, 0, 11, 4, 1.09, 142562, 372
82906, 3, 7, 38, 29, 1, 26.82%, 0, 11, 4, 1.09, 142568, 372
82912, 3, 7, 38, 29, 1, 26.82%, 0, 11, 4, 1.09, 142574, 372
82917, 3, 7, 38, 29, 1, 26.82%, 0, 11, 4, 1.09, 142580, 372
82923, 3, 7, 38, 29, 1, 26.82%, 0, 11, 4, 1.09, 142586, 372
82928, 3, 7, 38, 29, 1, 26.82%, 0, 11, 4, 1.09, 142592, 372
82934, 3, 7, 38, 29, 1, 26.82%, 0, 11, 4, 1.09, 142598, 372
82939, 3, 7, 38, 29, 1, 26.82%, 0, 11, 4, 1.09, 142604, 372
82945, 3, 7, 38, 29, 1, 26.82%, 0, 11, 4, 1.09, 142610, 372
82950, 3, 7, 38, 29, 1, 26.82%, 0, 11, 4, 1.09, 142616, 372
82956, 3, 7, 38, 29, 1, 26.82%, 0, 11, 4, 1.09, 142622, 372
82961, 3, 7, 38, 29, 1, 26.82%, 0, 11, 4, 1.09, 142628, 372
82967, 3, 7, 38, 29, 1, 26.82%, 0, 11, 4, 1.09, 142634, 372
82972, 3, 7, 38, 29, 1, 26.82%, 0, 11, 4, 1.09, 142640, 372
82978, 3, 7, 38, 29, 1, 26.82%, 0, 11, 4, 1.09, 142646, 372
82983, 3, 7, 38, 29, 1, 26.82%, 0, 11, 4, 1.09, 142652, 372
82989, 3, 7, 38, 29, 1, 26.82%, 0, 11, 4, 1.09, 142658, 372
82994, 3, 7, 38, 29, 1, 26.82%, 0, 11, 4, 1.09, 142664, 372
83000, 3, 7, 38, 29, 1, 26.82%, 0, 11, 4, 1.09, 142670, 372
83005, 3, 7, 38, 29, 1, 26.82%, 0, 11, 4, 1.09, 142676, 372
83011, 3, 7, 38, 29, 1, 26.82%, 0, 11, 4, 1.09, 142682, 372
83016, 3, 7, 38, 29, 1, 26.82%, 0, 11, 4, 1.09, 142688, 372
83022, 3, 7, 38, 29, 1, 26.82%, 0, 11, 4, 1.09, 142694, 372
83027, 3, 7, 38, 29, 1, 26.82%, 0, 11, 4, 1.09, 142700, 372
83033, 3, 7, 38, 29, 1, 26.82%, 0, 11, 4, 1.09, 142706, 372
83038, 3, 7, 38, 29, 1, 26.82%, 0, 11, 4, 1.09, 142712, 372
83044, 3, 7, 38, 29, 1, 26.82%, 0, 11, 4, 1.09, 142718, 372
83049, 3, 7, 38, 29, 1, 26.82%, 0, 11, 4, 1.09, 142724, 372
83055, 3, 7, 38, 29, 1, 26.82%, 0, 11, 4, 1.09, 142730, 372
83060, 3, 7, 38, 29, 1, 26.82%, 0, 11, 4, 1.09, 142736, 372
83065, 3, 7, 38, 29, 1, 26.82%, 0, 11, 4, 1.09, 142742, 372
83071, 3, 7, 38, 29, 1, 26.82%, 0, 11, 4, 1.09, 142748, 372
83076, 3, 7, 38, 29, 1, 26.82%, 0, 11, 4, 1.09, 142754, 372
83082, 3, 7, 38, 29, 1, 26.82%, 0, 11, 4, 1.09, 142760, 372
83087, 3, 7, 38, 29, 1, 26.82%, 0, 11, 4, 1.09, 142766, 372
83093, 3, 7, 38, 29, 1, 26.82%, 0, 11, 4, 1.09, 142772, 372
83098, 3, 7, 38, 29, 1, 26.82%, 0, 11, 4, 1.09, 142778, 372
83104, 3, 7, 38, 29, 1, 26.82%, 0, 11, 4, 1.09, 142784, 372
83109, 3, 7, 38, 29, 1, 26.82%, 0, 11, 4, 1.09, 142790, 372
83115, 3, 7, 38, 29, 1, 26.82%, 0, 11, 4, 1.09, 142796, 372
83120, 3, 7, 38, 29, 1, 26.82%, 0, 11, 4, 1.09, 142802, 372
83126, 3, 7, 38, 29, 1, 26.82%, 0, 11, 4, 1.09, 142808, 372
83131, 3, 7, 38, 29, 1, 26.82%, 0, 11, 4, 1.09, 142814, 372
83137, 3, 7, 38, 29, 1, 26.82%, 0, 11, 4, 1.09, 142820, 372
83142, 3, 7, 38, 29, 1, 26.82%, 0, 11, 4, 1.09, 142826, 372
83148, 3, 7, 38, 29, 1, 26.82%, 0, 11, 4, 1.09, 142832, 372
83153, 3, 7, 38, 29, 1, 26.82%, 0, 11, 4, 1.09, 142838, 372
83159, 3, 7, 38, 29, 1, 26.82%, 0, 11, 4, 1.09, 142844, 372
83164, 3, 7, 38, 29, 1, 26.82%, 0, 11, 4, 1.09, 142850, 372
83170, 3, 7, 38, 29, 1, 26.82%, 0, 11, 4, 1.09, 142856, 372
83175, 3, 7, 38, 29, 1, 26.82%, 0, 11, 4, 1.09, 142862, 372
83181, 3, 7, 38, 29, 1, 26.82%, 0, 11, 4, 1.09, 142868, 372
83186, 3, 7, 38, 29, 1, 26.82%, 0, 11, 4, 1.09, 142874, 372
83192, 3, 7, 38, 29, 1, 26.82%, 0, 11, 4, 1.09, 142880, 372
83197, 3, 7, 38, 29, 1, 26.82%, 0, 11, 4, 1.09, 142886, 372
83203, 3, 7, 38, 29, 1, 26.82%, 0, 11, 4, 1.09, 142892, 372
83208, 3, 7, 38, 29, 1, 26.82%, 0, 11, 4, 1.09, 142898, 372
83214, 3, 7, 38, 29, 1, 26.82%, 0, 11, 4, 1.09, 142904, 372
83219, 3, 7, 38, 29, 1, 26.82%, 0, 11, 4, 1.09, 142910, 372
83225, 3, 7, 38, 29, 1, 26.82%, 0, 11, 4, 1.09, 142916, 372
83230, 3, 7, 38, 29, 1, 26.82%, 0, 11, 4, 1.09, 142922, 372
83235, 3, 7, 38, 29, 1, 26.82%, 0, 11, 4, 1.09, 142928, 372
83241, 3, 7, 38, 29, 1, 26.82%, 0, 11, 4, 1.09, 142934, 372
83246, 3, 7, 38, 29, 1, 26.82%, 0, 11, 4, 1.09, 142940, 372
83252, 3, 7, 38, 29, 1, 26.82%, 0, 11, 4, 1.09, 142946, 372
83257, 3, 7, 38, 29, 1, 26.82%, 0, 11, 4, 1.09, 142952, 372
83263, 3, 7, 38, 29, 1, 26.82%, 0, 11, 4, 1.09, 142958, 372
83268, 3, 7, 38, 29, 1, 26.82%, 0, 11, 4, 1.09, 142964, 372
83274, 3, 7, 38, 29, 1, 26.82%, 0, 11, 4, 1.09, 142970, 372
83279, 3, 7, 38, 29, 1, 26.82%, 0, 11, 4, 1.09, 142976, 372
83285, 3, 7, 38, 29, 1, 26.82%, 0, 11, 4, 1.09, 142982, 372
83290, 3, 7, 38, 29, 1, 26.82%, 0, 11, 4, 1.09, 142988, 372
83296, 3, 7, 38, 29, 1, 26.82%, 0, 11, 4, 1.09, 142994, 372
83301, 3, 7, 38, 29, 1, 26.82%, 0, 11, 4, 1.09, 143000, 372
83307, 3, 7, 38, 29, 1, 26.82%, 0, 11, 4, 1.09, 143006, 372
83312, 3, 7, 38, 29, 1, 26.82%, 0, 11, 4, 1.09, 143012, 372
83318, 3, 7, 38, 29, 1, 26.82%, 0, 11, 4, 1.09, 143018, 372
83323, 3, 7, 38, 29, 1, 26.82%, 0, 11, 4, 1.09, 143024, 372
83329, 3, 7, 38, 29, 1, 26.82%, 0, 11, 4, 1.09, 143030, 372
83334, 3, 7, 38, 29, 1, 26.82%, 0, 11, 4, 1.09, 143036, 372
83340, 3, 7, 38, 29, 1, 26.82%, 0, 11, 4, 1.09, 143042, 372
83345, 3, 7, 38, 29, 1, 26.82%, 0, 11, 4, 1.09, 143048, 372
83351, 3, 7, 38, 29, 1, 26.82%, 0, 11, 4, 1.09, 143054, 372
83356, 3, 7, 38, 29, 1, 26.82%, 0, 11, 4, 1.09, 143060, 372
83362, 3, 7, 38, 29, 1, 26.82%, 0, 11, 4, 1.09, 143066, 372
83367, 3, 7, 38, 29, 1, 26.82%, 0, 11, 4, 1.09, 143072, 372
83373, 3, 7, 38, 29, 1, 26.82%, 0, 11, 4, 1.09, 143078, 372
83378, 3, 7, 38, 29, 1, 26.82%, 0, 11, 4, 1.09, 143084, 372
83384, 3, 7, 38, 29, 1, 26.82%, 0, 11, 4, 1.09, 143090, 372
83389, 3, 7, 38, 29, 1, 26.82%, 0, 11, 4, 1.09, 143096, 372
83395, 3, 7, 38, 29, 1, 26.82%, 0, 11, 4, 1.09, 143102, 372
83400, 3, 7, 38, 29, 1, 26.82%, 0, 11, 4, 1.09, 143108, 372
83405, 3, 7, 38, 29, 1, 26.82%, 0, 11, 4, 1.09, 143114, 372
83411, 3, 7, 38, 29, 1, 26.82%, 0, 11, 4, 1.09, 143120, 372
83416, 3, 7, 38, 29, 1, 26.82%, 0, 11, 4, 1.09, 143126, 372
83422, 3, 7, 38, 29, 1, 26.82%, 0, 11, 4, 1.09, 143132, 372
83427, 3, 7, 38, 29, 1, 26.82%, 0, 11, 4, 1.09, 143138, 372
83433, 3, 7, 38, 29, 1, 26.82%, 0, 11, 4, 1.09, 143144, 372
83438, 3, 7, 38, 29, 1, 26.82%, 0, 11, 4, 1.09, 143150, 372
83444, 3, 7, 38, 29, 1, 26.82%, 0, 11, 4, 1.09, 143156, 372
83449, 3, 7, 38, 29, 1, 26.82%, 0, 11, 4, 1.09, 143162, 372
83455, 3, 7, 38, 29, 1, 26.82%, 0, 11, 4, 1.09, 143168, 372
83460, 3, 7, 38, 29, 1, 26.82%, 0, 11, 4, 1.09, 143174, 372
83466, 3, 7, 38, 29, 1, 26.82%, 0, 11, 4, 1.09, 143180, 372
83471, 3, 7, 38, 29, 1, 26.82%, 0, 11, 4, 1.09, 143186, 372
83477, 3, 7, 38, 29, 1, 26.82%, 0, 11, 4, 1.09, 143192, 372
83482, 3, 7, 38, 29, 1, 26.82%, 0, 11, 4, 1.09, 143198, 372
83488, 3, 7, 38, 29, 1, 26.82%, 0, 11, 4, 1.09, 143204, 372
83493, 3, 7, 38, 29, 1, 26.82%, 0, 11, 4, 1.09, 143210, 372
83499, 3, 7, 38, 29, 1, 26.82%, 0, 11, 4, 1.09, 143216, 372
83504, 3, 7, 38, 29, 1, 26.82%, 0, 11, 4, 1.09, 143222, 372
83510, 3, 7, 38, 29, 1, 26.82%, 0, 11, 4, 1.09, 143228, 372
83515, 3, 7, 38, 29, 1, 26.82%, 0, 11, 4, 1.09, 143234, 372
83521, 3, 7, 38, 29, 1, 26.82%, 0, 11, 4, 1.09, 143240, 372
83526, 3, 7, 38, 29, 1, 26.82%, 0, 11, 4, 1.09, 143246, 372
83532, 3, 7, 38, 29, 1, 26.82%, 0, 11, 4, 1.09, 143252, 372
83537, 3, 7, 38, 29, 1, 26.82%, 0, 11, 4, 1.09, 143258, 372
83543, 3, 7, 38, 29, 1, 26.82%, 0, 11, 4, 1.09, 143264, 372
83548, 3, 7, 38, 29, 1, 26.82%, 0, 11, 4, 1.09, 143270, 372
83554, 3, 7, 38, 29, 1, 26.82%, 0, 11, 4, 1.09, 143276, 372
83559, 3, 7, 38, 29, 1, 26.82%, 0, 11, 4, 1.09, 143282, 372
83564, 3, 7, 38, 29, 1, 26.82%, 0, 11, 4, 1.09, 143288, 372
83570, 3, 7, 38, 29, 1, 26.82%, 0, 11, 4, 1.09, 143294, 372
83575, 3, 7, 38, 29, 1, 26.82%, 0, 11, 4, 1.09, 143300, 372
83581, 3, 7, 38, 29, 1, 26.82%, 0, 11, 4, 1.09, 143306, 372
83586, 3, 7, 38, 29, 1, 26.82%, 0, 11, 4, 1.09, 143312, 372
83592, 3, 7, 38, 29, 1, 26.82%, 0, 11, 4, 1.20, 143319, 372
83597, 3, 7, 38, 29, 1, 26.82%, 0, 11, 4, 1.14, 143324, 372
83602, 3, 7, 38, 29, 1, 26.82%, 0, 11, 4, 1.10, 143329, 372
83608, 3, 7, 38, 29, 1, 26.82%, 0, 11, 4, 1.24, 143337, 372
83614, 3, 7, 38, 29, 1, 26.82%, 0, 11, 4, 1.31, 143344, 372
83619, 3, 7, 38, 29, 1, 26.82%, 0, 11, 4, 1.26, 143350, 372
83624, 3, 7, 38, 29, 1, 26.82%, 0, 11, 4, 1.19, 143355, 372
83629, 3, 7, 38, 29, 1, 26.82%, 0, 11, 4, 1.31, 143362, 372
83634, 3, 7, 38, 29, 1, 26.82%, 0, 11, 4, 1.25, 143368, 372
83640, 3, 7, 38, 29, 1, 26.82%, 0, 11, 4, 1.30, 143375, 372
83646, 3, 7, 38, 29, 1, 26.82%, 0, 11, 4, 1.24, 143381, 372
83651, 3, 7, 38, 29, 1, 26.82%, 0, 11, 4, 1.19, 143387, 372
83656, 3, 7, 38, 29, 1, 26.82%, 0, 11, 4, 1.16, 143393, 372
83662, 3, 7, 38, 29, 1, 26.82%, 0, 11, 4, 1.14, 143399, 372
83667, 3, 7, 38, 29, 1, 26.82%, 0, 11, 4, 1.12, 143405, 372
83673, 3, 7, 38, 29, 1, 26.82%, 0, 11, 4, 1.11, 143411, 372
83678, 3, 7, 38, 29, 1, 26.82%, 0, 11, 4, 1.11, 143417, 372
83684, 3, 7, 38, 29, 1, 26.82%, 0, 11, 4, 1.10, 143423, 372
83689, 3, 7, 38, 29, 1, 26.82%, 0, 11, 4, 1.10, 143429, 372
83695, 3, 7, 38, 29, 1, 26.82%, 0, 11, 4, 1.10, 143435, 372
83700, 3, 7, 38, 29, 1, 26.82%, 0, 11, 4, 1.10, 143441, 372
83706, 3, 7, 38, 29, 1, 26.82%, 0, 11, 4, 1.10, 143447, 372
83711, 3, 7, 38, 29, 1, 26.82%, 0, 11, 4, 1.10, 143453, 372
83717, 3, 7, 38, 29, 1, 26.82%, 0, 11, 4, 1.10, 143459, 372
83722, 3, 7, 38, 29, 1, 26.82%, 0, 11, 4, 1.10, 143465, 372
83728, 3, 7, 38, 29, 1, 26.82%, 0, 11, 4, 1.09, 143471, 372
83733, 3, 7, 38, 29, 1, 26.82%, 0, 11, 4, 1.09, 143477, 372
83739, 3, 7, 38, 29, 1, 26.82%, 0, 11, 4, 1.09, 143483, 372
83744, 3, 7, 38, 29, 1, 26.82%, 0, 11, 4, 1.09, 143489, 372
83750, 3, 7, 38, 29, 1, 26.82%, 0, 11, 4, 1.09, 143495, 372
83755, 3, 7, 38, 29, 1, 26.82%, 0, 11, 4, 1.09, 143501, 372
83761, 3, 7, 38, 29, 1, 26.82%, 0, 11, 4, 1.09, 143507, 372
83766, 3, 7, 38, 29, 1, 26.82%, 0, 11, 4, 1.09, 143513, 372
83772, 3, 7, 38, 29, 1, 26.82%, 0, 11, 4, 1.09, 143519, 372
83777, 3, 7, 38, 29, 1, 26.82%, 0, 11, 4, 1.09, 143525, 372
83783, 3, 7, 38, 29, 1, 26.82%, 0, 11, 4, 1.09, 143531, 372
83788, 3, 7, 38, 29, 1, 26.82%, 0, 11, 4, 1.09, 143537, 372
83794, 3, 7, 38, 29, 1, 26.82%, 0, 11, 4, 1.09, 143543, 372
83799, 3, 7, 38, 29, 1, 26.82%, 0, 11, 4, 1.09, 143549, 372
83804, 3, 7, 38, 29, 1, 26.82%, 0, 11, 4, 1.09, 143555, 372
83810, 3, 7, 38, 29, 1, 26.82%, 0, 11, 4, 1.09, 143561, 372
83815, 3, 7, 38, 29, 1, 26.82%, 0, 11, 4, 1.09, 143567, 372
83821, 3, 7, 38, 29, 1, 26.82%, 0, 11, 4, 1.09, 143573, 372
83826, 3, 7, 38, 29, 1, 26.82%, 0, 11, 4, 1.09, 143579, 372
83832, 3, 7, 38, 29, 1, 26.82%, 0, 11, 4, 1.09, 143585, 372
83837, 3, 7, 38, 29, 1, 26.82%, 0, 11, 4, 1.09, 143591, 372
83843, 3, 7, 38, 29, 1, 26.82%, 0, 11, 4, 1.09, 143597, 372
83848, 3, 7, 38, 29, 1, 26.82%, 0, 11, 4, 1.09, 143603, 372
83854, 3, 7, 38, 29, 1, 26.82%, 0, 11, 4, 1.09, 143609, 372
83859, 3, 7, 38, 29, 1, 26.82%, 0, 11, 4, 1.09, 143615, 372
83865, 3, 7, 38, 29, 1, 26.82%, 0, 11, 4, 1.09, 143621, 372
83870, 3, 7, 38, 29, 1, 26.82%, 0, 11, 4, 1.09, 143627, 372
83876, 3, 7, 38, 29, 1, 26.82%, 0, 11, 4, 1.09, 143633, 372
83881, 3, 7, 38, 29, 1, 26.82%, 0, 11, 4, 1.09, 143639, 372
83887, 3, 7, 38, 29, 1, 26.82%, 0, 11, 4, 1.09, 143645, 372
83892, 3, 7, 38, 29, 1, 26.82%, 0, 11, 4, 1.09, 143651, 372
83898, 3, 7, 38, 29, 1, 26.82%, 0, 11, 4, 1.09, 143657, 372
83903, 3, 7, 38, 29, 1, 26.82%, 0, 11, 4, 1.09, 143663, 372
83909, 3, 7, 38, 29, 1, 26.82%, 0, 11, 4, 1.09, 143669, 372
83914, 3, 7, 38, 29, 1, 26.82%, 0, 11, 4, 1.09, 143675, 372
83920, 3, 7, 38, 29, 1, 26.82%, 0, 11, 4, 1.09, 143681, 372
83925, 3, 7, 38, 29, 1, 26.82%, 0, 11, 4, 1.09, 143687, 372
83931, 3, 7, 38, 29, 1, 26.82%, 0, 11, 4, 1.09, 143693, 372
83936, 3, 7, 38, 29, 1, 26.82%, 0, 11, 4, 1.09, 143699, 372
83942, 3, 7, 38, 29, 1, 26.82%, 0, 11, 4, 1.09, 143705, 372
83947, 3, 7, 38, 29, 1, 26.82%, 0, 11, 4, 1.09, 143711, 372
83953, 3, 7, 38, 29, 1, 26.82%, 0, 11, 4, 1.09, 143717, 372
83958, 3, 7, 38, 29, 1, 26.82%, 0, 11, 4, 1.09, 143723, 372
83964, 3, 7, 38, 29, 1, 26.82%, 0, 11, 4, 1.09, 143729, 372
83969, 3, 7, 38, 29, 1, 26.82%, 0, 11, 4, 1.09, 143735, 372
83974, 3, 7, 38, 29, 1, 26.82%, 0, 11, 4, 1.09, 143741, 372
83980, 3, 7, 38, 29, 1, 26.82%, 0, 11, 4, 1.09, 143747, 372
83985, 3, 7, 38, 29, 1, 26.82%, 0, 11, 4, 1.09, 143753, 372
83991, 3, 7, 38, 29, 1, 26.82%, 0, 11, 4, 1.09, 143759, 372
83996, 3, 7, 38, 29, 1, 26.82%, 0, 11, 4, 1.09, 143765, 372
84002, 3, 7, 38, 29, 1, 26.82%, 0, 11, 4, 1.09, 143771, 372
84007, 3, 7, 38, 29, 1, 26.82%, 0, 11, 4, 1.09, 143777, 372
84013, 3, 7, 38, 29, 1, 26.82%, 0, 11, 4, 1.09, 143783, 372
84018, 3, 7, 38, 29, 1, 26.82%, 0, 11, 4, 1.09, 143789, 372
84024, 3, 7, 38, 29, 1, 26.82%, 0, 11, 4, 1.09, 143795, 372
84029, 3, 7, 38, 29, 1, 26.82%, 0, 11, 4, 1.09, 143801, 372
84035, 3, 7, 38, 29, 1, 26.82%, 0, 11, 4, 1.09, 143807, 372
84040, 3, 7, 38, 29, 1, 26.82%, 0, 11, 4, 1.09, 143813, 372
84046, 3, 7, 38, 29, 1, 26.82%, 0, 11, 4, 1.09, 143819, 372
84051, 3, 7, 38, 29, 1, 26.82%, 0, 11, 4, 1.09, 143825, 372
84057, 3, 7, 38, 29, 1, 26.82%, 0, 11, 4, 1.09, 143831, 372
84062, 3, 7, 38, 29, 1, 26.82%, 0, 11, 4, 1.09, 143837, 372
84068, 3, 7, 38, 29, 1, 26.82%, 0, 11, 4, 1.09, 143843, 372
84073, 3, 7, 38, 29, 1, 26.82%, 0, 11, 4, 1.09, 143849, 372
84079, 3, 7, 38, 29, 1, 26.82%, 0, 11, 4, 1.09, 143855, 372
84084, 3, 7, 38, 29, 1, 26.82%, 0, 11, 4, 1.09, 143861, 372
84090, 3, 7, 38, 29, 1, 26.82%, 0, 11, 4, 1.09, 143867, 372
84095, 3, 7, 38, 29, 1, 26.82%, 0, 11, 4, 1.09, 143873, 372
84101, 3, 7, 38, 29, 1, 26.82%, 0, 11, 4, 1.09, 143879, 372
84106, 3, 7, 38, 29, 1, 26.82%, 0, 11, 4, 1.09, 143885, 372
84112, 3, 7, 38, 29, 1, 26.82%, 0, 11, 4, 1.09, 143891, 372
84117, 3, 7, 38, 29, 1, 26.82%, 0, 11, 4, 1.09, 143897, 372
84123, 3, 7, 38, 29, 1, 26.82%, 0, 11, 4, 1.09, 143903, 372
84128, 3, 7, 38, 29, 1, 26.82%, 0, 11, 4, 1.09, 143909, 372
84134, 3, 7, 38, 29, 1, 26.82%, 0, 11, 4, 1.09, 143915, 372
84139, 3, 7, 38, 29, 1, 26.82%, 0, 11, 4, 1.09, 143921, 372
84144, 3, 7, 38, 29, 1, 26.82%, 0, 11, 4, 1.09, 143927, 372
84150, 3, 7, 38, 29, 1, 26.82%, 0, 11, 4, 1.09, 143933, 372
84155, 3, 7, 38, 29, 1, 26.82%, 0, 11, 4, 1.09, 143939, 372
84161, 3, 7, 38, 29, 1, 26.82%, 0, 11, 4, 1.09, 143945, 372
84166, 3, 7, 38, 29, 1, 26.82%, 0, 11, 4, 1.09, 143951, 372
84172, 3, 7, 38, 29, 1, 26.82%, 0, 11, 4, 1.09, 143957, 372
84177, 3, 7, 38, 29, 1, 26.82%, 0, 11, 4, 1.09, 143963, 372
84183, 3, 7, 38, 29, 1, 26.82%, 0, 11, 4, 1.09, 143969, 372
84188, 3, 7, 38, 29, 1, 26.82%, 0, 11, 4, 1.09, 143975, 372
84194, 3, 7, 38, 29, 1, 26.82%, 0, 11, 4, 1.09, 143981, 372
84199, 3, 7, 38, 29, 1, 26.82%, 0, 11, 4, 1.09, 143987, 372
84205, 3, 7, 38, 29, 1, 26.82%, 0, 11, 4, 1.09, 143993, 372
84210, 3, 7, 38, 29, 1, 26.82%, 0, 11, 4, 1.09, 143999, 372
84216, 3, 7, 38, 29, 1, 26.82%, 0, 11, 4, 1.09, 144005, 372
84221, 3, 7, 38, 29, 1, 26.82%, 0, 11, 4, 1.09, 144011, 372
84227, 3, 7, 38, 29, 1, 26.82%, 0, 11, 4, 1.09, 144017, 372
84232, 3, 7, 38, 29, 1, 26.82%, 0, 11, 4, 1.09, 144023, 372
84238, 3, 7, 38, 29, 1, 26.82%, 0, 11, 4, 1.09, 144029, 372
84243, 3, 7, 38, 29, 1, 26.82%, 0, 11, 4, 1.09, 144035, 372
84249, 3, 7, 38, 29, 1, 26.82%, 0, 11, 4, 1.09, 144041, 372
84254, 3, 7, 38, 29, 1, 26.82%, 0, 11, 4, 1.09, 144047, 372
84260, 3, 7, 38, 29, 1, 26.82%, 0, 11, 4, 1.09, 144053, 372
84265, 3, 7, 38, 29, 1, 26.82%, 0, 11, 4, 1.09, 144059, 372
84271, 3, 7, 38, 29, 1, 26.82%, 0, 11, 4, 1.09, 144065, 372
84276, 3, 7, 38, 29, 1, 26.82%, 0, 11, 4, 1.09, 144071, 372
84282, 3, 7, 38, 29, 1, 26.82%, 0, 11, 4, 1.09, 144077, 372
84287, 3, 7, 38, 29, 1, 26.82%, 0, 11, 4, 1.09, 144083, 372
84293, 3, 7, 38, 29, 1, 26.82%, 0, 11, 4, 1.09, 144089, 372
84298, 3, 7, 38, 29, 1, 26.82%, 0, 11, 4, 1.09, 144095, 372
84304, 3, 7, 38, 29, 1, 26.82%, 0, 11, 4, 1.09, 144101, 372
84309, 3, 7, 38, 29, 1, 26.82%, 0, 11, 4, 1.09, 144107, 372
84314, 3, 7, 38, 29, 1, 26.82%, 0, 11, 4, 1.09, 144113, 372
84320, 3, 7, 38, 29, 1, 26.82%, 0, 11, 4, 1.09, 144119, 372
84325, 3, 7, 38, 29, 1, 26.82%, 0, 11, 4, 1.09, 144125, 372
84331, 3, 7, 38, 29, 1, 26.82%, 0, 11, 4, 1.09, 144131, 372
84336, 3, 7, 38, 29, 1, 26.82%, 0, 11, 4, 1.09, 144137, 372
84342, 3, 7, 38, 29, 1, 26.82%, 0, 11, 4, 1.09, 144143, 372
84347, 3, 7, 38, 29, 1, 26.82%, 0, 11, 4, 1.09, 144149, 372
84353, 3, 7, 38, 29, 1, 26.82%, 0, 11, 4, 1.09, 144155, 372
84358, 3, 7, 38, 29, 1, 26.82%, 0, 11, 4, 1.09, 144161, 372
84364, 3, 7, 38, 29, 1, 26.82%, 0, 11, 4, 1.09, 144167, 372
84369, 3, 7, 38, 29, 1, 26.82%, 0, 11, 4, 1.09, 144173, 372
84375, 3, 7, 38, 29, 1, 26.82%, 0, 11, 4, 1.09, 144179, 372
84380, 3, 7, 38, 29, 1, 26.82%, 0, 11, 4, 1.09, 144185, 372
84386, 3, 7, 38, 29, 1, 26.82%, 0, 11, 4, 1.09, 144191, 372
84391, 3, 7, 38, 29, 1, 26.82%, 0, 11, 4, 1.09, 144197, 372
84397, 3, 7, 38, 29, 1, 26.82%, 0, 11, 4, 1.09, 144203, 372
84402, 3, 7, 38, 29, 1, 26.82%, 0, 11, 4, 1.09, 144209, 372
84408, 3, 7, 38, 29, 1, 26.82%, 0, 11, 4, 1.09, 144215, 372
84413, 3, 7, 38, 29, 1, 26.82%, 0, 11, 4, 1.09, 144221, 372
84419, 3, 7, 38, 29, 1, 26.82%, 0, 11, 4, 1.09, 144227, 372
84424, 3, 7, 38, 29, 1, 26.82%, 0, 11, 4, 1.09, 144233, 372
84430, 3, 7, 38, 29, 1, 26.82%, 0, 11, 4, 1.09, 144239, 372
84435, 3, 7, 38, 29, 1, 26.82%, 0, 11, 4, 1.09, 144245, 372
84441, 3, 7, 38, 29, 1, 26.82%, 0, 11, 4, 1.09, 144251, 372
84446, 3, 7, 38, 29, 1, 26.82%, 0, 11, 4, 1.09, 144257, 372
84452, 3, 7, 38, 29, 1, 26.82%, 0, 11, 4, 1.09, 144263, 372
84457, 3, 7, 38, 29, 1, 26.82%, 0, 11, 4, 1.09, 144269, 372
84463, 3, 7, 38, 29, 1, 26.82%, 0, 11, 4, 1.09, 144275, 372
84468, 3, 7, 38, 29, 1, 26.82%, 0, 11, 4, 1.09, 144281, 372
84474, 3, 7, 38, 29, 1, 26.82%, 0, 11, 4, 1.09, 144287, 372
84479, 3, 7, 38, 29, 1, 26.82%, 0, 11, 4, 1.09, 144293, 372
84484, 3, 7, 38, 29, 1, 26.82%, 0, 11, 4, 1.09, 144299, 372
84490, 3, 7, 38, 29, 1, 26.82%, 0, 11, 4, 1.09, 144305, 372
84495, 3, 7, 38, 29, 1, 26.82%, 0, 11, 4, 1.09, 144311, 372
84501, 3, 7, 38, 29, 1, 26.82%, 0, 11, 4, 1.09, 144317, 372
84506, 3, 7, 38, 29, 1, 26.82%, 0, 11, 4, 1.09, 144323, 372
84512, 3, 7, 38, 29, 1, 26.82%, 0, 11, 4, 1.09, 144329, 372
84517, 3, 7, 38, 29, 1, 26.82%, 0, 11, 4, 1.09, 144335, 372
84523, 3, 7, 38, 29, 1, 26.82%, 0, 11, 4, 1.09, 144341, 372
84528, 3, 7, 38, 29, 1, 26.82%, 0, 11, 4, 1.09, 144347, 372
84534, 3, 7, 38, 29, 1, 26.82%, 0, 11, 4, 1.09, 144353, 372
84539, 3, 7, 38, 29, 1, 26.82%, 0, 11, 4, 1.09, 144359, 372
84545, 3, 7, 38, 29, 1, 26.82%, 0, 11, 4, 1.09, 144365, 372
84550, 3, 7, 38, 29, 1, 26.82%, 0, 11, 4, 1.09, 144371, 372
84556, 3, 7, 38, 29, 1, 26.82%, 0, 11, 4, 1.09, 144377, 372
84561, 3, 7, 38, 29, 1, 26.82%, 0, 11, 4, 1.09, 144383, 372
84567, 3, 7, 38, 29, 1, 26.82%, 0, 11, 4, 1.09, 144389, 372
84572, 3, 7, 38, 29, 1, 26.82%, 0, 11, 4, 1.09, 144395, 372
84578, 3, 7, 38, 29, 1, 26.82%, 0, 11, 4, 1.09, 144401, 372
84583, 3, 7, 38, 29, 1, 26.82%, 0, 11, 4, 1.09, 144407, 372
84589, 3, 7, 38, 29, 1, 26.82%, 0, 11, 4, 1.09, 144413, 372
84594, 3, 7, 38, 29, 1, 26.82%, 0, 11, 4, 1.09, 144419, 372
84600, 3, 7, 38, 29, 1, 26.82%, 0, 11, 4, 1.09, 144425, 372
84605, 3, 7, 38, 29, 1, 26.82%, 0, 11, 4, 1.09, 144431, 372
84611, 3, 7, 38, 29, 1, 26.82%, 0, 11, 4, 1.09, 144437, 372
84616, 3, 7, 38, 29, 1, 26.82%, 0, 11, 4, 1.09, 144443, 372
84622, 3, 7, 38, 29, 1, 26.82%, 0, 11, 4, 1.09, 144449, 372
84627, 3, 7, 38, 29, 1, 26.82%, 0, 11, 4, 1.09, 144455, 372
84633, 3, 7, 38, 29, 1, 26.82%, 0, 11, 4, 1.09, 144461, 372
84638, 3, 7, 38, 29, 1, 26.82%, 0, 11, 4, 1.09, 144467, 372
84644, 3, 7, 38, 29, 1, 26.82%, 0, 11, 4, 1.09, 144473, 372
84649, 3, 7, 38, 29, 1, 26.82%, 0, 11, 4, 1.09, 144479, 372
84654, 3, 7, 38, 29, 1, 26.82%, 0, 11, 4, 1.09, 144485, 372
84660, 3, 7, 38, 29, 1, 26.82%, 0, 11, 4, 1.09, 144491, 372
84665, 3, 7, 38, 29, 1, 26.82%, 0, 11, 4, 1.09, 144497, 372
84671, 3, 7, 38, 29, 1, 26.82%, 0, 11, 4, 1.09, 144503, 372
84676, 3, 7, 38, 29, 1, 26.82%, 0, 11, 4, 1.09, 144509, 372
84682, 3, 7, 38, 29, 1, 26.82%, 0, 11, 4, 1.09, 144515, 372
84687, 3, 7, 38, 29, 1, 26.82%, 0, 11, 4, 1.09, 144521, 372
84693, 3, 7, 38, 29, 1, 26.82%, 0, 11, 4, 1.09, 144527, 372
84698, 3, 7, 38, 29, 1, 26.82%, 0, 11, 4, 1.09, 144533, 372
84704, 3, 7, 38, 29, 1, 26.82%, 0, 11, 4, 1.09, 144539, 372
84709, 3, 7, 38, 29, 1, 26.82%, 0, 11, 4, 1.09, 144545, 372
84715, 3, 7, 38, 29, 1, 26.82%, 0, 11, 4, 1.09, 144551, 372
84720, 3, 7, 38, 29, 1, 26.82%, 0, 11, 4, 1.09, 144557, 372
84726, 3, 7, 38, 29, 1, 26.82%, 0, 11, 4, 1.09, 144563, 372
84731, 3, 7, 38, 29, 1, 26.82%, 0, 11, 4, 1.09, 144569, 372
84737, 3, 7, 38, 29, 1, 26.82%, 0, 11, 4, 1.09, 144575, 372
84742, 3, 7, 38, 29, 1, 26.82%, 0, 11, 4, 1.09, 144581, 372
84748, 3, 7, 38, 29, 1, 26.82%, 0, 11, 4, 1.09, 144587, 372
84753, 3, 7, 38, 29, 1, 26.82%, 0, 11, 4, 1.09, 144593, 372
84759, 3, 7, 38, 29, 1, 26.82%, 0, 11, 4, 1.09, 144599, 372
84764, 3, 7, 38, 29, 1, 26.82%, 0, 11, 4, 1.09, 144605, 372
84770, 3, 7, 38, 29, 1, 26.82%, 0, 11, 4, 1.09, 144611, 372
84775, 3, 7, 38, 29, 1, 26.82%, 0, 11, 4, 1.09, 144617, 372
84781, 3, 7, 38, 29, 1, 26.82%, 0, 11, 4, 1.09, 144623, 372
84786, 3, 7, 38, 29, 1, 26.82%, 0, 11, 4, 1.09, 144629, 372
84792, 3, 7, 38, 29, 1, 26.82%, 0, 11, 4, 1.09, 144635, 372
84797, 3, 7, 38, 29, 1, 26.82%, 0, 11, 4, 1.09, 144641, 372
84803, 3, 7, 38, 29, 1, 26.82%, 0, 11, 4, 1.09, 144647, 372
84808, 3, 7, 38, 29, 1, 26.82%, 0, 11, 4, 1.09, 144653, 372
84814, 3, 7, 38, 29, 1, 26.82%, 0, 11, 4, 1.09, 144659, 372
84819, 3, 7, 38, 29, 1, 26.82%, 0, 11, 4, 1.09, 144665, 372
84824, 3, 7, 38, 29, 1, 26.82%, 0, 11, 4, 1.09, 144671, 372
84830, 3, 7, 38, 29, 1, 26.82%, 0, 11, 4, 1.09, 144677, 372
84835, 3, 7, 38, 29, 1, 26.82%, 0, 11, 4, 1.09, 144683, 372
84841, 3, 7, 38, 29, 1, 26.82%, 0, 11, 4, 1.09, 144689, 372
84846, 3, 7, 38, 29, 1, 26.82%, 0, 11, 4, 1.09, 144695, 372
84852, 3, 7, 38, 29, 1, 26.82%, 0, 11, 4, 1.09, 144701, 372
84857, 3, 7, 38, 29, 1, 26.82%, 0, 11, 4, 1.09, 144707, 372
84863, 3, 7, 38, 29, 1, 26.82%, 0, 11, 4, 1.09, 144713, 372
84868, 3, 7, 38, 29, 1, 26.82%, 0, 11, 4, 1.09, 144719, 372
84874, 3, 7, 38, 29, 1, 26.82%, 0, 11, 4, 1.09, 144725, 372
84879, 3, 7, 38, 29, 1, 26.82%, 0, 11, 4, 1.09, 144731, 372
84885, 3, 7, 38, 29, 1, 26.82%, 0, 11, 4, 1.09, 144737, 372
84890, 3, 7, 38, 29, 1, 26.82%, 0, 11, 4, 1.09, 144743, 372
84896, 3, 7, 38, 29, 1, 26.82%, 0, 11, 4, 1.09, 144749, 372
84901, 3, 7, 38, 29, 1, 26.82%, 0, 11, 4, 1.09, 144755, 372
84907, 3, 7, 38, 29, 1, 26.82%, 0, 11, 4, 1.09, 144761, 372
84912, 3, 7, 38, 29, 1, 26.82%, 0, 11, 4, 1.09, 144767, 372
84918, 3, 7, 38, 29, 1, 26.82%, 0, 11, 4, 1.09, 144773, 372
84923, 3, 7, 38, 29, 1, 26.82%, 0, 11, 4, 1.09, 144779, 372
84929, 3, 7, 38, 29, 1, 26.82%, 0, 11, 4, 1.09, 144785, 372
84934, 3, 7, 38, 29, 1, 26.82%, 0, 11, 4, 1.09, 144791, 372
84940, 3, 7, 38, 29, 1, 26.82%, 0, 11, 4, 1.09, 144797, 372
84945, 3, 7, 38, 29, 1, 26.82%, 0, 11, 4, 1.09, 144803, 372
84951, 3, 7, 38, 29, 1, 26.82%, 0, 11, 4, 1.09, 144809, 372
84956, 3, 7, 38, 29, 1, 26.82%, 0, 11, 4, 1.09, 144815, 372
84962, 3, 7, 38, 29, 1, 26.82%, 0, 11, 4, 1.09, 144821, 372
84967, 3, 7, 38, 29, 1, 26.82%, 0, 11, 4, 1.09, 144827, 372
84973, 3, 7, 38, 29, 1, 26.82%, 0, 11, 4, 1.09, 144833, 372
84978, 3, 7, 38, 29, 1, 26.82%, 0, 11, 4, 1.09, 144839, 372
84984, 3, 7, 38, 29, 1, 26.82%, 0, 11, 4, 1.09, 144845, 372
84989, 3, 7, 38, 29, 1, 26.82%, 0, 11, 4, 1.09, 144851, 372
84995, 3, 7, 38, 29, 1, 26.82%, 0, 11, 4, 1.09, 144857, 372
85000, 3, 7, 38, 29, 1, 26.82%, 0, 11, 4, 1.09, 144863, 372
85005, 3, 7, 38, 29, 1, 26.82%, 0, 11, 4, 1.09, 144869, 372
85011, 3, 7, 38, 29, 1, 26.82%, 0, 11, 4, 1.09, 144875, 372
85016, 3, 7, 38, 29, 1, 26.82%, 0, 11, 4, 1.09, 144881, 372
85022, 3, 7, 38, 29, 1, 26.82%, 0, 11, 4, 1.09, 144887, 372
85027, 3, 7, 38, 29, 1, 26.82%, 0, 11, 4, 1.09, 144893, 372
85033, 3, 7, 38, 29, 1, 26.82%, 0, 11, 4, 1.09, 144899, 372
85038, 3, 7, 38, 29, 1, 26.82%, 0, 11, 4, 1.09, 144905, 372
85044, 3, 7, 38, 29, 1, 26.82%, 0, 11, 4, 1.09, 144911, 372
85049, 3, 7, 38, 29, 1, 26.82%, 0, 11, 4, 1.09, 144917, 372
85055, 3, 7, 38, 29, 1, 26.82%, 0, 11, 4, 1.09, 144923, 372
85060, 3, 7, 38, 29, 1, 26.82%, 0, 11, 4, 1.09, 144929, 372
85066, 3, 7, 38, 29, 1, 26.82%, 0, 11, 4, 1.09, 144935, 372
85071, 3, 7, 38, 29, 1, 26.82%, 0, 11, 4, 1.09, 144941, 372
85077, 3, 7, 38, 29, 1, 26.82%, 0, 11, 4, 1.09, 144947, 372
85082, 3, 7, 38, 29, 1, 26.82%, 0, 11, 4, 1.09, 144953, 372
85088, 3, 7, 38, 29, 1, 26.82%, 0, 11, 4, 1.09, 144959, 372
85093, 3, 7, 38, 29, 1, 26.82%, 0, 11, 4, 1.09, 144965, 372
85099, 3, 7, 38, 29, 1, 26.82%, 0, 11, 4, 1.09, 144971, 372
85104, 3, 7, 38, 29, 1, 26.82%, 0, 11, 4, 1.09, 144977, 372
85110, 3, 7, 38, 29, 1, 26.82%, 0, 11, 4, 1.09, 144983, 372
85115, 3, 7, 38, 29, 1, 26.82%, 0, 11, 4, 1.09, 144989, 372
85121, 3, 7, 38, 29, 1, 26.82%, 0, 11, 4, 1.09, 144995, 372
85126, 3, 7, 38, 29, 1, 26.82%, 0, 11, 4, 1.09, 145001, 372
85132, 3, 7, 38, 29, 1, 26.82%, 0, 11, 4, 1.09, 145007, 372
85137, 3, 7, 38, 29, 1, 26.82%, 0, 11, 4, 1.09, 145013, 372
85143, 3, 7, 38, 29, 1, 26.82%, 0, 11, 4, 1.09, 145019, 372
85148, 3, 7, 38, 29, 1, 26.82%, 0, 11, 4, 1.09, 145025, 372
85154, 3, 7, 38, 29, 1, 26.82%, 0, 11, 4, 1.09, 145031, 372
85159, 3, 7, 38, 29, 1, 26.82%, 0, 11, 4, 1.09, 145037, 372
85165, 3, 7, 38, 29, 1, 26.82%, 0, 11, 4, 1.09, 145043, 372
85170, 3, 7, 38, 29, 1, 26.82%, 0, 11, 4, 1.09, 145049, 372
85176, 3, 7, 38, 29, 1, 26.82%, 0, 11, 4, 1.09, 145055, 372
85181, 3, 7, 38, 29, 1, 26.82%, 0, 11, 4, 1.09, 145061, 372
85186, 3, 7, 38, 29, 1, 26.82%, 0, 11, 4, 1.09, 145067, 372
85192, 3, 7, 38, 29, 1, 26.82%, 0, 11, 4, 1.09, 145073, 372
85197, 3, 7, 38, 29, 1, 26.82%, 0, 11, 4, 1.09, 145079, 372
85203, 3, 7, 38, 29, 1, 26.82%, 0, 11, 4, 1.09, 145085, 372
85208, 3, 7, 38, 29, 1, 26.82%, 0, 11, 4, 1.09, 145091, 372
85214, 3, 7, 38, 29, 1, 26.82%, 0, 11, 4, 1.09, 145097, 372
85219, 3, 7, 38, 29, 1, 26.82%, 0, 11, 4, 1.09, 145103, 372
85225, 3, 7, 38, 29, 1, 26.82%, 0, 11, 4, 1.09, 145109, 372
85230, 3, 7, 38, 29, 1, 26.82%, 0, 11, 4, 1.09, 145115, 372
85236, 3, 7, 38, 29, 1, 26.82%, 0, 11, 4, 1.09, 145121, 372
85241, 3, 7, 38, 29, 1, 26.82%, 0, 11, 4, 1.09, 145127, 372
85247, 3, 7, 38, 29, 1, 26.82%, 0, 11, 4, 1.09, 145133, 372
85252, 3, 7, 38, 29, 1, 26.82%, 0, 11, 4, 1.09, 145139, 372
85258, 3, 7, 38, 29, 1, 26.82%, 0, 11, 4, 1.09, 145145, 372
85263, 3, 7, 38, 29, 1, 26.82%, 0, 11, 4, 1.09, 145151, 372
85269, 3, 7, 38, 29, 1, 26.82%, 0, 11, 4, 1.09, 145157, 372
85274, 3, 7, 38, 29, 1, 26.82%, 0, 11, 4, 1.09, 145163, 372
85280, 3, 7, 38, 29, 1, 26.82%, 0, 11, 4, 1.09, 145169, 372
85285, 3, 7, 38, 29, 1, 26.82%, 0, 11, 4, 1.09, 145175, 372
85291, 3, 7, 38, 29, 1, 26.82%, 0, 11, 4, 1.09, 145181, 372
85296, 3, 7, 38, 29, 1, 26.82%, 0, 11, 4, 1.09, 145187, 372
85302, 3, 7, 38, 29, 1, 26.82%, 0, 11, 4, 1.09, 145193, 372
85307, 3, 7, 38, 29, 1, 26.82%, 0, 11, 4, 1.09, 145199, 372
85313, 3, 7, 38, 29, 1, 26.82%, 0, 11, 4, 1.09, 145205, 372
85318, 3, 7, 38, 29, 1, 26.82%, 0, 11, 4, 1.09, 145211, 372
85324, 3, 7, 38, 29, 1, 26.82%, 0, 11, 4, 1.09, 145217, 372
85329, 3, 7, 38, 29, 1, 26.82%, 0, 11, 4, 1.09, 145223, 372
85335, 3, 7, 38, 29, 1, 26.82%, 0, 11, 4, 1.09, 145229, 372
85340, 3, 7, 38, 29, 1, 26.82%, 0, 11, 4, 1.09, 145235, 372
85346, 3, 7, 38, 29, 1, 26.82%, 0, 11, 4, 1.09, 145241, 372
85351, 3, 7, 38, 29, 1, 26.82%, 0, 11, 4, 1.09, 145247, 372
85356, 3, 7, 38, 29, 1, 26.82%, 0, 11, 4, 1.09, 145253, 372
85362, 3, 7, 38, 29, 1, 26.82%, 0, 11, 4, 1.09, 145259, 372
85367, 3, 7, 38, 29, 1, 26.82%, 0, 11, 4, 1.09, 145265, 372
85373, 3, 7, 38, 29, 1, 26.82%, 0, 11, 4, 1.09, 145271, 372
85378, 3, 7, 38, 29, 1, 26.82%, 0, 11, 4, 1.09, 145277, 372
85384, 3, 7, 38, 29, 1, 26.82%, 0, 11, 4, 1.09, 145283, 372
85389, 3, 7, 38, 29, 1, 26.82%, 0, 11, 4, 1.09, 145289, 372
85395, 3, 7, 38, 29, 1, 26.82%, 0, 11, 4, 1.09, 145295, 372
85400, 3, 7, 38, 29, 1, 26.82%, 0, 11, 4, 1.09, 145301, 372
85406, 3, 7, 38, 29, 1, 26.82%, 0, 11, 4, 1.09, 145307, 372
85411, 3, 7, 38, 29, 1, 26.82%, 0, 11, 4, 1.09, 145313, 372
85417, 3, 7, 38, 29, 1, 26.82%, 0, 11, 4, 1.09, 145319, 372
85422, 3, 7, 38, 29, 1, 26.82%, 0, 11, 4, 1.09, 145325, 372
85428, 3, 7, 38, 29, 1, 26.82%, 0, 11, 4, 1.09, 145331, 372
85433, 3, 7, 38, 29, 1, 26.82%, 0, 11, 4, 1.09, 145337, 372
85439, 3, 7, 38, 29, 1, 26.82%, 0, 11, 4, 1.09, 145343, 372
85444, 3, 7, 38, 29, 1, 26.82%, 0, 11, 4, 1.09, 145349, 372
85450, 3, 7, 38, 29, 1, 26.82%, 0, 11, 4, 1.09, 145355, 372
85455, 3, 7, 38, 29, 1, 26.82%, 0, 11, 4, 1.09, 145361, 372
85461, 3, 7, 38, 29, 1, 26.82%, 0, 11, 4, 1.09, 145367, 372
85466, 3, 7, 38, 29, 1, 26.82%, 0, 11, 4, 1.09, 145373, 372
85472, 3, 7, 38, 29, 1, 26.82%, 0, 11, 4, 1.09, 145379, 372
85477, 3, 7, 38, 29, 1, 26.82%, 0, 11, 4, 1.09, 145385, 372
85483, 3, 7, 38, 29, 1, 26.82%, 0, 11, 4, 1.09, 145391, 372
85488, 3, 7, 38, 29, 1, 26.82%, 0, 11, 4, 1.09, 145397, 372
85494, 3, 7, 38, 29, 1, 26.82%, 0, 11, 4, 1.09, 145403, 372
85499, 3, 7, 38, 29, 1, 26.82%, 0, 11, 4, 1.09, 145409, 372
85505, 3, 7, 38, 29, 1, 26.82%, 0, 11, 4, 1.09, 145415, 372
85510, 3, 7, 38, 29, 1, 26.82%, 0, 11, 4, 1.09, 145421, 372
85516, 3, 7, 38, 29, 1, 26.82%, 0, 11, 4, 1.09, 145427, 372
85521, 3, 7, 38, 29, 1, 26.82%, 0, 11, 4, 1.09, 145433, 372
85526, 3, 7, 38, 29, 1, 26.82%, 0, 11, 4, 1.09, 145439, 372
85532, 3, 7, 38, 29, 1, 26.82%, 0, 11, 4, 1.09, 145445, 372
85537, 3, 7, 38, 29, 1, 26.82%, 0, 11, 4, 1.09, 145451, 372
85543, 3, 7, 38, 29, 1, 26.82%, 0, 11, 4, 1.09, 145457, 372
85548, 3, 7, 38, 29, 1, 26.82%, 0, 11, 4, 1.09, 145463, 372
85554, 3, 7, 38, 29, 1, 26.82%, 0, 11, 4, 1.09, 145469, 372
85559, 3, 7, 38, 29, 1, 26.82%, 0, 11, 4, 1.09, 145475, 372
85565, 3, 7, 38, 29, 1, 26.82%, 0, 11, 4, 1.09, 145481, 372
85570, 3, 7, 38, 29, 1, 26.82%, 0, 11, 4, 1.09, 145487, 372
85576, 3, 7, 38, 29, 1, 26.82%, 0, 11, 4, 1.09, 145493, 372
85581, 3, 7, 38, 29, 1, 26.82%, 0, 11, 4, 1.09, 145499, 372
85587, 3, 7, 38, 29, 1, 26.82%, 0, 11, 4, 1.09, 145505, 372
85592, 3, 7, 38, 29, 1, 26.82%, 0, 11, 4, 1.09, 145511, 372
85598, 3, 7, 38, 29, 1, 26.82%, 0, 11, 4, 1.09, 145517, 372
85603, 3, 7, 38, 29, 1, 26.82%, 0, 11, 4, 1.09, 145523, 372
85609, 3, 7, 38, 29, 1, 26.82%, 0, 11, 4, 1.09, 145529, 372
85614, 3, 7, 38, 29, 1, 26.82%, 0, 11, 4, 1.09, 145535, 372
85620, 3, 7, 38, 29, 1, 26.82%, 0, 11, 4, 1.09, 145541, 372
85625, 3, 7, 38, 29, 1, 26.82%, 0, 11, 4, 1.09, 145547, 372
85631, 3, 7, 38, 29, 1, 26.82%, 0, 11, 4, 1.09, 145553, 372
85636, 3, 7, 38, 29, 1, 26.82%, 0, 11, 4, 1.09, 145559, 372
85642, 3, 7, 38, 29, 1, 26.82%, 0, 11, 4, 1.09, 145565, 372
85647, 3, 7, 38, 29, 1, 26.82%, 0, 11, 4, 1.09, 145571, 372
85653, 3, 7, 38, 29, 1, 26.82%, 0, 11, 4, 1.09, 145577, 372
85658, 3, 7, 38, 29, 1, 26.82%, 0, 11, 4, 1.09, 145583, 372
85664, 3, 7, 38, 29, 1, 26.82%, 0, 11, 4, 1.09, 145589, 372
85669, 3, 7, 38, 29, 1, 26.82%, 0, 11, 4, 1.09, 145595, 372
85675, 3, 7, 38, 29, 1, 26.82%, 0, 11, 4, 1.09, 145601, 372
85680, 3, 7, 38, 29, 1, 26.82%, 0, 11, 4, 1.09, 145607, 372
85685, 3, 7, 38, 29, 1, 26.82%, 0, 11, 4, 1.09, 145613, 372
85691, 3, 7, 38, 29, 1, 26.82%, 0, 11, 4, 1.09, 145619, 372
85696, 3, 7, 38, 29, 1, 26.82%, 0, 11, 4, 1.09, 145625, 372
85702, 3, 7, 38, 29, 1, 26.82%, 0, 11, 4, 1.09, 145631, 372
85707, 3, 7, 38, 29, 1, 26.82%, 0, 11, 4, 1.09, 145637, 372
85713, 3, 7, 38, 29, 1, 26.82%, 0, 11, 4, 1.09, 145643, 372
85718, 3, 7, 38, 29, 1, 26.82%, 0, 11, 4, 1.09, 145649, 372
85724, 3, 7, 38, 29, 1, 26.82%, 0, 11, 4, 1.09, 145655, 372
85729, 3, 7, 38, 29, 1, 26.82%, 0, 11, 4, 1.09, 145661, 372
85735, 3, 7, 38, 29, 1, 26.82%, 0, 11, 4, 1.09, 145667, 372
85740, 3, 7, 38, 29, 1, 26.82%, 0, 11, 4, 1.09, 145673, 372
85746, 3, 7, 38, 29, 1, 26.82%, 0, 11, 4, 1.09, 145679, 372
85751, 3, 7, 38, 29, 1, 26.82%, 0, 11, 4, 1.09, 145685, 372
85757, 3, 7, 38, 29, 1, 26.82%, 0, 11, 4, 1.09, 145691, 372
85762, 3, 7, 38, 29, 1, 26.82%, 0, 11, 4, 1.09, 145697, 372
85768, 3, 7, 38, 29, 1, 26.82%, 0, 11, 4, 1.09, 145703, 372
85773, 3, 7, 38, 29, 1, 26.82%, 0, 11, 4, 1.09, 145709, 372
85779, 3, 7, 38, 29, 1, 26.82%, 0, 11, 4, 1.09, 145715, 372
85784, 3, 7, 38, 29, 1, 26.82%, 0, 11, 4, 1.09, 145721, 372
85790, 3, 7, 38, 29, 1, 26.82%, 0, 11, 4, 1.09, 145727, 372
85795, 3, 7, 38, 29, 1, 26.82%, 0, 11, 4, 1.09, 145733, 372
85801, 3, 7, 38, 29, 1, 26.82%, 0, 11, 4, 1.09, 145739, 372
85806, 3, 7, 38, 29, 1, 26.82%, 0, 11, 4, 1.09, 145745, 372
85812, 3, 7, 38, 29, 1, 26.82%, 0, 11, 4, 1.09, 145751, 372
85817, 3, 7, 38, 29, 1, 26.82%, 0, 11, 4, 1.09, 145757, 372
85823, 3, 7, 38, 29, 1, 26.82%, 0, 11, 4, 1.09, 145763, 372
85828, 3, 7, 38, 29, 1, 26.82%, 0, 11, 4, 1.09, 145769, 372
85834, 3, 7, 38, 29, 1, 26.82%, 0, 11, 4, 1.09, 145775, 372
85839, 3, 7, 38, 29, 1, 26.82%, 0, 11, 4, 1.09, 145781, 372
85844, 3, 7, 38, 29, 1, 26.82%, 0, 11, 4, 1.09, 145787, 372
85850, 3, 7, 38, 29, 1, 26.82%, 0, 11, 4, 1.09, 145793, 372
85855, 3, 7, 38, 29, 1, 26.82%, 0, 11, 4, 1.09, 145799, 372
85861, 3, 7, 38, 29, 1, 26.82%, 0, 11, 4, 1.09, 145805, 372
85866, 3, 7, 38, 29, 1, 26.82%, 0, 11, 4, 1.09, 145811, 372
85872, 3, 7, 38, 29, 1, 26.82%, 0, 11, 4, 1.09, 145817, 372
85877, 3, 7, 38, 29, 1, 26.82%, 0, 11, 4, 1.09, 145823, 372
85883, 3, 7, 38, 29, 1, 26.82%, 0, 11, 4, 1.09, 145829, 372
85888, 3, 7, 38, 29, 1, 26.82%, 0, 11, 4, 1.09, 145835, 372
85894, 3, 7, 38, 29, 1, 26.82%, 0, 11, 4, 1.09, 145841, 372
85899, 3, 7, 38, 29, 1, 26.82%, 0, 11, 4, 1.09, 145847, 372
85905, 3, 7, 38, 29, 1, 26.82%, 0, 11, 4, 1.09, 145853, 372
85910, 3, 7, 38, 29, 1, 26.82%, 0, 11, 4, 1.09, 145859, 372
85916, 3, 7, 38, 29, 1, 26.82%, 0, 11, 4, 1.09, 145865, 372
85921, 3, 7, 38, 29, 1, 26.82%, 0, 11, 4, 1.09, 145871, 372
85927, 3, 7, 38, 29, 1, 26.82%, 0, 11, 4, 1.09, 145877, 372
85932, 3, 7, 38, 29, 1, 26.82%, 0, 11, 4, 1.09, 145883, 372
85938, 3, 7, 38, 29, 1, 26.82%, 0, 11, 4, 1.09, 145889, 372
85943, 3, 7, 38, 29, 1, 26.82%, 0, 11, 4, 1.09, 145895, 372
85949, 3, 7, 38, 29, 1, 26.82%, 0, 11, 4, 1.09, 145901, 372
85954, 3, 7, 38, 29, 1, 26.82%, 0, 11, 4, 1.09, 145907, 372
85960, 3, 7, 38, 29, 1, 26.82%, 0, 11, 4, 1.09, 145913, 372
85965, 3, 7, 38, 29, 1, 26.82%, 0, 11, 4, 1.09, 145919, 372
85971, 3, 7, 38, 29, 1, 26.82%, 0, 11, 4, 1.09, 145925, 372
85976, 3, 7, 38, 29, 1, 26.82%, 0, 11, 4, 1.09, 145931, 372
85982, 3, 7, 38, 29, 1, 26.82%, 0, 11, 4, 1.09, 145937, 372
85987, 3, 7, 38, 29, 1, 26.82%, 0, 11, 4, 1.09, 145943, 372
85993, 3, 7, 38, 29, 1, 26.82%, 0, 11, 4, 1.09, 145949, 372
85998, 3, 7, 38, 29, 1, 26.82%, 0, 11, 4, 1.09, 145955, 372
86003, 3, 7, 38, 29, 1, 26.82%, 0, 11, 4, 1.09, 145961, 372
86009, 3, 7, 38, 29, 1, 26.82%, 0, 11, 4, 1.09, 145967, 372
86014, 3, 7, 38, 29, 1, 26.82%, 0, 11, 4, 1.09, 145973, 372
86020, 3, 7, 38, 29, 1, 26.82%, 0, 11, 4, 1.09, 145979, 372
86025, 3, 7, 38, 29, 1, 26.82%, 0, 11, 4, 1.09, 145985, 372
86031, 3, 7, 38, 29, 1, 26.82%, 0, 11, 4, 1.09, 145991, 372
86036, 3, 7, 38, 29, 1, 26.82%, 0, 11, 4, 1.09, 145997, 372
86042, 3, 7, 38, 29, 1, 26.82%, 0, 11, 4, 1.09, 146003, 372
86047, 3, 7, 38, 29, 1, 26.82%, 0, 11, 4, 1.09, 146009, 372
86053, 3, 7, 38, 29, 1, 26.82%, 0, 11, 4, 1.09, 146015, 372
86058, 3, 7, 38, 29, 1, 26.82%, 0, 11, 4, 1.09, 146021, 372
86064, 3, 7, 38, 29, 1, 26.82%, 0, 11, 4, 1.09, 146027, 372
86069, 3, 7, 38, 29, 1, 26.82%, 0, 11, 4, 1.09, 146033, 372
86075, 3, 7, 38, 29, 1, 26.82%, 0, 11, 4, 1.09, 146039, 372
86080, 3, 7, 38, 29, 1, 26.82%, 0, 11, 4, 1.09, 146045, 372
86086, 3, 7, 38, 29, 1, 26.82%, 0, 11, 4, 1.09, 146051, 372
86091, 3, 7, 38, 29, 1, 26.82%, 0, 11, 4, 1.09, 146057, 372
86097, 3, 7, 38, 29, 1, 26.82%, 0, 11, 4, 1.09, 146063, 372
86102, 3, 7, 38, 29, 1, 26.82%, 0, 11, 4, 1.09, 146069, 372
86108, 3, 7, 38, 29, 1, 26.82%, 0, 11, 4, 1.09, 146075, 372
86113, 3, 7, 38, 29, 1, 26.82%, 0, 11, 4, 1.09, 146081, 372
86119, 3, 7, 38, 29, 1, 26.82%, 0, 11, 4, 1.09, 146087, 372
86124, 3, 7, 38, 29, 1, 26.82%, 0, 11, 4, 1.09, 146093, 372
86130, 3, 7, 38, 29, 1, 26.82%, 0, 11, 4, 1.09, 146099, 372
86135, 3, 7, 38, 29, 1, 26.82%, 0, 11, 4, 1.09, 146105, 372
86141, 3, 7, 38, 29, 1, 26.82%, 0, 11, 4, 1.09, 146111, 372
86146, 3, 7, 38, 29, 1, 26.82%, 0, 11, 4, 1.09, 146117, 372
86152, 3, 7, 38, 29, 1, 26.82%, 0, 11, 4, 1.09, 146123, 372
86157, 3, 7, 38, 29, 1, 26.82%, 0, 11, 4, 1.09, 146129, 372
86163, 3, 7, 38, 29, 1, 26.82%, 0, 11, 4, 1.09, 146135, 372
86168, 3, 7, 38, 29, 1, 26.82%, 0, 11, 4, 1.09, 146141, 372
86173, 3, 7, 38, 29, 1, 26.82%, 0, 11, 4, 1.09, 146147, 372
86179, 3, 7, 38, 29, 1, 26.82%, 0, 11, 4, 1.09, 146153, 372
86184, 3, 7, 38, 29, 1, 26.82%, 0, 11, 4, 1.09, 146159, 372
86190, 3, 7, 38, 29, 1, 26.82%, 0, 11, 4, 1.09, 146165, 372
86195, 3, 7, 38, 29, 1, 26.82%, 0, 11, 4, 1.09, 146171, 372
86201, 3, 7, 38, 29, 1, 26.82%, 0, 11, 4, 1.09, 146177, 372
86206, 3, 7, 38, 29, 1, 26.82%, 0, 11, 4, 1.09, 146183, 372
86212, 3, 7, 38, 29, 1, 26.82%, 0, 11, 4, 1.09, 146189, 372
86217, 3, 7, 38, 29, 1, 26.82%, 0, 11, 4, 1.09, 146195, 372
86223, 3, 7, 38, 29, 1, 26.82%, 0, 11, 4, 1.09, 146201, 372
86228, 3, 7, 38, 29, 1, 26.82%, 0, 11, 4, 1.09, 146207, 372
86234, 3, 7, 38, 29, 1, 26.82%, 0, 11, 4, 1.09, 146213, 372
86239, 3, 7, 38, 29, 1, 26.82%, 0, 11, 4, 1.09, 146219, 372
86245, 3, 7, 38, 29, 1, 26.82%, 0, 11, 4, 1.09, 146225, 372
86250, 3, 7, 38, 29, 1, 26.82%, 0, 11, 4, 1.09, 146231, 372
86256, 3, 7, 38, 29, 1, 26.82%, 0, 11, 4, 1.09, 146237, 372
86261, 3, 7, 38, 29, 1, 26.82%, 0, 11, 4, 1.09, 146243, 372
                                                                                                                                                                                    